above_threshold_candidates,box_prompt_calls,cam_max,cam_mean,cam_min,cam_nonzero_ratio,cam_std,cam_target_protocol,classifier_confidence,final_area_ratio,group_id,image_name,mask_area_ratio,mask_foreground_pixels,mask_height,mask_path,mask_sha256,mask_unique_values,mask_width,morphology_components,reason,sam_candidate_count,sam_prompt_calls,selected_area_ratio,selected_candidates,selected_class,selected_components,selection_score_max,selection_score_mean,selection_score_min,split,status,support_area_ratio,true_tumor,true_tumor_type,unique_negative_prompt_points,unique_positive_prompt_points,unique_prompt_points
38,12,1.0,0.13502569496631622,0.0,0.999990234375,0.18541252613067627,ground_truth,0.057533785700798035,0.001396484375,btxrd-heuristic-000001,IMG000001.jpeg,0.001396484375,143,320,masks/IMG000001.png,3669e8ceb7e04b461cd5e5f88c10ef2c231f6282b1f970fd154129eec73c1987,0|255,320,6,,54,18,0.001396484375,1,0,1,0.7522128224372864,0.4708648920059204,0.14111386239528656,val,ok,0.15,1,9,24,11,35
19,6,1.0,0.0944800153374672,0.0,0.999990234375,0.16926229000091553,ground_truth,0.01732095144689083,0.03416015625,btxrd-heuristic-000006,IMG000010.jpeg,0.03416015625,3498,320,masks/IMG000010.png,fc436b7ff9799b8a0a887b50affe38224f7c78ebb56e02c0d071cff512bed275,0|255,320,3,,27,9,0.034306640625,1,0,1,0.7054921984672546,0.46226269006729126,0.14380615949630737,val,ok,0.15,1,8,12,5,17
45,14,1.0,0.19080306589603424,0.0,0.999990234375,0.20708994567394257,ground_truth,0.034104008227586746,0.0416796875,btxrd-heuristic-000009,IMG000017.jpeg,0.0416796875,4268,320,masks/IMG000017.png,5853f44d1c9c02067c6e2c0fdba4daf5472c3ca50b50882e86e9eefbaadc7b1c,0|255,320,7,,63,21,0.0416796875,1,0,1,0.7731428146362305,0.48593592643737793,0.019334129989147186,val,ok,0.15,1,8,28,11,39
23,12,1.0,0.1890224665403366,0.0,0.999990234375,0.1734360307455063,ground_truth,0.9964253306388855,0.056513671875,btxrd-heuristic-000009,IMG000018.jpeg,0.056513671875,5787,320,masks/IMG000018.png,a0c60aacf58c71f3f519ca9ed5cac0e6846165a66221ae20af5547d2e9e7f7ee,0|255,320,6,,54,18,0.05763671875,1,0,1,0.7050301432609558,0.2851410210132599,0.0004282484878785908,val,ok,0.15,1,8,21,11,32
12,6,1.0,0.09422275424003601,0.0,0.999990234375,0.15642093122005463,ground_truth,0.7169684171676636,0.021806640625,btxrd-heuristic-000017,IMG000033.jpeg,0.021806640625,2233,320,masks/IMG000033.png,c3e0f083329fa470718751b0927ffe0e7ad457984bb6e1459283efb11b8fa762,0|255,320,3,,27,9,0.022939453125,1,0,1,0.6372833251953125,0.39503955841064453,0.14042605459690094,val,ok,0.15,1,8,12,5,17
21,10,1.0,0.137968972325325,0.0,0.999990234375,0.1756543219089508,ground_truth,0.35655733942985535,0.02587890625,btxrd-heuristic-000017,IMG000034.jpeg,0.02587890625,2650,320,masks/IMG000034.png,e9a71a939498eb9dcd3e40ba63127f0289f49b4c3c4b194592e6327632cc022e,0|255,320,5,,45,15,0.025888671875,1,0,1,0.7446216940879822,0.32602599263191223,0.00029124401044100523,val,ok,0.15,1,8,16,7,23
36,16,1.0,0.2210731953382492,0.0,0.999990234375,0.20413966476917267,ground_truth,0.999995231628418,0.039921875,btxrd-heuristic-000025,IMG000048.jpeg,0.039921875,4088,320,masks/IMG000048.png,a62eb23998fa4614524507dc207424b127ca67f2e4c5b7e1d2c2cffd9056b695,0|255,320,8,,72,24,0.0402734375,1,0,1,0.7642338871955872,0.4370137155056,0.033020492643117905,val,ok,0.15,1,8,27,13,40
32,14,1.0,0.16533447802066803,0.0,0.999990234375,0.1757015883922577,ground_truth,0.9959636926651001,0.001044921875,btxrd-heuristic-000025,IMG000049.jpeg,0.001044921875,107,320,masks/IMG000049.png,9b60aacaeae57ebb0a243299111d3afcc2ffd818b93658d4597841c1fbf4246f,0|255,320,7,,63,21,0.001259765625,1,0,1,0.751665472984314,0.36072561144828796,0.016758618876338005,val,ok,0.1498828125,1,8,22,10,32
67,18,1.0,0.3012427091598511,0.0,0.999990234375,0.24940125644207,ground_truth,0.9997990727424622,0.00603515625,btxrd-heuristic-000026,IMG000050.jpeg,0.00603515625,618,320,masks/IMG000050.png,50de120f3d2bc3f6de0318fe310e761c00c93010dbc92e9728549e762dbfce81,0|255,320,9,,81,27,0.006064453125,1,0,1,0.7539412379264832,0.5851368308067322,0.22659870982170105,val,ok,0.1363671875,1,8,23,15,38
35,14,1.0,0.1680917888879776,0.0,0.999990234375,0.18681392073631287,ground_truth,1.0,0.001220703125,btxrd-heuristic-000029,IMG000055.jpeg,0.001220703125,125,320,masks/IMG000055.png,4186a5a06f08d0e077b3e1da0b8fd94d71ccd4061d4d2d2895149ef36fb277f7,0|255,320,7,,63,21,0.001220703125,1,0,1,0.731817364692688,0.44355839490890503,0.029044099152088165,val,ok,0.15,1,8,19,11,30
33,8,1.0,0.14838942885398865,0.0,0.999990234375,0.19743750989437103,ground_truth,1.0,0.055419921875,btxrd-heuristic-000029,IMG000056.jpeg,0.055419921875,5675,320,masks/IMG000056.png,a6001bec9d4f66b01c0ae83cecf7bd6eddf6974b9b09d23f0efc50661d92cbd1,0|255,320,4,,36,12,0.055419921875,1,0,1,0.7660556435585022,0.5777709484100342,0.10797861963510513,val,ok,0.15,1,8,14,6,20
39,18,1.0,0.19331495463848114,0.0,0.9999609375,0.20389850437641144,ground_truth,0.9966188669204712,0.0021875,btxrd-heuristic-000037,IMG000071.jpeg,0.0021875,224,320,masks/IMG000071.png,757827c34d4190a340058e98abcad5ba9034adeb54a3263d03d1892f4720b381,0|255,320,9,,81,27,0.0021875,1,0,1,0.7516613602638245,0.3958851993083954,0.057006653398275375,val,ok,0.15,1,8,25,14,39
24,6,1.0,0.12279075384140015,0.0,0.999990234375,0.17189493775367737,ground_truth,1.0,0.00232421875,btxrd-heuristic-000039,IMG000076.jpeg,0.00232421875,238,320,masks/IMG000076.png,b577d948fbc11c2d17ad47f64fe9e6421ca1ea943c4f66b5d873d94242a6d0da,0|255,320,3,,27,9,0.00232421875,1,0,1,0.7540510296821594,0.5603532195091248,0.33643078804016113,val,ok,0.15,1,8,12,5,17
16,6,1.0,0.11634956300258636,0.0,0.999990234375,0.18377339839935303,ground_truth,1.0,0.03955078125,btxrd-heuristic-000063,IMG000125.jpeg,0.03955078125,4050,320,masks/IMG000125.png,d2541b316faf9182db1a7b86c34b635463c6ca45dc647b58b1f3d9a9f0068b23,0|255,320,3,,27,9,0.041044921875,1,0,1,0.6887181401252747,0.45693889260292053,0.1752602756023407,val,ok,0.15001953125,1,8,12,5,17
10,6,1.0,0.1384734809398651,0.0,0.999990234375,0.16641025245189667,ground_truth,1.0,0.0679296875,btxrd-heuristic-000063,IMG000126.jpeg,0.0679296875,6956,320,masks/IMG000126.png,153b8205afa7cbd545abea84ae44ca4f48c3a655ad5f118cbfecd8bdf61544f7,0|255,320,3,,27,9,0.06794921875,1,0,1,0.560198962688446,0.34588301181793213,0.02523353323340416,val,ok,0.15,1,8,12,5,17
19,16,1.0,0.2136058807373047,0.0,0.999990234375,0.17822295427322388,ground_truth,1.0,0.00091796875,btxrd-heuristic-000069,IMG000137.jpeg,0.00091796875,94,320,masks/IMG000137.png,338f5039ba2129a4fdfd0844d88df6cd16e11f5122b11b79face85e881674053,0|255,320,8,,69,23,0.00091796875,1,0,1,0.7510032057762146,0.35559889674186707,0.04238348454236984,val,ok,0.149736328125,1,8,18,12,30
14,6,1.0,0.14174646139144897,0.0,0.999990234375,0.15878772735595703,ground_truth,1.0,0.043701171875,btxrd-heuristic-000069,IMG000138.jpeg,0.043701171875,4475,320,masks/IMG000138.png,57c7815e72bf02e2ec31281fc4d66ec24e965e5fd3bf9cb38756eccc04774daf,0|255,320,3,,27,9,0.04373046875,1,0,1,0.574669361114502,0.4081243574619293,0.10406635701656342,val,ok,0.15,1,8,12,5,17
42,12,1.0,0.23837661743164062,0.0,0.999990234375,0.2123887836933136,ground_truth,0.999988317489624,0.012685546875,btxrd-heuristic-000073,IMG000144.jpeg,0.012685546875,1299,320,masks/IMG000144.png,e543ee7376e73e425971c6d1f347f4dd5b65015b4dc10cdd899c73b2879cc82a,0|255,320,6,,54,18,0.012685546875,1,0,1,0.7466074824333191,0.5179202556610107,0.11229812353849411,val,ok,0.15,1,8,24,10,34
20,16,1.0,0.1913442611694336,0.0,0.999990234375,0.1465054452419281,ground_truth,0.9999967813491821,0.044140625,btxrd-heuristic-000078,IMG000152.jpeg,0.044140625,4520,320,masks/IMG000152.png,e56574aae0109a9936be319e19e714a70cc6a56e98801d3eeea97487ded2820a,0|255,320,8,,72,24,0.044140625,1,0,1,0.5690502524375916,0.21011260151863098,0.0010600726818665862,val,ok,0.148515625,1,8,29,13,42
27,8,1.0,0.21218784153461456,0.0,0.999990234375,0.1920051872730255,ground_truth,0.9999996423721313,0.00107421875,btxrd-heuristic-000082,IMG000160.jpeg,0.00107421875,110,320,masks/IMG000160.png,f50ad26ee228f323cdbc385ff718e848f0ef66801d1aae1adb8e676fd03897fb,0|255,320,4,,36,12,0.00107421875,1,0,1,0.7511287331581116,0.5393288135528564,0.27076050639152527,val,ok,0.15,1,8,16,10,26
54,12,1.0,0.2487083375453949,0.0,0.9999609375,0.2042285054922104,ground_truth,0.9999809265136719,0.03064453125,btxrd-heuristic-000082,IMG000161.jpeg,0.03064453125,3138,320,masks/IMG000161.png,b22fa5fd40eccaa0c6a59a5fa3093e5b67552ac05706cc0264bf5e05214a674c,0|255,320,6,,54,18,0.03064453125,1,0,1,0.7539567947387695,0.6296531558036804,0.41075047850608826,val,ok,0.15,1,8,24,10,34
17,6,1.0,0.1352350413799286,0.0,0.999990234375,0.15425291657447815,ground_truth,0.9999994039535522,0.01572265625,btxrd-heuristic-000098,IMG000200.jpeg,0.01572265625,1610,320,masks/IMG000200.png,1551399e6ff5bd60293ceff7bfc65c86480be859501811c43d78b0f456931139,0|255,320,3,,27,9,0.01607421875,1,0,1,0.5003548264503479,0.409919410943985,0.09867285192012787,val,ok,0.15,1,8,12,5,17
21,6,1.0,0.13408195972442627,0.0,0.999990234375,0.16332004964351654,ground_truth,0.9999960660934448,0.0201171875,btxrd-heuristic-000098,IMG000201.jpeg,0.0201171875,2060,320,masks/IMG000201.png,1cf633a48dd9c9f3ecb1d4c7206202869ccbf99c8d4c509f7a63a07005c3b64f,0|255,320,3,,27,9,0.02013671875,1,0,1,0.6758091449737549,0.4771890342235565,0.16377507150173187,val,ok,0.15,1,8,12,5,17
25,10,1.0,0.19296085834503174,0.0,0.999990234375,0.180034339427948,ground_truth,1.0,0.03576171875,btxrd-heuristic-000099,IMG000202.jpeg,0.03576171875,3662,320,masks/IMG000202.png,5177010a1022149aa2cf8d7c4aaeed9edb5386cf2205d8f5121cb1760b3acb68,0|255,320,5,,45,15,0.035810546875,1,0,1,0.7804456353187561,0.37306466698646545,0.00021505451877601445,val,ok,0.15,1,8,17,8,25
31,16,1.0,0.18844230473041534,0.0,0.999990234375,0.181505024433136,ground_truth,8.936186350183561e-05,0.0058984375,btxrd-heuristic-000109,IMG000222.jpeg,0.0058984375,604,320,masks/IMG000222.png,d66d05bf50b08ef573f8fb91652039a5716039bf66c8c94101d0d009761974fc,0|255,320,8,,72,24,0.0058984375,1,0,1,0.7444726228713989,0.4033702611923218,0.005473867990076542,val,ok,0.15,1,6,30,18,48
17,8,1.0,0.08345099538564682,0.0,0.999990234375,0.15446145832538605,ground_truth,0.00016732391668483615,0.001494140625,btxrd-heuristic-000120,IMG000244.jpeg,0.001494140625,153,320,masks/IMG000244.png,2979d4aa7060afe3dfd1ce99e85e988292297ec231608388447ffed1d6753212,0|255,320,4,,36,12,0.0016796875,1,0,1,0.7358432412147522,0.4106072783470154,0.019143911078572273,val,ok,0.15,1,1,13,8,21
19,6,1.0,0.07490026205778122,0.0,0.999990234375,0.13988755643367767,ground_truth,0.9995653033256531,0.01705078125,btxrd-heuristic-000121,IMG000245.jpeg,0.01705078125,1746,320,masks/IMG000245.png,c4a5a1e8d93cc617ac0ff6b6b13b94f0734dcfcb28129ff2c5f0b680c828c423,0|255,320,3,,27,9,0.01705078125,1,0,1,0.7596802115440369,0.4763542115688324,0.07333054393529892,val,ok,0.15,1,3,12,5,17
8,12,1.0,0.1869114339351654,0.0,0.999990234375,0.1776053011417389,ground_truth,0.9986340403556824,0.018037109375,btxrd-heuristic-000128,IMG000260.jpeg,0.018037109375,1847,320,masks/IMG000260.png,880a9dedfaeb9defefa9e76d76c6f14bf78a98f6e939f3abb9b6be9e34919ec6,0|255,320,6,,54,18,0.01818359375,1,0,1,0.6797612309455872,0.2698967158794403,0.0010017314925789833,val,ok,0.149560546875,1,1,18,9,27
1,10,1.0,0.13231594860553741,0.0,0.999990234375,0.15430040657520294,ground_truth,0.9999994039535522,0.035576171875,btxrd-heuristic-000137,IMG000275.jpeg,0.035576171875,3643,320,masks/IMG000275.png,008412473edabbb96f1791aa430222e230a7f6267f24b16fdcb01e526d4f7f49,0|255,320,5,,45,15,0.035615234375,1,0,1,0.4019099771976471,0.2143324315547943,0.0008308914839290082,val,ok,0.15,1,1,18,10,28
21,6,1.0,0.11286279559135437,0.0,0.999990234375,0.17437340319156647,ground_truth,0.09779532253742218,0.028447265625,btxrd-heuristic-000140,IMG000279.jpeg,0.028447265625,2913,320,masks/IMG000279.png,42973200aba296fbcf8cfbe459aca95506bbffd8cbc864923a6f7645f23cb941,0|255,320,3,,27,9,0.028505859375,1,0,1,0.6663624048233032,0.4789518415927887,0.18251967430114746,val,ok,0.15,1,1,12,5,17
1,10,1.0,0.12420699000358582,0.0,0.999990234375,0.147993266582489,ground_truth,0.999988317489624,0.02080078125,btxrd-heuristic-000145,IMG000285.jpeg,0.02080078125,2130,320,masks/IMG000285.png,f442304887205426c187cda78f12eb67e4035f2e3a65c3e586f5bb7a3410c3ab,0|255,320,5,,45,15,0.0209765625,1,0,1,0.5029125809669495,0.2028178721666336,0.0023026757407933474,val,ok,0.15,1,1,18,8,26
11,6,1.0,0.09835527092218399,0.0,0.999990234375,0.13668884336948395,ground_truth,0.0354466587305069,0.000986328125,btxrd-heuristic-000150,IMG000292.jpeg,0.000986328125,101,320,masks/IMG000292.png,c677c73b436b8f022a855a33bb15a66ec529fce0d51a1d122a521edff302a6c5,0|255,320,3,,27,9,0.000986328125,1,0,1,0.7523558735847473,0.4383735954761505,0.17011332511901855,val,ok,0.149228515625,1,1,12,5,17
12,6,1.0,0.13634860515594482,0.0,0.999990234375,0.172821506857872,ground_truth,0.39737874269485474,0.032841796875,btxrd-heuristic-000156,IMG000300.jpeg,0.032841796875,3363,320,masks/IMG000300.png,9be413f3c5124e954cea891785586d2ea093c11bbcede27fa553ca88e21dff92,0|255,320,3,,27,9,0.032900390625,1,0,1,0.5736295580863953,0.40493500232696533,0.2116580307483673,val,ok,0.15,1,2,12,5,17
30,16,1.0,0.2495502531528473,0.0,0.999990234375,0.17383155226707458,ground_truth,0.9997041821479797,0.012744140625,btxrd-heuristic-000160,IMG000306.jpeg,0.012744140625,1305,320,masks/IMG000306.png,a0d8b96c39334db7ead27ed0c6da2a1b42c5f4f79c613159ac89d73ba4229c7e,0|255,320,8,,72,24,0.012744140625,1,0,1,0.6830425262451172,0.38914769887924194,0.019726132974028587,val,ok,0.15,1,1,31,14,45
12,6,1.0,0.08875768631696701,0.0,0.999990234375,0.1577540785074234,ground_truth,0.14725865423679352,0.053193359375,btxrd-heuristic-000167,IMG000320.jpeg,0.053193359375,5447,320,masks/IMG000320.png,bcd16e0fb27c3b27964934a998a79dc7de862fe459eecdfa84e297902055ef71,0|255,320,3,,27,9,0.053759765625,1,0,1,0.7010736465454102,0.405078649520874,0.20216113328933716,val,ok,0.15,1,1,12,5,17
7,6,1.0,0.11492858827114105,0.0,0.999990234375,0.1637461930513382,ground_truth,0.9999995231628418,0.076328125,btxrd-heuristic-000172,IMG000327.jpeg,0.076328125,7816,320,masks/IMG000327.png,6ffb02787f09f5947b36d3c985d0de8e41c8f7510ccc532e7dc4a99b191b8d82,0|255,320,3,,27,9,0.07697265625,1,0,1,0.4705202579498291,0.33522161841392517,0.06431939452886581,val,ok,0.15,1,1,12,5,17
13,6,1.0,0.09306727349758148,0.0,0.999990234375,0.1503419727087021,ground_truth,0.9999456405639648,0.004130859375,btxrd-heuristic-000173,IMG000328.jpeg,0.004130859375,423,320,masks/IMG000328.png,4fe0486492cf955790e4296d7f95f899be1245f5ed7e2ce5b60c174b389092b6,0|255,320,3,,27,9,0.004130859375,1,0,1,0.7593401670455933,0.4393165409564972,0.10740863531827927,val,ok,0.15,1,1,12,5,17
26,18,1.0,0.2176308035850525,0.0,0.999990234375,0.18417154252529144,ground_truth,1.6949411474342924e-06,0.003955078125,btxrd-heuristic-000180,IMG000337.jpeg,0.003955078125,405,320,masks/IMG000337.png,6118388efe01bef4406aa0a26214a1bb11288efbac0ccd96eea4650d4d7a9db7,0|255,320,9,,81,27,0.003955078125,1,0,1,0.7537415027618408,0.33513152599334717,0.025042934343218803,val,ok,0.13990234375,1,1,28,21,49
12,16,1.0,0.1222788393497467,0.0,0.999990234375,0.13414834439754486,ground_truth,0.5264369249343872,0.000673828125,btxrd-heuristic-000181,IMG000338.jpeg,0.000673828125,69,320,masks/IMG000338.png,42c1adb61e1a729c861da9d86e1bc273a8a234297dbdae4a276f0f65643a7d11,0|255,320,8,,72,24,0.000673828125,1,0,1,0.7512832283973694,0.24878236651420593,0.0002354864263907075,val,ok,0.14962890625,1,1,25,13,38
37,18,1.0,0.16118089854717255,0.0,0.999990234375,0.16977998614311218,ground_truth,0.001250570872798562,0.0,btxrd-heuristic-000183,IMG000340.jpeg,0.0,0,320,masks/IMG000340.png,14bf4fc16d7e9f17cb073a83ba89ab04bd4c22a2b6f80f25bf73a67ce7a0a340,0,320,9,no_candidate_survived_or_postprocess_empty,81,27,0.00017578125,1,0,1,0.7315168976783752,0.35310301184654236,0.0,val,empty_after_localization,0.15,1,1,28,14,42
11,10,1.0,0.14119867980480194,0.0,0.999990234375,0.1623489111661911,ground_truth,0.5543739199638367,0.000888671875,btxrd-heuristic-000203,IMG000372.jpeg,0.000888671875,91,320,masks/IMG000372.png,53aa28d11e9436203ac11b39ec3e58d22ab23e5bb43d18135fd2e859d0c5d4c0,0|255,320,5,,45,15,0.000888671875,1,0,1,0.7515040040016174,0.29779621958732605,0.0028557227924466133,val,ok,0.14998046875,1,1,19,9,28
10,6,1.0,0.09027647972106934,0.0,0.999990234375,0.15827620029449463,ground_truth,0.9942330718040466,0.032626953125,btxrd-heuristic-000208,IMG000378.jpeg,0.032626953125,3341,320,masks/IMG000378.png,d286760e265c20e0a24a627b2780863cdb9f4ae60e47ba7d796ed61373c36a52,0|255,320,3,,27,9,0.032626953125,1,0,1,0.5114158391952515,0.3714904487133026,0.06709472835063934,val,ok,0.15,1,1,12,5,17
42,16,1.0,0.2599966526031494,0.0,0.999990234375,0.16301214694976807,ground_truth,0.001188070047646761,0.0,btxrd-heuristic-000223,IMG000408.jpeg,0.0,0,320,masks/IMG000408.png,14bf4fc16d7e9f17cb073a83ba89ab04bd4c22a2b6f80f25bf73a67ce7a0a340,0,320,8,no_candidate_survived_or_postprocess_empty,72,24,0.000380859375,1,0,1,0.7502759695053101,0.4487055242061615,0.05211889371275902,val,empty_after_localization,0.14109375,1,1,24,16,40
34,14,1.0,0.19387955963611603,0.0,0.999990234375,0.20201797783374786,ground_truth,0.02752244472503662,0.03453125,btxrd-heuristic-000228,IMG000414.jpeg,0.03453125,3536,320,masks/IMG000414.png,76777eb7bec5d8f19a3e454ed7a02e9ca978e42441a37e0f9c171ab30e475c85,0|255,320,7,,63,21,0.034931640625,1,0,1,0.7775381803512573,0.419594943523407,0.05382023751735687,val,ok,0.1469921875,1,1,23,14,37
24,6,1.0,0.09066115319728851,0.0,0.999990234375,0.15813703835010529,ground_truth,0.9527164101600647,0.030732421875,btxrd-heuristic-000229,IMG000415.jpeg,0.030732421875,3147,320,masks/IMG000415.png,ea0629e7b95bbf8c34da9fabc9970c2e2e077f4bedae78709772190b2d6aac81,0|255,320,3,,27,9,0.03076171875,1,0,1,0.6563481092453003,0.5055548548698425,0.018207289278507233,val,ok,0.15,1,4,12,5,17
49,16,1.0,0.2550817131996155,0.0,0.999990234375,0.1662369817495346,ground_truth,8.803247055766406e-07,0.00310546875,btxrd-heuristic-000230,IMG000416.jpeg,0.00310546875,318,320,masks/IMG000416.png,bf2976ccaf0f05ffc32789323403970ea92989ac976b5c1293884f26cd50bd48,0|255,320,8,,72,24,0.00310546875,1,0,1,0.7526784539222717,0.49257224798202515,0.004537666216492653,val,ok,0.14970703125,1,1,32,15,47
14,6,1.0,0.09597360342741013,0.0,0.999990234375,0.1589604914188385,ground_truth,0.007740591187030077,0.001103515625,btxrd-heuristic-000233,IMG000420.jpeg,0.001103515625,113,320,masks/IMG000420.png,6d3329f8eaa4b2ea35ec208264cd052bba2957c1ce9d904e3aefec3299efa4b0,0|255,320,3,,27,9,0.001103515625,1,0,1,0.7526132464408875,0.43883976340293884,0.10192150622606277,val,ok,0.15,1,1,12,5,17
32,16,1.0,0.17886939644813538,0.0,0.999990234375,0.18894290924072266,ground_truth,6.34096868452616e-05,0.004892578125,btxrd-heuristic-000244,IMG000439.jpeg,0.004892578125,501,320,masks/IMG000439.png,b459d3a81854ad7f4d4eb34dc01a66dca615bf15c907f67864fd5d2dd2435dc9,0|255,320,8,,72,24,0.004892578125,1,0,1,0.7550302147865295,0.4117176830768585,0.06318390369415283,val,ok,0.15,1,1,31,14,45
49,14,1.0,0.18785138428211212,0.0,0.999990234375,0.23175129294395447,ground_truth,0.9941850304603577,0.0200390625,btxrd-heuristic-000260,IMG000467.jpeg,0.0200390625,2052,320,masks/IMG000467.png,96a39c9871d0069e24564187c64a3879dc3796cc08e95caa32972c59203e8733,0|255,320,7,,63,21,0.02091796875,1,0,1,0.7671459913253784,0.5388807654380798,0.21393832564353943,val,ok,0.15,1,3,23,15,38
7,6,1.0,0.07982965558767319,0.0,0.999990234375,0.1420140117406845,ground_truth,0.9700637459754944,0.000947265625,btxrd-heuristic-000267,IMG000478.jpeg,0.000947265625,97,320,masks/IMG000478.png,5e1783e8982b3594cfc6d28e70cbcf0757506ae8b7d4464364a3ce3bd76dce87,0|255,320,3,,27,9,0.000947265625,1,0,1,0.7527664303779602,0.3809656500816345,0.18515430390834808,val,ok,0.15,1,2,12,5,17
24,10,1.0,0.13727658987045288,0.0,0.999990234375,0.19283288717269897,ground_truth,0.6890612244606018,0.00634765625,btxrd-heuristic-000269,IMG000481.jpeg,0.00634765625,650,320,masks/IMG000481.png,f8b6a030485c05f38f1e8d55d6416432fa17e501362c532b25928a0de7795d5d,0|255,320,5,,45,15,0.00634765625,1,0,1,0.7599788308143616,0.42000359296798706,0.0354817658662796,val,ok,0.15,1,1,17,10,27
55,16,1.0,0.17420998215675354,0.0,0.999990234375,0.16873013973236084,ground_truth,0.0007393350824713707,0.012138671875,btxrd-heuristic-000278,IMG000496.jpeg,0.012138671875,1243,320,masks/IMG000496.png,d66522e22244f28675b1dfb949941e07a2d742382e178654ae9ef3e83dc8bd1e,0|255,320,8,,72,24,0.012578125,1,0,1,0.7625858783721924,0.5076596736907959,0.034157536923885345,val,ok,0.148701171875,1,3,22,16,38
21,8,1.0,0.09756779670715332,0.0,0.999990234375,0.18141908943653107,ground_truth,0.07951195538043976,0.04224609375,btxrd-heuristic-000287,IMG000513.jpeg,0.04224609375,4326,320,masks/IMG000513.png,6dcc945535967dc6dc9d88dd050fac4afb4d6adb393f399b7880fd63e16fafe4,0|255,320,4,,36,12,0.0424609375,1,0,1,0.6746152639389038,0.4113994538784027,0.003542592516168952,val,ok,0.15,1,7,14,10,24
24,12,1.0,0.16252420842647552,0.0,0.999990234375,0.18777060508728027,ground_truth,0.6018333435058594,0.0,btxrd-heuristic-000302,IMG000542.jpeg,0.0,0,320,masks/IMG000542.png,14bf4fc16d7e9f17cb073a83ba89ab04bd4c22a2b6f80f25bf73a67ce7a0a340,0,320,6,no_candidate_survived_or_postprocess_empty,54,18,0.0002734375,1,0,1,0.694023847579956,0.3761481046676636,0.003305191406980157,val,empty_after_localization,0.15,1,1,17,10,27
9,6,1.0,0.08514240384101868,0.0,0.9999609375,0.14862032234668732,ground_truth,0.9665220379829407,0.0,btxrd-heuristic-000305,IMG000548.jpeg,0.0,0,320,masks/IMG000548.png,14bf4fc16d7e9f17cb073a83ba89ab04bd4c22a2b6f80f25bf73a67ce7a0a340,0,320,3,no_candidate_survived_or_postprocess_empty,27,9,0.000341796875,1,0,1,0.7322188019752502,0.3790602385997772,0.17718558013439178,val,empty_after_localization,0.15,1,5,12,5,17
16,10,1.0,0.12336321175098419,0.0,0.999990234375,0.1888129562139511,ground_truth,1.3389206969804945e-06,0.036494140625,btxrd-heuristic-000305,IMG000549.jpeg,0.036494140625,3737,320,masks/IMG000549.png,3b9831bddc6737e9c39b668e6384ce802db04b71fb70b2dcffe15a7308e41022,0|255,320,5,,45,15,0.03654296875,1,0,1,0.6940008997917175,0.3154633343219757,0.027101121842861176,val,ok,0.15,1,5,16,10,26
34,18,1.0,0.2766556441783905,0.0,0.999990234375,0.1683483123779297,ground_truth,0.9999995231628418,0.00376953125,btxrd-heuristic-000308,IMG000555.jpeg,0.00376953125,386,320,masks/IMG000555.png,5d05c70849f24d189a60736d1f6d9d5f6af5e1c38ececf4316dffae0753718c8,0|255,320,9,,81,27,0.00376953125,1,0,1,0.694294810295105,0.38011887669563293,0.07320026308298111,val,ok,0.14046875,1,4,30,17,47
29,18,1.0,0.29718321561813354,0.0,0.999990234375,0.16166236996650696,ground_truth,0.9999998807907104,0.0017578125,btxrd-heuristic-000308,IMG000556.jpeg,0.0017578125,180,320,masks/IMG000556.png,d1aa9f52e07b169ea062e45ed473c4722f208cc676da5f195457065d9184f211,0|255,320,9,,81,27,0.0017578125,1,0,1,0.7342689037322998,0.36756667494773865,0.007562531158328056,val,ok,0.1451953125,1,4,32,20,52
19,6,1.0,0.11989764869213104,0.0,0.999990234375,0.15301577746868134,ground_truth,0.9988558292388916,0.033857421875,btxrd-heuristic-000311,IMG000562.jpeg,0.033857421875,3467,320,masks/IMG000562.png,cf9693b717b2547fabb8060c95766752e0981060977226ccba70c12e1fb547c7,0|255,320,3,,27,9,0.033857421875,1,0,1,0.6008735299110413,0.4116643965244293,0.07707720249891281,val,ok,0.15,1,7,12,5,17
23,10,1.0,0.1280253529548645,0.0,0.999990234375,0.15684573352336884,ground_truth,0.9373123645782471,0.040966796875,btxrd-heuristic-000320,IMG000576.jpeg,0.040966796875,4195,320,masks/IMG000576.png,638e732f6eb043a605a8b24964623c6d678834dc599b4b000312d594840f0100,0|255,320,5,,45,15,0.0413671875,1,0,1,0.7498199343681335,0.3727722465991974,0.019274814054369926,val,ok,0.15,1,5,18,10,28
70,18,1.0,0.31827738881111145,0.0,0.999990234375,0.22366812825202942,ground_truth,0.9989651441574097,0.003427734375,btxrd-heuristic-000324,IMG000582.jpeg,0.003427734375,351,320,masks/IMG000582.png,255f72c22b5443dee7e2dab5f4dba278537ad6651afbf222cd4f73a1c1b39ef1,0|255,320,9,,81,27,0.003427734375,1,0,1,0.7518500089645386,0.5490873456001282,0.13769745826721191,val,ok,0.149853515625,1,3,27,20,47
14,10,1.0,0.11084019392728806,0.0,0.999990234375,0.14854764938354492,ground_truth,0.0009414729429408908,0.001318359375,btxrd-heuristic-000341,IMG000612.jpeg,0.001318359375,135,320,masks/IMG000612.png,e245bbc26f952ef6e32b9a505f13b0008140eeea1b6df1a9e21c568b076acc6e,0|255,320,5,,45,15,0.001318359375,1,0,1,0.7150567770004272,0.30647656321525574,0.0004778834991157055,val,ok,0.14986328125,1,7,14,9,23
59,16,1.0,0.23685453832149506,0.0,0.999990234375,0.22010886669158936,ground_truth,0.0002437384973745793,0.029482421875,btxrd-heuristic-000349,IMG000628.jpeg,0.029482421875,3019,320,masks/IMG000628.png,9a04cb3454d16d4bdc2ab9bb9905d6c5b732fb7dc53a3310645f88a8525b6974,0|255,320,8,,72,24,0.029521484375,1,0,1,0.7360028624534607,0.5159900188446045,0.11656225472688675,val,ok,0.15,1,3,30,19,49
56,14,1.0,0.2346893548965454,0.0,0.9999609375,0.22912545502185822,ground_truth,0.9994331002235413,0.060751953125,btxrd-heuristic-000354,IMG000636.jpeg,0.060751953125,6221,320,masks/IMG000636.png,8cfa96ed6090cd309e8a7563be2f32438c4dad7ba926e589a4fe1d2d8f3ccc9c,0|255,320,7,,63,21,0.061005859375,1,0,1,0.7753116488456726,0.5717859268188477,0.23612602055072784,val,ok,0.15,1,3,25,12,37
29,12,1.0,0.19240520894527435,0.0,0.999990234375,0.1843821108341217,ground_truth,0.0008103780564852059,0.018623046875,btxrd-heuristic-000358,IMG000641.jpeg,0.018623046875,1907,320,masks/IMG000641.png,178665e0c98de128e6b8058fbc9e670d17a260ac291dc556d7102dfb3629a039,0|255,320,7,,60,20,0.0186328125,1,0,1,0.747900664806366,0.4152492880821228,0.05403861030936241,val,ok,0.15,1,1,22,18,40
33,12,1.0,0.1409769207239151,0.0,0.999990234375,0.18732722103595734,ground_truth,0.9993951320648193,0.02984375,btxrd-heuristic-000359,IMG000642.jpeg,0.02984375,3056,320,masks/IMG000642.png,c1a06946958af3509f05dc98dd73f1356a4ef852c37f21e9633d063fc0070da4,0|255,320,6,,54,18,0.030244140625,1,0,1,0.6749637126922607,0.4334028661251068,0.11929374188184738,val,ok,0.15,1,3,22,10,32
16,6,1.0,0.09241366386413574,0.0,0.999990234375,0.14587897062301636,ground_truth,0.9999998807907104,0.0103515625,btxrd-heuristic-000370,IMG000660.jpeg,0.0103515625,1060,320,masks/IMG000660.png,eb8318523e0f65d7f76c01db31cb93268bba516b322676c790d5143efb09b0db,0|255,320,3,,27,9,0.010419921875,1,0,1,0.7086275219917297,0.410392701625824,0.12850579619407654,val,ok,0.15,1,2,12,5,17
8,8,1.0,0.09382858872413635,0.0,0.999990234375,0.15193484723567963,ground_truth,9.832747309701517e-06,0.00283203125,btxrd-heuristic-000377,IMG000672.jpeg,0.00283203125,290,320,masks/IMG000672.png,731945cdd3b8b1db9dbfd7be55678341a86a0bd937d6cb88f70df0e0400bc62b,0|255,320,4,,36,12,0.0032421875,1,0,1,0.6375853419303894,0.2933220863342285,8.53605815791525e-05,val,ok,0.15,1,1,16,7,23
2,8,1.0,0.09937561303377151,0.0,0.999990234375,0.16024352610111237,ground_truth,0.9999998807907104,0.07943359375,btxrd-heuristic-000383,IMG000681.jpeg,0.07943359375,8134,320,masks/IMG000681.png,49b4a004baccbbf6eab23ea40f14be3df4a5296f1323477b00e6e81eb2ed1141,0|255,320,4,,36,12,0.079775390625,1,0,1,0.4120016098022461,0.26615893840789795,0.00135029514785856,val,ok,0.15,1,1,13,6,19
46,18,1.0,0.2564489543437958,0.0,0.999990234375,0.17198926210403442,ground_truth,9.144802606897429e-05,0.03125,btxrd-heuristic-000384,IMG000682.jpeg,0.03125,3200,320,masks/IMG000682.png,9ced8cabb96a88791d10de8c9a4aa5f6ab59283dff48e7307b42a2ba1bda8718,0|255,320,9,,81,27,0.03125,1,0,1,0.7527835369110107,0.44265103340148926,0.01959334686398506,val,ok,0.148896484375,1,1,29,16,45
19,8,1.0,0.12259919196367264,0.0,0.999990234375,0.17549416422843933,ground_truth,0.9431942105293274,0.042685546875,btxrd-heuristic-000394,IMG000699.jpeg,0.042685546875,4371,320,masks/IMG000699.png,d247fc6b77a2a74dd4f5cc6d5016a7a8417d9fdf463b768c2aafa8866267105f,0|255,320,4,,36,12,0.042685546875,1,0,1,0.6552850604057312,0.3748463988304138,0.01927736960351467,val,ok,0.15,1,1,14,8,22
27,6,1.0,0.1481170356273651,0.0,0.9999609375,0.20528408885002136,ground_truth,0.9995083808898926,0.024365234375,btxrd-heuristic-000411,IMG000727.jpeg,0.024365234375,2495,320,masks/IMG000727.png,ab88baf957ae692032e8d7a2d9db2b0b6d6b8282f3f85d89c128418eee0d072f,0|255,320,3,,27,9,0.024365234375,1,0,1,0.7619569897651672,0.6343610286712646,0.4863770008087158,val,ok,0.15,1,1,12,5,17
5,6,1.0,0.10807971656322479,0.0,0.999990234375,0.15457533299922943,ground_truth,0.9989035129547119,0.038447265625,btxrd-heuristic-000422,IMG000747.jpeg,0.038447265625,3937,320,masks/IMG000747.png,df01e302310975f093ea173fb00f85c21d541642c417aabbec269eb6393e0113,0|255,320,3,,27,9,0.038955078125,1,0,1,0.44952866435050964,0.3274099826812744,0.1921682357788086,val,ok,0.15,1,1,12,5,17
7,6,1.0,0.0958757996559143,0.0,0.999990234375,0.15197856724262238,ground_truth,0.9993656277656555,0.001611328125,btxrd-heuristic-000424,IMG000749.jpeg,0.001611328125,165,320,masks/IMG000749.png,7f555da3d81bcfd226b4a05b1fde0f176f3457628f18334b4767459c8e6378a1,0|255,320,3,,27,9,0.001611328125,1,0,1,0.7162570953369141,0.31940019130706787,0.034717801958322525,val,ok,0.15,1,1,12,5,17
18,6,1.0,0.1247052401304245,0.0,0.999990234375,0.19251833856105804,ground_truth,0.01692109927535057,0.04697265625,btxrd-heuristic-000425,IMG000750.jpeg,0.04697265625,4810,320,masks/IMG000750.png,727d084042adea3713698bcc8d562f98a35cda5e504944440d558ec8c6339121,0|255,320,3,,27,9,0.04708984375,1,0,1,0.6832365989685059,0.45513230562210083,0.18387208878993988,val,ok,0.15,1,1,12,5,17
15,6,1.0,0.11261642724275589,0.0,0.999990234375,0.18055880069732666,ground_truth,0.9999591112136841,0.0005078125,btxrd-heuristic-000426,IMG000751.jpeg,0.0005078125,52,320,masks/IMG000751.png,12fb13d094f3427cb577e4dd7fc96c25473d8f96b9ea7eea047695230642dc39,0|255,320,3,,27,9,0.00052734375,1,0,1,0.7288379073143005,0.4596896767616272,0.1268426775932312,val,ok,0.15,1,1,12,5,17
9,12,1.0,0.13532142341136932,0.0,0.999990234375,0.15025314688682556,ground_truth,0.9999954700469971,0.0,btxrd-heuristic-000434,IMG000762.jpeg,0.0,0,320,masks/IMG000762.png,14bf4fc16d7e9f17cb073a83ba89ab04bd4c22a2b6f80f25bf73a67ce7a0a340,0,320,6,no_candidate_survived_or_postprocess_empty,54,18,0.000380859375,1,0,1,0.6944223642349243,0.23045510053634644,0.0008657998987473547,val,empty_after_localization,0.149267578125,1,1,19,9,28
19,6,1.0,0.10393796116113663,0.0,0.999990234375,0.17097574472427368,ground_truth,0.9076991677284241,0.041171875,btxrd-heuristic-000435,IMG000763.jpeg,0.041171875,4216,320,masks/IMG000763.png,3f8bdba13af79b3cdd459be72fc40638950dfba594e486be745aae270678f3df,0|255,320,3,,27,9,0.0412890625,1,0,1,0.7478262782096863,0.469918817281723,0.21830956637859344,val,ok,0.15,1,1,12,5,17
45,16,1.0,0.20805415511131287,0.0,0.999990234375,0.19706696271896362,ground_truth,0.9309406280517578,0.00142578125,btxrd-heuristic-000452,IMG000793.jpeg,0.00142578125,146,320,masks/IMG000793.png,449e36bdd2c4755d04860364a59f4a6ad51f99b1a688ed20ec2b523836f165d7,0|255,320,8,,72,24,0.0014453125,1,0,1,0.7516703009605408,0.4804726839065552,0.07018794119358063,val,ok,0.149296875,1,3,30,15,45
23,8,1.0,0.15812905132770538,0.0,0.9999609375,0.18567875027656555,ground_truth,0.9999827146530151,0.042197265625,btxrd-heuristic-000452,IMG000794.jpeg,0.042197265625,4321,320,masks/IMG000794.png,cddd0f53cbfa263e4d071a30b858be4f268e36132255aa9b8910baa125850383,0|255,320,4,,36,12,0.042265625,1,0,1,0.772888720035553,0.4843251407146454,0.0022802602034062147,val,ok,0.15,1,3,13,5,18
30,12,1.0,0.21836751699447632,0.0,0.9999609375,0.17154426872730255,ground_truth,0.9999994039535522,0.00640625,btxrd-heuristic-000476,IMG000838.jpeg,0.00640625,656,320,masks/IMG000838.png,a81c0f89a291fa6cfd9bf6bc521cc016c0649665eca865bc9e3b4252229ffa21,0|255,320,6,,54,18,0.00640625,1,0,1,0.7543885707855225,0.44739651679992676,0.1392863243818283,val,ok,0.15,1,7,21,10,31
43,12,1.0,0.184284508228302,0.0,0.999990234375,0.22818370163440704,ground_truth,0.21525278687477112,0.00107421875,btxrd-heuristic-000501,IMG000876.jpeg,0.00107421875,110,320,masks/IMG000876.png,4b9ab5b67cbce2dc917fb32694315563b68e2769f389f4fef837bdebd130a9bc,0|255,320,6,,54,18,0.00107421875,1,0,1,0.7511439919471741,0.5310114026069641,0.053907498717308044,val,ok,0.15,1,1,20,10,30
45,12,1.0,0.28340327739715576,0.0,0.999990234375,0.23357746005058289,ground_truth,1.0,0.04603515625,btxrd-heuristic-000513,IMG000895.jpeg,0.04603515625,4714,320,masks/IMG000895.png,8781e7f146c517a2dc198b573eebb092cb54ab5469eeca84d35ddab1abd12fb2,0|255,320,6,,54,18,0.046083984375,1,0,1,0.7824404835700989,0.5801420211791992,0.11519742757081985,val,ok,0.15,1,1,23,12,35
32,10,1.0,0.21404080092906952,0.0,0.999990234375,0.19730573892593384,ground_truth,0.9699006676673889,0.024912109375,btxrd-heuristic-000516,IMG000899.jpeg,0.024912109375,2551,320,masks/IMG000899.png,a4a47e830cf9dab058bfd57fd89ff44858a9264d040f624069cccd1c22719c48,0|255,320,5,,45,15,0.024990234375,1,0,1,0.7147290706634521,0.4453344941139221,0.0025824110489338636,val,ok,0.150009765625,1,1,17,11,28
12,6,1.0,0.12407892942428589,0.0,0.999990234375,0.19555146992206573,ground_truth,0.9536793231964111,0.0,btxrd-heuristic-000518,IMG000901.jpeg,0.0,0,320,masks/IMG000901.png,14bf4fc16d7e9f17cb073a83ba89ab04bd4c22a2b6f80f25bf73a67ce7a0a340,0,320,3,no_candidate_survived_or_postprocess_empty,27,9,0.000361328125,1,0,1,0.6568126678466797,0.4182157814502716,0.30748456716537476,val,empty_after_localization,0.15,1,1,12,5,17
3,6,1.0,0.11892988532781601,0.0,0.999990234375,0.1553572714328766,ground_truth,1.0,0.01287109375,btxrd-heuristic-000519,IMG000902.jpeg,0.01287109375,1318,320,masks/IMG000902.png,3023cb4eead3d3ef1d830f00d2940723a961d94c88137c598ee78e7809c59918,0|255,320,3,,27,9,0.013349609375,1,0,1,0.5820711255073547,0.30485594272613525,0.058538638055324554,val,ok,0.14982421875,1,1,12,5,17
19,12,1.0,0.18104219436645508,0.0,0.999990234375,0.18692243099212646,ground_truth,1.0,0.04595703125,btxrd-heuristic-000521,IMG000905.jpeg,0.04595703125,4706,320,masks/IMG000905.png,095406ef228cce48e1492c3c0c4824d2097ee9a0246af0dcf7e1a404c087d54a,0|255,320,6,,54,18,0.04607421875,1,0,1,0.6430115103721619,0.32325851917266846,0.04178192466497421,val,ok,0.15,1,1,19,10,29
25,8,1.0,0.13965734839439392,0.0,0.999990234375,0.18098288774490356,ground_truth,0.9998586177825928,0.00056640625,btxrd-heuristic-000527,IMG000917.jpeg,0.00056640625,58,320,masks/IMG000917.png,76d69fc1cc2d566e61ae29db051dd8d7440ce269af83d4ebeba9715a0dadf2ed,0|255,320,4,,36,12,0.00056640625,1,0,1,0.7506246566772461,0.524893045425415,0.2365582287311554,val,ok,0.15,1,1,13,7,20
11,18,1.0,0.18359988927841187,0.0,0.999990234375,0.16497208178043365,ground_truth,0.46170905232429504,0.033046875,btxrd-heuristic-000528,IMG000918.jpeg,0.033046875,3384,320,masks/IMG000918.png,00e57508a1b15430640f1f2c5bf7bafa47aae5fa1339c98b6a00469d50b33c44,0|255,320,9,,81,27,0.0332421875,1,0,1,0.6589686870574951,0.23569568991661072,0.0007318016141653061,val,ok,0.1434375,1,1,32,21,53
34,10,1.0,0.18208199739456177,0.0,0.999990234375,0.19057556986808777,ground_truth,0.9997280240058899,0.0035546875,btxrd-heuristic-000533,IMG000924.jpeg,0.0035546875,364,320,masks/IMG000924.png,9398d6ebb9c5c418bd9281b78c4aa2e369f4a5b032949f4eabad18ee5ecd43a0,0|255,320,5,,42,14,0.0035546875,1,0,1,0.7061042785644531,0.4858624041080475,0.015314098447561264,val,ok,0.15,1,1,13,7,20
32,10,1.0,0.16294308006763458,0.0,0.999990234375,0.18682344257831573,ground_truth,0.11355534940958023,0.04818359375,btxrd-heuristic-000536,IMG000928.jpeg,0.04818359375,4934,320,masks/IMG000928.png,80c4bce991210e96c2f259d9855835c98f53d709bbab5691f58839b9b0736591,0|255,320,5,,45,15,0.048193359375,1,0,1,0.7462294101715088,0.46342164278030396,0.05107257515192032,val,ok,0.15,1,1,17,10,27
40,12,1.0,0.2199137657880783,0.0,0.999990234375,0.18322661519050598,ground_truth,0.9987078905105591,0.00087890625,btxrd-heuristic-000538,IMG000930.jpeg,0.00087890625,90,320,masks/IMG000930.png,41c4642b1d9c97b7d44b73c055c223b0897f77a820932ca2e066073028cd30a7,0|255,320,6,,54,18,0.00087890625,1,0,1,0.7509143352508545,0.5108455419540405,0.2750110924243927,val,ok,0.1498046875,1,1,21,11,32
74,18,1.0,0.34149280190467834,0.0,0.999990234375,0.2627171576023102,ground_truth,0.9571501016616821,0.0433203125,btxrd-heuristic-000539,IMG000931.jpeg,0.0433203125,4436,320,masks/IMG000931.png,28883f6bd8a2e2862aec8bc36de869309e7b977355ee672a9d9172ceefa7c159,0|255,320,9,,81,27,0.0433203125,1,0,1,0.7736521363258362,0.6086737513542175,0.26008617877960205,val,ok,0.1422265625,1,1,32,20,52
2,8,1.0,0.138283371925354,0.0,0.999990234375,0.15388810634613037,ground_truth,1.0,0.029755859375,btxrd-heuristic-000540,IMG000932.jpeg,0.029755859375,3047,320,masks/IMG000932.png,3abcd10c0fcf1cc037e14db53fad9558333fc9f67b7302e614f4cb6a96e71365,0|255,320,4,,36,12,0.029892578125,1,0,1,0.44374290108680725,0.25044959783554077,0.001151992822997272,val,ok,0.15,1,1,16,10,26
33,8,1.0,0.18366147577762604,0.0,0.999990234375,0.21127963066101074,ground_truth,1.0,0.00076171875,btxrd-heuristic-000547,IMG000944.jpeg,0.00076171875,78,320,masks/IMG000944.png,b5e2f78af2ebcca06e773564e13bf17dd8af3968ca4a8f563a6dc39e0c9a791d,0|255,320,4,,36,12,0.00076171875,1,0,1,0.7507084608078003,0.5807788968086243,0.1141471192240715,val,ok,0.15,1,2,14,6,20
28,8,1.0,0.21335764229297638,0.0,0.999990234375,0.210729718208313,ground_truth,0.9960961937904358,0.04451171875,btxrd-heuristic-000561,IMG000963.jpeg,0.04451171875,4558,320,masks/IMG000963.png,77ad5a7a0f7543a9c3c82f83f845fba49fbe95f272197b3887ba18ebd957ddfa,0|255,320,4,,36,12,0.044541015625,1,0,1,0.7883923053741455,0.5904222130775452,0.17955553531646729,val,ok,0.15,1,2,16,10,26
3,6,1.0,0.14157523214817047,0.0,0.999990234375,0.1575227528810501,ground_truth,1.0,0.035302734375,btxrd-heuristic-000566,IMG000969.jpeg,0.035302734375,3615,320,masks/IMG000969.png,611736135c73000e386fcf4658e4b240189c0f9cbc62d0ebfa58a7a76783ce7b,0|255,320,3,,27,9,0.035419921875,1,0,1,0.5379658937454224,0.3310989439487457,0.08478307723999023,val,ok,0.15,1,2,12,5,17
25,6,1.0,0.16362549364566803,0.0,0.999990234375,0.18679967522621155,ground_truth,1.0,0.0469921875,btxrd-heuristic-000568,IMG000971.jpeg,0.0469921875,4812,320,masks/IMG000971.png,427a8734b5c6821c42d1337153543003d5588f6ba7668338922d665c7549e408,0|255,320,3,,27,9,0.0473046875,1,0,1,0.6378187537193298,0.5210661888122559,0.3500567078590393,val,ok,0.1497265625,1,2,12,5,17
9,6,1.0,0.13141222298145294,0.0,0.999990234375,0.1641477793455124,ground_truth,0.9999997615814209,0.001982421875,btxrd-heuristic-000581,IMG000993.jpeg,0.001982421875,203,320,masks/IMG000993.png,2bf5b3ace8373689504ad4435be99b7894a3a07c4af58a347af3abf1327fdb30,0|255,320,3,,27,9,0.002001953125,1,0,1,0.6971918940544128,0.3841901123523712,0.18651126325130463,val,ok,0.15,1,1,12,5,17
43,12,1.0,0.20854133367538452,0.0,0.999990234375,0.21109655499458313,ground_truth,0.9999732971191406,0.000751953125,btxrd-heuristic-000583,IMG000996.jpeg,0.000751953125,77,320,masks/IMG000996.png,93947d3ae191e3fbd2878522b3fc77b7746ecd712e4860d73b1f954362128dd8,0|255,320,6,,54,18,0.000751953125,1,0,1,0.7508106231689453,0.5047585964202881,0.11012419313192368,val,ok,0.15,1,1,24,10,34
17,8,1.0,0.17964020371437073,0.0,0.999990234375,0.19370605051517487,ground_truth,0.9999107122421265,0.001044921875,btxrd-heuristic-000591,IMG001006.jpeg,0.001044921875,107,320,masks/IMG001006.png,e78d87ef0513145b567b39a4c980a3b0d2e5f7501018472bf877913db37381e2,0|255,320,4,,33,11,0.001044921875,1,0,1,0.7512883543968201,0.42746904492378235,0.015221672132611275,val,ok,0.15,1,2,12,5,17
50,14,1.0,0.2501126229763031,0.0,0.999990234375,0.19100186228752136,ground_truth,0.9999958276748657,0.046337890625,btxrd-heuristic-000592,IMG001007.jpeg,0.046337890625,4745,320,masks/IMG001007.png,75b19ca27a5eb9af6d223819345b91a3f7570e366457c9e8b2037a1e75c4ea09,0|255,320,7,,63,21,0.04634765625,1,0,1,0.7700390219688416,0.5211750268936157,0.019396383315324783,val,ok,0.15,1,2,22,13,35
22,10,1.0,0.11551473289728165,0.0,0.999990234375,0.14559116959571838,ground_truth,0.00011845835979329422,0.000751953125,btxrd-heuristic-000600,IMG001024.jpeg,0.000751953125,77,320,masks/IMG001024.png,cf5c8928bc93c8d99600a663149daa9fc14755763daa78c6ddaa3faa03efbd75,0|255,320,5,,45,15,0.000751953125,1,0,1,0.7513315081596375,0.3632131814956665,0.0007666050223633647,val,ok,0.15,1,1,17,9,26
47,12,1.0,0.2216348648071289,0.0,0.999990234375,0.1917431503534317,ground_truth,0.9998519420623779,0.02359375,btxrd-heuristic-000605,IMG001030.jpeg,0.02359375,2416,320,masks/IMG001030.png,f390da5e0ffbbee4f1d27f37bf0853f883e76bbfb5d69a115a2dc22393679822,0|255,320,6,,54,18,0.02359375,1,0,1,0.7683205008506775,0.6047409772872925,0.29987284541130066,val,ok,0.15,1,7,24,10,34
22,12,1.0,0.17276237905025482,0.0,0.999990234375,0.19647885859012604,ground_truth,0.9999972581863403,0.001416015625,btxrd-heuristic-000620,IMG001056.jpeg,0.001416015625,145,320,masks/IMG001056.png,86cc7481bb772d92423351f10c9c87ca1da23275a4c7fc5bc5b1dc92ea64150e,0|255,320,6,,51,17,0.001875,1,0,1,0.7148033976554871,0.32863351702690125,0.015425841324031353,val,ok,0.15,1,7,20,10,30
40,12,1.0,0.22025467455387115,0.0,0.999990234375,0.18357563018798828,ground_truth,0.999956488609314,0.00974609375,btxrd-heuristic-000622,IMG001059.jpeg,0.00974609375,998,320,masks/IMG001059.png,98e6382570c769d47328aec192f3e29f1f55cf50362c29056cb4207a13e2434f,0|255,320,6,,54,18,0.00974609375,1,0,1,0.7568745017051697,0.487998366355896,0.1707918792963028,val,ok,0.15,1,1,23,8,31
15,10,1.0,0.13781170547008514,0.0,0.999990234375,0.13519032299518585,ground_truth,0.9999998807907104,0.000615234375,btxrd-heuristic-000623,IMG001060.jpeg,0.000615234375,63,320,masks/IMG001060.png,74dc76806a5de9c1b0126e6918798ec99154e4724c1169c2b52cff6099891026,0|255,320,5,,45,15,0.000615234375,1,0,1,0.7323240041732788,0.2894773483276367,0.013274893164634705,val,ok,0.15,1,1,18,9,27
29,12,1.0,0.20452268421649933,0.0,0.999990234375,0.18752707540988922,ground_truth,1.0,0.019541015625,btxrd-heuristic-000639,IMG001092.jpeg,0.019541015625,2001,320,masks/IMG001092.png,84d969f90c304d8ffe374b83b6f79adee364a1bbda564a32a284df82acaa0a93,0|255,320,6,,54,18,0.020087890625,1,0,1,0.7423745393753052,0.45029714703559875,0.20372283458709717,val,ok,0.15,1,2,24,10,34
12,6,1.0,0.13871997594833374,0.0,0.999990234375,0.15274718403816223,ground_truth,1.0,0.018623046875,btxrd-heuristic-000641,IMG001094.jpeg,0.018623046875,1907,320,masks/IMG001094.png,ffc354f912a4b62f2ce75abfad40c34ce466d4ef8daa1d72a98a5e3d2b952cf4,0|255,320,3,,27,9,0.018720703125,1,0,1,0.7459759712219238,0.42656630277633667,0.13236503303050995,val,ok,0.15,1,2,12,5,17
23,12,1.0,0.2665804922580719,0.0,0.999990234375,0.17303764820098877,ground_truth,0.9999969005584717,0.0,btxrd-heuristic-000644,IMG001098.jpeg,0.0,0,320,masks/IMG001098.png,14bf4fc16d7e9f17cb073a83ba89ab04bd4c22a2b6f80f25bf73a67ce7a0a340,0,320,6,no_candidate_survived_or_postprocess_empty,54,18,0.0003125,1,0,1,0.6939199566841125,0.3929521441459656,0.03594357520341873,val,empty_after_localization,0.15,1,1,18,12,30
21,6,1.0,0.1616196185350418,0.0,0.999990234375,0.16368825733661652,ground_truth,0.9999998807907104,0.033505859375,btxrd-heuristic-000649,IMG001106.jpeg,0.033505859375,3431,320,masks/IMG001106.png,e28bd93eca7f842906e989e580105b760c1ba2fd4e2764624ca1453b064ae180,0|255,320,3,,27,9,0.033505859375,1,0,1,0.5742208361625671,0.43991777300834656,0.30986565351486206,val,ok,0.149677734375,1,2,12,5,17
11,6,1.0,0.11674819886684418,0.0,0.999990234375,0.17069952189922333,ground_truth,0.6520350575447083,0.010869140625,btxrd-heuristic-000669,IMG001136.jpeg,0.010869140625,1113,320,masks/IMG001136.png,ef88c39f324e50d0aeb44be835698dc9adba150aaeda5961d42b7ee876325585,0|255,320,3,,27,9,0.010869140625,1,0,1,0.6171063184738159,0.41162315011024475,0.25347036123275757,val,ok,0.15,1,1,12,5,17
9,10,1.0,0.16603681445121765,0.0,0.999990234375,0.1381624937057495,ground_truth,1.0,0.055546875,btxrd-heuristic-000672,IMG001140.jpeg,0.055546875,5688,320,masks/IMG001140.png,ca9591dc6a6b37289ce3652d561fe57369f15dab42efb2fc604fca10a76148cd,0|255,320,5,,45,15,0.05556640625,1,0,1,0.4900149703025818,0.2272653579711914,0.0001446540409233421,val,ok,0.1490625,1,1,14,8,22
3,8,1.0,0.1324038952589035,0.0,0.999990234375,0.1546209156513214,ground_truth,0.9999974966049194,0.03232421875,btxrd-heuristic-000673,IMG001141.jpeg,0.03232421875,3310,320,masks/IMG001141.png,15fb62a32dce753dbf3456325e1cb02d3b0c9890e65d664f9892c9b51d96dd4b,0|255,320,4,,36,12,0.03236328125,1,0,1,0.43665945529937744,0.21672259271144867,0.0016868331003934145,val,ok,0.15,1,1,16,8,24
26,8,1.0,0.2219461053609848,0.0,0.999990234375,0.214766725897789,ground_truth,0.9999275207519531,0.00107421875,btxrd-heuristic-000693,IMG001174.jpeg,0.00107421875,110,320,masks/IMG001174.png,e129fee4e70cc6175f8d8ddd3e1eeb9374857eb7be1270eed0e970887b6ba833,0|255,320,4,,36,12,0.001083984375,1,0,1,0.7511483430862427,0.4810340702533722,0.008506923913955688,val,ok,0.15,1,2,16,6,22
27,6,1.0,0.23940333724021912,0.0,0.999990234375,0.2076331079006195,ground_truth,1.0,0.040634765625,btxrd-heuristic-000702,IMG001190.jpeg,0.040634765625,4161,320,masks/IMG001190.png,e3a7e97e825a841bc99704eec55ba033e6795bf7a98c0b8e60128081476b1fa6,0|255,320,3,,27,9,0.040634765625,1,0,1,0.7806040048599243,0.672033429145813,0.48747313022613525,val,ok,0.15,1,6,12,5,17
52,14,1.0,0.3240984380245209,0.0,0.999990234375,0.22053728997707367,ground_truth,0.9999997615814209,0.056279296875,btxrd-heuristic-000702,IMG001191.jpeg,0.056279296875,5763,320,masks/IMG001191.png,a32ed14b7c07dc9f6778b3f057feacc0099327c801aa76b6c02854dc8682d51b,0|255,320,7,,63,21,0.056474609375,1,0,1,0.7775229811668396,0.5877887606620789,0.18672344088554382,val,ok,0.149453125,1,6,26,20,46
28,8,1.0,0.15100637078285217,0.0,0.999990234375,0.18416118621826172,ground_truth,0.9999998807907104,0.00189453125,btxrd-heuristic-000707,IMG001202.jpeg,0.00189453125,194,320,masks/IMG001202.png,299647b9b2a4de1c0685f78c156d3fe6f98aaabc5117fd5820ac9e322d813258,0|255,320,4,,36,12,0.00248046875,1,0,1,0.7154765725135803,0.515812873840332,0.183371439576149,val,ok,0.15,1,1,16,7,23
16,10,1.0,0.22271381318569183,0.0,0.999990234375,0.16201083362102509,ground_truth,1.0,0.03740234375,btxrd-heuristic-000710,IMG001206.jpeg,0.03740234375,3830,320,masks/IMG001206.png,1e8da663e19850718ff1d6f411381edb8c876fd4d15d4cb9efc9a9fa6823c7ed,0|255,320,5,,45,15,0.0376953125,1,0,1,0.6918254494667053,0.3096480667591095,0.0007619718089699745,val,ok,0.15,1,1,15,8,23
22,6,1.0,0.11605297029018402,0.0,0.999990234375,0.18473586440086365,ground_truth,0.9999896287918091,0.046005859375,btxrd-heuristic-000715,IMG001215.jpeg,0.046005859375,4711,320,masks/IMG001215.png,39297b265ff78a68f5a3abc5effc7db97168cb70e746f93c1e3bacb2a9ae87b9,0|255,320,3,,27,9,0.046005859375,1,0,1,0.7407407164573669,0.5734421014785767,0.17631840705871582,val,ok,0.15,1,6,12,5,17
24,6,1.0,0.1297505497932434,0.0,0.999990234375,0.1786695271730423,ground_truth,1.0,0.067412109375,btxrd-heuristic-000715,IMG001216.jpeg,0.067412109375,6903,320,masks/IMG001216.png,b47b89833822562578205d7a4df5c14ece0deb3d766b887a816986d8e648f77a,0|255,320,3,,27,9,0.0678125,1,0,1,0.6390664577484131,0.5199466943740845,0.35752978920936584,val,ok,0.15,1,6,12,5,17
2,6,1.0,0.1089865192770958,0.0,0.999990234375,0.14521509408950806,ground_truth,1.0,0.002783203125,btxrd-heuristic-000717,IMG001219.jpeg,0.002783203125,285,320,masks/IMG001219.png,3da99c2fbc05ba121227100de74ff386eb14a9ced5f53de18ec36bcd87815d89,0|255,320,3,,27,9,0.003291015625,1,0,1,0.569593071937561,0.2477049082517624,0.031391799449920654,val,ok,0.15,1,1,12,5,17
13,6,1.0,0.11618893593549728,0.0,0.999990234375,0.16721190512180328,ground_truth,0.999661922454834,0.059755859375,btxrd-heuristic-000724,IMG001231.jpeg,0.059755859375,6119,320,masks/IMG001231.png,71d7485d61993ae82d3c50f1ee15fbd45ce6f31d2f44a66bf6091e1aa712cb3a,0|255,320,3,,27,9,0.061240234375,1,0,1,0.6247163414955139,0.3799592852592468,0.12495062500238419,val,ok,0.149736328125,1,1,12,5,17
20,6,1.0,0.1418767273426056,0.0,0.999990234375,0.17351089417934418,ground_truth,0.9998857975006104,0.021474609375,btxrd-heuristic-000727,IMG001235.jpeg,0.021474609375,2199,320,masks/IMG001235.png,65b28ff8327da149557b04c4057734a32cc4ba87dd8d2006c5ba00ce1ef95b86,0|255,320,3,,27,9,0.023076171875,1,0,1,0.7360888123512268,0.5103554129600525,0.0702030211687088,val,ok,0.15,1,1,12,5,17
48,14,1.0,0.2283317744731903,0.0,0.999990234375,0.2043880969285965,ground_truth,1.0,0.0575,btxrd-heuristic-000732,IMG001245.jpeg,0.0575,5888,320,masks/IMG001245.png,fae50304b800341e9e60768118f038d1d7adf4a0c925504d9089666e36035bd3,0|255,320,7,,63,21,0.057666015625,1,0,1,0.7664462924003601,0.5053576827049255,0.0759473592042923,val,ok,0.15,1,2,28,11,39
28,16,1.0,0.19289971888065338,0.0,0.999990234375,0.17995035648345947,ground_truth,0.18784192204475403,0.001962890625,btxrd-heuristic-000735,IMG001248.jpeg,0.001962890625,201,320,masks/IMG001248.png,b9358d3229d33fcb29cb79c360a7c10b666a580917a5dceb0e28b066ebf74c6b,0|255,320,8,,72,24,0.001962890625,1,0,1,0.6939393877983093,0.37220513820648193,0.10335010290145874,val,ok,0.14974609375,1,1,30,13,43
21,6,1.0,0.1647181659936905,0.0,0.999990234375,0.2032625377178192,ground_truth,0.9998472929000854,0.001474609375,btxrd-heuristic-000738,IMG001251.jpeg,0.001474609375,151,320,masks/IMG001251.png,e2263c8601c7c8dab37ae03663f106b67089266413161d1012490afc5344bbe0,0|255,320,3,,27,9,0.001474609375,1,0,1,0.7520231604576111,0.5430049300193787,0.3254528045654297,val,ok,0.15,1,1,12,5,17
52,18,1.0,0.2484833300113678,0.0,0.999990234375,0.19730286300182343,ground_truth,0.9949836730957031,0.02361328125,btxrd-heuristic-000745,IMG001259.jpeg,0.02361328125,2418,320,masks/IMG001259.png,11e50adea5d8f0a1e233a4ad338ffffa7c9ae32b850fb14660f920cedb238420,0|255,320,9,,81,27,0.0236328125,1,0,1,0.7467207312583923,0.4723448157310486,0.10668718814849854,val,ok,0.15,1,1,30,28,58
14,6,1.0,0.1205485463142395,0.0,0.999990234375,0.16579890251159668,ground_truth,0.011177683249115944,0.00109375,btxrd-heuristic-000753,IMG001272.jpeg,0.00109375,112,320,masks/IMG001272.png,785cede27c229914370aa8716cc43d59f8254a485ab0ddb7d5eaca8ffd457820,0|255,320,3,,27,9,0.00109375,1,0,1,0.7333875894546509,0.4574245512485504,0.14392614364624023,val,ok,0.15,1,1,11,5,16
24,8,1.0,0.14028966426849365,0.0,0.999990234375,0.1654738336801529,ground_truth,0.9999998807907104,0.00494140625,btxrd-heuristic-000760,IMG001280.jpeg,0.00494140625,506,320,masks/IMG001280.png,d1e40abc9ae20c0bb729df9ac81a9e10a309697a0035e454f7e31d1c286326f2,0|255,320,4,,36,12,0.004990234375,1,0,1,0.7390145659446716,0.41235268115997314,0.019008819013834,val,ok,0.15,1,2,14,6,20
16,6,1.0,0.1333182007074356,0.0,0.999990234375,0.15466926991939545,ground_truth,1.0,0.009619140625,btxrd-heuristic-000783,IMG001315.jpeg,0.009619140625,985,320,masks/IMG001315.png,8c31c408fc7506767e782c5b99969d9403615f154e638b3b69c25909076c3297,0|255,320,3,,27,9,0.009619140625,1,0,1,0.7635447382926941,0.5234470963478088,0.15303322672843933,val,ok,0.15,1,1,12,5,17
13,8,1.0,0.10331151634454727,0.0,0.999990234375,0.1650305986404419,ground_truth,0.9999147653579712,0.00705078125,btxrd-heuristic-000808,IMG001352.jpeg,0.00705078125,722,320,masks/IMG001352.png,70d9d94328fc174ac0af06ef863eea607d35a36d10b3e01a6dd3b34a9381775c,0|255,320,4,,36,12,0.00736328125,1,0,1,0.5892302393913269,0.34799250960350037,0.03153909370303154,val,ok,0.15,1,8,15,7,22
59,16,1.0,0.22491103410720825,0.0,0.999990234375,0.2268325835466385,ground_truth,0.9964052438735962,0.023271484375,btxrd-heuristic-000809,IMG001353.jpeg,0.023271484375,2383,320,masks/IMG001353.png,2c3cba2088af5d48a1b2a015a78df39addb3c4e64fbcb7294733ab71ab8a0138,0|255,320,8,,72,24,0.02419921875,1,0,1,0.7679334282875061,0.5946974158287048,0.17225156724452972,val,ok,0.15,1,3,25,15,40
14,12,1.0,0.18480916321277618,0.0,0.999990234375,0.17540253698825836,ground_truth,0.9895229935646057,0.002509765625,btxrd-heuristic-000821,IMG001371.jpeg,0.002509765625,257,320,masks/IMG001371.png,4f52221a4bf703bae02ff6166a2d2de2ae70e4e56b0e169cef49fc4d4f7018ce,0|255,320,6,,54,18,0.00265625,1,0,1,0.6594364047050476,0.27639156579971313,0.0012095212005078793,val,ok,0.148984375,1,3,19,15,34
16,8,1.0,0.17707543075084686,0.0,0.999990234375,0.16423162817955017,ground_truth,0.0009269150323234499,0.00134765625,btxrd-heuristic-000826,IMG001379.jpeg,0.00134765625,138,320,masks/IMG001379.png,2eb791c69ebd834d2a9497d6c213933e6681b35d1932db581ad8a2aaaeffe498,0|255,320,4,,36,12,0.00134765625,1,0,1,0.6961249709129333,0.39689701795578003,0.22034454345703125,val,ok,0.15,1,9,15,6,21
27,12,1.0,0.17386342585086823,0.0,0.999990234375,0.17924274504184723,ground_truth,1.0,0.00439453125,btxrd-heuristic-000833,IMG001391.jpeg,0.00439453125,450,320,masks/IMG001391.png,f52d490f5d1b1cc07eaa7898f2788e774c7f50d529f7a9f65c695850cbd4c820,0|255,320,6,,54,18,0.00439453125,1,0,1,0.7555748820304871,0.3349040746688843,0.013152808882296085,val,ok,0.15,1,2,18,13,31
15,6,1.0,0.08824183791875839,0.0,0.999990234375,0.15657857060432434,ground_truth,0.13915184140205383,0.031728515625,btxrd-heuristic-000836,IMG001394.jpeg,0.031728515625,3249,320,masks/IMG001394.png,7866351163b18ce7388f43010189d2d1c85dbc592cc288fb27345cde93d2ee3c,0|255,320,3,,27,9,0.031728515625,1,0,1,0.5655381083488464,0.3741265535354614,0.028322089463472366,val,ok,0.150009765625,1,1,12,5,17
26,10,1.0,0.1173635795712471,0.0,0.999990234375,0.17372804880142212,ground_truth,0.20425525307655334,0.046806640625,btxrd-heuristic-000840,IMG001402.jpeg,0.046806640625,4793,320,masks/IMG001402.png,f609ec303d16a8acbcd70787535290e22a03bee32e1fbb23c5e29051f9993c57,0|255,320,5,,45,15,0.046806640625,1,0,1,0.7150940299034119,0.367113322019577,0.0009168401593342423,val,ok,0.15,1,8,18,10,28
18,8,1.0,0.15405447781085968,0.0,0.999990234375,0.18021561205387115,ground_truth,0.34541624784469604,0.002236328125,btxrd-heuristic-000842,IMG001405.jpeg,0.002236328125,229,320,masks/IMG001405.png,b5f148350c78f75149dd62297b7a477b7c36094ec46ea9d6e2a1c58f761f7ace,0|255,320,4,,36,12,0.002236328125,1,0,1,0.7519175410270691,0.44312459230422974,0.0986790657043457,val,ok,0.149990234375,1,3,15,6,21
15,6,1.0,0.10111048817634583,0.0,0.999990234375,0.1546090841293335,ground_truth,0.999998927116394,0.004755859375,btxrd-heuristic-000868,IMG001448.jpeg,0.004755859375,487,320,masks/IMG001448.png,ec0e0ba715fa912c815519e3cfce4d5a3bd092816d5d3202b2419d6423e64b7b,0|255,320,3,,27,9,0.004775390625,1,0,1,0.7605697512626648,0.4760147035121918,0.2355729639530182,val,ok,0.15,1,1,12,5,17
11,6,1.0,0.13091231882572174,0.0,0.999990234375,0.16149404644966125,ground_truth,0.9998824596405029,0.044501953125,btxrd-heuristic-000871,IMG001453.jpeg,0.044501953125,4557,320,masks/IMG001453.png,d351d289ea8a9eaec34b0221222f6e35f811a6ec3133ca92e1293b99f5ba65d8,0|255,320,3,,27,9,0.044765625,1,0,1,0.6739081144332886,0.4064613878726959,0.15477006137371063,val,ok,0.15,1,9,12,5,17
41,12,1.0,0.2555190324783325,0.0,0.999990234375,0.23132383823394775,ground_truth,0.8058154582977295,0.021650390625,btxrd-heuristic-000872,IMG001454.jpeg,0.021650390625,2217,320,masks/IMG001454.png,f2996bcfb8466d41691629a456ea6f7a70d8883128c155f7ad107336e3bf3418,0|255,320,6,,54,18,0.02166015625,1,0,1,0.7281492352485657,0.5096861124038696,0.24138519167900085,val,ok,0.15,1,1,22,10,32
22,6,1.0,0.15193724632263184,0.0,0.999990234375,0.1617552489042282,ground_truth,1.0,0.048359375,btxrd-heuristic-000873,IMG001455.jpeg,0.048359375,4952,320,masks/IMG001455.png,7795e94e0c11f5270917b037809de425fdc0e969f8daf7ea28dec210494c7d54,0|255,320,3,,27,9,0.048359375,1,0,1,0.6746519804000854,0.5039665699005127,0.2729113698005676,val,ok,0.15,1,3,12,5,17
49,12,1.0,0.1950487494468689,0.0,0.999990234375,0.19955924153327942,ground_truth,0.9941025376319885,0.010205078125,btxrd-heuristic-000880,IMG001468.jpeg,0.010205078125,1045,320,masks/IMG001468.png,9ab8464eadff9e6d0a888f009d1098fa6c454247c80cefacbff4567e6a4f8d36,0|255,320,6,,54,18,0.010205078125,1,0,1,0.7609001398086548,0.6129979491233826,0.1739664375782013,val,ok,0.15,1,1,24,10,34
27,18,1.0,0.1703297644853592,0.0,0.999990234375,0.17896154522895813,ground_truth,0.0030750101432204247,0.00423828125,btxrd-heuristic-000883,IMG001473.jpeg,0.00423828125,434,320,masks/IMG001473.png,d0cf431d612d806399526bfa983a3ea90262b01054ada11b1b21faba53d87ae6,0|255,320,9,,81,27,0.00423828125,1,0,1,0.6617271900177002,0.3080992102622986,0.003265844192355871,val,ok,0.14806640625,1,3,26,16,42
22,6,1.0,0.09191945940256119,0.0,0.999990234375,0.15201659500598907,ground_truth,1.3502507499651983e-05,0.001904296875,btxrd-heuristic-000885,IMG001476.jpeg,0.001904296875,195,320,masks/IMG001476.png,b8d3f2f6f19f8b6c358b260fee39a3600489edf179a513fe7e10fd64e2822c25,0|255,320,3,,27,9,0.001904296875,1,0,1,0.7546631693840027,0.5170619487762451,0.06448302417993546,val,ok,0.15,1,3,12,5,17
55,18,1.0,0.16239692270755768,0.0,0.999990234375,0.1837233453989029,ground_truth,0.00824829749763012,0.0016015625,btxrd-heuristic-000889,IMG001483.jpeg,0.0016015625,164,320,masks/IMG001483.png,915cf7f2c4a556161dd09584dd14e5b2e21d5d88694eb6b5ae9bc13276c0ef15,0|255,320,9,,81,27,0.0016015625,1,0,1,0.7516046166419983,0.4640094041824341,0.0009785756701603532,val,ok,0.15,1,8,31,17,48
24,6,1.0,0.18287299573421478,0.0,0.999990234375,0.18141509592533112,ground_truth,0.9998565912246704,0.011689453125,btxrd-heuristic-000893,IMG001490.jpeg,0.011689453125,1197,320,masks/IMG001490.png,0327ac78a51393152b4173676cb2057756524bb29f56f4e4ebd8aa6360a07e79,0|255,320,4,,33,11,0.011875,1,0,1,0.7634820938110352,0.48872068524360657,0.0002272241108585149,val,ok,0.15,1,3,15,6,21
15,8,1.0,0.11346485465765,0.0,0.999990234375,0.14765292406082153,ground_truth,0.9998507499694824,0.0,btxrd-heuristic-000893,IMG001491.jpeg,0.0,0,320,masks/IMG001491.png,14bf4fc16d7e9f17cb073a83ba89ab04bd4c22a2b6f80f25bf73a67ce7a0a340,0,320,4,no_candidate_survived_or_postprocess_empty,36,12,0.000166015625,1,0,1,0.7128589749336243,0.3520296812057495,0.020491933450102806,val,empty_after_localization,0.15,1,3,14,8,22
61,18,1.0,0.24016012251377106,0.0,0.999990234375,0.19321590662002563,ground_truth,1.0,0.034287109375,btxrd-heuristic-000907,IMG001517.jpeg,0.034287109375,3511,320,masks/IMG001517.png,919ba195572be99e064f2c2c10cd8c4ed138b00916756910c7d67161d995426a,0|255,320,9,,81,27,0.035712890625,1,0,1,0.7524935007095337,0.5136926770210266,0.048988088965415955,val,ok,0.15,1,2,25,25,50
13,6,1.0,0.11641374230384827,0.0,0.999990234375,0.1592300832271576,ground_truth,0.30233749747276306,0.0314453125,btxrd-heuristic-000916,IMG001538.jpeg,0.0314453125,3220,320,masks/IMG001538.png,9f6fcc8b1af40627139b2b5508b3ff23eba530b947ca3cda5685a0eb7a526c8f,0|255,320,3,,27,9,0.03197265625,1,0,1,0.6610115170478821,0.404710978269577,0.20427456498146057,val,ok,0.15,1,4,12,5,17
31,8,1.0,0.19624528288841248,0.0,0.999990234375,0.20736564695835114,ground_truth,0.6147868633270264,0.00171875,btxrd-heuristic-000916,IMG001539.jpeg,0.00171875,176,320,masks/IMG001539.png,611220b03488e8118578dcdf32fe0e1c6b7aa3b17eb9a614363057e1ba7b8cce,0|255,320,4,,36,12,0.00171875,1,0,1,0.7255810499191284,0.5033657550811768,0.12232314795255661,val,ok,0.15,1,4,15,6,21
15,6,1.0,0.133443221449852,0.0,0.999990234375,0.18407952785491943,ground_truth,0.9999902248382568,0.018251953125,btxrd-heuristic-000922,IMG001551.jpeg,0.018251953125,1869,320,masks/IMG001551.png,a2f73072894cd712de82ab77d4bd11b3c8b15a7156690dc924338c94cb035795,0|255,320,3,,27,9,0.018427734375,1,0,1,0.6204654574394226,0.40220433473587036,0.07713986933231354,val,ok,0.15,1,4,12,5,17
16,8,1.0,0.14835451543331146,0.0,0.999990234375,0.1700117588043213,ground_truth,0.9999916553497314,0.0133984375,btxrd-heuristic-000930,IMG001563.jpeg,0.0133984375,1372,320,masks/IMG001563.png,36487c0bd508aac5eea2a1c17c8bb3d70700555427906b5c298b1d136764361a,0|255,320,4,,36,12,0.01359375,1,0,1,0.6524186134338379,0.3385332524776459,0.008539826609194279,val,ok,0.15,1,2,15,8,23
19,6,1.0,0.12789630889892578,0.0,0.999990234375,0.19155354797840118,ground_truth,0.03255851939320564,0.045810546875,btxrd-heuristic-000940,IMG001580.jpeg,0.045810546875,4691,320,masks/IMG001580.png,410da77427666d2a56237ba3496b2dedac1cd540f97ed05fcac825ecc522b4e5,0|255,320,3,,27,9,0.046259765625,1,0,1,0.7540451884269714,0.5043569207191467,0.15863412618637085,val,ok,0.15,1,4,12,5,17
26,8,1.0,0.14601027965545654,0.0,0.999990234375,0.17509518563747406,ground_truth,0.22777734696865082,0.044052734375,btxrd-heuristic-000940,IMG001581.jpeg,0.044052734375,4511,320,masks/IMG001581.png,e537d8e85bdc32f8a5804db6755a24209f8c3593b7c11e739a8b77add6f3ae2a,0|255,320,4,,36,12,0.044052734375,1,0,1,0.7381881475448608,0.45758184790611267,0.0005982969887554646,val,ok,0.15,1,4,16,10,26
13,6,1.0,0.10712133347988129,0.0,0.999990234375,0.14760860800743103,ground_truth,0.9999964237213135,0.02646484375,btxrd-heuristic-000951,IMG001601.jpeg,0.02646484375,2710,320,masks/IMG001601.png,d2f9e320fb5d25dd0927aff7e76ccf71afcf31ecb4719f2d6b3154a32c1679b2,0|255,320,3,,27,9,0.026494140625,1,0,1,0.6519472002983093,0.3965868055820465,0.006967439781874418,val,ok,0.15,1,3,12,5,17
35,16,1.0,0.1817554235458374,0.0,0.999990234375,0.16846546530723572,ground_truth,1.0,0.002568359375,btxrd-heuristic-000955,IMG001606.jpeg,0.002568359375,263,320,masks/IMG001606.png,2c267fb43e874b7feeeac5cd846f07a2c57efb6aedb93b83754bfa4e62c32de7,0|255,320,8,,72,24,0.002568359375,1,0,1,0.7314351797103882,0.38781729340553284,0.020771779119968414,val,ok,0.15,1,2,27,19,46
33,12,1.0,0.17669104039669037,0.0,0.999990234375,0.17044562101364136,ground_truth,0.8571743369102478,0.002392578125,btxrd-heuristic-000956,IMG001607.jpeg,0.002392578125,245,320,masks/IMG001607.png,c72e9e03d751f9c9ff01691c4095f7011bcc1e6dcccb91914e6b646f31690348,0|255,320,6,,54,18,0.002392578125,1,0,1,0.7530851364135742,0.40776878595352173,0.00011673333210637793,val,ok,0.15,1,1,19,12,31
14,6,1.0,0.11519039422273636,0.0,0.999990234375,0.1509050875902176,ground_truth,0.9938540458679199,0.035947265625,btxrd-heuristic-000959,IMG001612.jpeg,0.035947265625,3681,320,masks/IMG001612.png,9b5c7172fb7ae8d8c23c7b7df0461ae8b8d5d1c3952ff275cebb07e112e5d7dd,0|255,320,3,,27,9,0.035947265625,1,0,1,0.6194019317626953,0.4174967408180237,0.2305014580488205,val,ok,0.15,1,3,12,5,17
23,6,1.0,0.12062419950962067,0.0,0.999990234375,0.16922888159751892,ground_truth,0.8639320135116577,0.0316796875,btxrd-heuristic-000962,IMG001617.jpeg,0.0316796875,3244,320,masks/IMG001617.png,d0464624b06ab9c0249bd56acc23fd5362c3a9d04066ad7f9a534c8bda1b87e1,0|255,320,3,,27,9,0.0316796875,1,0,1,0.6915766000747681,0.4571504592895508,0.017542937770485878,val,ok,0.15,1,8,12,5,17
10,10,1.0,0.13995708525180817,0.0,0.999990234375,0.1719990074634552,ground_truth,1.9010552705367445e-06,0.05734375,btxrd-heuristic-000972,IMG001632.jpeg,0.05734375,5872,320,masks/IMG001632.png,dd9d26e63d168f5fc0471d2cd8594f2e6c41db6144d10775495563b2b6a358b9,0|255,320,5,,45,15,0.057900390625,1,0,1,0.6376495361328125,0.2785966992378235,0.0027581516187638044,val,ok,0.15,1,3,14,15,29
22,14,1.0,0.16348940134048462,0.0,0.999990234375,0.14601945877075195,ground_truth,1.0,0.00279296875,btxrd-heuristic-000978,IMG001638.jpeg,0.00279296875,286,320,masks/IMG001638.png,6c4445527ecba7715620799c6e74af44277c0ee276f90206a7582ef05da4a404,0|255,320,7,,63,21,0.00279296875,1,0,1,0.7541091442108154,0.29601970314979553,0.007660229224711657,val,ok,0.14845703125,1,2,20,18,38
29,18,1.0,0.26534658670425415,0.0,0.999990234375,0.16376106441020966,ground_truth,1.0,0.00806640625,btxrd-heuristic-000981,IMG001642.jpeg,0.00806640625,826,320,masks/IMG001642.png,091ef59178ea778a63878da74d599060f9cec954df1e567cd055a4be24efbaa4,0|255,320,9,,81,27,0.00806640625,1,0,1,0.750627338886261,0.3681432604789734,0.008860568515956402,val,ok,0.1421875,1,2,33,15,48
30,8,1.0,0.17587411403656006,0.0,0.999990234375,0.18749113380908966,ground_truth,1.0,0.004267578125,btxrd-heuristic-000982,IMG001643.jpeg,0.004267578125,437,320,masks/IMG001643.png,50006147065799bba454a9ba8d2cc15952300f28379efe410b56f1efe81ca675,0|255,320,5,,42,14,0.004267578125,1,0,1,0.7355060577392578,0.5034921169281006,0.12370277941226959,val,ok,0.15,1,2,20,10,30
20,8,1.0,0.13052356243133545,0.0,0.999990234375,0.15431766211986542,ground_truth,1.0,0.011865234375,btxrd-heuristic-000993,IMG001661.jpeg,0.011865234375,1215,320,masks/IMG001661.png,345596a3502cda1c662511817df430381265ba63ee9237887a4c7cfd32260a11,0|255,320,4,,36,12,0.011865234375,1,0,1,0.7641276717185974,0.4492611885070801,0.02284427173435688,val,ok,0.15,1,2,14,10,24
21,8,1.0,0.18565723299980164,0.0,0.999990234375,0.18875163793563843,ground_truth,1.0,0.001630859375,btxrd-heuristic-000997,IMG001666.jpeg,0.001630859375,167,320,masks/IMG001666.png,13b7a2ff98fe9159d71e1a068899899ceb997a17199fd85d3822f62ae63c75d0,0|255,320,4,,36,12,0.001630859375,1,0,1,0.7518535256385803,0.4641248285770416,0.18461906909942627,val,ok,0.15,1,2,16,10,26
29,14,1.0,0.1402709186077118,0.0,0.999990234375,0.14879396557807922,ground_truth,1.0,0.00853515625,btxrd-heuristic-001029,IMG001716.jpeg,0.00853515625,874,320,masks/IMG001716.png,c0a134e861a2bc04facb3a8cf617d5d432c4c37e499523d22fd48c2779621d9a,0|255,320,7,,63,21,0.008837890625,1,0,1,0.7614892721176147,0.38875120878219604,0.007662543561309576,val,ok,0.15,1,9,23,12,35
27,14,1.0,0.11773490905761719,0.0,0.999990234375,0.14945539832115173,ground_truth,0.9998844861984253,0.002314453125,btxrd-heuristic-001031,IMG001719.jpeg,0.002314453125,237,320,masks/IMG001719.png,9b701394e7535c1ecdb5584f270e8d1c73e0df89d65e1022b1697b665bb437b9,0|255,320,7,,63,21,0.002314453125,1,0,1,0.7546135187149048,0.3346807658672333,0.0012297346256673336,val,ok,0.15,1,5,27,11,38
24,14,1.0,0.1063699945807457,0.0,0.999990234375,0.14750678837299347,ground_truth,0.9999998807907104,0.003662109375,btxrd-heuristic-001033,IMG001723.jpeg,0.003662109375,375,320,masks/IMG001723.png,0e839c6ee3d37e7fb6d270e44fdd2da69cc03d98f5fbe7aa15ebb2025359a6d6,0|255,320,7,,63,21,0.003662109375,1,0,1,0.7570856809616089,0.29847005009651184,0.00038071288145147264,val,ok,0.148017578125,1,1,23,20,43
21,8,1.0,0.1529768705368042,0.0,0.999990234375,0.17686615884304047,ground_truth,1.0,0.00134765625,btxrd-heuristic-001047,IMG001744.jpeg,0.00134765625,138,320,masks/IMG001744.png,6e3f626d09b8a39afa247c5dccc2261642a146f079389b85b709aa159850b78a,0|255,320,4,,36,12,0.00134765625,1,0,1,0.7518237233161926,0.43948304653167725,0.13789935410022736,val,ok,0.15,1,4,16,10,26
18,14,1.0,0.10341862589120865,0.0,0.999990234375,0.14023658633232117,ground_truth,0.9999948740005493,0.034091796875,btxrd-heuristic-001056,IMG001759.jpeg,0.034091796875,3491,320,masks/IMG001759.png,a3a45c26d5d45ba8bd4a8b63823ffaf397410410967aa8668954d9bdd0a5650d,0|255,320,7,,63,21,0.034140625,1,0,1,0.7181828022003174,0.27941179275512695,0.0001889126724563539,val,ok,0.141904296875,1,1,23,20,43
44,14,1.0,0.2372065931558609,0.0,0.999990234375,0.2039584219455719,ground_truth,0.9999996423721313,0.001171875,btxrd-heuristic-001057,IMG001760.jpeg,0.001171875,120,320,masks/IMG001760.png,4d14f74253cde5e33d5418f419d9393d1d76fda214a873a58c4296d6ee432da2,0|255,320,7,,63,21,0.00123046875,1,0,1,0.7510228753089905,0.5074985027313232,0.025510365143418312,val,ok,0.15,1,8,27,13,40
3,8,1.0,0.16115261614322662,0.0,0.999990234375,0.16273316740989685,ground_truth,1.0,0.018740234375,btxrd-heuristic-001057,IMG001761.jpeg,0.018740234375,1919,320,masks/IMG001761.png,7bf2b0116ebd19922debb502db96da31d702196bb438a8c8104caae41dcfa462,0|255,320,4,,36,12,0.01990234375,1,0,1,0.4900961220264435,0.24735239148139954,0.011810840107500553,val,ok,0.15,1,8,14,8,22
26,12,1.0,0.09163719415664673,0.0,0.999990234375,0.1456775814294815,ground_truth,0.9984403252601624,0.001923828125,btxrd-heuristic-001069,IMG001781.jpeg,0.001923828125,197,320,masks/IMG001781.png,2fb8404ac2c6a6d8e855f56103649c895eaac72d13246a9fac64bcb89730dfb7,0|255,320,6,,54,18,0.001923828125,1,0,1,0.7360742688179016,0.35708048939704895,0.0026163600850850344,val,ok,0.15,1,7,23,16,39
23,10,1.0,0.12319479882717133,0.0,0.999990234375,0.15693193674087524,ground_truth,1.0,0.00419921875,btxrd-heuristic-001070,IMG001782.jpeg,0.00419921875,430,320,masks/IMG001782.png,cc790199eeb239cfefa65695040fd9d4d7a0a42a7050c84d494bbfdf362aa4e5,0|255,320,5,,45,15,0.00419921875,1,0,1,0.7578880786895752,0.3734592795372009,0.0025185327976942062,val,ok,0.15,1,7,19,15,34
19,14,1.0,0.11445491015911102,0.0,0.999990234375,0.14287947118282318,ground_truth,0.999984860420227,0.0065625,btxrd-heuristic-001073,IMG001785.jpeg,0.0065625,672,320,masks/IMG001785.png,786e0fa4687f53d11d94d66fe1bcb84d08dbdc44db56510ad753e1cb20eeacd4,0|255,320,7,,63,21,0.0066015625,1,0,1,0.6686548590660095,0.27105912566185,0.0003898577706422657,val,ok,0.149482421875,1,7,23,19,42
27,6,1.0,0.15382283926010132,0.0,0.999990234375,0.18221259117126465,ground_truth,1.0,0.00302734375,btxrd-heuristic-001074,IMG001786.jpeg,0.00302734375,310,320,masks/IMG001786.png,105bf604963825a8668cf083270411ba787c8cd31daa5c916dda54c538321eca,0|255,320,3,,27,9,0.0033203125,1,0,1,0.7549626231193542,0.615174412727356,0.4801557958126068,val,ok,0.15,1,1,12,8,20
22,12,1.0,0.1450970321893692,0.0,0.999990234375,0.18056228756904602,ground_truth,1.0,0.062138671875,btxrd-heuristic-001077,IMG001791.jpeg,0.062138671875,6363,320,masks/IMG001791.png,5b301561bbbed4f05950514ce6d59e2d2f5a88ecc2199195f18a5908d402144e,0|255,320,6,,54,18,0.062158203125,1,0,1,0.7646910548210144,0.30799219012260437,0.0026135051157325506,val,ok,0.15,1,7,24,11,35
26,14,1.0,0.18071769177913666,0.0,0.999990234375,0.15021434426307678,ground_truth,0.9999991655349731,0.00404296875,btxrd-heuristic-001080,IMG001795.jpeg,0.00404296875,414,320,masks/IMG001795.png,b1a9815fc1317311e1a251f332382baca1f61eae15e46a2d5c83e0d755b89022,0|255,320,7,,63,21,0.00404296875,1,0,1,0.7547096610069275,0.31812408566474915,0.004697162192314863,val,ok,0.13564453125,1,2,28,19,47
72,18,1.0,0.2054600566625595,0.0,0.999990234375,0.21976876258850098,ground_truth,0.9989451766014099,0.002890625,btxrd-heuristic-001083,IMG001798.jpeg,0.002890625,296,320,masks/IMG001798.png,4709f1027e06755cf96e7a2c1c380398a50860402419c306b7185a3bf9d3c888,0|255,320,9,,81,27,0.002890625,1,0,1,0.7526777982711792,0.5997921824455261,0.09127027541399002,val,ok,0.15,1,7,30,15,45
38,12,1.0,0.16186584532260895,0.0,0.999990234375,0.17178583145141602,ground_truth,1.0,0.0014453125,btxrd-heuristic-001104,IMG001828.jpeg,0.0014453125,148,320,masks/IMG001828.png,7772de22140d8bb8b39028c0a59f9a4568df42eb9122331074516e15e5e3dd71,0|255,320,6,,54,18,0.0014453125,1,0,1,0.7516201138496399,0.46239954233169556,0.02659587562084198,val,ok,0.15,1,1,24,16,40
18,14,1.0,0.11855646222829819,0.0,0.999990234375,0.14367873966693878,ground_truth,0.9999998807907104,0.00140625,btxrd-heuristic-001118,IMG001858.jpeg,0.00140625,144,320,masks/IMG001858.png,900e60f410e669ecdf2d281ab31aa1261d2c5b965dfb4823a797a3b4f5264733,0|255,320,7,,63,21,0.00140625,1,0,1,0.7153196930885315,0.2695963680744171,0.00020722740737255663,val,ok,0.15,1,2,23,21,44
25,10,1.0,0.13284260034561157,0.0,0.999990234375,0.16594049334526062,ground_truth,1.0,0.003701171875,btxrd-heuristic-001123,IMG001867.jpeg,0.003701171875,379,320,masks/IMG001867.png,1d48388155292095e1a85d1f1d7061a4fbd603c58213f9a2f3395b14ca8f71a1,0|255,320,5,,45,15,0.003701171875,1,0,1,0.7560646533966064,0.39333537220954895,0.0016721882857382298,val,ok,0.150009765625,1,8,17,9,26
0,0,,,,,,ground_truth,0.012795734219253063,0.0,btxrd-heuristic-001124,IMG001868.jpeg,0.0,0,320,masks/IMG001868.png,14bf4fc16d7e9f17cb073a83ba89ab04bd4c22a2b6f80f25bf73a67ce7a0a340,0,320,0,known_image_label_normal,0,0,0.0,0,0,0,,,,val,empty_by_image_gate,0.0,0,0,0,0,0
0,0,,,,,,ground_truth,0.0008863325347192585,0.0,btxrd-heuristic-001124,IMG001869.jpeg,0.0,0,320,masks/IMG001869.png,14bf4fc16d7e9f17cb073a83ba89ab04bd4c22a2b6f80f25bf73a67ce7a0a340,0,320,0,known_image_label_normal,0,0,0.0,0,0,0,,,,val,empty_by_image_gate,0.0,0,0,0,0,0
0,0,,,,,,ground_truth,0.8298066854476929,0.0,btxrd-heuristic-001124,IMG001870.jpeg,0.0,0,320,masks/IMG001870.png,14bf4fc16d7e9f17cb073a83ba89ab04bd4c22a2b6f80f25bf73a67ce7a0a340,0,320,0,known_image_label_normal,0,0,0.0,0,0,0,,,,val,empty_by_image_gate,0.0,0,0,0,0,0
0,0,,,,,,ground_truth,0.0008193377288989723,0.0,btxrd-heuristic-001124,IMG001871.jpeg,0.0,0,320,masks/IMG001871.png,14bf4fc16d7e9f17cb073a83ba89ab04bd4c22a2b6f80f25bf73a67ce7a0a340,0,320,0,known_image_label_normal,0,0,0.0,0,0,0,,,,val,empty_by_image_gate,0.0,0,0,0,0,0
0,0,,,,,,ground_truth,0.3444572687149048,0.0,btxrd-heuristic-001125,IMG001872.jpeg,0.0,0,320,masks/IMG001872.png,14bf4fc16d7e9f17cb073a83ba89ab04bd4c22a2b6f80f25bf73a67ce7a0a340,0,320,0,known_image_label_normal,0,0,0.0,0,0,0,,,,val,empty_by_image_gate,0.0,0,0,0,0,0
0,0,,,,,,ground_truth,0.00037847369094379246,0.0,btxrd-heuristic-001127,IMG001874.jpeg,0.0,0,320,masks/IMG001874.png,14bf4fc16d7e9f17cb073a83ba89ab04bd4c22a2b6f80f25bf73a67ce7a0a340,0,320,0,known_image_label_normal,0,0,0.0,0,0,0,,,,val,empty_by_image_gate,0.0,0,0,0,0,0
0,0,,,,,,ground_truth,0.000617902260273695,0.0,btxrd-heuristic-001127,IMG001875.jpeg,0.0,0,320,masks/IMG001875.png,14bf4fc16d7e9f17cb073a83ba89ab04bd4c22a2b6f80f25bf73a67ce7a0a340,0,320,0,known_image_label_normal,0,0,0.0,0,0,0,,,,val,empty_by_image_gate,0.0,0,0,0,0,0
0,0,,,,,,ground_truth,0.00016614599735476077,0.0,btxrd-heuristic-001127,IMG001876.jpeg,0.0,0,320,masks/IMG001876.png,14bf4fc16d7e9f17cb073a83ba89ab04bd4c22a2b6f80f25bf73a67ce7a0a340,0,320,0,known_image_label_normal,0,0,0.0,0,0,0,,,,val,empty_by_image_gate,0.0,0,0,0,0,0
0,0,,,,,,ground_truth,0.06976968795061111,0.0,btxrd-heuristic-001127,IMG001877.jpeg,0.0,0,320,masks/IMG001877.png,14bf4fc16d7e9f17cb073a83ba89ab04bd4c22a2b6f80f25bf73a67ce7a0a340,0,320,0,known_image_label_normal,0,0,0.0,0,0,0,,,,val,empty_by_image_gate,0.0,0,0,0,0,0
0,0,,,,,,ground_truth,0.9992990493774414,0.0,btxrd-heuristic-001130,IMG001881.jpeg,0.0,0,320,masks/IMG001881.png,14bf4fc16d7e9f17cb073a83ba89ab04bd4c22a2b6f80f25bf73a67ce7a0a340,0,320,0,known_image_label_normal,0,0,0.0,0,0,0,,,,val,empty_by_image_gate,0.0,0,0,0,0,0
0,0,,,,,,ground_truth,0.9896414875984192,0.0,btxrd-heuristic-001132,IMG001883.jpeg,0.0,0,320,masks/IMG001883.png,14bf4fc16d7e9f17cb073a83ba89ab04bd4c22a2b6f80f25bf73a67ce7a0a340,0,320,0,known_image_label_normal,0,0,0.0,0,0,0,,,,val,empty_by_image_gate,0.0,0,0,0,0,0
0,0,,,,,,ground_truth,6.282830922188509e-10,0.0,btxrd-heuristic-001134,IMG001887.jpeg,0.0,0,320,masks/IMG001887.png,14bf4fc16d7e9f17cb073a83ba89ab04bd4c22a2b6f80f25bf73a67ce7a0a340,0,320,0,known_image_label_normal,0,0,0.0,0,0,0,,,,val,empty_by_image_gate,0.0,0,0,0,0,0
0,0,,,,,,ground_truth,9.576026968716178e-06,0.0,btxrd-heuristic-001134,IMG001888.jpeg,0.0,0,320,masks/IMG001888.png,14bf4fc16d7e9f17cb073a83ba89ab04bd4c22a2b6f80f25bf73a67ce7a0a340,0,320,0,known_image_label_normal,0,0,0.0,0,0,0,,,,val,empty_by_image_gate,0.0,0,0,0,0,0
0,0,,,,,,ground_truth,4.846368710786919e-07,0.0,btxrd-heuristic-001134,IMG001889.jpeg,0.0,0,320,masks/IMG001889.png,14bf4fc16d7e9f17cb073a83ba89ab04bd4c22a2b6f80f25bf73a67ce7a0a340,0,320,0,known_image_label_normal,0,0,0.0,0,0,0,,,,val,empty_by_image_gate,0.0,0,0,0,0,0
0,0,,,,,,ground_truth,2.8837660011049593e-06,0.0,btxrd-heuristic-001134,IMG001890.jpeg,0.0,0,320,masks/IMG001890.png,14bf4fc16d7e9f17cb073a83ba89ab04bd4c22a2b6f80f25bf73a67ce7a0a340,0,320,0,known_image_label_normal,0,0,0.0,0,0,0,,,,val,empty_by_image_gate,0.0,0,0,0,0,0
0,0,,,,,,ground_truth,2.9738937428192003e-06,0.0,btxrd-heuristic-001141,IMG001915.jpeg,0.0,0,320,masks/IMG001915.png,14bf4fc16d7e9f17cb073a83ba89ab04bd4c22a2b6f80f25bf73a67ce7a0a340,0,320,0,known_image_label_normal,0,0,0.0,0,0,0,,,,val,empty_by_image_gate,0.0,0,0,0,0,0
0,0,,,,,,ground_truth,4.717238698503934e-05,0.0,btxrd-heuristic-001141,IMG001916.jpeg,0.0,0,320,masks/IMG001916.png,14bf4fc16d7e9f17cb073a83ba89ab04bd4c22a2b6f80f25bf73a67ce7a0a340,0,320,0,known_image_label_normal,0,0,0.0,0,0,0,,,,val,empty_by_image_gate,0.0,0,0,0,0,0
0,0,,,,,,ground_truth,3.439341185185185e-07,0.0,btxrd-heuristic-001141,IMG001917.jpeg,0.0,0,320,masks/IMG001917.png,14bf4fc16d7e9f17cb073a83ba89ab04bd4c22a2b6f80f25bf73a67ce7a0a340,0,320,0,known_image_label_normal,0,0,0.0,0,0,0,,,,val,empty_by_image_gate,0.0,0,0,0,0,0
0,0,,,,,,ground_truth,4.306944276777358e-07,0.0,btxrd-heuristic-001141,IMG001918.jpeg,0.0,0,320,masks/IMG001918.png,14bf4fc16d7e9f17cb073a83ba89ab04bd4c22a2b6f80f25bf73a67ce7a0a340,0,320,0,known_image_label_normal,0,0,0.0,0,0,0,,,,val,empty_by_image_gate,0.0,0,0,0,0,0
0,0,,,,,,ground_truth,0.005777799990028143,0.0,btxrd-heuristic-001145,IMG001932.jpeg,0.0,0,320,masks/IMG001932.png,14bf4fc16d7e9f17cb073a83ba89ab04bd4c22a2b6f80f25bf73a67ce7a0a340,0,320,0,known_image_label_normal,0,0,0.0,0,0,0,,,,val,empty_by_image_gate,0.0,0,0,0,0,0
0,0,,,,,,ground_truth,9.89325599221047e-06,0.0,btxrd-heuristic-001145,IMG001933.jpeg,0.0,0,320,masks/IMG001933.png,14bf4fc16d7e9f17cb073a83ba89ab04bd4c22a2b6f80f25bf73a67ce7a0a340,0,320,0,known_image_label_normal,0,0,0.0,0,0,0,,,,val,empty_by_image_gate,0.0,0,0,0,0,0
0,0,,,,,,ground_truth,1.3189021046855487e-05,0.0,btxrd-heuristic-001145,IMG001934.jpeg,0.0,0,320,masks/IMG001934.png,14bf4fc16d7e9f17cb073a83ba89ab04bd4c22a2b6f80f25bf73a67ce7a0a340,0,320,0,known_image_label_normal,0,0,0.0,0,0,0,,,,val,empty_by_image_gate,0.0,0,0,0,0,0
0,0,,,,,,ground_truth,3.7514935684157535e-05,0.0,btxrd-heuristic-001147,IMG001937.jpeg,0.0,0,320,masks/IMG001937.png,14bf4fc16d7e9f17cb073a83ba89ab04bd4c22a2b6f80f25bf73a67ce7a0a340,0,320,0,known_image_label_normal,0,0,0.0,0,0,0,,,,val,empty_by_image_gate,0.0,0,0,0,0,0
0,0,,,,,,ground_truth,0.9558295607566833,0.0,btxrd-heuristic-001148,IMG001938.jpeg,0.0,0,320,masks/IMG001938.png,14bf4fc16d7e9f17cb073a83ba89ab04bd4c22a2b6f80f25bf73a67ce7a0a340,0,320,0,known_image_label_normal,0,0,0.0,0,0,0,,,,val,empty_by_image_gate,0.0,0,0,0,0,0
0,0,,,,,,ground_truth,0.005649687722325325,0.0,btxrd-heuristic-001148,IMG001939.jpeg,0.0,0,320,masks/IMG001939.png,14bf4fc16d7e9f17cb073a83ba89ab04bd4c22a2b6f80f25bf73a67ce7a0a340,0,320,0,known_image_label_normal,0,0,0.0,0,0,0,,,,val,empty_by_image_gate,0.0,0,0,0,0,0
0,0,,,,,,ground_truth,0.01266248058527708,0.0,btxrd-heuristic-001148,IMG001940.jpeg,0.0,0,320,masks/IMG001940.png,14bf4fc16d7e9f17cb073a83ba89ab04bd4c22a2b6f80f25bf73a67ce7a0a340,0,320,0,known_image_label_normal,0,0,0.0,0,0,0,,,,val,empty_by_image_gate,0.0,0,0,0,0,0
0,0,,,,,,ground_truth,2.2221800463739783e-05,0.0,btxrd-heuristic-001149,IMG001941.jpeg,0.0,0,320,masks/IMG001941.png,14bf4fc16d7e9f17cb073a83ba89ab04bd4c22a2b6f80f25bf73a67ce7a0a340,0,320,0,known_image_label_normal,0,0,0.0,0,0,0,,,,val,empty_by_image_gate,0.0,0,0,0,0,0
0,0,,,,,,ground_truth,0.00016183426487259567,0.0,btxrd-heuristic-001149,IMG001942.jpeg,0.0,0,320,masks/IMG001942.png,14bf4fc16d7e9f17cb073a83ba89ab04bd4c22a2b6f80f25bf73a67ce7a0a340,0,320,0,known_image_label_normal,0,0,0.0,0,0,0,,,,val,empty_by_image_gate,0.0,0,0,0,0,0
0,0,,,,,,ground_truth,0.00012319072266109288,0.0,btxrd-heuristic-001152,IMG001959.jpeg,0.0,0,320,masks/IMG001959.png,14bf4fc16d7e9f17cb073a83ba89ab04bd4c22a2b6f80f25bf73a67ce7a0a340,0,320,0,known_image_label_normal,0,0,0.0,0,0,0,,,,val,empty_by_image_gate,0.0,0,0,0,0,0
0,0,,,,,,ground_truth,0.0009317375952377915,0.0,btxrd-heuristic-001162,IMG002005.jpeg,0.0,0,320,masks/IMG002005.png,14bf4fc16d7e9f17cb073a83ba89ab04bd4c22a2b6f80f25bf73a67ce7a0a340,0,320,0,known_image_label_normal,0,0,0.0,0,0,0,,,,val,empty_by_image_gate,0.0,0,0,0,0,0
0,0,,,,,,ground_truth,9.65208382694982e-05,0.0,btxrd-heuristic-001162,IMG002006.jpeg,0.0,0,320,masks/IMG002006.png,14bf4fc16d7e9f17cb073a83ba89ab04bd4c22a2b6f80f25bf73a67ce7a0a340,0,320,0,known_image_label_normal,0,0,0.0,0,0,0,,,,val,empty_by_image_gate,0.0,0,0,0,0,0
0,0,,,,,,ground_truth,0.9974040389060974,0.0,btxrd-heuristic-001162,IMG002007.jpeg,0.0,0,320,masks/IMG002007.png,14bf4fc16d7e9f17cb073a83ba89ab04bd4c22a2b6f80f25bf73a67ce7a0a340,0,320,0,known_image_label_normal,0,0,0.0,0,0,0,,,,val,empty_by_image_gate,0.0,0,0,0,0,0
0,0,,,,,,ground_truth,0.8028103113174438,0.0,btxrd-heuristic-001168,IMG002030.jpeg,0.0,0,320,masks/IMG002030.png,14bf4fc16d7e9f17cb073a83ba89ab04bd4c22a2b6f80f25bf73a67ce7a0a340,0,320,0,known_image_label_normal,0,0,0.0,0,0,0,,,,val,empty_by_image_gate,0.0,0,0,0,0,0
0,0,,,,,,ground_truth,6.837473165433039e-08,0.0,btxrd-heuristic-001170,IMG002035.jpeg,0.0,0,320,masks/IMG002035.png,14bf4fc16d7e9f17cb073a83ba89ab04bd4c22a2b6f80f25bf73a67ce7a0a340,0,320,0,known_image_label_normal,0,0,0.0,0,0,0,,,,val,empty_by_image_gate,0.0,0,0,0,0,0
0,0,,,,,,ground_truth,0.00020352320279926062,0.0,btxrd-heuristic-001171,IMG002036.jpeg,0.0,0,320,masks/IMG002036.png,14bf4fc16d7e9f17cb073a83ba89ab04bd4c22a2b6f80f25bf73a67ce7a0a340,0,320,0,known_image_label_normal,0,0,0.0,0,0,0,,,,val,empty_by_image_gate,0.0,0,0,0,0,0
0,0,,,,,,ground_truth,0.0019164389232173562,0.0,btxrd-heuristic-001179,IMG002073.jpeg,0.0,0,320,masks/IMG002073.png,14bf4fc16d7e9f17cb073a83ba89ab04bd4c22a2b6f80f25bf73a67ce7a0a340,0,320,0,known_image_label_normal,0,0,0.0,0,0,0,,,,val,empty_by_image_gate,0.0,0,0,0,0,0
0,0,,,,,,ground_truth,0.00013890513218939304,0.0,btxrd-heuristic-001179,IMG002074.jpeg,0.0,0,320,masks/IMG002074.png,14bf4fc16d7e9f17cb073a83ba89ab04bd4c22a2b6f80f25bf73a67ce7a0a340,0,320,0,known_image_label_normal,0,0,0.0,0,0,0,,,,val,empty_by_image_gate,0.0,0,0,0,0,0
0,0,,,,,,ground_truth,4.9033893446903676e-05,0.0,btxrd-heuristic-001179,IMG002075.jpeg,0.0,0,320,masks/IMG002075.png,14bf4fc16d7e9f17cb073a83ba89ab04bd4c22a2b6f80f25bf73a67ce7a0a340,0,320,0,known_image_label_normal,0,0,0.0,0,0,0,,,,val,empty_by_image_gate,0.0,0,0,0,0,0
0,0,,,,,,ground_truth,2.000265567403403e-06,0.0,btxrd-heuristic-001179,IMG002076.jpeg,0.0,0,320,masks/IMG002076.png,14bf4fc16d7e9f17cb073a83ba89ab04bd4c22a2b6f80f25bf73a67ce7a0a340,0,320,0,known_image_label_normal,0,0,0.0,0,0,0,,,,val,empty_by_image_gate,0.0,0,0,0,0,0
0,0,,,,,,ground_truth,0.00017890287563204765,0.0,btxrd-heuristic-001181,IMG002078.jpeg,0.0,0,320,masks/IMG002078.png,14bf4fc16d7e9f17cb073a83ba89ab04bd4c22a2b6f80f25bf73a67ce7a0a340,0,320,0,known_image_label_normal,0,0,0.0,0,0,0,,,,val,empty_by_image_gate,0.0,0,0,0,0,0
0,0,,,,,,ground_truth,0.00012709574366454035,0.0,btxrd-heuristic-001181,IMG002079.jpeg,0.0,0,320,masks/IMG002079.png,14bf4fc16d7e9f17cb073a83ba89ab04bd4c22a2b6f80f25bf73a67ce7a0a340,0,320,0,known_image_label_normal,0,0,0.0,0,0,0,,,,val,empty_by_image_gate,0.0,0,0,0,0,0
0,0,,,,,,ground_truth,0.00033326385891996324,0.0,btxrd-heuristic-001181,IMG002080.jpeg,0.0,0,320,masks/IMG002080.png,14bf4fc16d7e9f17cb073a83ba89ab04bd4c22a2b6f80f25bf73a67ce7a0a340,0,320,0,known_image_label_normal,0,0,0.0,0,0,0,,,,val,empty_by_image_gate,0.0,0,0,0,0,0
0,0,,,,,,ground_truth,7.524343800469069e-06,0.0,btxrd-heuristic-001186,IMG002099.jpeg,0.0,0,320,masks/IMG002099.png,14bf4fc16d7e9f17cb073a83ba89ab04bd4c22a2b6f80f25bf73a67ce7a0a340,0,320,0,known_image_label_normal,0,0,0.0,0,0,0,,,,val,empty_by_image_gate,0.0,0,0,0,0,0
0,0,,,,,,ground_truth,1.5520744511832163e-07,0.0,btxrd-heuristic-001186,IMG002100.jpeg,0.0,0,320,masks/IMG002100.png,14bf4fc16d7e9f17cb073a83ba89ab04bd4c22a2b6f80f25bf73a67ce7a0a340,0,320,0,known_image_label_normal,0,0,0.0,0,0,0,,,,val,empty_by_image_gate,0.0,0,0,0,0,0
0,0,,,,,,ground_truth,2.6802558750205208e-06,0.0,btxrd-heuristic-001186,IMG002101.jpeg,0.0,0,320,masks/IMG002101.png,14bf4fc16d7e9f17cb073a83ba89ab04bd4c22a2b6f80f25bf73a67ce7a0a340,0,320,0,known_image_label_normal,0,0,0.0,0,0,0,,,,val,empty_by_image_gate,0.0,0,0,0,0,0
0,0,,,,,,ground_truth,0.0009696262422949076,0.0,btxrd-heuristic-001188,IMG002107.jpeg,0.0,0,320,masks/IMG002107.png,14bf4fc16d7e9f17cb073a83ba89ab04bd4c22a2b6f80f25bf73a67ce7a0a340,0,320,0,known_image_label_normal,0,0,0.0,0,0,0,,,,val,empty_by_image_gate,0.0,0,0,0,0,0
0,0,,,,,,ground_truth,0.0015834573423489928,0.0,btxrd-heuristic-001188,IMG002108.jpeg,0.0,0,320,masks/IMG002108.png,14bf4fc16d7e9f17cb073a83ba89ab04bd4c22a2b6f80f25bf73a67ce7a0a340,0,320,0,known_image_label_normal,0,0,0.0,0,0,0,,,,val,empty_by_image_gate,0.0,0,0,0,0,0
0,0,,,,,,ground_truth,1.464901833969634e-05,0.0,btxrd-heuristic-001189,IMG002109.jpeg,0.0,0,320,masks/IMG002109.png,14bf4fc16d7e9f17cb073a83ba89ab04bd4c22a2b6f80f25bf73a67ce7a0a340,0,320,0,known_image_label_normal,0,0,0.0,0,0,0,,,,val,empty_by_image_gate,0.0,0,0,0,0,0
0,0,,,,,,ground_truth,1.3323417533683823e-06,0.0,btxrd-heuristic-001189,IMG002110.jpeg,0.0,0,320,masks/IMG002110.png,14bf4fc16d7e9f17cb073a83ba89ab04bd4c22a2b6f80f25bf73a67ce7a0a340,0,320,0,known_image_label_normal,0,0,0.0,0,0,0,,,,val,empty_by_image_gate,0.0,0,0,0,0,0
0,0,,,,,,ground_truth,6.792459316784516e-06,0.0,btxrd-heuristic-001191,IMG002117.jpeg,0.0,0,320,masks/IMG002117.png,14bf4fc16d7e9f17cb073a83ba89ab04bd4c22a2b6f80f25bf73a67ce7a0a340,0,320,0,known_image_label_normal,0,0,0.0,0,0,0,,,,val,empty_by_image_gate,0.0,0,0,0,0,0
0,0,,,,,,ground_truth,4.903902208752697e-06,0.0,btxrd-heuristic-001191,IMG002118.jpeg,0.0,0,320,masks/IMG002118.png,14bf4fc16d7e9f17cb073a83ba89ab04bd4c22a2b6f80f25bf73a67ce7a0a340,0,320,0,known_image_label_normal,0,0,0.0,0,0,0,,,,val,empty_by_image_gate,0.0,0,0,0,0,0
0,0,,,,,,ground_truth,0.0007554386975243688,0.0,btxrd-heuristic-001191,IMG002119.jpeg,0.0,0,320,masks/IMG002119.png,14bf4fc16d7e9f17cb073a83ba89ab04bd4c22a2b6f80f25bf73a67ce7a0a340,0,320,0,known_image_label_normal,0,0,0.0,0,0,0,,,,val,empty_by_image_gate,0.0,0,0,0,0,0
0,0,,,,,,ground_truth,8.932744094636291e-05,0.0,btxrd-heuristic-001191,IMG002120.jpeg,0.0,0,320,masks/IMG002120.png,14bf4fc16d7e9f17cb073a83ba89ab04bd4c22a2b6f80f25bf73a67ce7a0a340,0,320,0,known_image_label_normal,0,0,0.0,0,0,0,,,,val,empty_by_image_gate,0.0,0,0,0,0,0
0,0,,,,,,ground_truth,0.015554904006421566,0.0,btxrd-heuristic-001193,IMG002125.jpeg,0.0,0,320,masks/IMG002125.png,14bf4fc16d7e9f17cb073a83ba89ab04bd4c22a2b6f80f25bf73a67ce7a0a340,0,320,0,known_image_label_normal,0,0,0.0,0,0,0,,,,val,empty_by_image_gate,0.0,0,0,0,0,0
0,0,,,,,,ground_truth,6.684956315439194e-05,0.0,btxrd-heuristic-001193,IMG002126.jpeg,0.0,0,320,masks/IMG002126.png,14bf4fc16d7e9f17cb073a83ba89ab04bd4c22a2b6f80f25bf73a67ce7a0a340,0,320,0,known_image_label_normal,0,0,0.0,0,0,0,,,,val,empty_by_image_gate,0.0,0,0,0,0,0
0,0,,,,,,ground_truth,0.00020388078701216727,0.0,btxrd-heuristic-001193,IMG002127.jpeg,0.0,0,320,masks/IMG002127.png,14bf4fc16d7e9f17cb073a83ba89ab04bd4c22a2b6f80f25bf73a67ce7a0a340,0,320,0,known_image_label_normal,0,0,0.0,0,0,0,,,,val,empty_by_image_gate,0.0,0,0,0,0,0
0,0,,,,,,ground_truth,0.005893096327781677,0.0,btxrd-heuristic-001195,IMG002130.jpeg,0.0,0,320,masks/IMG002130.png,14bf4fc16d7e9f17cb073a83ba89ab04bd4c22a2b6f80f25bf73a67ce7a0a340,0,320,0,known_image_label_normal,0,0,0.0,0,0,0,,,,val,empty_by_image_gate,0.0,0,0,0,0,0
0,0,,,,,,ground_truth,0.3905332088470459,0.0,btxrd-heuristic-001195,IMG002131.jpeg,0.0,0,320,masks/IMG002131.png,14bf4fc16d7e9f17cb073a83ba89ab04bd4c22a2b6f80f25bf73a67ce7a0a340,0,320,0,known_image_label_normal,0,0,0.0,0,0,0,,,,val,empty_by_image_gate,0.0,0,0,0,0,0
0,0,,,,,,ground_truth,1.6443169442936778e-05,0.0,btxrd-heuristic-001195,IMG002132.jpeg,0.0,0,320,masks/IMG002132.png,14bf4fc16d7e9f17cb073a83ba89ab04bd4c22a2b6f80f25bf73a67ce7a0a340,0,320,0,known_image_label_normal,0,0,0.0,0,0,0,,,,val,empty_by_image_gate,0.0,0,0,0,0,0
0,0,,,,,,ground_truth,0.0030295413453131914,0.0,btxrd-heuristic-001195,IMG002133.jpeg,0.0,0,320,masks/IMG002133.png,14bf4fc16d7e9f17cb073a83ba89ab04bd4c22a2b6f80f25bf73a67ce7a0a340,0,320,0,known_image_label_normal,0,0,0.0,0,0,0,,,,val,empty_by_image_gate,0.0,0,0,0,0,0
0,0,,,,,,ground_truth,3.4403594327159226e-05,0.0,btxrd-heuristic-001201,IMG002174.jpeg,0.0,0,320,masks/IMG002174.png,14bf4fc16d7e9f17cb073a83ba89ab04bd4c22a2b6f80f25bf73a67ce7a0a340,0,320,0,known_image_label_normal,0,0,0.0,0,0,0,,,,val,empty_by_image_gate,0.0,0,0,0,0,0
0,0,,,,,,ground_truth,0.0006491878884844482,0.0,btxrd-heuristic-001203,IMG002180.jpeg,0.0,0,320,masks/IMG002180.png,14bf4fc16d7e9f17cb073a83ba89ab04bd4c22a2b6f80f25bf73a67ce7a0a340,0,320,0,known_image_label_normal,0,0,0.0,0,0,0,,,,val,empty_by_image_gate,0.0,0,0,0,0,0
0,0,,,,,,ground_truth,0.021287953481078148,0.0,btxrd-heuristic-001203,IMG002181.jpeg,0.0,0,320,masks/IMG002181.png,14bf4fc16d7e9f17cb073a83ba89ab04bd4c22a2b6f80f25bf73a67ce7a0a340,0,320,0,known_image_label_normal,0,0,0.0,0,0,0,,,,val,empty_by_image_gate,0.0,0,0,0,0,0
0,0,,,,,,ground_truth,0.0004034994635730982,0.0,btxrd-heuristic-001206,IMG002190.jpeg,0.0,0,320,masks/IMG002190.png,14bf4fc16d7e9f17cb073a83ba89ab04bd4c22a2b6f80f25bf73a67ce7a0a340,0,320,0,known_image_label_normal,0,0,0.0,0,0,0,,,,val,empty_by_image_gate,0.0,0,0,0,0,0
0,0,,,,,,ground_truth,8.000488014658913e-05,0.0,btxrd-heuristic-001219,IMG002267.jpeg,0.0,0,320,masks/IMG002267.png,14bf4fc16d7e9f17cb073a83ba89ab04bd4c22a2b6f80f25bf73a67ce7a0a340,0,320,0,known_image_label_normal,0,0,0.0,0,0,0,,,,val,empty_by_image_gate,0.0,0,0,0,0,0
0,0,,,,,,ground_truth,0.983849287033081,0.0,btxrd-heuristic-001219,IMG002268.jpeg,0.0,0,320,masks/IMG002268.png,14bf4fc16d7e9f17cb073a83ba89ab04bd4c22a2b6f80f25bf73a67ce7a0a340,0,320,0,known_image_label_normal,0,0,0.0,0,0,0,,,,val,empty_by_image_gate,0.0,0,0,0,0,0
0,0,,,,,,ground_truth,6.259638030314818e-05,0.0,btxrd-heuristic-001219,IMG002269.jpeg,0.0,0,320,masks/IMG002269.png,14bf4fc16d7e9f17cb073a83ba89ab04bd4c22a2b6f80f25bf73a67ce7a0a340,0,320,0,known_image_label_normal,0,0,0.0,0,0,0,,,,val,empty_by_image_gate,0.0,0,0,0,0,0
0,0,,,,,,ground_truth,0.14433835446834564,0.0,btxrd-heuristic-001219,IMG002270.jpeg,0.0,0,320,masks/IMG002270.png,14bf4fc16d7e9f17cb073a83ba89ab04bd4c22a2b6f80f25bf73a67ce7a0a340,0,320,0,known_image_label_normal,0,0,0.0,0,0,0,,,,val,empty_by_image_gate,0.0,0,0,0,0,0
0,0,,,,,,ground_truth,0.0008814255706965923,0.0,btxrd-heuristic-001220,IMG002271.jpeg,0.0,0,320,masks/IMG002271.png,14bf4fc16d7e9f17cb073a83ba89ab04bd4c22a2b6f80f25bf73a67ce7a0a340,0,320,0,known_image_label_normal,0,0,0.0,0,0,0,,,,val,empty_by_image_gate,0.0,0,0,0,0,0
0,0,,,,,,ground_truth,2.4751967430347577e-05,0.0,btxrd-heuristic-001220,IMG002272.jpeg,0.0,0,320,masks/IMG002272.png,14bf4fc16d7e9f17cb073a83ba89ab04bd4c22a2b6f80f25bf73a67ce7a0a340,0,320,0,known_image_label_normal,0,0,0.0,0,0,0,,,,val,empty_by_image_gate,0.0,0,0,0,0,0
0,0,,,,,,ground_truth,7.395286957034841e-05,0.0,btxrd-heuristic-001220,IMG002273.jpeg,0.0,0,320,masks/IMG002273.png,14bf4fc16d7e9f17cb073a83ba89ab04bd4c22a2b6f80f25bf73a67ce7a0a340,0,320,0,known_image_label_normal,0,0,0.0,0,0,0,,,,val,empty_by_image_gate,0.0,0,0,0,0,0
0,0,,,,,,ground_truth,0.0003634999447967857,0.0,btxrd-heuristic-001220,IMG002274.jpeg,0.0,0,320,masks/IMG002274.png,14bf4fc16d7e9f17cb073a83ba89ab04bd4c22a2b6f80f25bf73a67ce7a0a340,0,320,0,known_image_label_normal,0,0,0.0,0,0,0,,,,val,empty_by_image_gate,0.0,0,0,0,0,0
0,0,,,,,,ground_truth,1.0418522151667275e-06,0.0,btxrd-heuristic-001229,IMG002345.jpeg,0.0,0,320,masks/IMG002345.png,14bf4fc16d7e9f17cb073a83ba89ab04bd4c22a2b6f80f25bf73a67ce7a0a340,0,320,0,known_image_label_normal,0,0,0.0,0,0,0,,,,val,empty_by_image_gate,0.0,0,0,0,0,0
0,0,,,,,,ground_truth,5.111466634843964e-06,0.0,btxrd-heuristic-001229,IMG002346.jpeg,0.0,0,320,masks/IMG002346.png,14bf4fc16d7e9f17cb073a83ba89ab04bd4c22a2b6f80f25bf73a67ce7a0a340,0,320,0,known_image_label_normal,0,0,0.0,0,0,0,,,,val,empty_by_image_gate,0.0,0,0,0,0,0
0,0,,,,,,ground_truth,6.428300548577681e-05,0.0,btxrd-heuristic-001229,IMG002347.jpeg,0.0,0,320,masks/IMG002347.png,14bf4fc16d7e9f17cb073a83ba89ab04bd4c22a2b6f80f25bf73a67ce7a0a340,0,320,0,known_image_label_normal,0,0,0.0,0,0,0,,,,val,empty_by_image_gate,0.0,0,0,0,0,0
0,0,,,,,,ground_truth,0.009724760428071022,0.0,btxrd-heuristic-001229,IMG002348.jpeg,0.0,0,320,masks/IMG002348.png,14bf4fc16d7e9f17cb073a83ba89ab04bd4c22a2b6f80f25bf73a67ce7a0a340,0,320,0,known_image_label_normal,0,0,0.0,0,0,0,,,,val,empty_by_image_gate,0.0,0,0,0,0,0
0,0,,,,,,ground_truth,0.010441400110721588,0.0,btxrd-heuristic-001232,IMG002364.jpeg,0.0,0,320,masks/IMG002364.png,14bf4fc16d7e9f17cb073a83ba89ab04bd4c22a2b6f80f25bf73a67ce7a0a340,0,320,0,known_image_label_normal,0,0,0.0,0,0,0,,,,val,empty_by_image_gate,0.0,0,0,0,0,0
0,0,,,,,,ground_truth,0.010716831311583519,0.0,btxrd-heuristic-001232,IMG002365.jpeg,0.0,0,320,masks/IMG002365.png,14bf4fc16d7e9f17cb073a83ba89ab04bd4c22a2b6f80f25bf73a67ce7a0a340,0,320,0,known_image_label_normal,0,0,0.0,0,0,0,,,,val,empty_by_image_gate,0.0,0,0,0,0,0
0,0,,,,,,ground_truth,2.6835892640519887e-05,0.0,btxrd-heuristic-001232,IMG002366.jpeg,0.0,0,320,masks/IMG002366.png,14bf4fc16d7e9f17cb073a83ba89ab04bd4c22a2b6f80f25bf73a67ce7a0a340,0,320,0,known_image_label_normal,0,0,0.0,0,0,0,,,,val,empty_by_image_gate,0.0,0,0,0,0,0
0,0,,,,,,ground_truth,0.987165629863739,0.0,btxrd-heuristic-001233,IMG002367.jpeg,0.0,0,320,masks/IMG002367.png,14bf4fc16d7e9f17cb073a83ba89ab04bd4c22a2b6f80f25bf73a67ce7a0a340,0,320,0,known_image_label_normal,0,0,0.0,0,0,0,,,,val,empty_by_image_gate,0.0,0,0,0,0,0
0,0,,,,,,ground_truth,0.00042582509922795,0.0,btxrd-heuristic-001233,IMG002368.jpeg,0.0,0,320,masks/IMG002368.png,14bf4fc16d7e9f17cb073a83ba89ab04bd4c22a2b6f80f25bf73a67ce7a0a340,0,320,0,known_image_label_normal,0,0,0.0,0,0,0,,,,val,empty_by_image_gate,0.0,0,0,0,0,0
0,0,,,,,,ground_truth,0.0003333839413244277,0.0,btxrd-heuristic-001245,IMG002447.jpeg,0.0,0,320,masks/IMG002447.png,14bf4fc16d7e9f17cb073a83ba89ab04bd4c22a2b6f80f25bf73a67ce7a0a340,0,320,0,known_image_label_normal,0,0,0.0,0,0,0,,,,val,empty_by_image_gate,0.0,0,0,0,0,0
0,0,,,,,,ground_truth,0.001137866172939539,0.0,btxrd-heuristic-001245,IMG002448.jpeg,0.0,0,320,masks/IMG002448.png,14bf4fc16d7e9f17cb073a83ba89ab04bd4c22a2b6f80f25bf73a67ce7a0a340,0,320,0,known_image_label_normal,0,0,0.0,0,0,0,,,,val,empty_by_image_gate,0.0,0,0,0,0,0
0,0,,,,,,ground_truth,0.8804441094398499,0.0,btxrd-heuristic-001245,IMG002449.jpeg,0.0,0,320,masks/IMG002449.png,14bf4fc16d7e9f17cb073a83ba89ab04bd4c22a2b6f80f25bf73a67ce7a0a340,0,320,0,known_image_label_normal,0,0,0.0,0,0,0,,,,val,empty_by_image_gate,0.0,0,0,0,0,0
0,0,,,,,,ground_truth,2.4430872144876048e-05,0.0,btxrd-heuristic-001246,IMG002450.jpeg,0.0,0,320,masks/IMG002450.png,14bf4fc16d7e9f17cb073a83ba89ab04bd4c22a2b6f80f25bf73a67ce7a0a340,0,320,0,known_image_label_normal,0,0,0.0,0,0,0,,,,val,empty_by_image_gate,0.0,0,0,0,0,0
0,0,,,,,,ground_truth,8.33343219710514e-05,0.0,btxrd-heuristic-001246,IMG002451.jpeg,0.0,0,320,masks/IMG002451.png,14bf4fc16d7e9f17cb073a83ba89ab04bd4c22a2b6f80f25bf73a67ce7a0a340,0,320,0,known_image_label_normal,0,0,0.0,0,0,0,,,,val,empty_by_image_gate,0.0,0,0,0,0,0
0,0,,,,,,ground_truth,3.434006794122979e-05,0.0,btxrd-heuristic-001246,IMG002452.jpeg,0.0,0,320,masks/IMG002452.png,14bf4fc16d7e9f17cb073a83ba89ab04bd4c22a2b6f80f25bf73a67ce7a0a340,0,320,0,known_image_label_normal,0,0,0.0,0,0,0,,,,val,empty_by_image_gate,0.0,0,0,0,0,0
0,0,,,,,,ground_truth,3.2210853532887995e-05,0.0,btxrd-heuristic-001246,IMG002453.jpeg,0.0,0,320,masks/IMG002453.png,14bf4fc16d7e9f17cb073a83ba89ab04bd4c22a2b6f80f25bf73a67ce7a0a340,0,320,0,known_image_label_normal,0,0,0.0,0,0,0,,,,val,empty_by_image_gate,0.0,0,0,0,0,0
0,0,,,,,,ground_truth,0.000369100394891575,0.0,btxrd-heuristic-001261,IMG002592.jpeg,0.0,0,320,masks/IMG002592.png,14bf4fc16d7e9f17cb073a83ba89ab04bd4c22a2b6f80f25bf73a67ce7a0a340,0,320,0,known_image_label_normal,0,0,0.0,0,0,0,,,,val,empty_by_image_gate,0.0,0,0,0,0,0
0,0,,,,,,ground_truth,5.037507798988372e-05,0.0,btxrd-heuristic-001261,IMG002593.jpeg,0.0,0,320,masks/IMG002593.png,14bf4fc16d7e9f17cb073a83ba89ab04bd4c22a2b6f80f25bf73a67ce7a0a340,0,320,0,known_image_label_normal,0,0,0.0,0,0,0,,,,val,empty_by_image_gate,0.0,0,0,0,0,0
0,0,,,,,,ground_truth,0.00032714082044549286,0.0,btxrd-heuristic-001261,IMG002594.jpeg,0.0,0,320,masks/IMG002594.png,14bf4fc16d7e9f17cb073a83ba89ab04bd4c22a2b6f80f25bf73a67ce7a0a340,0,320,0,known_image_label_normal,0,0,0.0,0,0,0,,,,val,empty_by_image_gate,0.0,0,0,0,0,0
0,0,,,,,,ground_truth,7.846452353987843e-05,0.0,btxrd-heuristic-001261,IMG002595.jpeg,0.0,0,320,masks/IMG002595.png,14bf4fc16d7e9f17cb073a83ba89ab04bd4c22a2b6f80f25bf73a67ce7a0a340,0,320,0,known_image_label_normal,0,0,0.0,0,0,0,,,,val,empty_by_image_gate,0.0,0,0,0,0,0
0,0,,,,,,ground_truth,5.937004971201532e-06,0.0,btxrd-heuristic-001271,IMG002704.jpeg,0.0,0,320,masks/IMG002704.png,14bf4fc16d7e9f17cb073a83ba89ab04bd4c22a2b6f80f25bf73a67ce7a0a340,0,320,0,known_image_label_normal,0,0,0.0,0,0,0,,,,val,empty_by_image_gate,0.0,0,0,0,0,0
0,0,,,,,,ground_truth,0.00031021126778796315,0.0,btxrd-heuristic-001271,IMG002705.jpeg,0.0,0,320,masks/IMG002705.png,14bf4fc16d7e9f17cb073a83ba89ab04bd4c22a2b6f80f25bf73a67ce7a0a340,0,320,0,known_image_label_normal,0,0,0.0,0,0,0,,,,val,empty_by_image_gate,0.0,0,0,0,0,0
0,0,,,,,,ground_truth,0.0014559264527633786,0.0,btxrd-heuristic-001275,IMG002728.jpeg,0.0,0,320,masks/IMG002728.png,14bf4fc16d7e9f17cb073a83ba89ab04bd4c22a2b6f80f25bf73a67ce7a0a340,0,320,0,known_image_label_normal,0,0,0.0,0,0,0,,,,val,empty_by_image_gate,0.0,0,0,0,0,0
0,0,,,,,,ground_truth,8.357888873433694e-05,0.0,btxrd-heuristic-001275,IMG002729.jpeg,0.0,0,320,masks/IMG002729.png,14bf4fc16d7e9f17cb073a83ba89ab04bd4c22a2b6f80f25bf73a67ce7a0a340,0,320,0,known_image_label_normal,0,0,0.0,0,0,0,,,,val,empty_by_image_gate,0.0,0,0,0,0,0
0,0,,,,,,ground_truth,0.00030544327455572784,0.0,btxrd-heuristic-001286,IMG002836.jpeg,0.0,0,320,masks/IMG002836.png,14bf4fc16d7e9f17cb073a83ba89ab04bd4c22a2b6f80f25bf73a67ce7a0a340,0,320,0,known_image_label_normal,0,0,0.0,0,0,0,,,,val,empty_by_image_gate,0.0,0,0,0,0,0
0,0,,,,,,ground_truth,0.6030646562576294,0.0,btxrd-heuristic-001286,IMG002837.jpeg,0.0,0,320,masks/IMG002837.png,14bf4fc16d7e9f17cb073a83ba89ab04bd4c22a2b6f80f25bf73a67ce7a0a340,0,320,0,known_image_label_normal,0,0,0.0,0,0,0,,,,val,empty_by_image_gate,0.0,0,0,0,0,0
0,0,,,,,,ground_truth,9.01391395018436e-05,0.0,btxrd-heuristic-001286,IMG002838.jpeg,0.0,0,320,masks/IMG002838.png,14bf4fc16d7e9f17cb073a83ba89ab04bd4c22a2b6f80f25bf73a67ce7a0a340,0,320,0,known_image_label_normal,0,0,0.0,0,0,0,,,,val,empty_by_image_gate,0.0,0,0,0,0,0
0,0,,,,,,ground_truth,0.042848337441682816,0.0,btxrd-heuristic-001286,IMG002839.jpeg,0.0,0,320,masks/IMG002839.png,14bf4fc16d7e9f17cb073a83ba89ab04bd4c22a2b6f80f25bf73a67ce7a0a340,0,320,0,known_image_label_normal,0,0,0.0,0,0,0,,,,val,empty_by_image_gate,0.0,0,0,0,0,0
0,0,,,,,,ground_truth,2.030264658969827e-05,0.0,btxrd-heuristic-001292,IMG002894.jpeg,0.0,0,320,masks/IMG002894.png,14bf4fc16d7e9f17cb073a83ba89ab04bd4c22a2b6f80f25bf73a67ce7a0a340,0,320,0,known_image_label_normal,0,0,0.0,0,0,0,,,,val,empty_by_image_gate,0.0,0,0,0,0,0
0,0,,,,,,ground_truth,0.0001647123135626316,0.0,btxrd-heuristic-001292,IMG002895.jpeg,0.0,0,320,masks/IMG002895.png,14bf4fc16d7e9f17cb073a83ba89ab04bd4c22a2b6f80f25bf73a67ce7a0a340,0,320,0,known_image_label_normal,0,0,0.0,0,0,0,,,,val,empty_by_image_gate,0.0,0,0,0,0,0
0,0,,,,,,ground_truth,3.646622280939482e-05,0.0,btxrd-heuristic-001292,IMG002896.jpeg,0.0,0,320,masks/IMG002896.png,14bf4fc16d7e9f17cb073a83ba89ab04bd4c22a2b6f80f25bf73a67ce7a0a340,0,320,0,known_image_label_normal,0,0,0.0,0,0,0,,,,val,empty_by_image_gate,0.0,0,0,0,0,0
0,0,,,,,,ground_truth,6.994843715801835e-05,0.0,btxrd-heuristic-001292,IMG002897.jpeg,0.0,0,320,masks/IMG002897.png,14bf4fc16d7e9f17cb073a83ba89ab04bd4c22a2b6f80f25bf73a67ce7a0a340,0,320,0,known_image_label_normal,0,0,0.0,0,0,0,,,,val,empty_by_image_gate,0.0,0,0,0,0,0
0,0,,,,,,ground_truth,3.3704209272400476e-06,0.0,btxrd-heuristic-001296,IMG002932.jpeg,0.0,0,320,masks/IMG002932.png,14bf4fc16d7e9f17cb073a83ba89ab04bd4c22a2b6f80f25bf73a67ce7a0a340,0,320,0,known_image_label_normal,0,0,0.0,0,0,0,,,,val,empty_by_image_gate,0.0,0,0,0,0,0
0,0,,,,,,ground_truth,1.2233172128617298e-05,0.0,btxrd-heuristic-001296,IMG002933.jpeg,0.0,0,320,masks/IMG002933.png,14bf4fc16d7e9f17cb073a83ba89ab04bd4c22a2b6f80f25bf73a67ce7a0a340,0,320,0,known_image_label_normal,0,0,0.0,0,0,0,,,,val,empty_by_image_gate,0.0,0,0,0,0,0
0,0,,,,,,ground_truth,2.3714053440926364e-06,0.0,btxrd-heuristic-001320,IMG003119.jpeg,0.0,0,320,masks/IMG003119.png,14bf4fc16d7e9f17cb073a83ba89ab04bd4c22a2b6f80f25bf73a67ce7a0a340,0,320,0,known_image_label_normal,0,0,0.0,0,0,0,,,,val,empty_by_image_gate,0.0,0,0,0,0,0
0,0,,,,,,ground_truth,1.710869764792733e-05,0.0,btxrd-heuristic-001320,IMG003120.jpeg,0.0,0,320,masks/IMG003120.png,14bf4fc16d7e9f17cb073a83ba89ab04bd4c22a2b6f80f25bf73a67ce7a0a340,0,320,0,known_image_label_normal,0,0,0.0,0,0,0,,,,val,empty_by_image_gate,0.0,0,0,0,0,0
0,0,,,,,,ground_truth,4.123898634134093e-06,0.0,btxrd-heuristic-001331,IMG003162.jpeg,0.0,0,320,masks/IMG003162.png,14bf4fc16d7e9f17cb073a83ba89ab04bd4c22a2b6f80f25bf73a67ce7a0a340,0,320,0,known_image_label_normal,0,0,0.0,0,0,0,,,,val,empty_by_image_gate,0.0,0,0,0,0,0
0,0,,,,,,ground_truth,7.994463521754369e-05,0.0,btxrd-heuristic-001331,IMG003163.jpeg,0.0,0,320,masks/IMG003163.png,14bf4fc16d7e9f17cb073a83ba89ab04bd4c22a2b6f80f25bf73a67ce7a0a340,0,320,0,known_image_label_normal,0,0,0.0,0,0,0,,,,val,empty_by_image_gate,0.0,0,0,0,0,0
0,0,,,,,,ground_truth,2.1780344468425028e-05,0.0,btxrd-heuristic-001331,IMG003164.jpeg,0.0,0,320,masks/IMG003164.png,14bf4fc16d7e9f17cb073a83ba89ab04bd4c22a2b6f80f25bf73a67ce7a0a340,0,320,0,known_image_label_normal,0,0,0.0,0,0,0,,,,val,empty_by_image_gate,0.0,0,0,0,0,0
0,0,,,,,,ground_truth,0.0008436011848971248,0.0,btxrd-heuristic-001331,IMG003165.jpeg,0.0,0,320,masks/IMG003165.png,14bf4fc16d7e9f17cb073a83ba89ab04bd4c22a2b6f80f25bf73a67ce7a0a340,0,320,0,known_image_label_normal,0,0,0.0,0,0,0,,,,val,empty_by_image_gate,0.0,0,0,0,0,0
0,0,,,,,,ground_truth,0.001038882415741682,0.0,btxrd-heuristic-001337,IMG003202.jpeg,0.0,0,320,masks/IMG003202.png,14bf4fc16d7e9f17cb073a83ba89ab04bd4c22a2b6f80f25bf73a67ce7a0a340,0,320,0,known_image_label_normal,0,0,0.0,0,0,0,,,,val,empty_by_image_gate,0.0,0,0,0,0,0
0,0,,,,,,ground_truth,0.0013411234831437469,0.0,btxrd-heuristic-001337,IMG003203.jpeg,0.0,0,320,masks/IMG003203.png,14bf4fc16d7e9f17cb073a83ba89ab04bd4c22a2b6f80f25bf73a67ce7a0a340,0,320,0,known_image_label_normal,0,0,0.0,0,0,0,,,,val,empty_by_image_gate,0.0,0,0,0,0,0
0,0,,,,,,ground_truth,0.0003210769791621715,0.0,btxrd-heuristic-001337,IMG003204.jpeg,0.0,0,320,masks/IMG003204.png,14bf4fc16d7e9f17cb073a83ba89ab04bd4c22a2b6f80f25bf73a67ce7a0a340,0,320,0,known_image_label_normal,0,0,0.0,0,0,0,,,,val,empty_by_image_gate,0.0,0,0,0,0,0
0,0,,,,,,ground_truth,0.0008958435500971973,0.0,btxrd-heuristic-001347,IMG003234.jpeg,0.0,0,320,masks/IMG003234.png,14bf4fc16d7e9f17cb073a83ba89ab04bd4c22a2b6f80f25bf73a67ce7a0a340,0,320,0,known_image_label_normal,0,0,0.0,0,0,0,,,,val,empty_by_image_gate,0.0,0,0,0,0,0
0,0,,,,,,ground_truth,0.00022960563364904374,0.0,btxrd-heuristic-001347,IMG003235.jpeg,0.0,0,320,masks/IMG003235.png,14bf4fc16d7e9f17cb073a83ba89ab04bd4c22a2b6f80f25bf73a67ce7a0a340,0,320,0,known_image_label_normal,0,0,0.0,0,0,0,,,,val,empty_by_image_gate,0.0,0,0,0,0,0
0,0,,,,,,ground_truth,0.000514004030264914,0.0,btxrd-heuristic-001347,IMG003236.jpeg,0.0,0,320,masks/IMG003236.png,14bf4fc16d7e9f17cb073a83ba89ab04bd4c22a2b6f80f25bf73a67ce7a0a340,0,320,0,known_image_label_normal,0,0,0.0,0,0,0,,,,val,empty_by_image_gate,0.0,0,0,0,0,0
0,0,,,,,,ground_truth,0.00028088767430745065,0.0,btxrd-heuristic-001347,IMG003237.jpeg,0.0,0,320,masks/IMG003237.png,14bf4fc16d7e9f17cb073a83ba89ab04bd4c22a2b6f80f25bf73a67ce7a0a340,0,320,0,known_image_label_normal,0,0,0.0,0,0,0,,,,val,empty_by_image_gate,0.0,0,0,0,0,0
0,0,,,,,,ground_truth,0.9984700083732605,0.0,btxrd-heuristic-001350,IMG003243.jpeg,0.0,0,320,masks/IMG003243.png,14bf4fc16d7e9f17cb073a83ba89ab04bd4c22a2b6f80f25bf73a67ce7a0a340,0,320,0,known_image_label_normal,0,0,0.0,0,0,0,,,,val,empty_by_image_gate,0.0,0,0,0,0,0
0,0,,,,,,ground_truth,0.8779993057250977,0.0,btxrd-heuristic-001350,IMG003244.jpeg,0.0,0,320,masks/IMG003244.png,14bf4fc16d7e9f17cb073a83ba89ab04bd4c22a2b6f80f25bf73a67ce7a0a340,0,320,0,known_image_label_normal,0,0,0.0,0,0,0,,,,val,empty_by_image_gate,0.0,0,0,0,0,0
0,0,,,,,,ground_truth,0.00027325336122885346,0.0,btxrd-heuristic-001350,IMG003245.jpeg,0.0,0,320,masks/IMG003245.png,14bf4fc16d7e9f17cb073a83ba89ab04bd4c22a2b6f80f25bf73a67ce7a0a340,0,320,0,known_image_label_normal,0,0,0.0,0,0,0,,,,val,empty_by_image_gate,0.0,0,0,0,0,0
0,0,,,,,,ground_truth,0.999887228012085,0.0,btxrd-heuristic-001350,IMG003246.jpeg,0.0,0,320,masks/IMG003246.png,14bf4fc16d7e9f17cb073a83ba89ab04bd4c22a2b6f80f25bf73a67ce7a0a340,0,320,0,known_image_label_normal,0,0,0.0,0,0,0,,,,val,empty_by_image_gate,0.0,0,0,0,0,0
0,0,,,,,,ground_truth,7.304928658413701e-06,0.0,btxrd-heuristic-001351,IMG003247.jpeg,0.0,0,320,masks/IMG003247.png,14bf4fc16d7e9f17cb073a83ba89ab04bd4c22a2b6f80f25bf73a67ce7a0a340,0,320,0,known_image_label_normal,0,0,0.0,0,0,0,,,,val,empty_by_image_gate,0.0,0,0,0,0,0
0,0,,,,,,ground_truth,6.75317642162554e-06,0.0,btxrd-heuristic-001351,IMG003248.jpeg,0.0,0,320,masks/IMG003248.png,14bf4fc16d7e9f17cb073a83ba89ab04bd4c22a2b6f80f25bf73a67ce7a0a340,0,320,0,known_image_label_normal,0,0,0.0,0,0,0,,,,val,empty_by_image_gate,0.0,0,0,0,0,0
0,0,,,,,,ground_truth,0.9948711395263672,0.0,btxrd-heuristic-001353,IMG003250.jpeg,0.0,0,320,masks/IMG003250.png,14bf4fc16d7e9f17cb073a83ba89ab04bd4c22a2b6f80f25bf73a67ce7a0a340,0,320,0,known_image_label_normal,0,0,0.0,0,0,0,,,,val,empty_by_image_gate,0.0,0,0,0,0,0
0,0,,,,,,ground_truth,0.4722176194190979,0.0,btxrd-heuristic-001354,IMG003251.jpeg,0.0,0,320,masks/IMG003251.png,14bf4fc16d7e9f17cb073a83ba89ab04bd4c22a2b6f80f25bf73a67ce7a0a340,0,320,0,known_image_label_normal,0,0,0.0,0,0,0,,,,val,empty_by_image_gate,0.0,0,0,0,0,0
0,0,,,,,,ground_truth,0.5091306567192078,0.0,btxrd-heuristic-001354,IMG003252.jpeg,0.0,0,320,masks/IMG003252.png,14bf4fc16d7e9f17cb073a83ba89ab04bd4c22a2b6f80f25bf73a67ce7a0a340,0,320,0,known_image_label_normal,0,0,0.0,0,0,0,,,,val,empty_by_image_gate,0.0,0,0,0,0,0
0,0,,,,,,ground_truth,0.03708288446068764,0.0,btxrd-heuristic-001356,IMG003259.jpeg,0.0,0,320,masks/IMG003259.png,14bf4fc16d7e9f17cb073a83ba89ab04bd4c22a2b6f80f25bf73a67ce7a0a340,0,320,0,known_image_label_normal,0,0,0.0,0,0,0,,,,val,empty_by_image_gate,0.0,0,0,0,0,0
0,0,,,,,,ground_truth,0.9534316062927246,0.0,btxrd-heuristic-001356,IMG003260.jpeg,0.0,0,320,masks/IMG003260.png,14bf4fc16d7e9f17cb073a83ba89ab04bd4c22a2b6f80f25bf73a67ce7a0a340,0,320,0,known_image_label_normal,0,0,0.0,0,0,0,,,,val,empty_by_image_gate,0.0,0,0,0,0,0
0,0,,,,,,ground_truth,0.08511025458574295,0.0,btxrd-heuristic-001356,IMG003261.jpeg,0.0,0,320,masks/IMG003261.png,14bf4fc16d7e9f17cb073a83ba89ab04bd4c22a2b6f80f25bf73a67ce7a0a340,0,320,0,known_image_label_normal,0,0,0.0,0,0,0,,,,val,empty_by_image_gate,0.0,0,0,0,0,0
0,0,,,,,,ground_truth,0.8814118504524231,0.0,btxrd-heuristic-001359,IMG003266.jpeg,0.0,0,320,masks/IMG003266.png,14bf4fc16d7e9f17cb073a83ba89ab04bd4c22a2b6f80f25bf73a67ce7a0a340,0,320,0,known_image_label_normal,0,0,0.0,0,0,0,,,,val,empty_by_image_gate,0.0,0,0,0,0,0
0,0,,,,,,ground_truth,0.31385236978530884,0.0,btxrd-heuristic-001361,IMG003268.jpeg,0.0,0,320,masks/IMG003268.png,14bf4fc16d7e9f17cb073a83ba89ab04bd4c22a2b6f80f25bf73a67ce7a0a340,0,320,0,known_image_label_normal,0,0,0.0,0,0,0,,,,val,empty_by_image_gate,0.0,0,0,0,0,0
0,0,,,,,,ground_truth,0.12403954565525055,0.0,btxrd-heuristic-001361,IMG003269.jpeg,0.0,0,320,masks/IMG003269.png,14bf4fc16d7e9f17cb073a83ba89ab04bd4c22a2b6f80f25bf73a67ce7a0a340,0,320,0,known_image_label_normal,0,0,0.0,0,0,0,,,,val,empty_by_image_gate,0.0,0,0,0,0,0
0,0,,,,,,ground_truth,1.4007772733748425e-05,0.0,btxrd-heuristic-001365,IMG003281.jpeg,0.0,0,320,masks/IMG003281.png,14bf4fc16d7e9f17cb073a83ba89ab04bd4c22a2b6f80f25bf73a67ce7a0a340,0,320,0,known_image_label_normal,0,0,0.0,0,0,0,,,,val,empty_by_image_gate,0.0,0,0,0,0,0
0,0,,,,,,ground_truth,0.09900352358818054,0.0,btxrd-heuristic-001365,IMG003282.jpeg,0.0,0,320,masks/IMG003282.png,14bf4fc16d7e9f17cb073a83ba89ab04bd4c22a2b6f80f25bf73a67ce7a0a340,0,320,0,known_image_label_normal,0,0,0.0,0,0,0,,,,val,empty_by_image_gate,0.0,0,0,0,0,0
0,0,,,,,,ground_truth,0.00385572062805295,0.0,btxrd-heuristic-001366,IMG003283.jpeg,0.0,0,320,masks/IMG003283.png,14bf4fc16d7e9f17cb073a83ba89ab04bd4c22a2b6f80f25bf73a67ce7a0a340,0,320,0,known_image_label_normal,0,0,0.0,0,0,0,,,,val,empty_by_image_gate,0.0,0,0,0,0,0
0,0,,,,,,ground_truth,0.0004624818975571543,0.0,btxrd-heuristic-001366,IMG003284.jpeg,0.0,0,320,masks/IMG003284.png,14bf4fc16d7e9f17cb073a83ba89ab04bd4c22a2b6f80f25bf73a67ce7a0a340,0,320,0,known_image_label_normal,0,0,0.0,0,0,0,,,,val,empty_by_image_gate,0.0,0,0,0,0,0
0,0,,,,,,ground_truth,0.00034433644032105803,0.0,btxrd-heuristic-001366,IMG003285.jpeg,0.0,0,320,masks/IMG003285.png,14bf4fc16d7e9f17cb073a83ba89ab04bd4c22a2b6f80f25bf73a67ce7a0a340,0,320,0,known_image_label_normal,0,0,0.0,0,0,0,,,,val,empty_by_image_gate,0.0,0,0,0,0,0
0,0,,,,,,ground_truth,0.00014477732474915683,0.0,btxrd-heuristic-001366,IMG003286.jpeg,0.0,0,320,masks/IMG003286.png,14bf4fc16d7e9f17cb073a83ba89ab04bd4c22a2b6f80f25bf73a67ce7a0a340,0,320,0,known_image_label_normal,0,0,0.0,0,0,0,,,,val,empty_by_image_gate,0.0,0,0,0,0,0
0,0,,,,,,ground_truth,0.8928140997886658,0.0,btxrd-heuristic-001369,IMG003295.jpeg,0.0,0,320,masks/IMG003295.png,14bf4fc16d7e9f17cb073a83ba89ab04bd4c22a2b6f80f25bf73a67ce7a0a340,0,320,0,known_image_label_normal,0,0,0.0,0,0,0,,,,val,empty_by_image_gate,0.0,0,0,0,0,0
0,0,,,,,,ground_truth,0.7741946578025818,0.0,btxrd-heuristic-001369,IMG003296.jpeg,0.0,0,320,masks/IMG003296.png,14bf4fc16d7e9f17cb073a83ba89ab04bd4c22a2b6f80f25bf73a67ce7a0a340,0,320,0,known_image_label_normal,0,0,0.0,0,0,0,,,,val,empty_by_image_gate,0.0,0,0,0,0,0
0,0,,,,,,ground_truth,0.0043268934823572636,0.0,btxrd-heuristic-001369,IMG003297.jpeg,0.0,0,320,masks/IMG003297.png,14bf4fc16d7e9f17cb073a83ba89ab04bd4c22a2b6f80f25bf73a67ce7a0a340,0,320,0,known_image_label_normal,0,0,0.0,0,0,0,,,,val,empty_by_image_gate,0.0,0,0,0,0,0
0,0,,,,,,ground_truth,0.9919692873954773,0.0,btxrd-heuristic-001377,IMG003317.jpeg,0.0,0,320,masks/IMG003317.png,14bf4fc16d7e9f17cb073a83ba89ab04bd4c22a2b6f80f25bf73a67ce7a0a340,0,320,0,known_image_label_normal,0,0,0.0,0,0,0,,,,val,empty_by_image_gate,0.0,0,0,0,0,0
0,0,,,,,,ground_truth,0.9999973773956299,0.0,btxrd-heuristic-001377,IMG003318.jpeg,0.0,0,320,masks/IMG003318.png,14bf4fc16d7e9f17cb073a83ba89ab04bd4c22a2b6f80f25bf73a67ce7a0a340,0,320,0,known_image_label_normal,0,0,0.0,0,0,0,,,,val,empty_by_image_gate,0.0,0,0,0,0,0
0,0,,,,,,ground_truth,0.003317986149340868,0.0,btxrd-heuristic-001378,IMG003319.jpeg,0.0,0,320,masks/IMG003319.png,14bf4fc16d7e9f17cb073a83ba89ab04bd4c22a2b6f80f25bf73a67ce7a0a340,0,320,0,known_image_label_normal,0,0,0.0,0,0,0,,,,val,empty_by_image_gate,0.0,0,0,0,0,0
0,0,,,,,,ground_truth,0.0025418871082365513,0.0,btxrd-heuristic-001384,IMG003339.jpeg,0.0,0,320,masks/IMG003339.png,14bf4fc16d7e9f17cb073a83ba89ab04bd4c22a2b6f80f25bf73a67ce7a0a340,0,320,0,known_image_label_normal,0,0,0.0,0,0,0,,,,val,empty_by_image_gate,0.0,0,0,0,0,0
0,0,,,,,,ground_truth,0.0016098776832222939,0.0,btxrd-heuristic-001384,IMG003340.jpeg,0.0,0,320,masks/IMG003340.png,14bf4fc16d7e9f17cb073a83ba89ab04bd4c22a2b6f80f25bf73a67ce7a0a340,0,320,0,known_image_label_normal,0,0,0.0,0,0,0,,,,val,empty_by_image_gate,0.0,0,0,0,0,0
0,0,,,,,,ground_truth,0.0019127076957374811,0.0,btxrd-heuristic-001384,IMG003341.jpeg,0.0,0,320,masks/IMG003341.png,14bf4fc16d7e9f17cb073a83ba89ab04bd4c22a2b6f80f25bf73a67ce7a0a340,0,320,0,known_image_label_normal,0,0,0.0,0,0,0,,,,val,empty_by_image_gate,0.0,0,0,0,0,0
0,0,,,,,,ground_truth,0.00010144577390747145,0.0,btxrd-heuristic-001393,IMG003369.jpeg,0.0,0,320,masks/IMG003369.png,14bf4fc16d7e9f17cb073a83ba89ab04bd4c22a2b6f80f25bf73a67ce7a0a340,0,320,0,known_image_label_normal,0,0,0.0,0,0,0,,,,val,empty_by_image_gate,0.0,0,0,0,0,0
0,0,,,,,,ground_truth,2.9663704026461346e-06,0.0,btxrd-heuristic-001393,IMG003370.jpeg,0.0,0,320,masks/IMG003370.png,14bf4fc16d7e9f17cb073a83ba89ab04bd4c22a2b6f80f25bf73a67ce7a0a340,0,320,0,known_image_label_normal,0,0,0.0,0,0,0,,,,val,empty_by_image_gate,0.0,0,0,0,0,0
0,0,,,,,,ground_truth,0.036016467958688736,0.0,btxrd-heuristic-001395,IMG003375.jpeg,0.0,0,320,masks/IMG003375.png,14bf4fc16d7e9f17cb073a83ba89ab04bd4c22a2b6f80f25bf73a67ce7a0a340,0,320,0,known_image_label_normal,0,0,0.0,0,0,0,,,,val,empty_by_image_gate,0.0,0,0,0,0,0
0,0,,,,,,ground_truth,7.610929606016725e-05,0.0,btxrd-heuristic-001395,IMG003376.jpeg,0.0,0,320,masks/IMG003376.png,14bf4fc16d7e9f17cb073a83ba89ab04bd4c22a2b6f80f25bf73a67ce7a0a340,0,320,0,known_image_label_normal,0,0,0.0,0,0,0,,,,val,empty_by_image_gate,0.0,0,0,0,0,0
0,0,,,,,,ground_truth,0.0006944517372176051,0.0,btxrd-heuristic-001402,IMG003401.jpeg,0.0,0,320,masks/IMG003401.png,14bf4fc16d7e9f17cb073a83ba89ab04bd4c22a2b6f80f25bf73a67ce7a0a340,0,320,0,known_image_label_normal,0,0,0.0,0,0,0,,,,val,empty_by_image_gate,0.0,0,0,0,0,0
0,0,,,,,,ground_truth,0.004934492986649275,0.0,btxrd-heuristic-001402,IMG003402.jpeg,0.0,0,320,masks/IMG003402.png,14bf4fc16d7e9f17cb073a83ba89ab04bd4c22a2b6f80f25bf73a67ce7a0a340,0,320,0,known_image_label_normal,0,0,0.0,0,0,0,,,,val,empty_by_image_gate,0.0,0,0,0,0,0
0,0,,,,,,ground_truth,0.9999847412109375,0.0,btxrd-heuristic-001404,IMG003413.jpeg,0.0,0,320,masks/IMG003413.png,14bf4fc16d7e9f17cb073a83ba89ab04bd4c22a2b6f80f25bf73a67ce7a0a340,0,320,0,known_image_label_normal,0,0,0.0,0,0,0,,,,val,empty_by_image_gate,0.0,0,0,0,0,0
0,0,,,,,,ground_truth,0.9999045133590698,0.0,btxrd-heuristic-001404,IMG003414.jpeg,0.0,0,320,masks/IMG003414.png,14bf4fc16d7e9f17cb073a83ba89ab04bd4c22a2b6f80f25bf73a67ce7a0a340,0,320,0,known_image_label_normal,0,0,0.0,0,0,0,,,,val,empty_by_image_gate,0.0,0,0,0,0,0
0,0,,,,,,ground_truth,0.22090648114681244,0.0,btxrd-heuristic-001404,IMG003415.jpeg,0.0,0,320,masks/IMG003415.png,14bf4fc16d7e9f17cb073a83ba89ab04bd4c22a2b6f80f25bf73a67ce7a0a340,0,320,0,known_image_label_normal,0,0,0.0,0,0,0,,,,val,empty_by_image_gate,0.0,0,0,0,0,0
0,0,,,,,,ground_truth,0.012901865877211094,0.0,btxrd-heuristic-001404,IMG003416.jpeg,0.0,0,320,masks/IMG003416.png,14bf4fc16d7e9f17cb073a83ba89ab04bd4c22a2b6f80f25bf73a67ce7a0a340,0,320,0,known_image_label_normal,0,0,0.0,0,0,0,,,,val,empty_by_image_gate,0.0,0,0,0,0,0
0,0,,,,,,ground_truth,0.47313404083251953,0.0,btxrd-heuristic-001404,IMG003417.jpeg,0.0,0,320,masks/IMG003417.png,14bf4fc16d7e9f17cb073a83ba89ab04bd4c22a2b6f80f25bf73a67ce7a0a340,0,320,0,known_image_label_normal,0,0,0.0,0,0,0,,,,val,empty_by_image_gate,0.0,0,0,0,0,0
0,0,,,,,,ground_truth,7.106171324267052e-06,0.0,btxrd-heuristic-001407,IMG003428.jpeg,0.0,0,320,masks/IMG003428.png,14bf4fc16d7e9f17cb073a83ba89ab04bd4c22a2b6f80f25bf73a67ce7a0a340,0,320,0,known_image_label_normal,0,0,0.0,0,0,0,,,,val,empty_by_image_gate,0.0,0,0,0,0,0
0,0,,,,,,ground_truth,0.810675859451294,0.0,btxrd-heuristic-001408,IMG003429.jpeg,0.0,0,320,masks/IMG003429.png,14bf4fc16d7e9f17cb073a83ba89ab04bd4c22a2b6f80f25bf73a67ce7a0a340,0,320,0,known_image_label_normal,0,0,0.0,0,0,0,,,,val,empty_by_image_gate,0.0,0,0,0,0,0
0,0,,,,,,ground_truth,0.14636963605880737,0.0,btxrd-heuristic-001408,IMG003430.jpeg,0.0,0,320,masks/IMG003430.png,14bf4fc16d7e9f17cb073a83ba89ab04bd4c22a2b6f80f25bf73a67ce7a0a340,0,320,0,known_image_label_normal,0,0,0.0,0,0,0,,,,val,empty_by_image_gate,0.0,0,0,0,0,0
0,0,,,,,,ground_truth,0.02569233998656273,0.0,btxrd-heuristic-001411,IMG003436.jpeg,0.0,0,320,masks/IMG003436.png,14bf4fc16d7e9f17cb073a83ba89ab04bd4c22a2b6f80f25bf73a67ce7a0a340,0,320,0,known_image_label_normal,0,0,0.0,0,0,0,,,,val,empty_by_image_gate,0.0,0,0,0,0,0
0,0,,,,,,ground_truth,0.0010320658329874277,0.0,btxrd-heuristic-001411,IMG003437.jpeg,0.0,0,320,masks/IMG003437.png,14bf4fc16d7e9f17cb073a83ba89ab04bd4c22a2b6f80f25bf73a67ce7a0a340,0,320,0,known_image_label_normal,0,0,0.0,0,0,0,,,,val,empty_by_image_gate,0.0,0,0,0,0,0
0,0,,,,,,ground_truth,0.32398721575737,0.0,btxrd-heuristic-001424,IMG003489.jpeg,0.0,0,320,masks/IMG003489.png,14bf4fc16d7e9f17cb073a83ba89ab04bd4c22a2b6f80f25bf73a67ce7a0a340,0,320,0,known_image_label_normal,0,0,0.0,0,0,0,,,,val,empty_by_image_gate,0.0,0,0,0,0,0
0,0,,,,,,ground_truth,0.000917648256290704,0.0,btxrd-heuristic-001430,IMG003521.jpeg,0.0,0,320,masks/IMG003521.png,14bf4fc16d7e9f17cb073a83ba89ab04bd4c22a2b6f80f25bf73a67ce7a0a340,0,320,0,known_image_label_normal,0,0,0.0,0,0,0,,,,val,empty_by_image_gate,0.0,0,0,0,0,0
0,0,,,,,,ground_truth,0.0010021427879109979,0.0,btxrd-heuristic-001438,IMG003582.jpeg,0.0,0,320,masks/IMG003582.png,14bf4fc16d7e9f17cb073a83ba89ab04bd4c22a2b6f80f25bf73a67ce7a0a340,0,320,0,known_image_label_normal,0,0,0.0,0,0,0,,,,val,empty_by_image_gate,0.0,0,0,0,0,0
0,0,,,,,,ground_truth,0.9818244576454163,0.0,btxrd-heuristic-001439,IMG003583.jpeg,0.0,0,320,masks/IMG003583.png,14bf4fc16d7e9f17cb073a83ba89ab04bd4c22a2b6f80f25bf73a67ce7a0a340,0,320,0,known_image_label_normal,0,0,0.0,0,0,0,,,,val,empty_by_image_gate,0.0,0,0,0,0,0
0,0,,,,,,ground_truth,0.674444317817688,0.0,btxrd-heuristic-001440,IMG003584.jpeg,0.0,0,320,masks/IMG003584.png,14bf4fc16d7e9f17cb073a83ba89ab04bd4c22a2b6f80f25bf73a67ce7a0a340,0,320,0,known_image_label_normal,0,0,0.0,0,0,0,,,,val,empty_by_image_gate,0.0,0,0,0,0,0
0,0,,,,,,ground_truth,0.9408606290817261,0.0,btxrd-heuristic-001445,IMG003618.jpeg,0.0,0,320,masks/IMG003618.png,14bf4fc16d7e9f17cb073a83ba89ab04bd4c22a2b6f80f25bf73a67ce7a0a340,0,320,0,known_image_label_normal,0,0,0.0,0,0,0,,,,val,empty_by_image_gate,0.0,0,0,0,0,0
0,0,,,,,,ground_truth,0.07075947523117065,0.0,btxrd-heuristic-001445,IMG003619.jpeg,0.0,0,320,masks/IMG003619.png,14bf4fc16d7e9f17cb073a83ba89ab04bd4c22a2b6f80f25bf73a67ce7a0a340,0,320,0,known_image_label_normal,0,0,0.0,0,0,0,,,,val,empty_by_image_gate,0.0,0,0,0,0,0
0,0,,,,,,ground_truth,0.9715781807899475,0.0,btxrd-heuristic-001445,IMG003620.jpeg,0.0,0,320,masks/IMG003620.png,14bf4fc16d7e9f17cb073a83ba89ab04bd4c22a2b6f80f25bf73a67ce7a0a340,0,320,0,known_image_label_normal,0,0,0.0,0,0,0,,,,val,empty_by_image_gate,0.0,0,0,0,0,0
0,0,,,,,,ground_truth,0.02989104948937893,0.0,btxrd-heuristic-001445,IMG003621.jpeg,0.0,0,320,masks/IMG003621.png,14bf4fc16d7e9f17cb073a83ba89ab04bd4c22a2b6f80f25bf73a67ce7a0a340,0,320,0,known_image_label_normal,0,0,0.0,0,0,0,,,,val,empty_by_image_gate,0.0,0,0,0,0,0
0,0,,,,,,ground_truth,0.36756542325019836,0.0,btxrd-heuristic-001458,IMG003701.jpeg,0.0,0,320,masks/IMG003701.png,14bf4fc16d7e9f17cb073a83ba89ab04bd4c22a2b6f80f25bf73a67ce7a0a340,0,320,0,known_image_label_normal,0,0,0.0,0,0,0,,,,val,empty_by_image_gate,0.0,0,0,0,0,0
0,0,,,,,,ground_truth,0.3460201919078827,0.0,btxrd-heuristic-001458,IMG003702.jpeg,0.0,0,320,masks/IMG003702.png,14bf4fc16d7e9f17cb073a83ba89ab04bd4c22a2b6f80f25bf73a67ce7a0a340,0,320,0,known_image_label_normal,0,0,0.0,0,0,0,,,,val,empty_by_image_gate,0.0,0,0,0,0,0
0,0,,,,,,ground_truth,0.02011445164680481,0.0,btxrd-heuristic-001458,IMG003703.jpeg,0.0,0,320,masks/IMG003703.png,14bf4fc16d7e9f17cb073a83ba89ab04bd4c22a2b6f80f25bf73a67ce7a0a340,0,320,0,known_image_label_normal,0,0,0.0,0,0,0,,,,val,empty_by_image_gate,0.0,0,0,0,0,0
0,0,,,,,,ground_truth,0.17313052713871002,0.0,btxrd-heuristic-001458,IMG003704.jpeg,0.0,0,320,masks/IMG003704.png,14bf4fc16d7e9f17cb073a83ba89ab04bd4c22a2b6f80f25bf73a67ce7a0a340,0,320,0,known_image_label_normal,0,0,0.0,0,0,0,,,,val,empty_by_image_gate,0.0,0,0,0,0,0
0,0,,,,,,ground_truth,0.012138012796640396,0.0,btxrd-heuristic-001460,IMG003709.jpeg,0.0,0,320,masks/IMG003709.png,14bf4fc16d7e9f17cb073a83ba89ab04bd4c22a2b6f80f25bf73a67ce7a0a340,0,320,0,known_image_label_normal,0,0,0.0,0,0,0,,,,val,empty_by_image_gate,0.0,0,0,0,0,0
0,0,,,,,,ground_truth,0.5214639902114868,0.0,btxrd-heuristic-001460,IMG003710.jpeg,0.0,0,320,masks/IMG003710.png,14bf4fc16d7e9f17cb073a83ba89ab04bd4c22a2b6f80f25bf73a67ce7a0a340,0,320,0,known_image_label_normal,0,0,0.0,0,0,0,,,,val,empty_by_image_gate,0.0,0,0,0,0,0
0,0,,,,,,ground_truth,0.012681961059570312,0.0,btxrd-heuristic-001460,IMG003711.jpeg,0.0,0,320,masks/IMG003711.png,14bf4fc16d7e9f17cb073a83ba89ab04bd4c22a2b6f80f25bf73a67ce7a0a340,0,320,0,known_image_label_normal,0,0,0.0,0,0,0,,,,val,empty_by_image_gate,0.0,0,0,0,0,0
0,0,,,,,,ground_truth,0.9996700286865234,0.0,btxrd-heuristic-001462,IMG003720.jpg,0.0,0,320,masks/IMG003720.png,14bf4fc16d7e9f17cb073a83ba89ab04bd4c22a2b6f80f25bf73a67ce7a0a340,0,320,0,known_image_label_normal,0,0,0.0,0,0,0,,,,val,empty_by_image_gate,0.0,0,0,0,0,0
0,0,,,,,,ground_truth,0.9999734163284302,0.0,btxrd-heuristic-001474,IMG003740.jpg,0.0,0,320,masks/IMG003740.png,14bf4fc16d7e9f17cb073a83ba89ab04bd4c22a2b6f80f25bf73a67ce7a0a340,0,320,0,known_image_label_normal,0,0,0.0,0,0,0,,,,val,empty_by_image_gate,0.0,0,0,0,0,0
0,0,,,,,,ground_truth,0.9994794726371765,0.0,btxrd-heuristic-001475,IMG003741.jpg,0.0,0,320,masks/IMG003741.png,14bf4fc16d7e9f17cb073a83ba89ab04bd4c22a2b6f80f25bf73a67ce7a0a340,0,320,0,known_image_label_normal,0,0,0.0,0,0,0,,,,val,empty_by_image_gate,0.0,0,0,0,0,0
0,0,,,,,,ground_truth,0.999991774559021,0.0,btxrd-heuristic-001475,IMG003742.jpg,0.0,0,320,masks/IMG003742.png,14bf4fc16d7e9f17cb073a83ba89ab04bd4c22a2b6f80f25bf73a67ce7a0a340,0,320,0,known_image_label_normal,0,0,0.0,0,0,0,,,,val,empty_by_image_gate,0.0,0,0,0,0,0
0,0,,,,,,ground_truth,0.9999735355377197,0.0,btxrd-heuristic-001475,IMG003743.jpg,0.0,0,320,masks/IMG003743.png,14bf4fc16d7e9f17cb073a83ba89ab04bd4c22a2b6f80f25bf73a67ce7a0a340,0,320,0,known_image_label_normal,0,0,0.0,0,0,0,,,,val,empty_by_image_gate,0.0,0,0,0,0,0
0,0,,,,,,ground_truth,1.0,0.0,btxrd-heuristic-001475,IMG003744.jpg,0.0,0,320,masks/IMG003744.png,14bf4fc16d7e9f17cb073a83ba89ab04bd4c22a2b6f80f25bf73a67ce7a0a340,0,320,0,known_image_label_normal,0,0,0.0,0,0,0,,,,val,empty_by_image_gate,0.0,0,0,0,0,0
