above_threshold_candidates,box_prompt_calls,cam_max,cam_mean,cam_min,cam_nonzero_ratio,cam_std,cam_target_protocol,classifier_causal_score_max,classifier_causal_score_mean,classifier_causal_score_min,classifier_confidence,final_area_ratio,group_id,image_name,mask_area_ratio,mask_foreground_pixels,mask_height,mask_path,mask_sha256,mask_unique_values,mask_width,morphology_components,reason,sam_candidate_count,sam_prompt_calls,selected_area_ratio,selected_candidates,selected_class,selected_components,selection_score_max,selection_score_mean,selection_score_min,split,status,support_area_ratio,true_tumor,true_tumor_type,unique_negative_prompt_points,unique_positive_prompt_points,unique_prompt_points
6,0,1.0,0.2721407115459442,0.0,0.903232421875,0.2287977635860443,ground_truth,,,,0.9999306201934814,0.001328125,btxrd-heuristic-000001,IMG000001.jpeg,0.001328125,136,320,masks/IMG000001.png,2ab2b700ce4847317c7511f090bced79026c41adb3c32bef892c256e7ecb55a7,0|255,320,9,,16,1024,0.001328125,1,0,0,0.7208622694015503,0.2772674560546875,6.739583477610722e-05,val,ok,0.15,1,9,0,1024,1024
1,0,1.0,0.1333007663488388,0.0,0.74419921875,0.15117280185222626,ground_truth,,,,0.061212100088596344,0.001083984375,btxrd-heuristic-000006,IMG000010.jpeg,0.001083984375,111,320,masks/IMG000010.png,7dff3bb6d88f902e3e1932735547c989405ded0a66f836dabdf5547802e60d1f,0|255,320,8,,15,1024,0.001083984375,1,0,0,0.4928872883319855,0.10990981012582779,0.0012729327427223325,val,ok,0.15,1,8,0,1024,1024
0,0,1.0,0.09971494972705841,0.0,0.759375,0.16776877641677856,ground_truth,,,,0.9684011936187744,0.0,btxrd-heuristic-000009,IMG000017.jpeg,0.0,0,320,masks/IMG000017.png,14bf4fc16d7e9f17cb073a83ba89ab04bd4c22a2b6f80f25bf73a67ce7a0a340,0,320,3,no_candidate_survived_or_postprocess_empty,10,1024,0.0,0,0,0,0.3375866413116455,0.10810766369104385,0.0002708073006942868,val,empty_after_localization,0.150009765625,1,8,0,1024,1024
0,0,1.0,0.09069505333900452,0.0,0.630380859375,0.17235170304775238,ground_truth,,,,0.9734755158424377,0.0,btxrd-heuristic-000009,IMG000018.jpeg,0.0,0,320,masks/IMG000018.png,14bf4fc16d7e9f17cb073a83ba89ab04bd4c22a2b6f80f25bf73a67ce7a0a340,0,320,3,no_candidate_survived_or_postprocess_empty,10,1024,0.0,0,0,0,0.1559060662984848,0.08888588845729828,0.01666666753590107,val,empty_after_localization,0.15,1,8,0,1024,1024
0,0,1.0,0.08954978734254837,0.0,0.68390625,0.15360811352729797,ground_truth,,,,0.9885359406471252,0.0,btxrd-heuristic-000017,IMG000033.jpeg,0.0,0,320,masks/IMG000033.png,14bf4fc16d7e9f17cb073a83ba89ab04bd4c22a2b6f80f25bf73a67ce7a0a340,0,320,4,no_candidate_survived_or_postprocess_empty,7,1024,0.0,0,0,0,0.19500420987606049,0.08691572397947311,0.00032199491397477686,val,empty_after_localization,0.15,1,8,0,1024,1024
0,0,1.0,0.0713447630405426,0.0,0.579013671875,0.13294021785259247,ground_truth,,,,0.9991543292999268,0.0,btxrd-heuristic-000017,IMG000034.jpeg,0.0,0,320,masks/IMG000034.png,14bf4fc16d7e9f17cb073a83ba89ab04bd4c22a2b6f80f25bf73a67ce7a0a340,0,320,8,no_candidate_survived_or_postprocess_empty,7,1024,0.0,0,0,0,0.15079189836978912,0.07564457505941391,0.00045975190005265176,val,empty_after_localization,0.15,1,8,0,1024,1024
0,0,1.0,0.08566564321517944,0.0,0.594072265625,0.17022116482257843,ground_truth,,,,0.22406648099422455,0.0,btxrd-heuristic-000025,IMG000048.jpeg,0.0,0,320,masks/IMG000048.png,14bf4fc16d7e9f17cb073a83ba89ab04bd4c22a2b6f80f25bf73a67ce7a0a340,0,320,9,no_candidate_survived_or_postprocess_empty,14,1024,0.0,0,0,0,0.36201804876327515,0.10446419566869736,0.0,val,empty_after_localization,0.13359375,1,8,0,1024,1024
3,0,1.0,0.16568320989608765,0.0,0.812314453125,0.21014592051506042,ground_truth,,,,0.7224388122558594,0.001015625,btxrd-heuristic-000025,IMG000049.jpeg,0.001015625,104,320,masks/IMG000049.png,adfec25dc70b15a99dfa370bae7a98699f3a16143a69870c2b07885a226492fb,0|255,320,9,,21,1024,0.001015625,1,0,0,0.7214267253875732,0.1846749633550644,0.00831501092761755,val,ok,0.14404296875,1,8,0,1024,1024
3,0,1.0,0.21889528632164001,0.0,0.932041015625,0.2013392448425293,ground_truth,,,,0.9999688863754272,0.0,btxrd-heuristic-000026,IMG000050.jpeg,0.0,0,320,masks/IMG000050.png,14bf4fc16d7e9f17cb073a83ba89ab04bd4c22a2b6f80f25bf73a67ce7a0a340,0,320,9,no_candidate_survived_or_postprocess_empty,15,1024,0.0,1,0,0,0.6477074027061462,0.17097897827625275,0.01688624732196331,val,empty_after_localization,0.1389453125,1,8,0,1024,1024
0,0,1.0,0.12520712614059448,0.0,0.63607421875,0.17499837279319763,ground_truth,,,,0.9976662397384644,0.0,btxrd-heuristic-000029,IMG000055.jpeg,0.0,0,320,masks/IMG000055.png,14bf4fc16d7e9f17cb073a83ba89ab04bd4c22a2b6f80f25bf73a67ce7a0a340,0,320,7,no_candidate_survived_or_postprocess_empty,9,1024,0.0,0,0,0,0.15186707675457,0.07554247975349426,0.0,val,empty_after_localization,0.15,1,8,0,1024,1024
1,0,1.0,0.13169705867767334,0.0,0.8485546875,0.17607209086418152,ground_truth,,,,0.9999642372131348,0.00298828125,btxrd-heuristic-000029,IMG000056.jpeg,0.00298828125,306,320,masks/IMG000056.png,5f03d8c3f84ca4647755cd4e684b759bbcce2e9d7ead8dd1c0e8eb3a48b48a59,0|255,320,4,,6,1024,0.00298828125,1,0,0,0.6038241982460022,0.1794927567243576,0.03244011476635933,val,ok,0.15,1,8,0,1024,1024
0,0,1.0,0.16200922429561615,0.0,0.93251953125,0.1941419094800949,ground_truth,,,,0.9999889135360718,0.0,btxrd-heuristic-000037,IMG000071.jpeg,0.0,0,320,masks/IMG000071.png,14bf4fc16d7e9f17cb073a83ba89ab04bd4c22a2b6f80f25bf73a67ce7a0a340,0,320,7,no_candidate_survived_or_postprocess_empty,20,1024,0.0,0,0,0,0.28473296761512756,0.08633993566036224,0.002615033881738782,val,empty_after_localization,0.15,1,8,0,1024,1024
1,0,1.0,0.11433553695678711,0.0,0.86359375,0.18037304282188416,ground_truth,,,,0.9970747232437134,0.0025,btxrd-heuristic-000039,IMG000076.jpeg,0.0025,256,320,masks/IMG000076.png,53322e0d389c8959ca53a94d4b0d9a8e0c169efb44310ac1d532caffecfe1c5d,0|255,320,4,,7,1024,0.0025,1,0,0,0.6781646013259888,0.16437242925167084,6.8064465175154965e-09,val,ok,0.15,1,8,0,1024,1024
0,0,1.0,0.05529196560382843,0.0,0.317529296875,0.16640058159828186,ground_truth,,,,0.8206584453582764,0.0,btxrd-heuristic-000063,IMG000125.jpeg,0.0,0,320,masks/IMG000125.png,14bf4fc16d7e9f17cb073a83ba89ab04bd4c22a2b6f80f25bf73a67ce7a0a340,0,320,4,no_candidate_survived_or_postprocess_empty,11,1024,0.0,0,0,0,0.1502029001712799,0.08362119644880295,7.011913839960471e-05,val,empty_after_localization,0.149736328125,1,8,0,1024,1024
1,0,1.0,0.0963677242398262,0.0,0.650576171875,0.21199361979961395,ground_truth,,,,0.9559813141822815,0.01798828125,btxrd-heuristic-000063,IMG000126.jpeg,0.01798828125,1842,320,masks/IMG000126.png,f08412b55ff9a012ddcddae917a8d4257ca7d6975c73b60a85b32462d59b89af,0|255,320,3,,14,1024,0.01798828125,1,0,0,0.5390731692314148,0.10837172716856003,0.00015633321891073138,val,ok,0.15,1,8,0,1024,1024
1,0,1.0,0.059530388563871384,0.0,0.41861328125,0.15513718128204346,ground_truth,,,,0.97459477186203,0.0,btxrd-heuristic-000069,IMG000137.jpeg,0.0,0,320,masks/IMG000137.png,14bf4fc16d7e9f17cb073a83ba89ab04bd4c22a2b6f80f25bf73a67ce7a0a340,0,320,6,no_candidate_survived_or_postprocess_empty,9,1024,0.1637109375,1,0,0,0.4151909351348877,0.11810764670372009,0.019137999042868614,val,empty_after_localization,0.15,1,8,0,1024,1024
0,0,1.0,0.08679669350385666,0.0,0.8115625,0.15008515119552612,ground_truth,,,,0.9994407296180725,0.0,btxrd-heuristic-000069,IMG000138.jpeg,0.0,0,320,masks/IMG000138.png,14bf4fc16d7e9f17cb073a83ba89ab04bd4c22a2b6f80f25bf73a67ce7a0a340,0,320,5,no_candidate_survived_or_postprocess_empty,10,1024,0.0,0,0,0,0.3968932628631592,0.1318681538105011,0.0012951913522556424,val,empty_after_localization,0.15,1,8,0,1024,1024
0,0,1.0,0.20026786625385284,0.0,0.95984375,0.2020019292831421,ground_truth,,,,0.9999953508377075,0.0,btxrd-heuristic-000073,IMG000144.jpeg,0.0,0,320,masks/IMG000144.png,14bf4fc16d7e9f17cb073a83ba89ab04bd4c22a2b6f80f25bf73a67ce7a0a340,0,320,8,no_candidate_survived_or_postprocess_empty,10,1024,0.0,0,0,0,0.15054839849472046,0.07856927812099457,0.00036027500755153596,val,empty_after_localization,0.15,1,8,0,1024,1024
1,0,1.0,0.2585165500640869,0.0,0.90666015625,0.21849559247493744,ground_truth,,,,0.9999502897262573,0.002734375,btxrd-heuristic-000078,IMG000152.jpeg,0.002734375,280,320,masks/IMG000152.png,0f7807664ad42f8443e87c9ffabba4868af69bd0746693f36acad6805cc72463,0|255,320,9,,15,1024,0.002734375,1,0,0,0.6123349070549011,0.1484096348285675,0.00019822454487439245,val,ok,0.1280859375,1,8,0,1024,1024
1,0,1.0,0.12155240029096603,0.0,0.770625,0.19499945640563965,ground_truth,,,,0.963493287563324,0.002119140625,btxrd-heuristic-000082,IMG000160.jpeg,0.002119140625,217,320,masks/IMG000160.png,64d85221d6d567099dc8de51d07a7c3e2ba55042b9d4548b9345e42f1639be61,0|255,320,3,,16,1024,0.002119140625,1,0,0,0.6123776435852051,0.11395351588726044,0.0021050546783953905,val,ok,0.15,1,8,0,1024,1024
0,0,1.0,0.1809636354446411,0.0,0.906669921875,0.19413313269615173,ground_truth,,,,0.9999790191650391,0.0,btxrd-heuristic-000082,IMG000161.jpeg,0.0,0,320,masks/IMG000161.png,14bf4fc16d7e9f17cb073a83ba89ab04bd4c22a2b6f80f25bf73a67ce7a0a340,0,320,7,no_candidate_survived_or_postprocess_empty,15,1024,0.0,0,0,0,0.15011735260486603,0.07579687237739563,0.0007992205210030079,val,empty_after_localization,0.15,1,8,0,1024,1024
0,0,1.0,0.09664680808782578,0.0,0.833359375,0.1596587598323822,ground_truth,,,,0.9956977367401123,0.0,btxrd-heuristic-000098,IMG000200.jpeg,0.0,0,320,masks/IMG000200.png,14bf4fc16d7e9f17cb073a83ba89ab04bd4c22a2b6f80f25bf73a67ce7a0a340,0,320,4,no_candidate_survived_or_postprocess_empty,9,1024,0.0,0,0,0,0.35017091035842896,0.11678901314735413,0.0030646563973277807,val,empty_after_localization,0.15,1,8,0,1024,1024
0,0,1.0,0.08672265708446503,0.0,0.76984375,0.15232740342617035,ground_truth,,,,0.9729684591293335,0.0,btxrd-heuristic-000098,IMG000201.jpeg,0.0,0,320,masks/IMG000201.png,14bf4fc16d7e9f17cb073a83ba89ab04bd4c22a2b6f80f25bf73a67ce7a0a340,0,320,4,no_candidate_survived_or_postprocess_empty,8,1024,0.0,0,0,0,0.26931020617485046,0.10073521733283997,0.0,val,empty_after_localization,0.15,1,8,0,1024,1024
1,0,1.0,0.13907462358474731,0.0,0.899208984375,0.16116422414779663,ground_truth,,,,0.9999936819076538,0.0196484375,btxrd-heuristic-000099,IMG000202.jpeg,0.0196484375,2012,320,masks/IMG000202.png,9c23f6f5badbeaf74785cd72275486971453fdefc441f7c16d7495f8f6ea030f,0|255,320,4,,20,1024,0.0196484375,1,0,0,0.43562594056129456,0.09580446034669876,0.008409599773585796,val,ok,0.15,1,8,0,1024,1024
1,0,1.0,0.05542238801717758,0.0,0.518056640625,0.1351134330034256,ground_truth,,,,0.019777970388531685,0.00087890625,btxrd-heuristic-000109,IMG000222.jpeg,0.00087890625,90,320,masks/IMG000222.png,0e8a2482702c4d188384c6ac31c880ac4324a594cbec766baa9d94bb279add3d,0|255,320,6,,5,1024,0.00087890625,1,0,0,0.6035178899765015,0.2583026885986328,0.04191995784640312,val,ok,0.15,1,6,0,1024,1024
0,0,1.0,0.07826681435108185,0.0,0.296943359375,0.1909485161304474,ground_truth,,,,0.0010066379327327013,0.0,btxrd-heuristic-000120,IMG000244.jpeg,0.0,0,320,masks/IMG000244.png,14bf4fc16d7e9f17cb073a83ba89ab04bd4c22a2b6f80f25bf73a67ce7a0a340,0,320,4,no_candidate_survived_or_postprocess_empty,10,1024,0.0,0,0,0,0.15129511058330536,0.07730937004089355,0.0,val,empty_after_localization,0.15,1,1,0,1024,1024
0,0,1.0,0.11705262213945389,0.0,0.788828125,0.1591523140668869,ground_truth,,,,0.9932445883750916,0.0,btxrd-heuristic-000121,IMG000245.jpeg,0.0,0,320,masks/IMG000245.png,14bf4fc16d7e9f17cb073a83ba89ab04bd4c22a2b6f80f25bf73a67ce7a0a340,0,320,4,no_candidate_survived_or_postprocess_empty,13,1024,0.0,0,0,0,0.15242557227611542,0.0773654356598854,0.0024212892167270184,val,empty_after_localization,0.15,1,3,0,1024,1024
0,0,1.0,0.1119856908917427,0.0,0.64640625,0.1865515261888504,ground_truth,,,,0.9900348782539368,0.0,btxrd-heuristic-000128,IMG000260.jpeg,0.0,0,320,masks/IMG000260.png,14bf4fc16d7e9f17cb073a83ba89ab04bd4c22a2b6f80f25bf73a67ce7a0a340,0,320,4,no_candidate_survived_or_postprocess_empty,12,1024,0.0,0,0,0,0.1500101536512375,0.07686231285333633,0.01489827036857605,val,empty_after_localization,0.15,1,1,0,1024,1024
0,0,1.0,0.12182856351137161,0.0,0.88251953125,0.2002582848072052,ground_truth,,,,0.9999485015869141,0.0,btxrd-heuristic-000137,IMG000275.jpeg,0.0,0,320,masks/IMG000275.png,14bf4fc16d7e9f17cb073a83ba89ab04bd4c22a2b6f80f25bf73a67ce7a0a340,0,320,6,no_candidate_survived_or_postprocess_empty,9,1024,0.0,0,0,0,0.27958619594573975,0.17900824546813965,0.05411543324589729,val,empty_after_localization,0.15,1,1,0,1024,1024
1,0,1.0,0.07391273975372314,0.0,0.575,0.1652887612581253,ground_truth,,,,0.17335329949855804,0.0,btxrd-heuristic-000140,IMG000279.jpeg,0.0,0,320,masks/IMG000279.png,14bf4fc16d7e9f17cb073a83ba89ab04bd4c22a2b6f80f25bf73a67ce7a0a340,0,320,3,no_candidate_survived_or_postprocess_empty,6,1024,0.1614453125,1,0,0,0.4005483388900757,0.17895638942718506,0.03171388804912567,val,empty_after_localization,0.15,1,1,0,1024,1024
1,0,1.0,0.13305771350860596,0.0,0.632255859375,0.2265218198299408,ground_truth,,,,0.9996305704116821,0.003359375,btxrd-heuristic-000145,IMG000285.jpeg,0.003359375,344,320,masks/IMG000285.png,ce654c36f8137aa42e10240a95130d81cde2b8c1abc707a000d597e0e01352b9,0|255,320,3,,7,1024,0.003359375,1,0,0,0.6309900879859924,0.18899419903755188,0.0010570187587291002,val,ok,0.15,1,1,0,1024,1024
0,0,1.0,0.03677660971879959,0.0,0.252392578125,0.11631584912538528,ground_truth,,,,0.0740056112408638,0.0,btxrd-heuristic-000150,IMG000292.jpeg,0.0,0,320,masks/IMG000292.png,14bf4fc16d7e9f17cb073a83ba89ab04bd4c22a2b6f80f25bf73a67ce7a0a340,0,320,7,no_candidate_survived_or_postprocess_empty,6,1024,0.0,0,0,0,0.25783097743988037,0.16846203804016113,0.060154493898153305,val,empty_after_localization,0.149130859375,1,1,0,1024,1024
0,0,1.0,0.05026470497250557,0.0,0.477998046875,0.11903029680252075,ground_truth,,,,0.04922736808657646,0.0,btxrd-heuristic-000156,IMG000300.jpeg,0.0,0,320,masks/IMG000300.png,14bf4fc16d7e9f17cb073a83ba89ab04bd4c22a2b6f80f25bf73a67ce7a0a340,0,320,6,no_candidate_survived_or_postprocess_empty,4,1024,0.0,0,0,0,0.15682831406593323,0.10173679143190384,0.05000000074505806,val,empty_after_localization,0.15,1,2,0,1024,1024
0,0,1.0,0.10502669960260391,0.0,0.68025390625,0.20972564816474915,ground_truth,,,,0.948083221912384,0.0,btxrd-heuristic-000160,IMG000306.jpeg,0.0,0,320,masks/IMG000306.png,14bf4fc16d7e9f17cb073a83ba89ab04bd4c22a2b6f80f25bf73a67ce7a0a340,0,320,6,no_candidate_survived_or_postprocess_empty,4,1024,0.0,0,0,0,0.15588702261447906,0.08269675821065903,0.0025442843325436115,val,empty_after_localization,0.15,1,1,0,1024,1024
0,0,1.0,0.06502734124660492,0.0,0.286904296875,0.16535617411136627,ground_truth,,,,0.002634318545460701,0.0,btxrd-heuristic-000167,IMG000320.jpeg,0.0,0,320,masks/IMG000320.png,14bf4fc16d7e9f17cb073a83ba89ab04bd4c22a2b6f80f25bf73a67ce7a0a340,0,320,7,no_candidate_survived_or_postprocess_empty,9,1024,0.0,0,0,0,0.3530864119529724,0.17221620678901672,0.01875000074505806,val,empty_after_localization,0.15,1,1,0,1024,1024
0,0,1.0,0.1309184581041336,0.0,0.6119921875,0.2295910120010376,ground_truth,,,,0.9858826398849487,0.0,btxrd-heuristic-000172,IMG000327.jpeg,0.0,0,320,masks/IMG000327.png,14bf4fc16d7e9f17cb073a83ba89ab04bd4c22a2b6f80f25bf73a67ce7a0a340,0,320,6,no_candidate_survived_or_postprocess_empty,9,1024,0.0,0,0,0,0.1759486049413681,0.09109217673540115,0.0,val,empty_after_localization,0.15,1,1,0,1024,1024
3,0,1.0,0.09946171939373016,0.0,0.563837890625,0.16956688463687897,ground_truth,,,,0.43342581391334534,0.05357421875,btxrd-heuristic-000173,IMG000328.jpeg,0.05357421875,5486,320,masks/IMG000328.png,3e2315fbcd4c2bc428d568aa8809e808619609f6b943da6c00e4deaa999e5c67,0|255,320,6,,11,1024,0.05357421875,1,0,0,0.49540913105010986,0.17633992433547974,0.0,val,ok,0.15,1,1,0,1024,1024
0,0,1.0,0.04836293309926987,0.0,0.290947265625,0.129554882645607,ground_truth,,,,0.0033379599917680025,0.0,btxrd-heuristic-000180,IMG000337.jpeg,0.0,0,320,masks/IMG000337.png,14bf4fc16d7e9f17cb073a83ba89ab04bd4c22a2b6f80f25bf73a67ce7a0a340,0,320,6,no_candidate_survived_or_postprocess_empty,7,1024,0.0,0,0,0,0.2084997296333313,0.10227156430482864,0.0020792651921510696,val,empty_after_localization,0.15,1,1,0,1024,1024
3,0,1.0,0.12167045474052429,0.0,0.67271484375,0.22695864737033844,ground_truth,,,,0.6736235022544861,0.088056640625,btxrd-heuristic-000181,IMG000338.jpeg,0.088056640625,9017,320,masks/IMG000338.png,2f382d590270d67d4ea9ed9ba6a1b9c4b13eaf410e3b9eeb4b68f5ae00efa98f,0|255,320,4,,13,1024,0.088056640625,1,0,0,0.699758768081665,0.20181947946548462,0.01357228122651577,val,ok,0.15,1,1,0,1024,1024
0,0,1.0,0.048374395817518234,0.0,0.3771875,0.13204610347747803,ground_truth,,,,0.009457836858928204,0.0,btxrd-heuristic-000183,IMG000340.jpeg,0.0,0,320,masks/IMG000340.png,14bf4fc16d7e9f17cb073a83ba89ab04bd4c22a2b6f80f25bf73a67ce7a0a340,0,320,7,no_candidate_survived_or_postprocess_empty,11,1024,0.0,0,0,0,0.2863839268684387,0.1156475767493248,0.03134822100400925,val,empty_after_localization,0.15,1,1,0,1024,1024
0,0,1.0,0.1432519108057022,0.0,0.671708984375,0.21336235105991364,ground_truth,,,,0.9892764091491699,0.0,btxrd-heuristic-000203,IMG000372.jpeg,0.0,0,320,masks/IMG000372.png,14bf4fc16d7e9f17cb073a83ba89ab04bd4c22a2b6f80f25bf73a67ce7a0a340,0,320,5,no_candidate_survived_or_postprocess_empty,11,1024,0.0,0,0,0,0.38926756381988525,0.13431355357170105,0.030020933598279953,val,empty_after_localization,0.15,1,1,0,1024,1024
0,0,1.0,0.1239800900220871,0.0,0.5675390625,0.22127903997898102,ground_truth,,,,0.7506988644599915,0.0,btxrd-heuristic-000208,IMG000378.jpeg,0.0,0,320,masks/IMG000378.png,14bf4fc16d7e9f17cb073a83ba89ab04bd4c22a2b6f80f25bf73a67ce7a0a340,0,320,7,no_candidate_survived_or_postprocess_empty,5,1024,0.0,0,0,0,0.15023799240589142,0.07892872393131256,0.01421393733471632,val,empty_after_localization,0.15,1,1,0,1024,1024
3,0,1.0,0.19930370151996613,0.0,0.8540625,0.19154085218906403,ground_truth,,,,0.2057858407497406,0.002958984375,btxrd-heuristic-000223,IMG000408.jpeg,0.002958984375,303,320,masks/IMG000408.png,7bcded6faf808f0078dd8689a7bfcdf2c140d120671c05e2108490ee4315288b,0|255,320,9,,27,1024,0.002958984375,1,0,0,0.7300919890403748,0.1558547019958496,0.0005685854703187943,val,ok,0.15,1,1,0,1024,1024
1,0,1.0,0.08182686567306519,0.0,0.618671875,0.17029964923858643,ground_truth,,,,0.2769491970539093,0.0954296875,btxrd-heuristic-000228,IMG000414.jpeg,0.0954296875,9772,320,masks/IMG000414.png,1042c903d73cad747fb5f48cc1123739aae19c10d3eda9eb5703e60e8417afdc,0|255,320,3,,9,1024,0.0954296875,1,0,0,0.44149675965309143,0.1500786691904068,2.3832177120652887e-08,val,ok,0.15,1,1,0,1024,1024
0,0,1.0,0.10367311537265778,0.0,0.731220703125,0.16646037995815277,ground_truth,,,,0.9998308420181274,0.0,btxrd-heuristic-000229,IMG000415.jpeg,0.0,0,320,masks/IMG000415.png,14bf4fc16d7e9f17cb073a83ba89ab04bd4c22a2b6f80f25bf73a67ce7a0a340,0,320,3,no_candidate_survived_or_postprocess_empty,15,1024,0.0,0,0,0,0.15000632405281067,0.0811089351773262,0.0,val,empty_after_localization,0.15,1,4,0,1024,1024
0,0,1.0,0.01347844023257494,0.0,0.06017578125,0.0818268284201622,ground_truth,,,,0.00018916523549705744,0.0,btxrd-heuristic-000230,IMG000416.jpeg,0.0,0,320,masks/IMG000416.png,14bf4fc16d7e9f17cb073a83ba89ab04bd4c22a2b6f80f25bf73a67ce7a0a340,0,320,5,no_candidate_survived_or_postprocess_empty,4,1024,0.0,0,0,0,0.15000000596046448,0.07870108634233475,0.0,val,empty_after_localization,1.0,1,1,0,1024,1024
1,0,1.0,0.077569380402565,0.0,0.331796875,0.17378801107406616,ground_truth,,,,0.005474344827234745,0.014033203125,btxrd-heuristic-000233,IMG000420.jpeg,0.014033203125,1437,320,masks/IMG000420.png,514613d93041932e2a47eefdbe9d246503b476694965df0979faf2d5afb2e470,0|255,320,4,,9,1024,0.014033203125,1,0,0,0.4079439043998718,0.17882570624351501,7.05063894201885e-06,val,ok,0.15,1,1,0,1024,1024
0,0,1.0,0.04241016507148743,0.0,0.1997265625,0.12046550959348679,ground_truth,,,,0.0003147645911667496,0.0,btxrd-heuristic-000244,IMG000439.jpeg,0.0,0,320,masks/IMG000439.png,14bf4fc16d7e9f17cb073a83ba89ab04bd4c22a2b6f80f25bf73a67ce7a0a340,0,320,4,no_candidate_survived_or_postprocess_empty,5,1024,0.0,0,0,0,0.15000000596046448,0.09852837771177292,0.05322647467255592,val,empty_after_localization,0.15,1,1,0,1024,1024
0,0,1.0,0.20282365381717682,0.0,0.880703125,0.22046737372875214,ground_truth,,,,0.22570742666721344,0.0,btxrd-heuristic-000260,IMG000467.jpeg,0.0,0,320,masks/IMG000467.png,14bf4fc16d7e9f17cb073a83ba89ab04bd4c22a2b6f80f25bf73a67ce7a0a340,0,320,9,no_candidate_survived_or_postprocess_empty,9,1024,0.0,0,0,0,0.25255289673805237,0.1018616184592247,0.0004504217067733407,val,empty_after_localization,0.14634765625,1,3,0,1024,1024
1,0,1.0,0.022951388731598854,0.0,0.1358984375,0.10639499872922897,ground_truth,,,,0.001346765668131411,0.00095703125,btxrd-heuristic-000267,IMG000478.jpeg,0.00095703125,98,320,masks/IMG000478.png,26cfe4979412e80b0c0bdc2ebc82ab41f583f3023f460e312b72de29629eaff0,0|255,320,5,,11,1024,0.00095703125,1,0,0,0.6671680808067322,0.13589642941951752,0.00038693431997671723,val,ok,1.0,1,2,0,1024,1024
0,0,1.0,0.0856068804860115,0.0,0.632333984375,0.17602260410785675,ground_truth,,,,0.5159696936607361,0.0,btxrd-heuristic-000269,IMG000481.jpeg,0.0,0,320,masks/IMG000481.png,14bf4fc16d7e9f17cb073a83ba89ab04bd4c22a2b6f80f25bf73a67ce7a0a340,0,320,8,no_candidate_survived_or_postprocess_empty,7,1024,0.0,0,0,0,0.3651277720928192,0.13718445599079132,0.0272062998265028,val,empty_after_localization,0.15,1,1,0,1024,1024
2,0,1.0,0.09815219789743423,0.0,0.62458984375,0.1455586850643158,ground_truth,,,,0.000977754476480186,0.011162109375,btxrd-heuristic-000278,IMG000496.jpeg,0.011162109375,1143,320,masks/IMG000496.png,62de96f01a020b0b83e7eb1a0a4425f1a5994baa533bc4b59e66add049cb7aff,0|255,320,6,,18,1024,0.011162109375,1,0,0,0.48069092631340027,0.15859633684158325,0.0020054522901773453,val,ok,0.15,1,3,0,1024,1024
1,0,1.0,0.19257178902626038,0.0,0.933232421875,0.18126483261585236,ground_truth,,,,0.9998113512992859,0.0021484375,btxrd-heuristic-000287,IMG000513.jpeg,0.0021484375,220,320,masks/IMG000513.png,97f2f7f67131dece718d8dbca126194605bdc72629f06b414ef2bedebb2480fc,0|255,320,9,,17,1024,0.0021484375,1,0,0,0.5016007423400879,0.10350602865219116,0.0003081598842982203,val,ok,0.135078125,1,7,0,1024,1024
0,0,1.0,0.060011230409145355,0.0,0.597666015625,0.14009316265583038,ground_truth,,,,0.575756311416626,0.0,btxrd-heuristic-000302,IMG000542.jpeg,0.0,0,320,masks/IMG000542.png,14bf4fc16d7e9f17cb073a83ba89ab04bd4c22a2b6f80f25bf73a67ce7a0a340,0,320,8,no_candidate_survived_or_postprocess_empty,6,1024,0.0,0,0,0,0.2874550223350525,0.13574907183647156,0.001040922594256699,val,empty_after_localization,0.15,1,1,0,1024,1024
3,0,1.0,0.10030627995729446,0.0,0.604619140625,0.1637660712003708,ground_truth,,,,0.0005692315171472728,0.00568359375,btxrd-heuristic-000305,IMG000548.jpeg,0.00568359375,582,320,masks/IMG000548.png,52e67c995b68def0f88f18e4c1c9d6d4645fc1c47b0c74e44b9953673d0352c8,0|255,320,6,,10,1024,0.00568359375,1,0,0,0.48077192902565,0.19581320881843567,0.017694177106022835,val,ok,0.15,1,5,0,1024,1024
0,0,1.0,0.07530438899993896,0.0,0.66796875,0.142551451921463,ground_truth,,,,0.0033550902735441923,0.0,btxrd-heuristic-000305,IMG000549.jpeg,0.0,0,320,masks/IMG000549.png,14bf4fc16d7e9f17cb073a83ba89ab04bd4c22a2b6f80f25bf73a67ce7a0a340,0,320,3,no_candidate_survived_or_postprocess_empty,7,1024,0.0,0,0,0,0.36601272225379944,0.11455642431974411,8.24160742922686e-05,val,empty_after_localization,0.15,1,5,0,1024,1024
1,0,1.0,0.05831805244088173,0.0,0.597314453125,0.16966457664966583,ground_truth,,,,0.9831427931785583,0.0,btxrd-heuristic-000308,IMG000555.jpeg,0.0,0,320,masks/IMG000555.png,14bf4fc16d7e9f17cb073a83ba89ab04bd4c22a2b6f80f25bf73a67ce7a0a340,0,320,3,no_candidate_survived_or_postprocess_empty,6,1024,0.16236328125,1,0,0,0.44625377655029297,0.12490212917327881,1.2996298210055102e-05,val,empty_after_localization,0.15,1,4,0,1024,1024
2,0,1.0,0.050930608063936234,0.0,0.689873046875,0.15225020051002502,ground_truth,,,,0.9107487201690674,0.002900390625,btxrd-heuristic-000308,IMG000556.jpeg,0.002900390625,297,320,masks/IMG000556.png,269e67f42032b2e122318df04e9eec92bf65ee5c368ba2aa64dd3a585f6a7542,0|255,320,3,,10,1024,0.002900390625,1,0,0,0.514541745185852,0.18731625378131866,9.336462426290382e-06,val,ok,0.15,1,4,0,1024,1024
0,0,1.0,0.05822690948843956,0.0,0.40701171875,0.15337547659873962,ground_truth,,,,0.534361720085144,0.0,btxrd-heuristic-000311,IMG000562.jpeg,0.0,0,320,masks/IMG000562.png,14bf4fc16d7e9f17cb073a83ba89ab04bd4c22a2b6f80f25bf73a67ce7a0a340,0,320,3,no_candidate_survived_or_postprocess_empty,7,1024,0.0,0,0,0,0.38985273241996765,0.12994983792304993,0.01728321798145771,val,empty_after_localization,0.15,1,7,0,1024,1024
1,0,1.0,0.042966198176145554,0.0,0.2443359375,0.13643459975719452,ground_truth,,,,0.0007809116505086422,0.0,btxrd-heuristic-000320,IMG000576.jpeg,0.0,0,320,masks/IMG000576.png,14bf4fc16d7e9f17cb073a83ba89ab04bd4c22a2b6f80f25bf73a67ce7a0a340,0,320,9,no_candidate_survived_or_postprocess_empty,12,1024,0.15666015625,1,0,0,0.41526877880096436,0.12552908062934875,0.013636363670229912,val,empty_after_localization,0.14654296875,1,5,0,1024,1024
5,0,1.0,0.11451487243175507,0.0,0.818564453125,0.19549798965454102,ground_truth,,,,0.9659113883972168,0.001455078125,btxrd-heuristic-000324,IMG000582.jpeg,0.001455078125,149,320,masks/IMG000582.png,2589abb6cc919af7b4a661c052fa6cdcee91eebd5d5dfa2c4669773ff80687de,0|255,320,5,,16,1024,0.001455078125,1,0,0,0.6429896354675293,0.2735157012939453,0.025357600301504135,val,ok,0.15,1,3,0,1024,1024
0,0,1.0,0.10675018280744553,0.0,0.587431640625,0.1876293122768402,ground_truth,,,,0.8670713305473328,0.0,btxrd-heuristic-000341,IMG000612.jpeg,0.0,0,320,masks/IMG000612.png,14bf4fc16d7e9f17cb073a83ba89ab04bd4c22a2b6f80f25bf73a67ce7a0a340,0,320,6,no_candidate_survived_or_postprocess_empty,14,1024,0.0,0,0,0,0.1507628709077835,0.07985353469848633,0.01948692835867405,val,empty_after_localization,0.15,1,7,0,1024,1024
0,0,1.0,0.02446979284286499,0.0,0.111953125,0.10267297178506851,ground_truth,,,,0.0038031230214983225,0.0,btxrd-heuristic-000349,IMG000628.jpeg,0.0,0,320,masks/IMG000628.png,14bf4fc16d7e9f17cb073a83ba89ab04bd4c22a2b6f80f25bf73a67ce7a0a340,0,320,5,no_candidate_survived_or_postprocess_empty,10,1024,0.0,0,0,0,0.15000000596046448,0.07500241696834564,7.997808097570669e-06,val,empty_after_localization,1.0,1,3,0,1024,1024
1,0,1.0,0.15910539031028748,0.0,0.781015625,0.19682787358760834,ground_truth,,,,0.8437674045562744,0.000947265625,btxrd-heuristic-000354,IMG000636.jpeg,0.000947265625,97,320,masks/IMG000636.png,67a562be44aa856726ff9da4dcf0b0de6691f4789cb557a38d3948bfd60a4e96,0|255,320,8,,12,1024,0.000947265625,1,0,0,0.6421203017234802,0.156096950173378,7.499962521251291e-05,val,ok,0.150009765625,1,3,0,1024,1024
0,0,1.0,0.0589643195271492,0.0,0.45982421875,0.14452476799488068,ground_truth,,,,0.2364828884601593,0.0,btxrd-heuristic-000358,IMG000641.jpeg,0.0,0,320,masks/IMG000641.png,14bf4fc16d7e9f17cb073a83ba89ab04bd4c22a2b6f80f25bf73a67ce7a0a340,0,320,4,no_candidate_survived_or_postprocess_empty,9,1024,0.0,0,0,0,0.3437483608722687,0.1635475605726242,0.04021650552749634,val,empty_after_localization,0.15,1,1,0,1024,1024
0,0,1.0,0.11701486259698868,0.0,0.783486328125,0.14395485818386078,ground_truth,,,,0.9979065656661987,0.0,btxrd-heuristic-000359,IMG000642.jpeg,0.0,0,320,masks/IMG000642.png,14bf4fc16d7e9f17cb073a83ba89ab04bd4c22a2b6f80f25bf73a67ce7a0a340,0,320,9,no_candidate_survived_or_postprocess_empty,22,1024,0.0,0,0,0,0.368608683347702,0.09461922943592072,1.301395968766883e-07,val,empty_after_localization,0.148505859375,1,3,0,1024,1024
0,0,1.0,0.09014251083135605,0.0,0.670283203125,0.17466136813163757,ground_truth,,,,0.9998607635498047,0.0,btxrd-heuristic-000370,IMG000660.jpeg,0.0,0,320,masks/IMG000660.png,14bf4fc16d7e9f17cb073a83ba89ab04bd4c22a2b6f80f25bf73a67ce7a0a340,0,320,4,no_candidate_survived_or_postprocess_empty,11,1024,0.0,0,0,0,0.17096687853336334,0.09213504195213318,0.00831175222992897,val,empty_after_localization,0.150009765625,1,2,0,1024,1024
1,0,1.0,0.018696846440434456,0.0,0.1355859375,0.0865081399679184,ground_truth,,,,0.0011760694906115532,0.0,btxrd-heuristic-000377,IMG000672.jpeg,0.0,0,320,masks/IMG000672.png,14bf4fc16d7e9f17cb073a83ba89ab04bd4c22a2b6f80f25bf73a67ce7a0a340,0,320,7,no_candidate_survived_or_postprocess_empty,7,1024,0.848017578125,1,0,0,0.4070751368999481,0.14712917804718018,0.029992882162332535,val,empty_after_localization,1.0,1,1,0,1024,1024
0,0,1.0,0.11727175861597061,0.0,0.624248046875,0.21930070221424103,ground_truth,,,,0.9759523272514343,0.0,btxrd-heuristic-000383,IMG000681.jpeg,0.0,0,320,masks/IMG000681.png,14bf4fc16d7e9f17cb073a83ba89ab04bd4c22a2b6f80f25bf73a67ce7a0a340,0,320,3,no_candidate_survived_or_postprocess_empty,5,1024,0.0,0,0,0,0.1809990555047989,0.12088636308908463,0.06194791942834854,val,empty_after_localization,0.15,1,1,0,1024,1024
0,0,1.0,0.048851680010557175,0.0,0.666923828125,0.12439918518066406,ground_truth,,,,0.9333478808403015,0.0,btxrd-heuristic-000384,IMG000682.jpeg,0.0,0,320,masks/IMG000682.png,14bf4fc16d7e9f17cb073a83ba89ab04bd4c22a2b6f80f25bf73a67ce7a0a340,0,320,7,no_candidate_survived_or_postprocess_empty,9,1024,0.0,0,0,0,0.197881817817688,0.08914809674024582,0.009403461590409279,val,empty_after_localization,0.15,1,1,0,1024,1024
1,0,1.0,0.14005827903747559,0.0,0.57490234375,0.2318466156721115,ground_truth,,,,0.9509683847427368,0.097568359375,btxrd-heuristic-000394,IMG000699.jpeg,0.097568359375,9991,320,masks/IMG000699.png,09cfbc9face7eeeef9e2cdaf78b1365224f59a6d84d538ff50889dbc4f6e5534,0|255,320,5,,11,1024,0.097568359375,1,0,0,0.5038202404975891,0.14025962352752686,0.002302842680364847,val,ok,0.15,1,1,0,1024,1024
5,0,1.0,0.1292535960674286,0.0,0.747783203125,0.21870191395282745,ground_truth,,,,0.9998916387557983,0.0010546875,btxrd-heuristic-000411,IMG000727.jpeg,0.0010546875,108,320,masks/IMG000727.png,b52559fc22017c149d4051834614c3ff9903409308c277fed436f9314181bbbb,0|255,320,5,,9,1024,0.0010546875,1,0,0,0.6762069463729858,0.4008025527000427,0.0977950319647789,val,ok,0.15,1,1,0,1024,1024
0,0,1.0,0.06883196532726288,0.0,0.535751953125,0.1489195078611374,ground_truth,,,,0.5981042385101318,0.0,btxrd-heuristic-000422,IMG000747.jpeg,0.0,0,320,masks/IMG000747.png,14bf4fc16d7e9f17cb073a83ba89ab04bd4c22a2b6f80f25bf73a67ce7a0a340,0,320,9,no_candidate_survived_or_postprocess_empty,8,1024,0.0,0,0,0,0.15005643665790558,0.09463051706552505,0.022014649584889412,val,empty_after_localization,0.1494140625,1,1,0,1024,1024
0,0,1.0,0.14362771809101105,0.0,0.8030078125,0.2038656771183014,ground_truth,,,,0.9543749094009399,0.0,btxrd-heuristic-000424,IMG000749.jpeg,0.0,0,320,masks/IMG000749.png,14bf4fc16d7e9f17cb073a83ba89ab04bd4c22a2b6f80f25bf73a67ce7a0a340,0,320,5,no_candidate_survived_or_postprocess_empty,6,1024,0.0,0,0,0,0.24028122425079346,0.11079589277505875,0.013956769369542599,val,empty_after_localization,0.15,1,1,0,1024,1024
0,0,1.0,0.051331110298633575,0.0,0.429814453125,0.13942576944828033,ground_truth,,,,0.5902808308601379,0.0,btxrd-heuristic-000425,IMG000750.jpeg,0.0,0,320,masks/IMG000750.png,14bf4fc16d7e9f17cb073a83ba89ab04bd4c22a2b6f80f25bf73a67ce7a0a340,0,320,8,no_candidate_survived_or_postprocess_empty,8,1024,0.0,0,0,0,0.385152667760849,0.11440759897232056,7.635603083144815e-07,val,empty_after_localization,0.1479296875,1,1,0,1024,1024
1,0,1.0,0.055562566965818405,0.0,0.339033203125,0.14352203905582428,ground_truth,,,,0.02651602029800415,0.0,btxrd-heuristic-000426,IMG000751.jpeg,0.0,0,320,masks/IMG000751.png,14bf4fc16d7e9f17cb073a83ba89ab04bd4c22a2b6f80f25bf73a67ce7a0a340,0,320,7,no_candidate_survived_or_postprocess_empty,12,1024,0.000234375,1,0,0,0.6689592003822327,0.1649066060781479,0.013636363670229912,val,empty_after_localization,0.15,1,1,0,1024,1024
0,0,1.0,0.07611431181430817,0.0,0.5827734375,0.1574975699186325,ground_truth,,,,0.9731086492538452,0.0,btxrd-heuristic-000434,IMG000762.jpeg,0.0,0,320,masks/IMG000762.png,14bf4fc16d7e9f17cb073a83ba89ab04bd4c22a2b6f80f25bf73a67ce7a0a340,0,320,6,no_candidate_survived_or_postprocess_empty,7,1024,0.0,0,0,0,0.34645330905914307,0.15763278305530548,0.049950651824474335,val,empty_after_localization,0.15,1,1,0,1024,1024
0,0,1.0,0.06315816938877106,0.0,0.5635546875,0.13543039560317993,ground_truth,,,,0.9930328130722046,0.0,btxrd-heuristic-000435,IMG000763.jpeg,0.0,0,320,masks/IMG000763.png,14bf4fc16d7e9f17cb073a83ba89ab04bd4c22a2b6f80f25bf73a67ce7a0a340,0,320,8,no_candidate_survived_or_postprocess_empty,6,1024,0.0,0,0,0,0.15000224113464355,0.0847005620598793,0.032708410173654556,val,empty_after_localization,0.15,1,1,0,1024,1024
2,0,1.0,0.14082013070583344,0.0,0.849716796875,0.18907439708709717,ground_truth,,,,0.9824329614639282,0.004111328125,btxrd-heuristic-000452,IMG000793.jpeg,0.004111328125,421,320,masks/IMG000793.png,fd73b03507a043a59cf57e812ef0ef011b934a575b2689685f648b566713741f,0|255,320,9,,17,1024,0.00412109375,1,0,0,0.7237402200698853,0.1790241301059723,0.00937500037252903,val,ok,0.136982421875,1,3,0,1024,1024
0,0,1.0,0.10050225257873535,0.0,0.610634765625,0.18422020971775055,ground_truth,,,,0.3790648579597473,0.0,btxrd-heuristic-000452,IMG000794.jpeg,0.0,0,320,masks/IMG000794.png,14bf4fc16d7e9f17cb073a83ba89ab04bd4c22a2b6f80f25bf73a67ce7a0a340,0,320,7,no_candidate_survived_or_postprocess_empty,12,1024,0.0,0,0,0,0.25670215487480164,0.09866482019424438,0.0009893920505419374,val,empty_after_localization,0.14978515625,1,3,0,1024,1024
0,0,1.0,0.14049915969371796,0.0,0.870625,0.1756603717803955,ground_truth,,,,0.9968525767326355,0.0,btxrd-heuristic-000476,IMG000838.jpeg,0.0,0,320,masks/IMG000838.png,14bf4fc16d7e9f17cb073a83ba89ab04bd4c22a2b6f80f25bf73a67ce7a0a340,0,320,4,no_candidate_survived_or_postprocess_empty,12,1024,0.0,0,0,0,0.18748870491981506,0.10298985987901688,0.00018183785141445696,val,empty_after_localization,0.15,1,7,0,1024,1024
0,0,1.0,0.1074214056134224,0.0,0.57845703125,0.1963833123445511,ground_truth,,,,0.6984729170799255,0.0,btxrd-heuristic-000501,IMG000876.jpeg,0.0,0,320,masks/IMG000876.png,14bf4fc16d7e9f17cb073a83ba89ab04bd4c22a2b6f80f25bf73a67ce7a0a340,0,320,3,no_candidate_survived_or_postprocess_empty,10,1024,0.0,0,0,0,0.37228766083717346,0.16006603837013245,0.06697101891040802,val,empty_after_localization,0.15,1,1,0,1024,1024
0,0,1.0,0.21019546687602997,0.0,0.885556640625,0.2709958851337433,ground_truth,,,,0.9999969005584717,0.0,btxrd-heuristic-000513,IMG000895.jpeg,0.0,0,320,masks/IMG000895.png,14bf4fc16d7e9f17cb073a83ba89ab04bd4c22a2b6f80f25bf73a67ce7a0a340,0,320,5,no_candidate_survived_or_postprocess_empty,4,1024,0.0,0,0,0,0.28892356157302856,0.12052054703235626,0.0057802689261734486,val,empty_after_localization,0.15,1,1,0,1024,1024
1,0,1.0,0.057223740965127945,0.0,0.39189453125,0.15058255195617676,ground_truth,,,,0.8511762022972107,0.039248046875,btxrd-heuristic-000516,IMG000899.jpeg,0.039248046875,4019,320,masks/IMG000899.png,4d90f50a9a5169932dd16eb9c4ea052558b74a566082f3869f686e72ece46438,0|255,320,6,,10,1024,0.039248046875,1,0,0,0.45650336146354675,0.12336230278015137,0.01666666753590107,val,ok,0.15,1,1,0,1024,1024
1,0,1.0,0.08943196386098862,0.0,0.654765625,0.17529913783073425,ground_truth,,,,0.9161846041679382,0.1615234375,btxrd-heuristic-000518,IMG000901.jpeg,0.1615234375,16540,320,masks/IMG000901.png,f026766a2cb99dde47d6e5ae8a1076a99735140436083d7f32bb7fbda11ad60c,0|255,320,3,,7,1024,0.1615234375,1,0,0,0.4088260233402252,0.245051309466362,0.05005529895424843,val,ok,0.15,1,1,0,1024,1024
0,0,1.0,0.10686126351356506,0.0,0.7287890625,0.16252624988555908,ground_truth,,,,0.9993771910667419,0.0,btxrd-heuristic-000519,IMG000902.jpeg,0.0,0,320,masks/IMG000902.png,14bf4fc16d7e9f17cb073a83ba89ab04bd4c22a2b6f80f25bf73a67ce7a0a340,0,320,5,no_candidate_survived_or_postprocess_empty,10,1024,0.0,0,0,0,0.19858859479427338,0.10749794542789459,1.6110359979393252e-07,val,empty_after_localization,0.15,1,1,0,1024,1024
0,0,1.0,0.10919012874364853,0.0,0.7109375,0.18545882403850555,ground_truth,,,,0.9971948862075806,0.0,btxrd-heuristic-000521,IMG000905.jpeg,0.0,0,320,masks/IMG000905.png,14bf4fc16d7e9f17cb073a83ba89ab04bd4c22a2b6f80f25bf73a67ce7a0a340,0,320,5,no_candidate_survived_or_postprocess_empty,7,1024,0.0,0,0,0,0.15436512231826782,0.08809318393468857,0.025600187480449677,val,empty_after_localization,0.15,1,1,0,1024,1024
0,0,1.0,0.10786977410316467,0.0,0.58734375,0.2001434564590454,ground_truth,,,,0.9357000589370728,0.0,btxrd-heuristic-000527,IMG000917.jpeg,0.0,0,320,masks/IMG000917.png,14bf4fc16d7e9f17cb073a83ba89ab04bd4c22a2b6f80f25bf73a67ce7a0a340,0,320,5,no_candidate_survived_or_postprocess_empty,5,1024,0.0,0,0,0,0.3979257047176361,0.16009333729743958,0.03750000149011612,val,empty_after_localization,0.15,1,1,0,1024,1024
1,0,1.0,0.11916407942771912,0.0,0.8054296875,0.21044926345348358,ground_truth,,,,0.9854825735092163,0.160009765625,btxrd-heuristic-000528,IMG000918.jpeg,0.160009765625,16385,320,masks/IMG000918.png,c0cda1bec0fb244273735334f62c5b75e0befa8915413fd11a015f893d279148,0|255,320,5,,8,1024,0.160009765625,1,0,0,0.4579928517341614,0.1332104653120041,0.014143476262688637,val,ok,0.15,1,1,0,1024,1024
0,0,1.0,0.13754156231880188,0.0,0.792412109375,0.21329276263713837,ground_truth,,,,0.9996950626373291,0.0,btxrd-heuristic-000533,IMG000924.jpeg,0.0,0,320,masks/IMG000924.png,14bf4fc16d7e9f17cb073a83ba89ab04bd4c22a2b6f80f25bf73a67ce7a0a340,0,320,7,no_candidate_survived_or_postprocess_empty,12,1024,0.0,0,0,0,0.2911638915538788,0.12009906768798828,5.517373574548401e-05,val,empty_after_localization,0.15,1,1,0,1024,1024
0,0,1.0,0.07846168428659439,0.0,0.79271484375,0.16115687787532806,ground_truth,,,,0.6751176118850708,0.0,btxrd-heuristic-000536,IMG000928.jpeg,0.0,0,320,masks/IMG000928.png,14bf4fc16d7e9f17cb073a83ba89ab04bd4c22a2b6f80f25bf73a67ce7a0a340,0,320,6,no_candidate_survived_or_postprocess_empty,7,1024,0.0,0,0,0,0.3221350610256195,0.1088533028960228,1.7821730580180883e-06,val,empty_after_localization,0.15,1,1,0,1024,1024
0,0,1.0,0.0869482234120369,0.0,0.811044921875,0.16741754114627838,ground_truth,,,,0.8804391622543335,0.0,btxrd-heuristic-000538,IMG000930.jpeg,0.0,0,320,masks/IMG000930.png,14bf4fc16d7e9f17cb073a83ba89ab04bd4c22a2b6f80f25bf73a67ce7a0a340,0,320,7,no_candidate_survived_or_postprocess_empty,6,1024,0.0,0,0,0,0.1578052043914795,0.08785716444253922,2.7034097001887858e-05,val,empty_after_localization,0.15,1,1,0,1024,1024
1,0,1.0,0.08421396464109421,0.0,0.55400390625,0.17268328368663788,ground_truth,,,,0.11019270122051239,0.007880859375,btxrd-heuristic-000539,IMG000931.jpeg,0.007880859375,807,320,masks/IMG000931.png,3d4f7628bd98b7fbe6759b31e07a7df87db0f7a1877a2de8f8d8181c4ea64245,0|255,320,6,,10,1024,0.007880859375,1,0,0,0.5667936205863953,0.15157444775104523,0.01666666753590107,val,ok,0.15,1,1,0,1024,1024
0,0,1.0,0.15507805347442627,0.0,0.765625,0.20102642476558685,ground_truth,,,,0.9954700469970703,0.0,btxrd-heuristic-000540,IMG000932.jpeg,0.0,0,320,masks/IMG000932.png,14bf4fc16d7e9f17cb073a83ba89ab04bd4c22a2b6f80f25bf73a67ce7a0a340,0,320,9,no_candidate_survived_or_postprocess_empty,10,1024,0.0,0,0,0,0.35256531834602356,0.15790608525276184,0.01666666753590107,val,empty_after_localization,0.15,1,1,0,1024,1024
1,0,1.0,0.06932851672172546,0.0,0.578818359375,0.15954814851284027,ground_truth,,,,0.8798278570175171,0.0,btxrd-heuristic-000547,IMG000944.jpeg,0.0,0,320,masks/IMG000944.png,14bf4fc16d7e9f17cb073a83ba89ab04bd4c22a2b6f80f25bf73a67ce7a0a340,0,320,4,no_candidate_survived_or_postprocess_empty,11,1024,0.156796875,1,0,0,0.40149378776550293,0.11271718144416809,8.100233571894933e-06,val,empty_after_localization,0.15,1,2,0,1024,1024
0,0,1.0,0.16509251296520233,0.0,0.941962890625,0.20884209871292114,ground_truth,,,,0.9999827146530151,0.0,btxrd-heuristic-000561,IMG000963.jpeg,0.0,0,320,masks/IMG000963.png,14bf4fc16d7e9f17cb073a83ba89ab04bd4c22a2b6f80f25bf73a67ce7a0a340,0,320,8,no_candidate_survived_or_postprocess_empty,6,1024,0.0,0,0,0,0.15320003032684326,0.07727808505296707,6.537714398291428e-06,val,empty_after_localization,0.15,1,2,0,1024,1024
2,0,1.0,0.10797116905450821,0.0,0.51638671875,0.2180585265159607,ground_truth,,,,0.4859674572944641,0.01134765625,btxrd-heuristic-000566,IMG000969.jpeg,0.01134765625,1162,320,masks/IMG000969.png,01be17073921726f30bbd655cc4a647aba267e1cdd6edfcd2f026122ca07a5a6,0|255,320,3,,9,1024,0.01134765625,1,0,0,0.46331721544265747,0.2308047115802765,0.001300819800235331,val,ok,0.15,1,2,0,1024,1024
0,0,1.0,0.10027690976858139,0.0,0.475,0.1952735334634781,ground_truth,,,,0.5882546901702881,0.0,btxrd-heuristic-000568,IMG000971.jpeg,0.0,0,320,masks/IMG000971.png,14bf4fc16d7e9f17cb073a83ba89ab04bd4c22a2b6f80f25bf73a67ce7a0a340,0,320,5,no_candidate_survived_or_postprocess_empty,8,1024,0.0,0,0,0,0.2451561987400055,0.1563865691423416,0.0,val,empty_after_localization,0.15,1,2,0,1024,1024
0,0,1.0,0.11571639776229858,0.0,0.7647265625,0.18028275668621063,ground_truth,,,,0.9986679553985596,0.0,btxrd-heuristic-000581,IMG000993.jpeg,0.0,0,320,masks/IMG000993.png,14bf4fc16d7e9f17cb073a83ba89ab04bd4c22a2b6f80f25bf73a67ce7a0a340,0,320,6,no_candidate_survived_or_postprocess_empty,6,1024,0.0,0,0,0,0.21802254021167755,0.1118839755654335,4.9632003538135905e-06,val,empty_after_localization,0.15,1,1,0,1024,1024
1,0,1.0,0.07528642565011978,0.0,0.60384765625,0.15942853689193726,ground_truth,,,,0.9125455617904663,0.04736328125,btxrd-heuristic-000583,IMG000996.jpeg,0.04736328125,4850,320,masks/IMG000996.png,910d220c595ad933b6e2e36fbc9f96498ec1486ba401adefb719cd46ee27d7f6,0|255,320,8,,11,1024,0.04736328125,1,0,0,0.46219781041145325,0.15745028853416443,0.015007860027253628,val,ok,0.15,1,1,0,1024,1024
2,0,1.0,0.11400127410888672,0.0,0.734140625,0.1847245991230011,ground_truth,,,,0.9999891519546509,0.021171875,btxrd-heuristic-000591,IMG001006.jpeg,0.021171875,2168,320,masks/IMG001006.png,9ce5a5e66bf2ea394a027fd820c9446ff579e5e86ea445a031293b48660218f0,0|255,320,9,,8,1024,0.021171875,1,0,0,0.6136062741279602,0.20810595154762268,0.02147451415657997,val,ok,0.15,1,2,0,1024,1024
0,0,1.0,0.11073055118322372,0.0,0.521884765625,0.18269537389278412,ground_truth,,,,0.9887280464172363,0.0,btxrd-heuristic-000592,IMG001007.jpeg,0.0,0,320,masks/IMG001007.png,14bf4fc16d7e9f17cb073a83ba89ab04bd4c22a2b6f80f25bf73a67ce7a0a340,0,320,8,no_candidate_survived_or_postprocess_empty,6,1024,0.0,0,0,0,0.3678196966648102,0.14734309911727905,0.0,val,empty_after_localization,0.15,1,2,0,1024,1024
0,0,1.0,0.046140071004629135,0.0,0.37525390625,0.13043662905693054,ground_truth,,,,0.7399802803993225,0.0,btxrd-heuristic-000600,IMG001024.jpeg,0.0,0,320,masks/IMG001024.png,14bf4fc16d7e9f17cb073a83ba89ab04bd4c22a2b6f80f25bf73a67ce7a0a340,0,320,9,no_candidate_survived_or_postprocess_empty,6,1024,0.0,0,0,0,0.39259228110313416,0.16693025827407837,0.0002888668386731297,val,empty_after_localization,0.15,1,1,0,1024,1024
2,0,1.0,0.07975047081708908,0.0,0.749296875,0.1427924484014511,ground_truth,,,,0.7068630456924438,0.00490234375,btxrd-heuristic-000605,IMG001030.jpeg,0.00490234375,502,320,masks/IMG001030.png,dde26e24dea62237a5ad5265cb8e014af6f0d759b9852e234838898b6d57a2da,0|255,320,8,,9,1024,0.00490234375,1,0,0,0.7068931460380554,0.23681886494159698,0.019336363300681114,val,ok,0.1473828125,1,7,0,1024,1024
2,0,1.0,0.14461907744407654,0.0,0.767587890625,0.1851215362548828,ground_truth,,,,0.5203751921653748,0.000556640625,btxrd-heuristic-000620,IMG001056.jpeg,0.000556640625,57,320,masks/IMG001056.png,49048adae649d5fe7ac860718c5c035e20697888ebd3165385a9040c5aa802bd,0|255,320,9,,28,1024,0.000556640625,1,0,0,0.61728835105896,0.12729571759700775,9.818145190365613e-05,val,ok,0.140166015625,1,7,0,1024,1024
0,0,1.0,0.04588831961154938,0.0,0.7517578125,0.13208171725273132,ground_truth,,,,0.7689064741134644,0.0,btxrd-heuristic-000622,IMG001059.jpeg,0.0,0,320,masks/IMG001059.png,14bf4fc16d7e9f17cb073a83ba89ab04bd4c22a2b6f80f25bf73a67ce7a0a340,0,320,6,no_candidate_survived_or_postprocess_empty,9,1024,0.0,0,0,0,0.2758634686470032,0.1177116110920906,0.002741463715210557,val,empty_after_localization,0.15,1,1,0,1024,1024
0,0,1.0,0.10555404424667358,0.0,0.834921875,0.176132470369339,ground_truth,,,,0.9993057250976562,0.0,btxrd-heuristic-000623,IMG001060.jpeg,0.0,0,320,masks/IMG001060.png,14bf4fc16d7e9f17cb073a83ba89ab04bd4c22a2b6f80f25bf73a67ce7a0a340,0,320,5,no_candidate_survived_or_postprocess_empty,6,1024,0.0,0,0,0,0.24920864403247833,0.13190613687038422,0.007236430887132883,val,empty_after_localization,0.15,1,1,0,1024,1024
0,0,1.0,0.15603141486644745,0.0,0.92625,0.18072795867919922,ground_truth,,,,0.9999686479568481,0.0,btxrd-heuristic-000639,IMG001092.jpeg,0.0,0,320,masks/IMG001092.png,14bf4fc16d7e9f17cb073a83ba89ab04bd4c22a2b6f80f25bf73a67ce7a0a340,0,320,9,no_candidate_survived_or_postprocess_empty,5,1024,0.0,0,0,0,0.2306623011827469,0.0985112413764,0.016557853668928146,val,empty_after_localization,0.128984375,1,2,0,1024,1024
0,0,1.0,0.09613896161317825,0.0,0.7801171875,0.1868940144777298,ground_truth,,,,0.9986336827278137,0.0,btxrd-heuristic-000641,IMG001094.jpeg,0.0,0,320,masks/IMG001094.png,14bf4fc16d7e9f17cb073a83ba89ab04bd4c22a2b6f80f25bf73a67ce7a0a340,0,320,5,no_candidate_survived_or_postprocess_empty,7,1024,0.0,0,0,0,0.29135075211524963,0.1300305277109146,0.025000030174851418,val,empty_after_localization,0.15,1,2,0,1024,1024
0,0,1.0,0.11971572041511536,0.0,0.76662109375,0.1863115280866623,ground_truth,,,,0.9990811347961426,0.0,btxrd-heuristic-000644,IMG001098.jpeg,0.0,0,320,masks/IMG001098.png,14bf4fc16d7e9f17cb073a83ba89ab04bd4c22a2b6f80f25bf73a67ce7a0a340,0,320,7,no_candidate_survived_or_postprocess_empty,9,1024,0.0,0,0,0,0.25751447677612305,0.09604350477457047,0.0012577773304656148,val,empty_after_localization,0.15,1,1,0,1024,1024
0,0,1.0,0.05173361673951149,0.0,0.668076171875,0.12780992686748505,ground_truth,,,,0.7398134469985962,0.0,btxrd-heuristic-000649,IMG001106.jpeg,0.0,0,320,masks/IMG001106.png,14bf4fc16d7e9f17cb073a83ba89ab04bd4c22a2b6f80f25bf73a67ce7a0a340,0,320,4,no_candidate_survived_or_postprocess_empty,7,1024,0.0,0,0,0,0.2581039369106293,0.11654756963253021,0.0,val,empty_after_localization,0.15,1,2,0,1024,1024
0,0,1.0,0.030073029920458794,0.0,0.44865234375,0.09474873542785645,ground_truth,,,,0.39308011531829834,0.0,btxrd-heuristic-000669,IMG001136.jpeg,0.0,0,320,masks/IMG001136.png,14bf4fc16d7e9f17cb073a83ba89ab04bd4c22a2b6f80f25bf73a67ce7a0a340,0,320,9,no_candidate_survived_or_postprocess_empty,3,1024,0.0,0,0,0,0.27702492475509644,0.15254691243171692,8.008428267203271e-07,val,empty_after_localization,0.11876953125,1,1,0,1024,1024
0,0,1.0,0.09406504034996033,0.0,0.7819140625,0.17384666204452515,ground_truth,,,,0.9786959886550903,0.0,btxrd-heuristic-000672,IMG001140.jpeg,0.0,0,320,masks/IMG001140.png,14bf4fc16d7e9f17cb073a83ba89ab04bd4c22a2b6f80f25bf73a67ce7a0a340,0,320,6,no_candidate_survived_or_postprocess_empty,5,1024,0.0,0,0,0,0.23837630450725555,0.12331230938434601,3.92378979086061e-06,val,empty_after_localization,0.15,1,1,0,1024,1024
2,0,1.0,0.12117168307304382,0.0,0.71931640625,0.20685100555419922,ground_truth,,,,0.9942242503166199,0.09681640625,btxrd-heuristic-000673,IMG001141.jpeg,0.09681640625,9914,320,masks/IMG001141.png,d732c22a939612df22b857f0faa9401fc0b587b288e0fd7af00b808f18d2fb0b,0|255,320,3,,9,1024,0.09681640625,1,0,0,0.5446186661720276,0.1884251832962036,1.683978371147532e-05,val,ok,0.15,1,1,0,1024,1024
0,0,1.0,0.18206840753555298,0.0,0.906689453125,0.18136315047740936,ground_truth,,,,0.9998842477798462,0.0,btxrd-heuristic-000693,IMG001174.jpeg,0.0,0,320,masks/IMG001174.png,14bf4fc16d7e9f17cb073a83ba89ab04bd4c22a2b6f80f25bf73a67ce7a0a340,0,320,9,no_candidate_survived_or_postprocess_empty,19,1024,0.0,0,0,0,0.21248656511306763,0.0883389338850975,3.226333137718029e-05,val,empty_after_localization,0.143837890625,1,2,0,1024,1024
1,0,1.0,0.16636835038661957,0.0,0.814736328125,0.24390549957752228,ground_truth,,,,0.9997414946556091,0.011123046875,btxrd-heuristic-000702,IMG001190.jpeg,0.011123046875,1139,320,masks/IMG001190.png,e896e2e198f94ca8add839f6734530951990c5e8bca28fa40e0a9a1bf7197258,0|255,320,6,,8,1024,0.011123046875,1,0,0,0.41745758056640625,0.2020513415336609,0.06429016590118408,val,ok,0.15,1,6,0,1024,1024
0,0,1.0,0.12868861854076385,0.0,0.781767578125,0.2132588028907776,ground_truth,,,,0.9944743514060974,0.0,btxrd-heuristic-000702,IMG001191.jpeg,0.0,0,320,masks/IMG001191.png,14bf4fc16d7e9f17cb073a83ba89ab04bd4c22a2b6f80f25bf73a67ce7a0a340,0,320,6,no_candidate_survived_or_postprocess_empty,8,1024,0.0,0,0,0,0.15538178384304047,0.08183327317237854,0.021451957523822784,val,empty_after_localization,0.15,1,6,0,1024,1024
11,0,1.0,0.09907495230436325,0.0,0.4995703125,0.21497568488121033,ground_truth,,,,0.9449413418769836,0.00232421875,btxrd-heuristic-000707,IMG001202.jpeg,0.00232421875,238,320,masks/IMG001202.png,d8aa714ad68323584a4d4159a8c8ab6f2e21749e1f6b174e92446352a7033089,0|255,320,3,,20,1024,0.00232421875,1,0,0,0.7542784810066223,0.41372591257095337,0.03168917074799538,val,ok,0.15,1,1,0,1024,1024
0,0,1.0,0.08053823560476303,0.0,0.693583984375,0.1331712156534195,ground_truth,,,,0.6842488050460815,0.0,btxrd-heuristic-000710,IMG001206.jpeg,0.0,0,320,masks/IMG001206.png,14bf4fc16d7e9f17cb073a83ba89ab04bd4c22a2b6f80f25bf73a67ce7a0a340,0,320,9,no_candidate_survived_or_postprocess_empty,6,1024,0.0,0,0,0,0.33526235818862915,0.12433713674545288,3.649590780696599e-06,val,empty_after_localization,0.15,1,1,0,1024,1024
0,0,1.0,0.13532690703868866,0.0,0.9424609375,0.17096783220767975,ground_truth,,,,0.9984604120254517,0.0,btxrd-heuristic-000715,IMG001215.jpeg,0.0,0,320,masks/IMG001215.png,14bf4fc16d7e9f17cb073a83ba89ab04bd4c22a2b6f80f25bf73a67ce7a0a340,0,320,5,no_candidate_survived_or_postprocess_empty,21,1024,0.0,0,0,0,0.15736444294452667,0.07923554629087448,0.0005805445834994316,val,empty_after_localization,0.15,1,6,0,1024,1024
0,0,1.0,0.10021305084228516,0.0,0.739462890625,0.1824284791946411,ground_truth,,,,0.975274920463562,0.0,btxrd-heuristic-000715,IMG001216.jpeg,0.0,0,320,masks/IMG001216.png,14bf4fc16d7e9f17cb073a83ba89ab04bd4c22a2b6f80f25bf73a67ce7a0a340,0,320,4,no_candidate_survived_or_postprocess_empty,14,1024,0.0,0,0,0,0.15758873522281647,0.07675886154174805,1.7390572111253277e-06,val,empty_after_localization,0.15,1,6,0,1024,1024
2,0,1.0,0.10186329483985901,0.0,0.58515625,0.20731619000434875,ground_truth,,,,0.9237143993377686,0.000869140625,btxrd-heuristic-000717,IMG001219.jpeg,0.000869140625,89,320,masks/IMG001219.png,b524ca709b4d52a196fbf32cb51b9641c6d93944fd3dd6c5a82ba513f6392b7a,0|255,320,3,,9,1024,0.000869140625,1,0,0,0.6201597452163696,0.19887332618236542,0.0034869599621742964,val,ok,0.15,1,1,0,1024,1024
2,0,1.0,0.09700574725866318,0.0,0.805283203125,0.17618700861930847,ground_truth,,,,0.6979649662971497,0.056357421875,btxrd-heuristic-000724,IMG001231.jpeg,0.056357421875,5771,320,masks/IMG001231.png,6447a068118810b8cd06461f273b13e494b9189e5efd63671e1a2cd7d096d47c,0|255,320,6,,9,1024,0.056357421875,1,0,0,0.45814892649650574,0.20837081968784332,0.02150609903037548,val,ok,0.15,1,1,0,1024,1024
0,0,1.0,0.0968589186668396,0.0,0.958447265625,0.1589653342962265,ground_truth,,,,0.9950169920921326,0.0,btxrd-heuristic-000727,IMG001235.jpeg,0.0,0,320,masks/IMG001235.png,14bf4fc16d7e9f17cb073a83ba89ab04bd4c22a2b6f80f25bf73a67ce7a0a340,0,320,9,no_candidate_survived_or_postprocess_empty,7,1024,0.0,0,0,0,0.15003810822963715,0.08867143094539642,0.0003286465653218329,val,empty_after_localization,0.15,1,1,0,1024,1024
1,0,1.0,0.10279048979282379,0.0,0.74546875,0.1733415424823761,ground_truth,,,,0.9999995231628418,0.1378125,btxrd-heuristic-000732,IMG001245.jpeg,0.1378125,14112,320,masks/IMG001245.png,ea116a901232bfa6127495621955d2920f6ce7cdf0fbf112b53efdfb3c0bf36f,0|255,320,6,,11,1024,0.1651953125,1,0,0,0.4269736111164093,0.1205148696899414,0.000939005461987108,val,ok,0.15,1,2,0,1024,1024
1,0,1.0,0.108746737241745,0.0,0.727041015625,0.19815418124198914,ground_truth,,,,0.8321143388748169,0.000673828125,btxrd-heuristic-000735,IMG001248.jpeg,0.000673828125,69,320,masks/IMG001248.png,dcf673a7ca96f07c44ba0821b5604c7701af51b06ea9599cb318007556071434,0|255,320,4,,16,1024,0.000673828125,1,0,0,0.5412754416465759,0.16510769724845886,0.020128848031163216,val,ok,0.15,1,1,0,1024,1024
6,0,1.0,0.11186058074235916,0.0,0.687109375,0.19832980632781982,ground_truth,,,,0.9355704188346863,0.00201171875,btxrd-heuristic-000738,IMG001251.jpeg,0.00201171875,206,320,masks/IMG001251.png,b27bb423e7a79652f32fc2437ef596f9a1b8edcf2e2366ce3fd4c8b4b40b22d3,0|255,320,6,,34,1024,0.00201171875,1,0,0,0.6814372539520264,0.1788788139820099,0.0003369486366864294,val,ok,0.15,1,1,0,1024,1024
0,0,1.0,0.14807623624801636,0.0,0.919599609375,0.2120799422264099,ground_truth,,,,0.9999854564666748,0.0,btxrd-heuristic-000745,IMG001259.jpeg,0.0,0,320,masks/IMG001259.png,14bf4fc16d7e9f17cb073a83ba89ab04bd4c22a2b6f80f25bf73a67ce7a0a340,0,320,8,no_candidate_survived_or_postprocess_empty,9,1024,0.0,0,0,0,0.2518139183521271,0.11525927484035492,6.688145731459372e-06,val,empty_after_localization,0.15,1,1,0,1024,1024
7,0,1.0,0.12958452105522156,0.0,0.53375,0.2128249704837799,ground_truth,,,,0.2296782284975052,0.0025390625,btxrd-heuristic-000753,IMG001272.jpeg,0.0025390625,260,320,masks/IMG001272.png,5fd9c8a67c33d05e71fb346d51fe63483039be7585e4877245dd89e5448df4dc,0|255,320,8,,19,1024,0.0025390625,1,0,0,0.7031775116920471,0.29761338233947754,0.041685059666633606,val,ok,0.15,1,1,0,1024,1024
4,0,1.0,0.15825991332530975,0.0,0.913232421875,0.18831050395965576,ground_truth,,,,0.9999996423721313,0.000830078125,btxrd-heuristic-000760,IMG001280.jpeg,0.000830078125,85,320,masks/IMG001280.png,9f6cc4d52afd5cc09b62ce0b47c862d4ae597455f95559d7b840833bf2db1362,0|255,320,7,,8,1024,0.000830078125,1,0,0,0.6652640700340271,0.36095553636550903,0.086166150867939,val,ok,0.15,1,2,0,1024,1024
1,0,1.0,0.1257936805486679,0.0,0.80390625,0.168733149766922,ground_truth,,,,0.9999445676803589,0.008330078125,btxrd-heuristic-000783,IMG001315.jpeg,0.008330078125,853,320,masks/IMG001315.png,86b7f29cc3e0ce75ce3a7ebb04c61ebc9c9e919b970b41c377b609c662ccde0d,0|255,320,5,,8,1024,0.008330078125,1,0,0,0.6363356113433838,0.18950000405311584,9.495106496615335e-06,val,ok,0.15,1,1,0,1024,1024
0,0,1.0,0.15406139194965363,0.0,0.892578125,0.1686813086271286,ground_truth,,,,0.25058767199516296,0.0,btxrd-heuristic-000808,IMG001352.jpeg,0.0,0,320,masks/IMG001352.png,14bf4fc16d7e9f17cb073a83ba89ab04bd4c22a2b6f80f25bf73a67ce7a0a340,0,320,9,no_candidate_survived_or_postprocess_empty,12,1024,0.0,0,0,0,0.3730989992618561,0.09901437908411026,0.0002498436369933188,val,empty_after_localization,0.1487890625,1,8,0,1024,1024
0,0,1.0,0.09851538389921188,0.0,0.843173828125,0.13740499317646027,ground_truth,,,,0.9822857975959778,0.0,btxrd-heuristic-000809,IMG001353.jpeg,0.0,0,320,masks/IMG001353.png,14bf4fc16d7e9f17cb073a83ba89ab04bd4c22a2b6f80f25bf73a67ce7a0a340,0,320,8,no_candidate_survived_or_postprocess_empty,9,1024,0.0,0,0,0,0.1637525111436844,0.08422424644231796,0.019749779254198074,val,empty_after_localization,0.147373046875,1,3,0,1024,1024
2,0,1.0,0.11627881228923798,0.0,0.890078125,0.1805030256509781,ground_truth,,,,0.9094481468200684,0.002333984375,btxrd-heuristic-000821,IMG001371.jpeg,0.002333984375,239,320,masks/IMG001371.png,524da6a5fb29f4d47cb294431f35d5c53a86561cd181f49d3f2c8f77814a0a62,0|255,320,8,,5,1024,0.002333984375,1,0,0,0.6043248772621155,0.25190940499305725,0.03759380802512169,val,ok,0.15,1,3,0,1024,1024
0,0,1.0,0.06584697961807251,0.0,0.51716796875,0.13764230906963348,ground_truth,,,,0.14154812693595886,0.0,btxrd-heuristic-000826,IMG001379.jpeg,0.0,0,320,masks/IMG001379.png,14bf4fc16d7e9f17cb073a83ba89ab04bd4c22a2b6f80f25bf73a67ce7a0a340,0,320,9,no_candidate_survived_or_postprocess_empty,6,1024,0.0,0,0,0,0.3216179311275482,0.11883658170700073,0.0,val,empty_after_localization,0.120595703125,1,9,0,1024,1024
2,0,1.0,0.22239238023757935,0.0,0.9953515625,0.2015525847673416,ground_truth,,,,1.0,0.002900390625,btxrd-heuristic-000833,IMG001391.jpeg,0.002900390625,297,320,masks/IMG001391.png,2454958bacb6adfb092a91d54d9842c5eab8158f83ef4400c16e2694fe4b6eb1,0|255,320,9,,11,1024,0.002900390625,1,0,0,0.5930381417274475,0.1849684715270996,0.04465067386627197,val,ok,0.15,1,2,0,1024,1024
1,0,1.0,0.11937550455331802,0.0,0.95408203125,0.14875678718090057,ground_truth,,,,0.9664411544799805,0.00451171875,btxrd-heuristic-000836,IMG001394.jpeg,0.00451171875,462,320,masks/IMG001394.png,026f56dc3003af982dd47fa9f79463961792c485da036de80e52ee5a1f226297,0|255,320,7,,5,1024,0.00451171875,1,0,0,0.6372039914131165,0.21333615481853485,0.0010723049053922296,val,ok,0.15,1,1,0,1024,1024
0,0,1.0,0.06569570302963257,0.0,0.559970703125,0.13196323812007904,ground_truth,,,,0.16769622266292572,0.0,btxrd-heuristic-000840,IMG001402.jpeg,0.0,0,320,masks/IMG001402.png,14bf4fc16d7e9f17cb073a83ba89ab04bd4c22a2b6f80f25bf73a67ce7a0a340,0,320,8,no_candidate_survived_or_postprocess_empty,10,1024,0.0,0,0,0,0.3696231544017792,0.1434284746646881,0.017056984826922417,val,empty_after_localization,0.147744140625,1,8,0,1024,1024
1,0,1.0,0.11192529648542404,0.0,0.69974609375,0.20419615507125854,ground_truth,,,,0.992709755897522,0.106689453125,btxrd-heuristic-000842,IMG001405.jpeg,0.106689453125,10925,320,masks/IMG001405.png,9d4be67fc78fdadd905004c9bb53d9b220d49d4f3e564408974eeb84e541cd39,0|255,320,4,,11,1024,0.106689453125,1,0,0,0.43160566687583923,0.11316671222448349,0.00010378802107879892,val,ok,0.15,1,3,0,1024,1024
0,0,1.0,0.06388640403747559,0.0,0.539521484375,0.1381511092185974,ground_truth,,,,0.6961526274681091,0.0,btxrd-heuristic-000868,IMG001448.jpeg,0.0,0,320,masks/IMG001448.png,14bf4fc16d7e9f17cb073a83ba89ab04bd4c22a2b6f80f25bf73a67ce7a0a340,0,320,8,no_candidate_survived_or_postprocess_empty,7,1024,0.0,0,0,0,0.33793044090270996,0.11594967544078827,2.880204647226492e-06,val,empty_after_localization,0.15,1,1,0,1024,1024
2,0,1.0,0.06869029253721237,0.0,0.537470703125,0.1343720406293869,ground_truth,,,,0.1481829732656479,0.0,btxrd-heuristic-000871,IMG001453.jpeg,0.0,0,320,masks/IMG001453.png,14bf4fc16d7e9f17cb073a83ba89ab04bd4c22a2b6f80f25bf73a67ce7a0a340,0,320,8,no_candidate_survived_or_postprocess_empty,8,1024,0.000205078125,1,0,0,0.6221233606338501,0.23189309239387512,0.06692458689212799,val,empty_after_localization,0.1487890625,1,9,0,1024,1024
0,0,1.0,0.05383719876408577,0.0,0.52044921875,0.1390068084001541,ground_truth,,,,0.5268135666847229,0.0,btxrd-heuristic-000872,IMG001454.jpeg,0.0,0,320,masks/IMG001454.png,14bf4fc16d7e9f17cb073a83ba89ab04bd4c22a2b6f80f25bf73a67ce7a0a340,0,320,7,no_candidate_survived_or_postprocess_empty,4,1024,0.0,0,0,0,0.15202727913856506,0.07700643688440323,0.00150779215618968,val,empty_after_localization,0.1458203125,1,1,0,1024,1024
0,0,1.0,0.08705510944128036,0.0,0.783583984375,0.17480409145355225,ground_truth,,,,0.9998239874839783,0.0,btxrd-heuristic-000873,IMG001455.jpeg,0.0,0,320,masks/IMG001455.png,14bf4fc16d7e9f17cb073a83ba89ab04bd4c22a2b6f80f25bf73a67ce7a0a340,0,320,3,no_candidate_survived_or_postprocess_empty,6,1024,0.0,0,0,0,0.16240742802619934,0.08710960298776627,0.0,val,empty_after_localization,0.15,1,3,0,1024,1024
1,0,1.0,0.09107908606529236,0.0,0.7745703125,0.16488449275493622,ground_truth,,,,0.8971682190895081,0.010205078125,btxrd-heuristic-000880,IMG001468.jpeg,0.010205078125,1045,320,masks/IMG001468.png,60c0ed5917fed49a34a7f2d3924dc6551457a8ca3db788ca11b548aed7b12948,0|255,320,4,,8,1024,0.010205078125,1,0,0,0.7069488167762756,0.1642153114080429,0.002335411962121725,val,ok,0.15,1,1,0,1024,1024
0,0,1.0,0.13738863170146942,0.0,0.766044921875,0.1759124994277954,ground_truth,,,,0.7934332489967346,0.0,btxrd-heuristic-000883,IMG001473.jpeg,0.0,0,320,masks/IMG001473.png,14bf4fc16d7e9f17cb073a83ba89ab04bd4c22a2b6f80f25bf73a67ce7a0a340,0,320,9,no_candidate_survived_or_postprocess_empty,8,1024,0.0,0,0,0,0.15000000596046448,0.08234097063541412,0.00016243095160461962,val,empty_after_localization,0.15,1,3,0,1024,1024
2,0,1.0,0.07847899943590164,0.0,0.313916015625,0.17970611155033112,ground_truth,,,,0.007330130785703659,0.001923828125,btxrd-heuristic-000885,IMG001476.jpeg,0.001923828125,197,320,masks/IMG001476.png,02fe3b3b9edd8aeacc61e1cee643dd0c3db95b7106c2f3b8ff5d275ba25bc4eb,0|255,320,9,,7,1024,0.001923828125,1,0,0,0.6286922693252563,0.23966705799102783,0.0,val,ok,0.1409765625,1,3,0,1024,1024
0,0,1.0,0.11302492767572403,0.0,0.765380859375,0.15639613568782806,ground_truth,,,,0.06342918425798416,0.0,btxrd-heuristic-000889,IMG001483.jpeg,0.0,0,320,masks/IMG001483.png,14bf4fc16d7e9f17cb073a83ba89ab04bd4c22a2b6f80f25bf73a67ce7a0a340,0,320,7,no_candidate_survived_or_postprocess_empty,11,1024,0.0,0,0,0,0.181377112865448,0.0894455537199974,0.00016111996956169605,val,empty_after_localization,0.15,1,8,0,1024,1024
2,0,1.0,0.09118615835905075,0.0,0.79740234375,0.1566464602947235,ground_truth,,,,0.8285079598426819,0.003212890625,btxrd-heuristic-000893,IMG001490.jpeg,0.003212890625,329,320,masks/IMG001490.png,1e85d4f461b5bf7ff56b9197839815dbc7cddd118bbf82d50ca460ac5e4d0511,0|255,320,5,,11,1024,0.003212890625,1,0,0,0.6218087077140808,0.15685848891735077,3.959911154538531e-08,val,ok,0.15,1,3,0,1024,1024
1,0,1.0,0.08057620376348495,0.0,0.794765625,0.15647932887077332,ground_truth,,,,0.9967575669288635,0.004833984375,btxrd-heuristic-000893,IMG001491.jpeg,0.004833984375,495,320,masks/IMG001491.png,e5b2ad7c83461380b5106b73e817df9dca5a8b3a9649a6dd823aa27156056937,0|255,320,7,,8,1024,0.004833984375,1,0,0,0.6423085927963257,0.18553772568702698,0.0006761948461644351,val,ok,0.147607421875,1,3,0,1024,1024
0,0,1.0,0.14667396247386932,0.0,0.907197265625,0.19523745775222778,ground_truth,,,,1.0,0.0,btxrd-heuristic-000907,IMG001517.jpeg,0.0,0,320,masks/IMG001517.png,14bf4fc16d7e9f17cb073a83ba89ab04bd4c22a2b6f80f25bf73a67ce7a0a340,0,320,9,no_candidate_survived_or_postprocess_empty,13,1024,0.0,0,0,0,0.36263900995254517,0.1416558176279068,4.059271321854574e-11,val,empty_after_localization,0.132158203125,1,2,0,1024,1024
0,0,1.0,0.03329504653811455,0.0,0.3169140625,0.09744623303413391,ground_truth,,,,0.2171555608510971,0.0,btxrd-heuristic-000916,IMG001538.jpeg,0.0,0,320,masks/IMG001538.png,14bf4fc16d7e9f17cb073a83ba89ab04bd4c22a2b6f80f25bf73a67ce7a0a340,0,320,9,no_candidate_survived_or_postprocess_empty,6,1024,0.0,0,0,0,0.18514549732208252,0.10128123313188553,0.031074700877070427,val,empty_after_localization,0.1300390625,1,4,0,1024,1024
0,0,1.0,0.06946295499801636,0.0,0.55400390625,0.15535081923007965,ground_truth,,,,0.011196920648217201,0.0,btxrd-heuristic-000916,IMG001539.jpeg,0.0,0,320,masks/IMG001539.png,14bf4fc16d7e9f17cb073a83ba89ab04bd4c22a2b6f80f25bf73a67ce7a0a340,0,320,8,no_candidate_survived_or_postprocess_empty,15,1024,0.0,0,0,0,0.15580585598945618,0.07784812152385712,0.0013027200475335121,val,empty_after_localization,0.138916015625,1,4,0,1024,1024
1,0,1.0,0.1872510462999344,0.0,0.68994140625,0.2627348303794861,ground_truth,,,,0.9610623717308044,0.02083984375,btxrd-heuristic-000922,IMG001551.jpeg,0.02083984375,2134,320,masks/IMG001551.png,3889e33c342c1483403febe9be97b1f9d0c7c2ca3479ff40304f4a5c09884302,0|255,320,6,,18,1024,0.02083984375,1,0,0,0.4251905381679535,0.10906317830085754,0.00170073879417032,val,ok,0.15,1,4,0,1024,1024
3,0,1.0,0.14936837553977966,0.0,0.79375,0.23776212334632874,ground_truth,,,,0.999659538269043,0.011943359375,btxrd-heuristic-000930,IMG001563.jpeg,0.011943359375,1223,320,masks/IMG001563.png,837d407809f9effe9ce7a8f9c6da962a1d966539aaab7163ac929b658de10968,0|255,320,5,,10,1024,0.011943359375,1,0,0,0.6169337034225464,0.21312573552131653,0.016670113429427147,val,ok,0.15,1,2,0,1024,1024
0,0,1.0,0.09846867620944977,0.0,0.611220703125,0.18887263536453247,ground_truth,,,,0.8625428676605225,0.0,btxrd-heuristic-000940,IMG001580.jpeg,0.0,0,320,masks/IMG001580.png,14bf4fc16d7e9f17cb073a83ba89ab04bd4c22a2b6f80f25bf73a67ce7a0a340,0,320,4,no_candidate_survived_or_postprocess_empty,18,1024,0.0,0,0,0,0.15343865752220154,0.07521337270736694,2.6649178835214116e-05,val,empty_after_localization,0.15,1,4,0,1024,1024
2,0,1.0,0.035371772944927216,0.0,0.28783203125,0.11719294637441635,ground_truth,,,,0.060509685426950455,0.003173828125,btxrd-heuristic-000940,IMG001581.jpeg,0.003173828125,325,320,masks/IMG001581.png,120d873dc1cb8c1b21ab6d7a003d19230e0e7ed00698d442afa0fb71b4d8252a,0|255,320,9,,31,1024,0.003173828125,1,0,0,0.5677589774131775,0.14000646770000458,0.011278821155428886,val,ok,0.13611328125,1,4,0,1024,1024
0,0,1.0,0.11032029986381531,0.0,0.84875,0.1436532586812973,ground_truth,,,,0.9989663362503052,0.0,btxrd-heuristic-000951,IMG001601.jpeg,0.0,0,320,masks/IMG001601.png,14bf4fc16d7e9f17cb073a83ba89ab04bd4c22a2b6f80f25bf73a67ce7a0a340,0,320,7,no_candidate_survived_or_postprocess_empty,8,1024,0.0,0,0,0,0.3800995349884033,0.1468689739704132,0.04429597407579422,val,empty_after_localization,0.15,1,3,0,1024,1024
2,0,1.0,0.08570034056901932,0.0,0.693662109375,0.17197419703006744,ground_truth,,,,0.851294219493866,0.002578125,btxrd-heuristic-000955,IMG001606.jpeg,0.002578125,264,320,masks/IMG001606.png,15fbf768e834f40f93e9ee1b0f2f658b4d362c7defb42274f0524ec4e10f7507,0|255,320,9,,18,1024,0.002578125,1,0,0,0.7042123675346375,0.1723913699388504,0.009298372082412243,val,ok,0.12271484375,1,2,0,1024,1024
1,0,1.0,0.08786118775606155,0.0,0.590048828125,0.17488165199756622,ground_truth,,,,0.7497000098228455,0.002451171875,btxrd-heuristic-000956,IMG001607.jpeg,0.002451171875,251,320,masks/IMG001607.png,d33bba5d7f8a3d8c06d078d00e954b521801dc2482d46c7e6628676126599932,0|255,320,7,,8,1024,0.002451171875,1,0,0,0.6059722900390625,0.17098629474639893,0.021674612537026405,val,ok,0.15,1,1,0,1024,1024
0,0,1.0,0.08397404849529266,0.0,0.739150390625,0.15088461339473724,ground_truth,,,,0.9925954937934875,0.0,btxrd-heuristic-000959,IMG001612.jpeg,0.0,0,320,masks/IMG001612.png,14bf4fc16d7e9f17cb073a83ba89ab04bd4c22a2b6f80f25bf73a67ce7a0a340,0,320,7,no_candidate_survived_or_postprocess_empty,11,1024,0.0,0,0,0,0.15218238532543182,0.08590889722108841,0.00404922291636467,val,empty_after_localization,0.15,1,3,0,1024,1024
0,0,1.0,0.13281942903995514,0.0,0.961875,0.1649603694677353,ground_truth,,,,0.9130637645721436,0.0,btxrd-heuristic-000962,IMG001617.jpeg,0.0,0,320,masks/IMG001617.png,14bf4fc16d7e9f17cb073a83ba89ab04bd4c22a2b6f80f25bf73a67ce7a0a340,0,320,6,no_candidate_survived_or_postprocess_empty,14,1024,0.0,0,0,0,0.3994351625442505,0.11819767951965332,0.0002941226994153112,val,empty_after_localization,0.14962890625,1,8,0,1024,1024
0,0,1.0,0.05945056304335594,0.0,0.597919921875,0.1293168067932129,ground_truth,,,,0.2500419616699219,0.0,btxrd-heuristic-000972,IMG001632.jpeg,0.0,0,320,masks/IMG001632.png,14bf4fc16d7e9f17cb073a83ba89ab04bd4c22a2b6f80f25bf73a67ce7a0a340,0,320,7,no_candidate_survived_or_postprocess_empty,9,1024,0.0,0,0,0,0.2732841670513153,0.10873313993215561,0.011337636969983578,val,empty_after_localization,0.15,1,3,0,1024,1024
1,0,1.0,0.15413330495357513,0.0,0.857685546875,0.21715548634529114,ground_truth,,,,1.0,0.106376953125,btxrd-heuristic-000978,IMG001638.jpeg,0.106376953125,10893,320,masks/IMG001638.png,2cd3aaaa86152ea5b372d75dfbbe26f4d7a46c8eb9dd1fd4e1e02c69b1f95e17,0|255,320,6,,28,1024,0.106376953125,1,0,0,0.5833255052566528,0.10007693618535995,0.0055555556900799274,val,ok,0.15,1,2,0,1024,1024
0,0,1.0,0.24018877744674683,0.0,0.946064453125,0.2652227580547333,ground_truth,,,,1.0,0.0,btxrd-heuristic-000981,IMG001642.jpeg,0.0,0,320,masks/IMG001642.png,14bf4fc16d7e9f17cb073a83ba89ab04bd4c22a2b6f80f25bf73a67ce7a0a340,0,320,6,no_candidate_survived_or_postprocess_empty,21,1024,0.0,0,0,0,0.37887489795684814,0.1315498650074005,0.00039606468635611236,val,empty_after_localization,0.149970703125,1,2,0,1024,1024
0,0,1.0,0.12874548137187958,0.0,0.875869140625,0.17874643206596375,ground_truth,,,,1.0,0.0,btxrd-heuristic-000982,IMG001643.jpeg,0.0,0,320,masks/IMG001643.png,14bf4fc16d7e9f17cb073a83ba89ab04bd4c22a2b6f80f25bf73a67ce7a0a340,0,320,6,no_candidate_survived_or_postprocess_empty,9,1024,0.0,0,0,0,0.3983522057533264,0.11790083348751068,8.609870747022796e-06,val,empty_after_localization,0.15,1,2,0,1024,1024
2,0,1.0,0.19347238540649414,0.0,0.91791015625,0.2322949469089508,ground_truth,,,,1.0,0.00541015625,btxrd-heuristic-000993,IMG001661.jpeg,0.00541015625,554,320,masks/IMG001661.png,1e2aa88c26b0b365d0af55af376f014214371837a02a08de408d4fda9c85587a,0|255,320,6,,9,1024,0.00541015625,1,0,0,0.6243252754211426,0.18759553134441376,4.2955492972396314e-05,val,ok,0.15,1,2,0,1024,1024
2,0,1.0,0.09813158959150314,0.0,0.792431640625,0.16376455128192902,ground_truth,,,,0.755439043045044,0.00171875,btxrd-heuristic-000997,IMG001666.jpeg,0.00171875,176,320,masks/IMG001666.png,9d9b591cf6d585b2f26c4fbbaae724c0ffab53285159b42ddf050ca88e3d22f7,0|255,320,9,,6,1024,0.00171875,1,0,0,0.6628316044807434,0.3088495433330536,0.03023071587085724,val,ok,0.15,1,2,0,1024,1024
1,0,1.0,0.21877992153167725,0.0,0.905517578125,0.19676776230335236,ground_truth,,,,1.0,0.006953125,btxrd-heuristic-001029,IMG001716.jpeg,0.006953125,712,320,masks/IMG001716.png,f7aa503d814fe04de379a4d6fca1faea2257e90e3f3fbde0a25b756872a51d49,0|255,320,9,,15,1024,0.006953125,1,0,0,0.6596289277076721,0.13662363588809967,0.011519928462803364,val,ok,0.142470703125,1,9,0,1024,1024
2,0,1.0,0.13320177793502808,0.0,0.774306640625,0.20165643095970154,ground_truth,,,,1.0,0.001142578125,btxrd-heuristic-001031,IMG001719.jpeg,0.001142578125,117,320,masks/IMG001719.png,1b1b3057c0aba69ab01c57f86861b64407272323f8066921c21438bdef2d536d,0|255,320,5,,7,1024,0.001142578125,1,0,0,0.6513818502426147,0.23487021028995514,0.0,val,ok,0.15,1,5,0,1024,1024
0,0,1.0,0.11072452366352081,0.0,0.77740234375,0.20476262271404266,ground_truth,,,,1.0,0.0,btxrd-heuristic-001033,IMG001723.jpeg,0.0,0,320,masks/IMG001723.png,14bf4fc16d7e9f17cb073a83ba89ab04bd4c22a2b6f80f25bf73a67ce7a0a340,0,320,3,no_candidate_survived_or_postprocess_empty,9,1024,0.0,0,0,0,0.2775997817516327,0.09014584869146347,3.850000211969018e-05,val,empty_after_localization,0.15,1,1,0,1024,1024
0,0,1.0,0.09092668443918228,0.0,0.82953125,0.16446973383426666,ground_truth,,,,1.0,0.0,btxrd-heuristic-001047,IMG001744.jpeg,0.0,0,320,masks/IMG001744.png,14bf4fc16d7e9f17cb073a83ba89ab04bd4c22a2b6f80f25bf73a67ce7a0a340,0,320,6,no_candidate_survived_or_postprocess_empty,7,1024,0.0,0,0,0,0.1534159630537033,0.07621020078659058,0.0,val,empty_after_localization,0.15,1,4,0,1024,1024
0,0,1.0,0.11070806533098221,0.0,0.658232421875,0.19785799086093903,ground_truth,,,,1.0,0.0,btxrd-heuristic-001056,IMG001759.jpeg,0.0,0,320,masks/IMG001759.png,14bf4fc16d7e9f17cb073a83ba89ab04bd4c22a2b6f80f25bf73a67ce7a0a340,0,320,4,no_candidate_survived_or_postprocess_empty,8,1024,0.0,0,0,0,0.15000000596046448,0.07626968622207642,0.0001771062525222078,val,empty_after_localization,0.15,1,1,0,1024,1024
4,0,1.0,0.15160685777664185,0.0,0.8105078125,0.22013254463672638,ground_truth,,,,1.0,0.001796875,btxrd-heuristic-001057,IMG001760.jpeg,0.001796875,184,320,masks/IMG001760.png,159dbd9291a0a7833d67d540976cb1514781626fcf785d0412a16393d4dc281f,0|255,320,4,,16,1024,0.001796875,1,0,0,0.7325639128684998,0.22237779200077057,0.010401742532849312,val,ok,0.15001953125,1,8,0,1024,1024
3,0,1.0,0.17668789625167847,0.0,0.96634765625,0.22368577122688293,ground_truth,,,,1.0,0.000859375,btxrd-heuristic-001057,IMG001761.jpeg,0.000859375,88,320,masks/IMG001761.png,622f570d3fe257ebff3f0fe0f3d0dbea1fac88c3926ff15ac5e16189ad61451d,0|255,320,6,,13,1024,0.000859375,1,0,0,0.6507209539413452,0.19134530425071716,6.107960507506505e-05,val,ok,0.150029296875,1,8,0,1024,1024
0,0,1.0,0.13443632423877716,0.0,0.81119140625,0.18733976781368256,ground_truth,,,,1.0,0.0,btxrd-heuristic-001069,IMG001781.jpeg,0.0,0,320,masks/IMG001781.png,14bf4fc16d7e9f17cb073a83ba89ab04bd4c22a2b6f80f25bf73a67ce7a0a340,0,320,6,no_candidate_survived_or_postprocess_empty,11,1024,0.0,0,0,0,0.15335437655448914,0.07626664638519287,0.0006023446330800653,val,empty_after_localization,0.15,1,7,0,1024,1024
3,0,1.0,0.15976324677467346,0.0,0.96177734375,0.2379513531923294,ground_truth,,,,1.0,0.02298828125,btxrd-heuristic-001070,IMG001782.jpeg,0.02298828125,2354,320,masks/IMG001782.png,a90ec9b362bdedc62f4d8cdbfdb22cf5357c9fa55b3e837ac1492f34a10561d9,0|255,320,4,,8,1024,0.02298828125,1,0,0,0.779127299785614,0.27381837368011475,1.2610243516064656e-07,val,ok,0.15,1,7,0,1024,1024
1,0,1.0,0.11382076144218445,0.0,0.949443359375,0.18844948709011078,ground_truth,,,,1.0,0.00224609375,btxrd-heuristic-001073,IMG001785.jpeg,0.00224609375,230,320,masks/IMG001785.png,3c2d3c94eaa0e15a564830e1b7add215e61ec88d1bed0db04d1eee8c1382b011,0|255,320,3,,11,1024,0.00224609375,1,0,0,0.5931552648544312,0.1200357973575592,1.870085498012486e-06,val,ok,0.15,1,7,0,1024,1024
1,0,1.0,0.10069148987531662,0.0,0.9825390625,0.1800735741853714,ground_truth,,,,1.0,0.027783203125,btxrd-heuristic-001074,IMG001786.jpeg,0.027783203125,2845,320,masks/IMG001786.png,de366b431ae6e0922ac01a2fb7d97c9523bd0103cd9e6518ef9c7cff37e37c19,0|255,320,3,,11,1024,0.027783203125,1,0,0,0.42866721749305725,0.12579594552516937,0.0,val,ok,0.15,1,1,0,1024,1024
2,0,1.0,0.10862816125154495,0.0,0.81880859375,0.19360008835792542,ground_truth,,,,1.0,0.003896484375,btxrd-heuristic-001077,IMG001791.jpeg,0.003896484375,399,320,masks/IMG001791.png,86e4f95c7f9d17b3d9031067dc2d393b1b9374190cb04ba0c2a3e275c3b5b539,0|255,320,4,,16,1024,0.003896484375,1,0,0,0.7278256416320801,0.1849234253168106,0.0,val,ok,0.15,1,7,0,1024,1024
2,0,1.0,0.17102539539337158,0.0,0.921123046875,0.24126392602920532,ground_truth,,,,1.0,0.0294140625,btxrd-heuristic-001080,IMG001795.jpeg,0.0294140625,3012,320,masks/IMG001795.png,572acf101af32d3c8654b64121c2b934c4f910b449582a7819c5bd5339a95821,0|255,320,4,,10,1024,0.0294140625,1,0,0,0.7839974761009216,0.21521782875061035,0.0016677496023476124,val,ok,0.15,1,2,0,1024,1024
0,0,1.0,0.09640264511108398,0.0,0.69859375,0.17369435727596283,ground_truth,,,,1.0,0.0,btxrd-heuristic-001083,IMG001798.jpeg,0.0,0,320,masks/IMG001798.png,14bf4fc16d7e9f17cb073a83ba89ab04bd4c22a2b6f80f25bf73a67ce7a0a340,0,320,4,no_candidate_survived_or_postprocess_empty,9,1024,0.0,0,0,0,0.19330592453479767,0.08391904830932617,0.0,val,empty_after_localization,0.15,1,7,0,1024,1024
1,0,1.0,0.1503640115261078,0.0,0.7217578125,0.21649274230003357,ground_truth,,,,1.0,0.07896484375,btxrd-heuristic-001104,IMG001828.jpeg,0.07896484375,8086,320,masks/IMG001828.png,5b56f01a79d2f3262896de68122a29531081b300b47723b1e3bbbfdb46616d78,0|255,320,4,,19,1024,0.07896484375,1,0,0,0.5055621266365051,0.12025798112154007,0.003968437667936087,val,ok,0.149990234375,1,1,0,1024,1024
1,0,1.0,0.12182307988405228,0.0,0.677998046875,0.19814914464950562,ground_truth,,,,1.0,0.1375,btxrd-heuristic-001118,IMG001858.jpeg,0.1375,14080,320,masks/IMG001858.png,ae49a91e3e44b72b4745d4fdcda69881c23f21c89e9f0d723460cf8f546a8bbf,0|255,320,3,,15,1024,0.1375,1,0,0,0.4923078417778015,0.10293523967266083,0.00014951363846194,val,ok,0.15,1,2,0,1024,1024
7,0,1.0,0.09338154643774033,0.0,0.65529296875,0.16966263949871063,ground_truth,,,,0.4280869960784912,0.00130859375,btxrd-heuristic-001123,IMG001867.jpeg,0.00130859375,134,320,masks/IMG001867.png,7a4329d5fe76d80e643f643772d40f45a1f9b2867b7f0d786a1de4abfa5ac1c1,0|255,320,8,,13,1024,0.00130859375,1,0,0,0.6901757121086121,0.3803384602069855,0.012620319612324238,val,ok,0.15,1,8,0,1024,1024
0,0,,,,,,ground_truth,,,,0.9454944133758545,0.0,btxrd-heuristic-001124,IMG001868.jpeg,0.0,0,320,masks/IMG001868.png,14bf4fc16d7e9f17cb073a83ba89ab04bd4c22a2b6f80f25bf73a67ce7a0a340,0,320,0,known_image_label_normal,0,0,0.0,0,0,0,,,,val,empty_by_image_gate,0.0,0,0,0,0,0
0,0,,,,,,ground_truth,,,,0.03162089362740517,0.0,btxrd-heuristic-001124,IMG001869.jpeg,0.0,0,320,masks/IMG001869.png,14bf4fc16d7e9f17cb073a83ba89ab04bd4c22a2b6f80f25bf73a67ce7a0a340,0,320,0,known_image_label_normal,0,0,0.0,0,0,0,,,,val,empty_by_image_gate,0.0,0,0,0,0,0
0,0,,,,,,ground_truth,,,,0.3365940451622009,0.0,btxrd-heuristic-001124,IMG001870.jpeg,0.0,0,320,masks/IMG001870.png,14bf4fc16d7e9f17cb073a83ba89ab04bd4c22a2b6f80f25bf73a67ce7a0a340,0,320,0,known_image_label_normal,0,0,0.0,0,0,0,,,,val,empty_by_image_gate,0.0,0,0,0,0,0
0,0,,,,,,ground_truth,,,,0.17393390834331512,0.0,btxrd-heuristic-001124,IMG001871.jpeg,0.0,0,320,masks/IMG001871.png,14bf4fc16d7e9f17cb073a83ba89ab04bd4c22a2b6f80f25bf73a67ce7a0a340,0,320,0,known_image_label_normal,0,0,0.0,0,0,0,,,,val,empty_by_image_gate,0.0,0,0,0,0,0
0,0,,,,,,ground_truth,,,,0.9844328165054321,0.0,btxrd-heuristic-001125,IMG001872.jpeg,0.0,0,320,masks/IMG001872.png,14bf4fc16d7e9f17cb073a83ba89ab04bd4c22a2b6f80f25bf73a67ce7a0a340,0,320,0,known_image_label_normal,0,0,0.0,0,0,0,,,,val,empty_by_image_gate,0.0,0,0,0,0,0
0,0,,,,,,ground_truth,,,,0.1999584138393402,0.0,btxrd-heuristic-001127,IMG001874.jpeg,0.0,0,320,masks/IMG001874.png,14bf4fc16d7e9f17cb073a83ba89ab04bd4c22a2b6f80f25bf73a67ce7a0a340,0,320,0,known_image_label_normal,0,0,0.0,0,0,0,,,,val,empty_by_image_gate,0.0,0,0,0,0,0
0,0,,,,,,ground_truth,,,,0.12071997672319412,0.0,btxrd-heuristic-001127,IMG001875.jpeg,0.0,0,320,masks/IMG001875.png,14bf4fc16d7e9f17cb073a83ba89ab04bd4c22a2b6f80f25bf73a67ce7a0a340,0,320,0,known_image_label_normal,0,0,0.0,0,0,0,,,,val,empty_by_image_gate,0.0,0,0,0,0,0
0,0,,,,,,ground_truth,,,,0.11775311827659607,0.0,btxrd-heuristic-001127,IMG001876.jpeg,0.0,0,320,masks/IMG001876.png,14bf4fc16d7e9f17cb073a83ba89ab04bd4c22a2b6f80f25bf73a67ce7a0a340,0,320,0,known_image_label_normal,0,0,0.0,0,0,0,,,,val,empty_by_image_gate,0.0,0,0,0,0,0
0,0,,,,,,ground_truth,,,,0.9971641898155212,0.0,btxrd-heuristic-001127,IMG001877.jpeg,0.0,0,320,masks/IMG001877.png,14bf4fc16d7e9f17cb073a83ba89ab04bd4c22a2b6f80f25bf73a67ce7a0a340,0,320,0,known_image_label_normal,0,0,0.0,0,0,0,,,,val,empty_by_image_gate,0.0,0,0,0,0,0
0,0,,,,,,ground_truth,,,,0.8466973900794983,0.0,btxrd-heuristic-001130,IMG001881.jpeg,0.0,0,320,masks/IMG001881.png,14bf4fc16d7e9f17cb073a83ba89ab04bd4c22a2b6f80f25bf73a67ce7a0a340,0,320,0,known_image_label_normal,0,0,0.0,0,0,0,,,,val,empty_by_image_gate,0.0,0,0,0,0,0
0,0,,,,,,ground_truth,,,,0.7242193222045898,0.0,btxrd-heuristic-001132,IMG001883.jpeg,0.0,0,320,masks/IMG001883.png,14bf4fc16d7e9f17cb073a83ba89ab04bd4c22a2b6f80f25bf73a67ce7a0a340,0,320,0,known_image_label_normal,0,0,0.0,0,0,0,,,,val,empty_by_image_gate,0.0,0,0,0,0,0
0,0,,,,,,ground_truth,,,,0.001953837927430868,0.0,btxrd-heuristic-001134,IMG001887.jpeg,0.0,0,320,masks/IMG001887.png,14bf4fc16d7e9f17cb073a83ba89ab04bd4c22a2b6f80f25bf73a67ce7a0a340,0,320,0,known_image_label_normal,0,0,0.0,0,0,0,,,,val,empty_by_image_gate,0.0,0,0,0,0,0
0,0,,,,,,ground_truth,,,,0.0001987803407246247,0.0,btxrd-heuristic-001134,IMG001888.jpeg,0.0,0,320,masks/IMG001888.png,14bf4fc16d7e9f17cb073a83ba89ab04bd4c22a2b6f80f25bf73a67ce7a0a340,0,320,0,known_image_label_normal,0,0,0.0,0,0,0,,,,val,empty_by_image_gate,0.0,0,0,0,0,0
0,0,,,,,,ground_truth,,,,6.56923366477713e-05,0.0,btxrd-heuristic-001134,IMG001889.jpeg,0.0,0,320,masks/IMG001889.png,14bf4fc16d7e9f17cb073a83ba89ab04bd4c22a2b6f80f25bf73a67ce7a0a340,0,320,0,known_image_label_normal,0,0,0.0,0,0,0,,,,val,empty_by_image_gate,0.0,0,0,0,0,0
0,0,,,,,,ground_truth,,,,0.00044863708899356425,0.0,btxrd-heuristic-001134,IMG001890.jpeg,0.0,0,320,masks/IMG001890.png,14bf4fc16d7e9f17cb073a83ba89ab04bd4c22a2b6f80f25bf73a67ce7a0a340,0,320,0,known_image_label_normal,0,0,0.0,0,0,0,,,,val,empty_by_image_gate,0.0,0,0,0,0,0
0,0,,,,,,ground_truth,,,,0.007201727479696274,0.0,btxrd-heuristic-001141,IMG001915.jpeg,0.0,0,320,masks/IMG001915.png,14bf4fc16d7e9f17cb073a83ba89ab04bd4c22a2b6f80f25bf73a67ce7a0a340,0,320,0,known_image_label_normal,0,0,0.0,0,0,0,,,,val,empty_by_image_gate,0.0,0,0,0,0,0
0,0,,,,,,ground_truth,,,,0.0004676981770899147,0.0,btxrd-heuristic-001141,IMG001916.jpeg,0.0,0,320,masks/IMG001916.png,14bf4fc16d7e9f17cb073a83ba89ab04bd4c22a2b6f80f25bf73a67ce7a0a340,0,320,0,known_image_label_normal,0,0,0.0,0,0,0,,,,val,empty_by_image_gate,0.0,0,0,0,0,0
0,0,,,,,,ground_truth,,,,0.0010230984771624207,0.0,btxrd-heuristic-001141,IMG001917.jpeg,0.0,0,320,masks/IMG001917.png,14bf4fc16d7e9f17cb073a83ba89ab04bd4c22a2b6f80f25bf73a67ce7a0a340,0,320,0,known_image_label_normal,0,0,0.0,0,0,0,,,,val,empty_by_image_gate,0.0,0,0,0,0,0
0,0,,,,,,ground_truth,,,,0.005287532228976488,0.0,btxrd-heuristic-001141,IMG001918.jpeg,0.0,0,320,masks/IMG001918.png,14bf4fc16d7e9f17cb073a83ba89ab04bd4c22a2b6f80f25bf73a67ce7a0a340,0,320,0,known_image_label_normal,0,0,0.0,0,0,0,,,,val,empty_by_image_gate,0.0,0,0,0,0,0
0,0,,,,,,ground_truth,,,,0.7657474875450134,0.0,btxrd-heuristic-001145,IMG001932.jpeg,0.0,0,320,masks/IMG001932.png,14bf4fc16d7e9f17cb073a83ba89ab04bd4c22a2b6f80f25bf73a67ce7a0a340,0,320,0,known_image_label_normal,0,0,0.0,0,0,0,,,,val,empty_by_image_gate,0.0,0,0,0,0,0
0,0,,,,,,ground_truth,,,,0.0014909124001860619,0.0,btxrd-heuristic-001145,IMG001933.jpeg,0.0,0,320,masks/IMG001933.png,14bf4fc16d7e9f17cb073a83ba89ab04bd4c22a2b6f80f25bf73a67ce7a0a340,0,320,0,known_image_label_normal,0,0,0.0,0,0,0,,,,val,empty_by_image_gate,0.0,0,0,0,0,0
0,0,,,,,,ground_truth,,,,0.0007475483580492437,0.0,btxrd-heuristic-001145,IMG001934.jpeg,0.0,0,320,masks/IMG001934.png,14bf4fc16d7e9f17cb073a83ba89ab04bd4c22a2b6f80f25bf73a67ce7a0a340,0,320,0,known_image_label_normal,0,0,0.0,0,0,0,,,,val,empty_by_image_gate,0.0,0,0,0,0,0
0,0,,,,,,ground_truth,,,,0.2970822751522064,0.0,btxrd-heuristic-001147,IMG001937.jpeg,0.0,0,320,masks/IMG001937.png,14bf4fc16d7e9f17cb073a83ba89ab04bd4c22a2b6f80f25bf73a67ce7a0a340,0,320,0,known_image_label_normal,0,0,0.0,0,0,0,,,,val,empty_by_image_gate,0.0,0,0,0,0,0
0,0,,,,,,ground_truth,,,,0.7332814931869507,0.0,btxrd-heuristic-001148,IMG001938.jpeg,0.0,0,320,masks/IMG001938.png,14bf4fc16d7e9f17cb073a83ba89ab04bd4c22a2b6f80f25bf73a67ce7a0a340,0,320,0,known_image_label_normal,0,0,0.0,0,0,0,,,,val,empty_by_image_gate,0.0,0,0,0,0,0
0,0,,,,,,ground_truth,,,,0.9011113047599792,0.0,btxrd-heuristic-001148,IMG001939.jpeg,0.0,0,320,masks/IMG001939.png,14bf4fc16d7e9f17cb073a83ba89ab04bd4c22a2b6f80f25bf73a67ce7a0a340,0,320,0,known_image_label_normal,0,0,0.0,0,0,0,,,,val,empty_by_image_gate,0.0,0,0,0,0,0
0,0,,,,,,ground_truth,,,,0.9999994039535522,0.0,btxrd-heuristic-001148,IMG001940.jpeg,0.0,0,320,masks/IMG001940.png,14bf4fc16d7e9f17cb073a83ba89ab04bd4c22a2b6f80f25bf73a67ce7a0a340,0,320,0,known_image_label_normal,0,0,0.0,0,0,0,,,,val,empty_by_image_gate,0.0,0,0,0,0,0
0,0,,,,,,ground_truth,,,,0.02370096743106842,0.0,btxrd-heuristic-001149,IMG001941.jpeg,0.0,0,320,masks/IMG001941.png,14bf4fc16d7e9f17cb073a83ba89ab04bd4c22a2b6f80f25bf73a67ce7a0a340,0,320,0,known_image_label_normal,0,0,0.0,0,0,0,,,,val,empty_by_image_gate,0.0,0,0,0,0,0
0,0,,,,,,ground_truth,,,,0.15671490132808685,0.0,btxrd-heuristic-001149,IMG001942.jpeg,0.0,0,320,masks/IMG001942.png,14bf4fc16d7e9f17cb073a83ba89ab04bd4c22a2b6f80f25bf73a67ce7a0a340,0,320,0,known_image_label_normal,0,0,0.0,0,0,0,,,,val,empty_by_image_gate,0.0,0,0,0,0,0
0,0,,,,,,ground_truth,,,,0.9924750924110413,0.0,btxrd-heuristic-001152,IMG001959.jpeg,0.0,0,320,masks/IMG001959.png,14bf4fc16d7e9f17cb073a83ba89ab04bd4c22a2b6f80f25bf73a67ce7a0a340,0,320,0,known_image_label_normal,0,0,0.0,0,0,0,,,,val,empty_by_image_gate,0.0,0,0,0,0,0
0,0,,,,,,ground_truth,,,,0.0843190848827362,0.0,btxrd-heuristic-001162,IMG002005.jpeg,0.0,0,320,masks/IMG002005.png,14bf4fc16d7e9f17cb073a83ba89ab04bd4c22a2b6f80f25bf73a67ce7a0a340,0,320,0,known_image_label_normal,0,0,0.0,0,0,0,,,,val,empty_by_image_gate,0.0,0,0,0,0,0
0,0,,,,,,ground_truth,,,,0.01794756017625332,0.0,btxrd-heuristic-001162,IMG002006.jpeg,0.0,0,320,masks/IMG002006.png,14bf4fc16d7e9f17cb073a83ba89ab04bd4c22a2b6f80f25bf73a67ce7a0a340,0,320,0,known_image_label_normal,0,0,0.0,0,0,0,,,,val,empty_by_image_gate,0.0,0,0,0,0,0
0,0,,,,,,ground_truth,,,,0.9659553170204163,0.0,btxrd-heuristic-001162,IMG002007.jpeg,0.0,0,320,masks/IMG002007.png,14bf4fc16d7e9f17cb073a83ba89ab04bd4c22a2b6f80f25bf73a67ce7a0a340,0,320,0,known_image_label_normal,0,0,0.0,0,0,0,,,,val,empty_by_image_gate,0.0,0,0,0,0,0
0,0,,,,,,ground_truth,,,,0.0846392810344696,0.0,btxrd-heuristic-001168,IMG002030.jpeg,0.0,0,320,masks/IMG002030.png,14bf4fc16d7e9f17cb073a83ba89ab04bd4c22a2b6f80f25bf73a67ce7a0a340,0,320,0,known_image_label_normal,0,0,0.0,0,0,0,,,,val,empty_by_image_gate,0.0,0,0,0,0,0
0,0,,,,,,ground_truth,,,,0.011353205889463425,0.0,btxrd-heuristic-001170,IMG002035.jpeg,0.0,0,320,masks/IMG002035.png,14bf4fc16d7e9f17cb073a83ba89ab04bd4c22a2b6f80f25bf73a67ce7a0a340,0,320,0,known_image_label_normal,0,0,0.0,0,0,0,,,,val,empty_by_image_gate,0.0,0,0,0,0,0
0,0,,,,,,ground_truth,,,,0.03863507881760597,0.0,btxrd-heuristic-001171,IMG002036.jpeg,0.0,0,320,masks/IMG002036.png,14bf4fc16d7e9f17cb073a83ba89ab04bd4c22a2b6f80f25bf73a67ce7a0a340,0,320,0,known_image_label_normal,0,0,0.0,0,0,0,,,,val,empty_by_image_gate,0.0,0,0,0,0,0
0,0,,,,,,ground_truth,,,,0.002663492690771818,0.0,btxrd-heuristic-001179,IMG002073.jpeg,0.0,0,320,masks/IMG002073.png,14bf4fc16d7e9f17cb073a83ba89ab04bd4c22a2b6f80f25bf73a67ce7a0a340,0,320,0,known_image_label_normal,0,0,0.0,0,0,0,,,,val,empty_by_image_gate,0.0,0,0,0,0,0
0,0,,,,,,ground_truth,,,,0.10431775450706482,0.0,btxrd-heuristic-001179,IMG002074.jpeg,0.0,0,320,masks/IMG002074.png,14bf4fc16d7e9f17cb073a83ba89ab04bd4c22a2b6f80f25bf73a67ce7a0a340,0,320,0,known_image_label_normal,0,0,0.0,0,0,0,,,,val,empty_by_image_gate,0.0,0,0,0,0,0
0,0,,,,,,ground_truth,,,,0.0003980595793109387,0.0,btxrd-heuristic-001179,IMG002075.jpeg,0.0,0,320,masks/IMG002075.png,14bf4fc16d7e9f17cb073a83ba89ab04bd4c22a2b6f80f25bf73a67ce7a0a340,0,320,0,known_image_label_normal,0,0,0.0,0,0,0,,,,val,empty_by_image_gate,0.0,0,0,0,0,0
0,0,,,,,,ground_truth,,,,0.00030101212905719876,0.0,btxrd-heuristic-001179,IMG002076.jpeg,0.0,0,320,masks/IMG002076.png,14bf4fc16d7e9f17cb073a83ba89ab04bd4c22a2b6f80f25bf73a67ce7a0a340,0,320,0,known_image_label_normal,0,0,0.0,0,0,0,,,,val,empty_by_image_gate,0.0,0,0,0,0,0
0,0,,,,,,ground_truth,,,,0.05586289241909981,0.0,btxrd-heuristic-001181,IMG002078.jpeg,0.0,0,320,masks/IMG002078.png,14bf4fc16d7e9f17cb073a83ba89ab04bd4c22a2b6f80f25bf73a67ce7a0a340,0,320,0,known_image_label_normal,0,0,0.0,0,0,0,,,,val,empty_by_image_gate,0.0,0,0,0,0,0
0,0,,,,,,ground_truth,,,,0.16933608055114746,0.0,btxrd-heuristic-001181,IMG002079.jpeg,0.0,0,320,masks/IMG002079.png,14bf4fc16d7e9f17cb073a83ba89ab04bd4c22a2b6f80f25bf73a67ce7a0a340,0,320,0,known_image_label_normal,0,0,0.0,0,0,0,,,,val,empty_by_image_gate,0.0,0,0,0,0,0
0,0,,,,,,ground_truth,,,,0.06593134999275208,0.0,btxrd-heuristic-001181,IMG002080.jpeg,0.0,0,320,masks/IMG002080.png,14bf4fc16d7e9f17cb073a83ba89ab04bd4c22a2b6f80f25bf73a67ce7a0a340,0,320,0,known_image_label_normal,0,0,0.0,0,0,0,,,,val,empty_by_image_gate,0.0,0,0,0,0,0
0,0,,,,,,ground_truth,,,,0.0322861447930336,0.0,btxrd-heuristic-001186,IMG002099.jpeg,0.0,0,320,masks/IMG002099.png,14bf4fc16d7e9f17cb073a83ba89ab04bd4c22a2b6f80f25bf73a67ce7a0a340,0,320,0,known_image_label_normal,0,0,0.0,0,0,0,,,,val,empty_by_image_gate,0.0,0,0,0,0,0
0,0,,,,,,ground_truth,,,,0.00024163654597941786,0.0,btxrd-heuristic-001186,IMG002100.jpeg,0.0,0,320,masks/IMG002100.png,14bf4fc16d7e9f17cb073a83ba89ab04bd4c22a2b6f80f25bf73a67ce7a0a340,0,320,0,known_image_label_normal,0,0,0.0,0,0,0,,,,val,empty_by_image_gate,0.0,0,0,0,0,0
0,0,,,,,,ground_truth,,,,0.0008204889018088579,0.0,btxrd-heuristic-001186,IMG002101.jpeg,0.0,0,320,masks/IMG002101.png,14bf4fc16d7e9f17cb073a83ba89ab04bd4c22a2b6f80f25bf73a67ce7a0a340,0,320,0,known_image_label_normal,0,0,0.0,0,0,0,,,,val,empty_by_image_gate,0.0,0,0,0,0,0
0,0,,,,,,ground_truth,,,,0.0028166172560304403,0.0,btxrd-heuristic-001188,IMG002107.jpeg,0.0,0,320,masks/IMG002107.png,14bf4fc16d7e9f17cb073a83ba89ab04bd4c22a2b6f80f25bf73a67ce7a0a340,0,320,0,known_image_label_normal,0,0,0.0,0,0,0,,,,val,empty_by_image_gate,0.0,0,0,0,0,0
0,0,,,,,,ground_truth,,,,0.0007155872299335897,0.0,btxrd-heuristic-001188,IMG002108.jpeg,0.0,0,320,masks/IMG002108.png,14bf4fc16d7e9f17cb073a83ba89ab04bd4c22a2b6f80f25bf73a67ce7a0a340,0,320,0,known_image_label_normal,0,0,0.0,0,0,0,,,,val,empty_by_image_gate,0.0,0,0,0,0,0
0,0,,,,,,ground_truth,,,,0.001425553229637444,0.0,btxrd-heuristic-001189,IMG002109.jpeg,0.0,0,320,masks/IMG002109.png,14bf4fc16d7e9f17cb073a83ba89ab04bd4c22a2b6f80f25bf73a67ce7a0a340,0,320,0,known_image_label_normal,0,0,0.0,0,0,0,,,,val,empty_by_image_gate,0.0,0,0,0,0,0
0,0,,,,,,ground_truth,,,,0.002947158645838499,0.0,btxrd-heuristic-001189,IMG002110.jpeg,0.0,0,320,masks/IMG002110.png,14bf4fc16d7e9f17cb073a83ba89ab04bd4c22a2b6f80f25bf73a67ce7a0a340,0,320,0,known_image_label_normal,0,0,0.0,0,0,0,,,,val,empty_by_image_gate,0.0,0,0,0,0,0
0,0,,,,,,ground_truth,,,,0.0022104154340922832,0.0,btxrd-heuristic-001191,IMG002117.jpeg,0.0,0,320,masks/IMG002117.png,14bf4fc16d7e9f17cb073a83ba89ab04bd4c22a2b6f80f25bf73a67ce7a0a340,0,320,0,known_image_label_normal,0,0,0.0,0,0,0,,,,val,empty_by_image_gate,0.0,0,0,0,0,0
0,0,,,,,,ground_truth,,,,0.002938255202025175,0.0,btxrd-heuristic-001191,IMG002118.jpeg,0.0,0,320,masks/IMG002118.png,14bf4fc16d7e9f17cb073a83ba89ab04bd4c22a2b6f80f25bf73a67ce7a0a340,0,320,0,known_image_label_normal,0,0,0.0,0,0,0,,,,val,empty_by_image_gate,0.0,0,0,0,0,0
0,0,,,,,,ground_truth,,,,0.03242401033639908,0.0,btxrd-heuristic-001191,IMG002119.jpeg,0.0,0,320,masks/IMG002119.png,14bf4fc16d7e9f17cb073a83ba89ab04bd4c22a2b6f80f25bf73a67ce7a0a340,0,320,0,known_image_label_normal,0,0,0.0,0,0,0,,,,val,empty_by_image_gate,0.0,0,0,0,0,0
0,0,,,,,,ground_truth,,,,0.0032477318309247494,0.0,btxrd-heuristic-001191,IMG002120.jpeg,0.0,0,320,masks/IMG002120.png,14bf4fc16d7e9f17cb073a83ba89ab04bd4c22a2b6f80f25bf73a67ce7a0a340,0,320,0,known_image_label_normal,0,0,0.0,0,0,0,,,,val,empty_by_image_gate,0.0,0,0,0,0,0
0,0,,,,,,ground_truth,,,,0.9985697269439697,0.0,btxrd-heuristic-001193,IMG002125.jpeg,0.0,0,320,masks/IMG002125.png,14bf4fc16d7e9f17cb073a83ba89ab04bd4c22a2b6f80f25bf73a67ce7a0a340,0,320,0,known_image_label_normal,0,0,0.0,0,0,0,,,,val,empty_by_image_gate,0.0,0,0,0,0,0
0,0,,,,,,ground_truth,,,,0.02432987280189991,0.0,btxrd-heuristic-001193,IMG002126.jpeg,0.0,0,320,masks/IMG002126.png,14bf4fc16d7e9f17cb073a83ba89ab04bd4c22a2b6f80f25bf73a67ce7a0a340,0,320,0,known_image_label_normal,0,0,0.0,0,0,0,,,,val,empty_by_image_gate,0.0,0,0,0,0,0
0,0,,,,,,ground_truth,,,,0.0006419894634746015,0.0,btxrd-heuristic-001193,IMG002127.jpeg,0.0,0,320,masks/IMG002127.png,14bf4fc16d7e9f17cb073a83ba89ab04bd4c22a2b6f80f25bf73a67ce7a0a340,0,320,0,known_image_label_normal,0,0,0.0,0,0,0,,,,val,empty_by_image_gate,0.0,0,0,0,0,0
0,0,,,,,,ground_truth,,,,0.015449498780071735,0.0,btxrd-heuristic-001195,IMG002130.jpeg,0.0,0,320,masks/IMG002130.png,14bf4fc16d7e9f17cb073a83ba89ab04bd4c22a2b6f80f25bf73a67ce7a0a340,0,320,0,known_image_label_normal,0,0,0.0,0,0,0,,,,val,empty_by_image_gate,0.0,0,0,0,0,0
0,0,,,,,,ground_truth,,,,0.6525343060493469,0.0,btxrd-heuristic-001195,IMG002131.jpeg,0.0,0,320,masks/IMG002131.png,14bf4fc16d7e9f17cb073a83ba89ab04bd4c22a2b6f80f25bf73a67ce7a0a340,0,320,0,known_image_label_normal,0,0,0.0,0,0,0,,,,val,empty_by_image_gate,0.0,0,0,0,0,0
0,0,,,,,,ground_truth,,,,0.03312124311923981,0.0,btxrd-heuristic-001195,IMG002132.jpeg,0.0,0,320,masks/IMG002132.png,14bf4fc16d7e9f17cb073a83ba89ab04bd4c22a2b6f80f25bf73a67ce7a0a340,0,320,0,known_image_label_normal,0,0,0.0,0,0,0,,,,val,empty_by_image_gate,0.0,0,0,0,0,0
0,0,,,,,,ground_truth,,,,0.06577828526496887,0.0,btxrd-heuristic-001195,IMG002133.jpeg,0.0,0,320,masks/IMG002133.png,14bf4fc16d7e9f17cb073a83ba89ab04bd4c22a2b6f80f25bf73a67ce7a0a340,0,320,0,known_image_label_normal,0,0,0.0,0,0,0,,,,val,empty_by_image_gate,0.0,0,0,0,0,0
0,0,,,,,,ground_truth,,,,0.00023541961854789406,0.0,btxrd-heuristic-001201,IMG002174.jpeg,0.0,0,320,masks/IMG002174.png,14bf4fc16d7e9f17cb073a83ba89ab04bd4c22a2b6f80f25bf73a67ce7a0a340,0,320,0,known_image_label_normal,0,0,0.0,0,0,0,,,,val,empty_by_image_gate,0.0,0,0,0,0,0
0,0,,,,,,ground_truth,,,,0.06446205079555511,0.0,btxrd-heuristic-001203,IMG002180.jpeg,0.0,0,320,masks/IMG002180.png,14bf4fc16d7e9f17cb073a83ba89ab04bd4c22a2b6f80f25bf73a67ce7a0a340,0,320,0,known_image_label_normal,0,0,0.0,0,0,0,,,,val,empty_by_image_gate,0.0,0,0,0,0,0
0,0,,,,,,ground_truth,,,,0.4208940267562866,0.0,btxrd-heuristic-001203,IMG002181.jpeg,0.0,0,320,masks/IMG002181.png,14bf4fc16d7e9f17cb073a83ba89ab04bd4c22a2b6f80f25bf73a67ce7a0a340,0,320,0,known_image_label_normal,0,0,0.0,0,0,0,,,,val,empty_by_image_gate,0.0,0,0,0,0,0
0,0,,,,,,ground_truth,,,,0.0032627563923597336,0.0,btxrd-heuristic-001206,IMG002190.jpeg,0.0,0,320,masks/IMG002190.png,14bf4fc16d7e9f17cb073a83ba89ab04bd4c22a2b6f80f25bf73a67ce7a0a340,0,320,0,known_image_label_normal,0,0,0.0,0,0,0,,,,val,empty_by_image_gate,0.0,0,0,0,0,0
0,0,,,,,,ground_truth,,,,0.0007506744586862624,0.0,btxrd-heuristic-001219,IMG002267.jpeg,0.0,0,320,masks/IMG002267.png,14bf4fc16d7e9f17cb073a83ba89ab04bd4c22a2b6f80f25bf73a67ce7a0a340,0,320,0,known_image_label_normal,0,0,0.0,0,0,0,,,,val,empty_by_image_gate,0.0,0,0,0,0,0
0,0,,,,,,ground_truth,,,,0.7796515822410583,0.0,btxrd-heuristic-001219,IMG002268.jpeg,0.0,0,320,masks/IMG002268.png,14bf4fc16d7e9f17cb073a83ba89ab04bd4c22a2b6f80f25bf73a67ce7a0a340,0,320,0,known_image_label_normal,0,0,0.0,0,0,0,,,,val,empty_by_image_gate,0.0,0,0,0,0,0
0,0,,,,,,ground_truth,,,,0.0003316091315355152,0.0,btxrd-heuristic-001219,IMG002269.jpeg,0.0,0,320,masks/IMG002269.png,14bf4fc16d7e9f17cb073a83ba89ab04bd4c22a2b6f80f25bf73a67ce7a0a340,0,320,0,known_image_label_normal,0,0,0.0,0,0,0,,,,val,empty_by_image_gate,0.0,0,0,0,0,0
0,0,,,,,,ground_truth,,,,0.8085513710975647,0.0,btxrd-heuristic-001219,IMG002270.jpeg,0.0,0,320,masks/IMG002270.png,14bf4fc16d7e9f17cb073a83ba89ab04bd4c22a2b6f80f25bf73a67ce7a0a340,0,320,0,known_image_label_normal,0,0,0.0,0,0,0,,,,val,empty_by_image_gate,0.0,0,0,0,0,0
0,0,,,,,,ground_truth,,,,0.0011920314282178879,0.0,btxrd-heuristic-001220,IMG002271.jpeg,0.0,0,320,masks/IMG002271.png,14bf4fc16d7e9f17cb073a83ba89ab04bd4c22a2b6f80f25bf73a67ce7a0a340,0,320,0,known_image_label_normal,0,0,0.0,0,0,0,,,,val,empty_by_image_gate,0.0,0,0,0,0,0
0,0,,,,,,ground_truth,,,,0.1249513104557991,0.0,btxrd-heuristic-001220,IMG002272.jpeg,0.0,0,320,masks/IMG002272.png,14bf4fc16d7e9f17cb073a83ba89ab04bd4c22a2b6f80f25bf73a67ce7a0a340,0,320,0,known_image_label_normal,0,0,0.0,0,0,0,,,,val,empty_by_image_gate,0.0,0,0,0,0,0
0,0,,,,,,ground_truth,,,,0.01068130973726511,0.0,btxrd-heuristic-001220,IMG002273.jpeg,0.0,0,320,masks/IMG002273.png,14bf4fc16d7e9f17cb073a83ba89ab04bd4c22a2b6f80f25bf73a67ce7a0a340,0,320,0,known_image_label_normal,0,0,0.0,0,0,0,,,,val,empty_by_image_gate,0.0,0,0,0,0,0
0,0,,,,,,ground_truth,,,,0.01989620365202427,0.0,btxrd-heuristic-001220,IMG002274.jpeg,0.0,0,320,masks/IMG002274.png,14bf4fc16d7e9f17cb073a83ba89ab04bd4c22a2b6f80f25bf73a67ce7a0a340,0,320,0,known_image_label_normal,0,0,0.0,0,0,0,,,,val,empty_by_image_gate,0.0,0,0,0,0,0
0,0,,,,,,ground_truth,,,,0.01635853201150894,0.0,btxrd-heuristic-001229,IMG002345.jpeg,0.0,0,320,masks/IMG002345.png,14bf4fc16d7e9f17cb073a83ba89ab04bd4c22a2b6f80f25bf73a67ce7a0a340,0,320,0,known_image_label_normal,0,0,0.0,0,0,0,,,,val,empty_by_image_gate,0.0,0,0,0,0,0
0,0,,,,,,ground_truth,,,,0.0012045789044350386,0.0,btxrd-heuristic-001229,IMG002346.jpeg,0.0,0,320,masks/IMG002346.png,14bf4fc16d7e9f17cb073a83ba89ab04bd4c22a2b6f80f25bf73a67ce7a0a340,0,320,0,known_image_label_normal,0,0,0.0,0,0,0,,,,val,empty_by_image_gate,0.0,0,0,0,0,0
0,0,,,,,,ground_truth,,,,0.006366275716573,0.0,btxrd-heuristic-001229,IMG002347.jpeg,0.0,0,320,masks/IMG002347.png,14bf4fc16d7e9f17cb073a83ba89ab04bd4c22a2b6f80f25bf73a67ce7a0a340,0,320,0,known_image_label_normal,0,0,0.0,0,0,0,,,,val,empty_by_image_gate,0.0,0,0,0,0,0
0,0,,,,,,ground_truth,,,,0.04270223155617714,0.0,btxrd-heuristic-001229,IMG002348.jpeg,0.0,0,320,masks/IMG002348.png,14bf4fc16d7e9f17cb073a83ba89ab04bd4c22a2b6f80f25bf73a67ce7a0a340,0,320,0,known_image_label_normal,0,0,0.0,0,0,0,,,,val,empty_by_image_gate,0.0,0,0,0,0,0
0,0,,,,,,ground_truth,,,,0.028598099946975708,0.0,btxrd-heuristic-001232,IMG002364.jpeg,0.0,0,320,masks/IMG002364.png,14bf4fc16d7e9f17cb073a83ba89ab04bd4c22a2b6f80f25bf73a67ce7a0a340,0,320,0,known_image_label_normal,0,0,0.0,0,0,0,,,,val,empty_by_image_gate,0.0,0,0,0,0,0
0,0,,,,,,ground_truth,,,,0.0532778836786747,0.0,btxrd-heuristic-001232,IMG002365.jpeg,0.0,0,320,masks/IMG002365.png,14bf4fc16d7e9f17cb073a83ba89ab04bd4c22a2b6f80f25bf73a67ce7a0a340,0,320,0,known_image_label_normal,0,0,0.0,0,0,0,,,,val,empty_by_image_gate,0.0,0,0,0,0,0
0,0,,,,,,ground_truth,,,,0.04138566553592682,0.0,btxrd-heuristic-001232,IMG002366.jpeg,0.0,0,320,masks/IMG002366.png,14bf4fc16d7e9f17cb073a83ba89ab04bd4c22a2b6f80f25bf73a67ce7a0a340,0,320,0,known_image_label_normal,0,0,0.0,0,0,0,,,,val,empty_by_image_gate,0.0,0,0,0,0,0
0,0,,,,,,ground_truth,,,,0.9980521202087402,0.0,btxrd-heuristic-001233,IMG002367.jpeg,0.0,0,320,masks/IMG002367.png,14bf4fc16d7e9f17cb073a83ba89ab04bd4c22a2b6f80f25bf73a67ce7a0a340,0,320,0,known_image_label_normal,0,0,0.0,0,0,0,,,,val,empty_by_image_gate,0.0,0,0,0,0,0
0,0,,,,,,ground_truth,,,,0.9978399276733398,0.0,btxrd-heuristic-001233,IMG002368.jpeg,0.0,0,320,masks/IMG002368.png,14bf4fc16d7e9f17cb073a83ba89ab04bd4c22a2b6f80f25bf73a67ce7a0a340,0,320,0,known_image_label_normal,0,0,0.0,0,0,0,,,,val,empty_by_image_gate,0.0,0,0,0,0,0
0,0,,,,,,ground_truth,,,,0.39740175008773804,0.0,btxrd-heuristic-001245,IMG002447.jpeg,0.0,0,320,masks/IMG002447.png,14bf4fc16d7e9f17cb073a83ba89ab04bd4c22a2b6f80f25bf73a67ce7a0a340,0,320,0,known_image_label_normal,0,0,0.0,0,0,0,,,,val,empty_by_image_gate,0.0,0,0,0,0,0
0,0,,,,,,ground_truth,,,,0.25632336735725403,0.0,btxrd-heuristic-001245,IMG002448.jpeg,0.0,0,320,masks/IMG002448.png,14bf4fc16d7e9f17cb073a83ba89ab04bd4c22a2b6f80f25bf73a67ce7a0a340,0,320,0,known_image_label_normal,0,0,0.0,0,0,0,,,,val,empty_by_image_gate,0.0,0,0,0,0,0
0,0,,,,,,ground_truth,,,,0.4921049475669861,0.0,btxrd-heuristic-001245,IMG002449.jpeg,0.0,0,320,masks/IMG002449.png,14bf4fc16d7e9f17cb073a83ba89ab04bd4c22a2b6f80f25bf73a67ce7a0a340,0,320,0,known_image_label_normal,0,0,0.0,0,0,0,,,,val,empty_by_image_gate,0.0,0,0,0,0,0
0,0,,,,,,ground_truth,,,,0.002720421180129051,0.0,btxrd-heuristic-001246,IMG002450.jpeg,0.0,0,320,masks/IMG002450.png,14bf4fc16d7e9f17cb073a83ba89ab04bd4c22a2b6f80f25bf73a67ce7a0a340,0,320,0,known_image_label_normal,0,0,0.0,0,0,0,,,,val,empty_by_image_gate,0.0,0,0,0,0,0
0,0,,,,,,ground_truth,,,,0.3236912488937378,0.0,btxrd-heuristic-001246,IMG002451.jpeg,0.0,0,320,masks/IMG002451.png,14bf4fc16d7e9f17cb073a83ba89ab04bd4c22a2b6f80f25bf73a67ce7a0a340,0,320,0,known_image_label_normal,0,0,0.0,0,0,0,,,,val,empty_by_image_gate,0.0,0,0,0,0,0
0,0,,,,,,ground_truth,,,,0.00033493986120447516,0.0,btxrd-heuristic-001246,IMG002452.jpeg,0.0,0,320,masks/IMG002452.png,14bf4fc16d7e9f17cb073a83ba89ab04bd4c22a2b6f80f25bf73a67ce7a0a340,0,320,0,known_image_label_normal,0,0,0.0,0,0,0,,,,val,empty_by_image_gate,0.0,0,0,0,0,0
0,0,,,,,,ground_truth,,,,0.28180816769599915,0.0,btxrd-heuristic-001246,IMG002453.jpeg,0.0,0,320,masks/IMG002453.png,14bf4fc16d7e9f17cb073a83ba89ab04bd4c22a2b6f80f25bf73a67ce7a0a340,0,320,0,known_image_label_normal,0,0,0.0,0,0,0,,,,val,empty_by_image_gate,0.0,0,0,0,0,0
0,0,,,,,,ground_truth,,,,0.0041215443052351475,0.0,btxrd-heuristic-001261,IMG002592.jpeg,0.0,0,320,masks/IMG002592.png,14bf4fc16d7e9f17cb073a83ba89ab04bd4c22a2b6f80f25bf73a67ce7a0a340,0,320,0,known_image_label_normal,0,0,0.0,0,0,0,,,,val,empty_by_image_gate,0.0,0,0,0,0,0
0,0,,,,,,ground_truth,,,,0.020666033029556274,0.0,btxrd-heuristic-001261,IMG002593.jpeg,0.0,0,320,masks/IMG002593.png,14bf4fc16d7e9f17cb073a83ba89ab04bd4c22a2b6f80f25bf73a67ce7a0a340,0,320,0,known_image_label_normal,0,0,0.0,0,0,0,,,,val,empty_by_image_gate,0.0,0,0,0,0,0
0,0,,,,,,ground_truth,,,,0.0029031590092927217,0.0,btxrd-heuristic-001261,IMG002594.jpeg,0.0,0,320,masks/IMG002594.png,14bf4fc16d7e9f17cb073a83ba89ab04bd4c22a2b6f80f25bf73a67ce7a0a340,0,320,0,known_image_label_normal,0,0,0.0,0,0,0,,,,val,empty_by_image_gate,0.0,0,0,0,0,0
0,0,,,,,,ground_truth,,,,0.003949418663978577,0.0,btxrd-heuristic-001261,IMG002595.jpeg,0.0,0,320,masks/IMG002595.png,14bf4fc16d7e9f17cb073a83ba89ab04bd4c22a2b6f80f25bf73a67ce7a0a340,0,320,0,known_image_label_normal,0,0,0.0,0,0,0,,,,val,empty_by_image_gate,0.0,0,0,0,0,0
0,0,,,,,,ground_truth,,,,0.1397315263748169,0.0,btxrd-heuristic-001271,IMG002704.jpeg,0.0,0,320,masks/IMG002704.png,14bf4fc16d7e9f17cb073a83ba89ab04bd4c22a2b6f80f25bf73a67ce7a0a340,0,320,0,known_image_label_normal,0,0,0.0,0,0,0,,,,val,empty_by_image_gate,0.0,0,0,0,0,0
0,0,,,,,,ground_truth,,,,0.10762351006269455,0.0,btxrd-heuristic-001271,IMG002705.jpeg,0.0,0,320,masks/IMG002705.png,14bf4fc16d7e9f17cb073a83ba89ab04bd4c22a2b6f80f25bf73a67ce7a0a340,0,320,0,known_image_label_normal,0,0,0.0,0,0,0,,,,val,empty_by_image_gate,0.0,0,0,0,0,0
0,0,,,,,,ground_truth,,,,0.00028418665169738233,0.0,btxrd-heuristic-001275,IMG002728.jpeg,0.0,0,320,masks/IMG002728.png,14bf4fc16d7e9f17cb073a83ba89ab04bd4c22a2b6f80f25bf73a67ce7a0a340,0,320,0,known_image_label_normal,0,0,0.0,0,0,0,,,,val,empty_by_image_gate,0.0,0,0,0,0,0
0,0,,,,,,ground_truth,,,,0.00013836738071404397,0.0,btxrd-heuristic-001275,IMG002729.jpeg,0.0,0,320,masks/IMG002729.png,14bf4fc16d7e9f17cb073a83ba89ab04bd4c22a2b6f80f25bf73a67ce7a0a340,0,320,0,known_image_label_normal,0,0,0.0,0,0,0,,,,val,empty_by_image_gate,0.0,0,0,0,0,0
0,0,,,,,,ground_truth,,,,0.017689961940050125,0.0,btxrd-heuristic-001286,IMG002836.jpeg,0.0,0,320,masks/IMG002836.png,14bf4fc16d7e9f17cb073a83ba89ab04bd4c22a2b6f80f25bf73a67ce7a0a340,0,320,0,known_image_label_normal,0,0,0.0,0,0,0,,,,val,empty_by_image_gate,0.0,0,0,0,0,0
0,0,,,,,,ground_truth,,,,0.23925478756427765,0.0,btxrd-heuristic-001286,IMG002837.jpeg,0.0,0,320,masks/IMG002837.png,14bf4fc16d7e9f17cb073a83ba89ab04bd4c22a2b6f80f25bf73a67ce7a0a340,0,320,0,known_image_label_normal,0,0,0.0,0,0,0,,,,val,empty_by_image_gate,0.0,0,0,0,0,0
0,0,,,,,,ground_truth,,,,0.0354183129966259,0.0,btxrd-heuristic-001286,IMG002838.jpeg,0.0,0,320,masks/IMG002838.png,14bf4fc16d7e9f17cb073a83ba89ab04bd4c22a2b6f80f25bf73a67ce7a0a340,0,320,0,known_image_label_normal,0,0,0.0,0,0,0,,,,val,empty_by_image_gate,0.0,0,0,0,0,0
0,0,,,,,,ground_truth,,,,0.9892773628234863,0.0,btxrd-heuristic-001286,IMG002839.jpeg,0.0,0,320,masks/IMG002839.png,14bf4fc16d7e9f17cb073a83ba89ab04bd4c22a2b6f80f25bf73a67ce7a0a340,0,320,0,known_image_label_normal,0,0,0.0,0,0,0,,,,val,empty_by_image_gate,0.0,0,0,0,0,0
0,0,,,,,,ground_truth,,,,0.0003578769974410534,0.0,btxrd-heuristic-001292,IMG002894.jpeg,0.0,0,320,masks/IMG002894.png,14bf4fc16d7e9f17cb073a83ba89ab04bd4c22a2b6f80f25bf73a67ce7a0a340,0,320,0,known_image_label_normal,0,0,0.0,0,0,0,,,,val,empty_by_image_gate,0.0,0,0,0,0,0
0,0,,,,,,ground_truth,,,,0.00027059781132265925,0.0,btxrd-heuristic-001292,IMG002895.jpeg,0.0,0,320,masks/IMG002895.png,14bf4fc16d7e9f17cb073a83ba89ab04bd4c22a2b6f80f25bf73a67ce7a0a340,0,320,0,known_image_label_normal,0,0,0.0,0,0,0,,,,val,empty_by_image_gate,0.0,0,0,0,0,0
0,0,,,,,,ground_truth,,,,0.0005610489170067012,0.0,btxrd-heuristic-001292,IMG002896.jpeg,0.0,0,320,masks/IMG002896.png,14bf4fc16d7e9f17cb073a83ba89ab04bd4c22a2b6f80f25bf73a67ce7a0a340,0,320,0,known_image_label_normal,0,0,0.0,0,0,0,,,,val,empty_by_image_gate,0.0,0,0,0,0,0
0,0,,,,,,ground_truth,,,,0.00017254096746910363,0.0,btxrd-heuristic-001292,IMG002897.jpeg,0.0,0,320,masks/IMG002897.png,14bf4fc16d7e9f17cb073a83ba89ab04bd4c22a2b6f80f25bf73a67ce7a0a340,0,320,0,known_image_label_normal,0,0,0.0,0,0,0,,,,val,empty_by_image_gate,0.0,0,0,0,0,0
0,0,,,,,,ground_truth,,,,0.0025290416087955236,0.0,btxrd-heuristic-001296,IMG002932.jpeg,0.0,0,320,masks/IMG002932.png,14bf4fc16d7e9f17cb073a83ba89ab04bd4c22a2b6f80f25bf73a67ce7a0a340,0,320,0,known_image_label_normal,0,0,0.0,0,0,0,,,,val,empty_by_image_gate,0.0,0,0,0,0,0
0,0,,,,,,ground_truth,,,,0.0018818115349859,0.0,btxrd-heuristic-001296,IMG002933.jpeg,0.0,0,320,masks/IMG002933.png,14bf4fc16d7e9f17cb073a83ba89ab04bd4c22a2b6f80f25bf73a67ce7a0a340,0,320,0,known_image_label_normal,0,0,0.0,0,0,0,,,,val,empty_by_image_gate,0.0,0,0,0,0,0
0,0,,,,,,ground_truth,,,,0.0012673101155087352,0.0,btxrd-heuristic-001320,IMG003119.jpeg,0.0,0,320,masks/IMG003119.png,14bf4fc16d7e9f17cb073a83ba89ab04bd4c22a2b6f80f25bf73a67ce7a0a340,0,320,0,known_image_label_normal,0,0,0.0,0,0,0,,,,val,empty_by_image_gate,0.0,0,0,0,0,0
0,0,,,,,,ground_truth,,,,0.004441667348146439,0.0,btxrd-heuristic-001320,IMG003120.jpeg,0.0,0,320,masks/IMG003120.png,14bf4fc16d7e9f17cb073a83ba89ab04bd4c22a2b6f80f25bf73a67ce7a0a340,0,320,0,known_image_label_normal,0,0,0.0,0,0,0,,,,val,empty_by_image_gate,0.0,0,0,0,0,0
0,0,,,,,,ground_truth,,,,0.005320973228663206,0.0,btxrd-heuristic-001331,IMG003162.jpeg,0.0,0,320,masks/IMG003162.png,14bf4fc16d7e9f17cb073a83ba89ab04bd4c22a2b6f80f25bf73a67ce7a0a340,0,320,0,known_image_label_normal,0,0,0.0,0,0,0,,,,val,empty_by_image_gate,0.0,0,0,0,0,0
0,0,,,,,,ground_truth,,,,0.3507205545902252,0.0,btxrd-heuristic-001331,IMG003163.jpeg,0.0,0,320,masks/IMG003163.png,14bf4fc16d7e9f17cb073a83ba89ab04bd4c22a2b6f80f25bf73a67ce7a0a340,0,320,0,known_image_label_normal,0,0,0.0,0,0,0,,,,val,empty_by_image_gate,0.0,0,0,0,0,0
0,0,,,,,,ground_truth,,,,0.005120361223816872,0.0,btxrd-heuristic-001331,IMG003164.jpeg,0.0,0,320,masks/IMG003164.png,14bf4fc16d7e9f17cb073a83ba89ab04bd4c22a2b6f80f25bf73a67ce7a0a340,0,320,0,known_image_label_normal,0,0,0.0,0,0,0,,,,val,empty_by_image_gate,0.0,0,0,0,0,0
0,0,,,,,,ground_truth,,,,0.9291367530822754,0.0,btxrd-heuristic-001331,IMG003165.jpeg,0.0,0,320,masks/IMG003165.png,14bf4fc16d7e9f17cb073a83ba89ab04bd4c22a2b6f80f25bf73a67ce7a0a340,0,320,0,known_image_label_normal,0,0,0.0,0,0,0,,,,val,empty_by_image_gate,0.0,0,0,0,0,0
0,0,,,,,,ground_truth,,,,0.0006745787104591727,0.0,btxrd-heuristic-001337,IMG003202.jpeg,0.0,0,320,masks/IMG003202.png,14bf4fc16d7e9f17cb073a83ba89ab04bd4c22a2b6f80f25bf73a67ce7a0a340,0,320,0,known_image_label_normal,0,0,0.0,0,0,0,,,,val,empty_by_image_gate,0.0,0,0,0,0,0
0,0,,,,,,ground_truth,,,,0.028043881058692932,0.0,btxrd-heuristic-001337,IMG003203.jpeg,0.0,0,320,masks/IMG003203.png,14bf4fc16d7e9f17cb073a83ba89ab04bd4c22a2b6f80f25bf73a67ce7a0a340,0,320,0,known_image_label_normal,0,0,0.0,0,0,0,,,,val,empty_by_image_gate,0.0,0,0,0,0,0
0,0,,,,,,ground_truth,,,,0.005913142580538988,0.0,btxrd-heuristic-001337,IMG003204.jpeg,0.0,0,320,masks/IMG003204.png,14bf4fc16d7e9f17cb073a83ba89ab04bd4c22a2b6f80f25bf73a67ce7a0a340,0,320,0,known_image_label_normal,0,0,0.0,0,0,0,,,,val,empty_by_image_gate,0.0,0,0,0,0,0
0,0,,,,,,ground_truth,,,,0.04528052359819412,0.0,btxrd-heuristic-001347,IMG003234.jpeg,0.0,0,320,masks/IMG003234.png,14bf4fc16d7e9f17cb073a83ba89ab04bd4c22a2b6f80f25bf73a67ce7a0a340,0,320,0,known_image_label_normal,0,0,0.0,0,0,0,,,,val,empty_by_image_gate,0.0,0,0,0,0,0
0,0,,,,,,ground_truth,,,,0.24824272096157074,0.0,btxrd-heuristic-001347,IMG003235.jpeg,0.0,0,320,masks/IMG003235.png,14bf4fc16d7e9f17cb073a83ba89ab04bd4c22a2b6f80f25bf73a67ce7a0a340,0,320,0,known_image_label_normal,0,0,0.0,0,0,0,,,,val,empty_by_image_gate,0.0,0,0,0,0,0
0,0,,,,,,ground_truth,,,,0.0007047232356853783,0.0,btxrd-heuristic-001347,IMG003236.jpeg,0.0,0,320,masks/IMG003236.png,14bf4fc16d7e9f17cb073a83ba89ab04bd4c22a2b6f80f25bf73a67ce7a0a340,0,320,0,known_image_label_normal,0,0,0.0,0,0,0,,,,val,empty_by_image_gate,0.0,0,0,0,0,0
0,0,,,,,,ground_truth,,,,0.006466470193117857,0.0,btxrd-heuristic-001347,IMG003237.jpeg,0.0,0,320,masks/IMG003237.png,14bf4fc16d7e9f17cb073a83ba89ab04bd4c22a2b6f80f25bf73a67ce7a0a340,0,320,0,known_image_label_normal,0,0,0.0,0,0,0,,,,val,empty_by_image_gate,0.0,0,0,0,0,0
0,0,,,,,,ground_truth,,,,0.9999055862426758,0.0,btxrd-heuristic-001350,IMG003243.jpeg,0.0,0,320,masks/IMG003243.png,14bf4fc16d7e9f17cb073a83ba89ab04bd4c22a2b6f80f25bf73a67ce7a0a340,0,320,0,known_image_label_normal,0,0,0.0,0,0,0,,,,val,empty_by_image_gate,0.0,0,0,0,0,0
0,0,,,,,,ground_truth,,,,0.9999589920043945,0.0,btxrd-heuristic-001350,IMG003244.jpeg,0.0,0,320,masks/IMG003244.png,14bf4fc16d7e9f17cb073a83ba89ab04bd4c22a2b6f80f25bf73a67ce7a0a340,0,320,0,known_image_label_normal,0,0,0.0,0,0,0,,,,val,empty_by_image_gate,0.0,0,0,0,0,0
0,0,,,,,,ground_truth,,,,0.7716954946517944,0.0,btxrd-heuristic-001350,IMG003245.jpeg,0.0,0,320,masks/IMG003245.png,14bf4fc16d7e9f17cb073a83ba89ab04bd4c22a2b6f80f25bf73a67ce7a0a340,0,320,0,known_image_label_normal,0,0,0.0,0,0,0,,,,val,empty_by_image_gate,0.0,0,0,0,0,0
0,0,,,,,,ground_truth,,,,0.9998759031295776,0.0,btxrd-heuristic-001350,IMG003246.jpeg,0.0,0,320,masks/IMG003246.png,14bf4fc16d7e9f17cb073a83ba89ab04bd4c22a2b6f80f25bf73a67ce7a0a340,0,320,0,known_image_label_normal,0,0,0.0,0,0,0,,,,val,empty_by_image_gate,0.0,0,0,0,0,0
0,0,,,,,,ground_truth,,,,0.005946760531514883,0.0,btxrd-heuristic-001351,IMG003247.jpeg,0.0,0,320,masks/IMG003247.png,14bf4fc16d7e9f17cb073a83ba89ab04bd4c22a2b6f80f25bf73a67ce7a0a340,0,320,0,known_image_label_normal,0,0,0.0,0,0,0,,,,val,empty_by_image_gate,0.0,0,0,0,0,0
0,0,,,,,,ground_truth,,,,0.9584586024284363,0.0,btxrd-heuristic-001351,IMG003248.jpeg,0.0,0,320,masks/IMG003248.png,14bf4fc16d7e9f17cb073a83ba89ab04bd4c22a2b6f80f25bf73a67ce7a0a340,0,320,0,known_image_label_normal,0,0,0.0,0,0,0,,,,val,empty_by_image_gate,0.0,0,0,0,0,0
0,0,,,,,,ground_truth,,,,0.9998717308044434,0.0,btxrd-heuristic-001353,IMG003250.jpeg,0.0,0,320,masks/IMG003250.png,14bf4fc16d7e9f17cb073a83ba89ab04bd4c22a2b6f80f25bf73a67ce7a0a340,0,320,0,known_image_label_normal,0,0,0.0,0,0,0,,,,val,empty_by_image_gate,0.0,0,0,0,0,0
0,0,,,,,,ground_truth,,,,0.9920240640640259,0.0,btxrd-heuristic-001354,IMG003251.jpeg,0.0,0,320,masks/IMG003251.png,14bf4fc16d7e9f17cb073a83ba89ab04bd4c22a2b6f80f25bf73a67ce7a0a340,0,320,0,known_image_label_normal,0,0,0.0,0,0,0,,,,val,empty_by_image_gate,0.0,0,0,0,0,0
0,0,,,,,,ground_truth,,,,0.999680757522583,0.0,btxrd-heuristic-001354,IMG003252.jpeg,0.0,0,320,masks/IMG003252.png,14bf4fc16d7e9f17cb073a83ba89ab04bd4c22a2b6f80f25bf73a67ce7a0a340,0,320,0,known_image_label_normal,0,0,0.0,0,0,0,,,,val,empty_by_image_gate,0.0,0,0,0,0,0
0,0,,,,,,ground_truth,,,,0.0037540385965257883,0.0,btxrd-heuristic-001356,IMG003259.jpeg,0.0,0,320,masks/IMG003259.png,14bf4fc16d7e9f17cb073a83ba89ab04bd4c22a2b6f80f25bf73a67ce7a0a340,0,320,0,known_image_label_normal,0,0,0.0,0,0,0,,,,val,empty_by_image_gate,0.0,0,0,0,0,0
0,0,,,,,,ground_truth,,,,0.02433788776397705,0.0,btxrd-heuristic-001356,IMG003260.jpeg,0.0,0,320,masks/IMG003260.png,14bf4fc16d7e9f17cb073a83ba89ab04bd4c22a2b6f80f25bf73a67ce7a0a340,0,320,0,known_image_label_normal,0,0,0.0,0,0,0,,,,val,empty_by_image_gate,0.0,0,0,0,0,0
0,0,,,,,,ground_truth,,,,0.011548941023647785,0.0,btxrd-heuristic-001356,IMG003261.jpeg,0.0,0,320,masks/IMG003261.png,14bf4fc16d7e9f17cb073a83ba89ab04bd4c22a2b6f80f25bf73a67ce7a0a340,0,320,0,known_image_label_normal,0,0,0.0,0,0,0,,,,val,empty_by_image_gate,0.0,0,0,0,0,0
0,0,,,,,,ground_truth,,,,0.7828996181488037,0.0,btxrd-heuristic-001359,IMG003266.jpeg,0.0,0,320,masks/IMG003266.png,14bf4fc16d7e9f17cb073a83ba89ab04bd4c22a2b6f80f25bf73a67ce7a0a340,0,320,0,known_image_label_normal,0,0,0.0,0,0,0,,,,val,empty_by_image_gate,0.0,0,0,0,0,0
0,0,,,,,,ground_truth,,,,0.9485951662063599,0.0,btxrd-heuristic-001361,IMG003268.jpeg,0.0,0,320,masks/IMG003268.png,14bf4fc16d7e9f17cb073a83ba89ab04bd4c22a2b6f80f25bf73a67ce7a0a340,0,320,0,known_image_label_normal,0,0,0.0,0,0,0,,,,val,empty_by_image_gate,0.0,0,0,0,0,0
0,0,,,,,,ground_truth,,,,0.30914393067359924,0.0,btxrd-heuristic-001361,IMG003269.jpeg,0.0,0,320,masks/IMG003269.png,14bf4fc16d7e9f17cb073a83ba89ab04bd4c22a2b6f80f25bf73a67ce7a0a340,0,320,0,known_image_label_normal,0,0,0.0,0,0,0,,,,val,empty_by_image_gate,0.0,0,0,0,0,0
0,0,,,,,,ground_truth,,,,0.010398701764643192,0.0,btxrd-heuristic-001365,IMG003281.jpeg,0.0,0,320,masks/IMG003281.png,14bf4fc16d7e9f17cb073a83ba89ab04bd4c22a2b6f80f25bf73a67ce7a0a340,0,320,0,known_image_label_normal,0,0,0.0,0,0,0,,,,val,empty_by_image_gate,0.0,0,0,0,0,0
0,0,,,,,,ground_truth,,,,0.09878509491682053,0.0,btxrd-heuristic-001365,IMG003282.jpeg,0.0,0,320,masks/IMG003282.png,14bf4fc16d7e9f17cb073a83ba89ab04bd4c22a2b6f80f25bf73a67ce7a0a340,0,320,0,known_image_label_normal,0,0,0.0,0,0,0,,,,val,empty_by_image_gate,0.0,0,0,0,0,0
0,0,,,,,,ground_truth,,,,0.01698589138686657,0.0,btxrd-heuristic-001366,IMG003283.jpeg,0.0,0,320,masks/IMG003283.png,14bf4fc16d7e9f17cb073a83ba89ab04bd4c22a2b6f80f25bf73a67ce7a0a340,0,320,0,known_image_label_normal,0,0,0.0,0,0,0,,,,val,empty_by_image_gate,0.0,0,0,0,0,0
0,0,,,,,,ground_truth,,,,9.619868797017261e-05,0.0,btxrd-heuristic-001366,IMG003284.jpeg,0.0,0,320,masks/IMG003284.png,14bf4fc16d7e9f17cb073a83ba89ab04bd4c22a2b6f80f25bf73a67ce7a0a340,0,320,0,known_image_label_normal,0,0,0.0,0,0,0,,,,val,empty_by_image_gate,0.0,0,0,0,0,0
0,0,,,,,,ground_truth,,,,0.00026897579664364457,0.0,btxrd-heuristic-001366,IMG003285.jpeg,0.0,0,320,masks/IMG003285.png,14bf4fc16d7e9f17cb073a83ba89ab04bd4c22a2b6f80f25bf73a67ce7a0a340,0,320,0,known_image_label_normal,0,0,0.0,0,0,0,,,,val,empty_by_image_gate,0.0,0,0,0,0,0
0,0,,,,,,ground_truth,,,,0.002287604147568345,0.0,btxrd-heuristic-001366,IMG003286.jpeg,0.0,0,320,masks/IMG003286.png,14bf4fc16d7e9f17cb073a83ba89ab04bd4c22a2b6f80f25bf73a67ce7a0a340,0,320,0,known_image_label_normal,0,0,0.0,0,0,0,,,,val,empty_by_image_gate,0.0,0,0,0,0,0
0,0,,,,,,ground_truth,,,,0.9918997287750244,0.0,btxrd-heuristic-001369,IMG003295.jpeg,0.0,0,320,masks/IMG003295.png,14bf4fc16d7e9f17cb073a83ba89ab04bd4c22a2b6f80f25bf73a67ce7a0a340,0,320,0,known_image_label_normal,0,0,0.0,0,0,0,,,,val,empty_by_image_gate,0.0,0,0,0,0,0
0,0,,,,,,ground_truth,,,,0.4057762622833252,0.0,btxrd-heuristic-001369,IMG003296.jpeg,0.0,0,320,masks/IMG003296.png,14bf4fc16d7e9f17cb073a83ba89ab04bd4c22a2b6f80f25bf73a67ce7a0a340,0,320,0,known_image_label_normal,0,0,0.0,0,0,0,,,,val,empty_by_image_gate,0.0,0,0,0,0,0
0,0,,,,,,ground_truth,,,,0.9929437041282654,0.0,btxrd-heuristic-001369,IMG003297.jpeg,0.0,0,320,masks/IMG003297.png,14bf4fc16d7e9f17cb073a83ba89ab04bd4c22a2b6f80f25bf73a67ce7a0a340,0,320,0,known_image_label_normal,0,0,0.0,0,0,0,,,,val,empty_by_image_gate,0.0,0,0,0,0,0
0,0,,,,,,ground_truth,,,,0.6732377409934998,0.0,btxrd-heuristic-001377,IMG003317.jpeg,0.0,0,320,masks/IMG003317.png,14bf4fc16d7e9f17cb073a83ba89ab04bd4c22a2b6f80f25bf73a67ce7a0a340,0,320,0,known_image_label_normal,0,0,0.0,0,0,0,,,,val,empty_by_image_gate,0.0,0,0,0,0,0
0,0,,,,,,ground_truth,,,,0.9114847183227539,0.0,btxrd-heuristic-001377,IMG003318.jpeg,0.0,0,320,masks/IMG003318.png,14bf4fc16d7e9f17cb073a83ba89ab04bd4c22a2b6f80f25bf73a67ce7a0a340,0,320,0,known_image_label_normal,0,0,0.0,0,0,0,,,,val,empty_by_image_gate,0.0,0,0,0,0,0
0,0,,,,,,ground_truth,,,,0.3057069778442383,0.0,btxrd-heuristic-001378,IMG003319.jpeg,0.0,0,320,masks/IMG003319.png,14bf4fc16d7e9f17cb073a83ba89ab04bd4c22a2b6f80f25bf73a67ce7a0a340,0,320,0,known_image_label_normal,0,0,0.0,0,0,0,,,,val,empty_by_image_gate,0.0,0,0,0,0,0
0,0,,,,,,ground_truth,,,,0.2035980224609375,0.0,btxrd-heuristic-001384,IMG003339.jpeg,0.0,0,320,masks/IMG003339.png,14bf4fc16d7e9f17cb073a83ba89ab04bd4c22a2b6f80f25bf73a67ce7a0a340,0,320,0,known_image_label_normal,0,0,0.0,0,0,0,,,,val,empty_by_image_gate,0.0,0,0,0,0,0
0,0,,,,,,ground_truth,,,,0.32023945450782776,0.0,btxrd-heuristic-001384,IMG003340.jpeg,0.0,0,320,masks/IMG003340.png,14bf4fc16d7e9f17cb073a83ba89ab04bd4c22a2b6f80f25bf73a67ce7a0a340,0,320,0,known_image_label_normal,0,0,0.0,0,0,0,,,,val,empty_by_image_gate,0.0,0,0,0,0,0
0,0,,,,,,ground_truth,,,,0.1941966563463211,0.0,btxrd-heuristic-001384,IMG003341.jpeg,0.0,0,320,masks/IMG003341.png,14bf4fc16d7e9f17cb073a83ba89ab04bd4c22a2b6f80f25bf73a67ce7a0a340,0,320,0,known_image_label_normal,0,0,0.0,0,0,0,,,,val,empty_by_image_gate,0.0,0,0,0,0,0
0,0,,,,,,ground_truth,,,,0.03409292921423912,0.0,btxrd-heuristic-001393,IMG003369.jpeg,0.0,0,320,masks/IMG003369.png,14bf4fc16d7e9f17cb073a83ba89ab04bd4c22a2b6f80f25bf73a67ce7a0a340,0,320,0,known_image_label_normal,0,0,0.0,0,0,0,,,,val,empty_by_image_gate,0.0,0,0,0,0,0
0,0,,,,,,ground_truth,,,,0.004200440365821123,0.0,btxrd-heuristic-001393,IMG003370.jpeg,0.0,0,320,masks/IMG003370.png,14bf4fc16d7e9f17cb073a83ba89ab04bd4c22a2b6f80f25bf73a67ce7a0a340,0,320,0,known_image_label_normal,0,0,0.0,0,0,0,,,,val,empty_by_image_gate,0.0,0,0,0,0,0
0,0,,,,,,ground_truth,,,,0.6167629957199097,0.0,btxrd-heuristic-001395,IMG003375.jpeg,0.0,0,320,masks/IMG003375.png,14bf4fc16d7e9f17cb073a83ba89ab04bd4c22a2b6f80f25bf73a67ce7a0a340,0,320,0,known_image_label_normal,0,0,0.0,0,0,0,,,,val,empty_by_image_gate,0.0,0,0,0,0,0
0,0,,,,,,ground_truth,,,,0.059542346745729446,0.0,btxrd-heuristic-001395,IMG003376.jpeg,0.0,0,320,masks/IMG003376.png,14bf4fc16d7e9f17cb073a83ba89ab04bd4c22a2b6f80f25bf73a67ce7a0a340,0,320,0,known_image_label_normal,0,0,0.0,0,0,0,,,,val,empty_by_image_gate,0.0,0,0,0,0,0
0,0,,,,,,ground_truth,,,,0.9978479146957397,0.0,btxrd-heuristic-001402,IMG003401.jpeg,0.0,0,320,masks/IMG003401.png,14bf4fc16d7e9f17cb073a83ba89ab04bd4c22a2b6f80f25bf73a67ce7a0a340,0,320,0,known_image_label_normal,0,0,0.0,0,0,0,,,,val,empty_by_image_gate,0.0,0,0,0,0,0
0,0,,,,,,ground_truth,,,,0.6293023824691772,0.0,btxrd-heuristic-001402,IMG003402.jpeg,0.0,0,320,masks/IMG003402.png,14bf4fc16d7e9f17cb073a83ba89ab04bd4c22a2b6f80f25bf73a67ce7a0a340,0,320,0,known_image_label_normal,0,0,0.0,0,0,0,,,,val,empty_by_image_gate,0.0,0,0,0,0,0
0,0,,,,,,ground_truth,,,,0.998195469379425,0.0,btxrd-heuristic-001404,IMG003413.jpeg,0.0,0,320,masks/IMG003413.png,14bf4fc16d7e9f17cb073a83ba89ab04bd4c22a2b6f80f25bf73a67ce7a0a340,0,320,0,known_image_label_normal,0,0,0.0,0,0,0,,,,val,empty_by_image_gate,0.0,0,0,0,0,0
0,0,,,,,,ground_truth,,,,0.5243634581565857,0.0,btxrd-heuristic-001404,IMG003414.jpeg,0.0,0,320,masks/IMG003414.png,14bf4fc16d7e9f17cb073a83ba89ab04bd4c22a2b6f80f25bf73a67ce7a0a340,0,320,0,known_image_label_normal,0,0,0.0,0,0,0,,,,val,empty_by_image_gate,0.0,0,0,0,0,0
0,0,,,,,,ground_truth,,,,0.670720100402832,0.0,btxrd-heuristic-001404,IMG003415.jpeg,0.0,0,320,masks/IMG003415.png,14bf4fc16d7e9f17cb073a83ba89ab04bd4c22a2b6f80f25bf73a67ce7a0a340,0,320,0,known_image_label_normal,0,0,0.0,0,0,0,,,,val,empty_by_image_gate,0.0,0,0,0,0,0
0,0,,,,,,ground_truth,,,,0.9006146788597107,0.0,btxrd-heuristic-001404,IMG003416.jpeg,0.0,0,320,masks/IMG003416.png,14bf4fc16d7e9f17cb073a83ba89ab04bd4c22a2b6f80f25bf73a67ce7a0a340,0,320,0,known_image_label_normal,0,0,0.0,0,0,0,,,,val,empty_by_image_gate,0.0,0,0,0,0,0
0,0,,,,,,ground_truth,,,,0.9983578324317932,0.0,btxrd-heuristic-001404,IMG003417.jpeg,0.0,0,320,masks/IMG003417.png,14bf4fc16d7e9f17cb073a83ba89ab04bd4c22a2b6f80f25bf73a67ce7a0a340,0,320,0,known_image_label_normal,0,0,0.0,0,0,0,,,,val,empty_by_image_gate,0.0,0,0,0,0,0
0,0,,,,,,ground_truth,,,,0.0061630429700016975,0.0,btxrd-heuristic-001407,IMG003428.jpeg,0.0,0,320,masks/IMG003428.png,14bf4fc16d7e9f17cb073a83ba89ab04bd4c22a2b6f80f25bf73a67ce7a0a340,0,320,0,known_image_label_normal,0,0,0.0,0,0,0,,,,val,empty_by_image_gate,0.0,0,0,0,0,0
0,0,,,,,,ground_truth,,,,0.49905717372894287,0.0,btxrd-heuristic-001408,IMG003429.jpeg,0.0,0,320,masks/IMG003429.png,14bf4fc16d7e9f17cb073a83ba89ab04bd4c22a2b6f80f25bf73a67ce7a0a340,0,320,0,known_image_label_normal,0,0,0.0,0,0,0,,,,val,empty_by_image_gate,0.0,0,0,0,0,0
0,0,,,,,,ground_truth,,,,0.37518325448036194,0.0,btxrd-heuristic-001408,IMG003430.jpeg,0.0,0,320,masks/IMG003430.png,14bf4fc16d7e9f17cb073a83ba89ab04bd4c22a2b6f80f25bf73a67ce7a0a340,0,320,0,known_image_label_normal,0,0,0.0,0,0,0,,,,val,empty_by_image_gate,0.0,0,0,0,0,0
0,0,,,,,,ground_truth,,,,0.44296756386756897,0.0,btxrd-heuristic-001411,IMG003436.jpeg,0.0,0,320,masks/IMG003436.png,14bf4fc16d7e9f17cb073a83ba89ab04bd4c22a2b6f80f25bf73a67ce7a0a340,0,320,0,known_image_label_normal,0,0,0.0,0,0,0,,,,val,empty_by_image_gate,0.0,0,0,0,0,0
0,0,,,,,,ground_truth,,,,0.1421509087085724,0.0,btxrd-heuristic-001411,IMG003437.jpeg,0.0,0,320,masks/IMG003437.png,14bf4fc16d7e9f17cb073a83ba89ab04bd4c22a2b6f80f25bf73a67ce7a0a340,0,320,0,known_image_label_normal,0,0,0.0,0,0,0,,,,val,empty_by_image_gate,0.0,0,0,0,0,0
0,0,,,,,,ground_truth,,,,0.581921398639679,0.0,btxrd-heuristic-001424,IMG003489.jpeg,0.0,0,320,masks/IMG003489.png,14bf4fc16d7e9f17cb073a83ba89ab04bd4c22a2b6f80f25bf73a67ce7a0a340,0,320,0,known_image_label_normal,0,0,0.0,0,0,0,,,,val,empty_by_image_gate,0.0,0,0,0,0,0
0,0,,,,,,ground_truth,,,,0.06657847762107849,0.0,btxrd-heuristic-001430,IMG003521.jpeg,0.0,0,320,masks/IMG003521.png,14bf4fc16d7e9f17cb073a83ba89ab04bd4c22a2b6f80f25bf73a67ce7a0a340,0,320,0,known_image_label_normal,0,0,0.0,0,0,0,,,,val,empty_by_image_gate,0.0,0,0,0,0,0
0,0,,,,,,ground_truth,,,,0.0576513446867466,0.0,btxrd-heuristic-001438,IMG003582.jpeg,0.0,0,320,masks/IMG003582.png,14bf4fc16d7e9f17cb073a83ba89ab04bd4c22a2b6f80f25bf73a67ce7a0a340,0,320,0,known_image_label_normal,0,0,0.0,0,0,0,,,,val,empty_by_image_gate,0.0,0,0,0,0,0
0,0,,,,,,ground_truth,,,,0.7323821187019348,0.0,btxrd-heuristic-001439,IMG003583.jpeg,0.0,0,320,masks/IMG003583.png,14bf4fc16d7e9f17cb073a83ba89ab04bd4c22a2b6f80f25bf73a67ce7a0a340,0,320,0,known_image_label_normal,0,0,0.0,0,0,0,,,,val,empty_by_image_gate,0.0,0,0,0,0,0
0,0,,,,,,ground_truth,,,,0.94507896900177,0.0,btxrd-heuristic-001440,IMG003584.jpeg,0.0,0,320,masks/IMG003584.png,14bf4fc16d7e9f17cb073a83ba89ab04bd4c22a2b6f80f25bf73a67ce7a0a340,0,320,0,known_image_label_normal,0,0,0.0,0,0,0,,,,val,empty_by_image_gate,0.0,0,0,0,0,0
0,0,,,,,,ground_truth,,,,0.33245137333869934,0.0,btxrd-heuristic-001445,IMG003618.jpeg,0.0,0,320,masks/IMG003618.png,14bf4fc16d7e9f17cb073a83ba89ab04bd4c22a2b6f80f25bf73a67ce7a0a340,0,320,0,known_image_label_normal,0,0,0.0,0,0,0,,,,val,empty_by_image_gate,0.0,0,0,0,0,0
0,0,,,,,,ground_truth,,,,0.010617706924676895,0.0,btxrd-heuristic-001445,IMG003619.jpeg,0.0,0,320,masks/IMG003619.png,14bf4fc16d7e9f17cb073a83ba89ab04bd4c22a2b6f80f25bf73a67ce7a0a340,0,320,0,known_image_label_normal,0,0,0.0,0,0,0,,,,val,empty_by_image_gate,0.0,0,0,0,0,0
0,0,,,,,,ground_truth,,,,0.9868974089622498,0.0,btxrd-heuristic-001445,IMG003620.jpeg,0.0,0,320,masks/IMG003620.png,14bf4fc16d7e9f17cb073a83ba89ab04bd4c22a2b6f80f25bf73a67ce7a0a340,0,320,0,known_image_label_normal,0,0,0.0,0,0,0,,,,val,empty_by_image_gate,0.0,0,0,0,0,0
0,0,,,,,,ground_truth,,,,0.9836879968643188,0.0,btxrd-heuristic-001445,IMG003621.jpeg,0.0,0,320,masks/IMG003621.png,14bf4fc16d7e9f17cb073a83ba89ab04bd4c22a2b6f80f25bf73a67ce7a0a340,0,320,0,known_image_label_normal,0,0,0.0,0,0,0,,,,val,empty_by_image_gate,0.0,0,0,0,0,0
0,0,,,,,,ground_truth,,,,0.0853329449892044,0.0,btxrd-heuristic-001458,IMG003701.jpeg,0.0,0,320,masks/IMG003701.png,14bf4fc16d7e9f17cb073a83ba89ab04bd4c22a2b6f80f25bf73a67ce7a0a340,0,320,0,known_image_label_normal,0,0,0.0,0,0,0,,,,val,empty_by_image_gate,0.0,0,0,0,0,0
0,0,,,,,,ground_truth,,,,0.08164125680923462,0.0,btxrd-heuristic-001458,IMG003702.jpeg,0.0,0,320,masks/IMG003702.png,14bf4fc16d7e9f17cb073a83ba89ab04bd4c22a2b6f80f25bf73a67ce7a0a340,0,320,0,known_image_label_normal,0,0,0.0,0,0,0,,,,val,empty_by_image_gate,0.0,0,0,0,0,0
0,0,,,,,,ground_truth,,,,0.1978009045124054,0.0,btxrd-heuristic-001458,IMG003703.jpeg,0.0,0,320,masks/IMG003703.png,14bf4fc16d7e9f17cb073a83ba89ab04bd4c22a2b6f80f25bf73a67ce7a0a340,0,320,0,known_image_label_normal,0,0,0.0,0,0,0,,,,val,empty_by_image_gate,0.0,0,0,0,0,0
0,0,,,,,,ground_truth,,,,0.998842179775238,0.0,btxrd-heuristic-001458,IMG003704.jpeg,0.0,0,320,masks/IMG003704.png,14bf4fc16d7e9f17cb073a83ba89ab04bd4c22a2b6f80f25bf73a67ce7a0a340,0,320,0,known_image_label_normal,0,0,0.0,0,0,0,,,,val,empty_by_image_gate,0.0,0,0,0,0,0
0,0,,,,,,ground_truth,,,,0.1412806510925293,0.0,btxrd-heuristic-001460,IMG003709.jpeg,0.0,0,320,masks/IMG003709.png,14bf4fc16d7e9f17cb073a83ba89ab04bd4c22a2b6f80f25bf73a67ce7a0a340,0,320,0,known_image_label_normal,0,0,0.0,0,0,0,,,,val,empty_by_image_gate,0.0,0,0,0,0,0
0,0,,,,,,ground_truth,,,,0.7515190839767456,0.0,btxrd-heuristic-001460,IMG003710.jpeg,0.0,0,320,masks/IMG003710.png,14bf4fc16d7e9f17cb073a83ba89ab04bd4c22a2b6f80f25bf73a67ce7a0a340,0,320,0,known_image_label_normal,0,0,0.0,0,0,0,,,,val,empty_by_image_gate,0.0,0,0,0,0,0
0,0,,,,,,ground_truth,,,,0.0451258085668087,0.0,btxrd-heuristic-001460,IMG003711.jpeg,0.0,0,320,masks/IMG003711.png,14bf4fc16d7e9f17cb073a83ba89ab04bd4c22a2b6f80f25bf73a67ce7a0a340,0,320,0,known_image_label_normal,0,0,0.0,0,0,0,,,,val,empty_by_image_gate,0.0,0,0,0,0,0
0,0,,,,,,ground_truth,,,,0.9999994039535522,0.0,btxrd-heuristic-001462,IMG003720.jpg,0.0,0,320,masks/IMG003720.png,14bf4fc16d7e9f17cb073a83ba89ab04bd4c22a2b6f80f25bf73a67ce7a0a340,0,320,0,known_image_label_normal,0,0,0.0,0,0,0,,,,val,empty_by_image_gate,0.0,0,0,0,0,0
0,0,,,,,,ground_truth,,,,1.0,0.0,btxrd-heuristic-001474,IMG003740.jpg,0.0,0,320,masks/IMG003740.png,14bf4fc16d7e9f17cb073a83ba89ab04bd4c22a2b6f80f25bf73a67ce7a0a340,0,320,0,known_image_label_normal,0,0,0.0,0,0,0,,,,val,empty_by_image_gate,0.0,0,0,0,0,0
0,0,,,,,,ground_truth,,,,1.0,0.0,btxrd-heuristic-001475,IMG003741.jpg,0.0,0,320,masks/IMG003741.png,14bf4fc16d7e9f17cb073a83ba89ab04bd4c22a2b6f80f25bf73a67ce7a0a340,0,320,0,known_image_label_normal,0,0,0.0,0,0,0,,,,val,empty_by_image_gate,0.0,0,0,0,0,0
0,0,,,,,,ground_truth,,,,0.9999984502792358,0.0,btxrd-heuristic-001475,IMG003742.jpg,0.0,0,320,masks/IMG003742.png,14bf4fc16d7e9f17cb073a83ba89ab04bd4c22a2b6f80f25bf73a67ce7a0a340,0,320,0,known_image_label_normal,0,0,0.0,0,0,0,,,,val,empty_by_image_gate,0.0,0,0,0,0,0
0,0,,,,,,ground_truth,,,,0.9999997615814209,0.0,btxrd-heuristic-001475,IMG003743.jpg,0.0,0,320,masks/IMG003743.png,14bf4fc16d7e9f17cb073a83ba89ab04bd4c22a2b6f80f25bf73a67ce7a0a340,0,320,0,known_image_label_normal,0,0,0.0,0,0,0,,,,val,empty_by_image_gate,0.0,0,0,0,0,0
0,0,,,,,,ground_truth,,,,0.9999984502792358,0.0,btxrd-heuristic-001475,IMG003744.jpg,0.0,0,320,masks/IMG003744.png,14bf4fc16d7e9f17cb073a83ba89ab04bd4c22a2b6f80f25bf73a67ce7a0a340,0,320,0,known_image_label_normal,0,0,0.0,0,0,0,,,,val,empty_by_image_gate,0.0,0,0,0,0,0
