above_threshold_candidates,box_prompt_calls,cam_max,cam_mean,cam_min,cam_nonzero_ratio,cam_std,cam_target_protocol,classifier_confidence,final_area_ratio,group_id,image_name,mask_area_ratio,mask_foreground_pixels,mask_height,mask_path,mask_sha256,mask_unique_values,mask_width,morphology_components,reason,sam_candidate_count,sam_prompt_calls,selected_area_ratio,selected_candidates,selected_class,selected_components,selection_score_max,selection_score_mean,selection_score_min,split,status,support_area_ratio,true_tumor,true_tumor_type,unique_negative_prompt_points,unique_positive_prompt_points,unique_prompt_points
44,12,1.0,0.13502569496631622,0.0,0.999990234375,0.18541252613067627,ground_truth,0.057533785700798035,0.09111328125,btxrd-heuristic-000001,IMG000001.jpeg,0.09111328125,9330,320,masks/IMG000001.png,0b7acd7703f358bdfa5422383837864645695ce2b0fd79a7b7323732ca37ed84,0|255,320,6,,54,18,0.092255859375,3,0,3,0.8771427869796753,0.5264323949813843,0.2713168263435364,val,ok,0.15,1,9,24,11,35
24,6,1.0,0.0944800153374672,0.0,0.999990234375,0.16926229000091553,ground_truth,0.01732095144689083,0.0,btxrd-heuristic-000006,IMG000010.jpeg,0.0,0,320,masks/IMG000010.png,14bf4fc16d7e9f17cb073a83ba89ab04bd4c22a2b6f80f25bf73a67ce7a0a340,0,320,3,no_candidate_survived_or_postprocess_empty,27,9,0.1537109375,3,0,3,0.7526745796203613,0.5463389754295349,0.2753826081752777,val,empty_after_localization,0.15,1,8,12,5,17
58,14,1.0,0.19080306589603424,0.0,0.999990234375,0.20708994567394257,ground_truth,0.034104008227586746,0.059443359375,btxrd-heuristic-000009,IMG000017.jpeg,0.059443359375,6087,320,masks/IMG000017.png,d9c7e2636652ebe2777e82c549df9e675ae4b12e9b90d018511e6ac82c541174,0|255,320,7,,63,21,0.0594921875,3,0,3,0.8643202781677246,0.6632288694381714,0.23398511111736298,val,ok,0.15,1,8,28,11,39
40,12,1.0,0.1890224814414978,0.0,0.999990234375,0.1734360307455063,ground_truth,0.9964253306388855,0.108818359375,btxrd-heuristic-000009,IMG000018.jpeg,0.108818359375,11143,320,masks/IMG000018.png,fc8d52ecb396cc464a9cdc8749f7a0796e33a9b029e8d4785b3c26b97b9fc364,0|255,320,6,,54,18,0.11037109375,3,0,3,0.8766089677810669,0.5660524368286133,0.10563591867685318,val,ok,0.15,1,8,21,11,32
24,6,1.0,0.09422275424003601,0.0,0.999990234375,0.15642093122005463,ground_truth,0.7169684171676636,0.022548828125,btxrd-heuristic-000017,IMG000033.jpeg,0.022548828125,2309,320,masks/IMG000033.png,00166abed23d968ccba4c2009b4ad2498e5b1851b1058bf49bddc854e792788c,0|255,320,3,,27,9,0.222763671875,3,0,3,0.7362446784973145,0.5464308857917786,0.19545739889144897,val,ok,0.15,1,8,12,5,17
41,10,1.0,0.137968972325325,0.0,0.999990234375,0.1756543219089508,ground_truth,0.35655733942985535,0.044072265625,btxrd-heuristic-000017,IMG000034.jpeg,0.044072265625,4513,320,masks/IMG000034.png,78867edd2de6341e10b1187fb729890711ebd599bc150fae891bc6848a45848d,0|255,320,5,,45,15,0.046845703125,3,0,3,0.7199657559394836,0.5300741195678711,0.2980157732963562,val,ok,0.15,1,8,16,7,23
66,16,1.0,0.2210731953382492,0.0,0.999990234375,0.20413966476917267,ground_truth,0.999995231628418,0.0177734375,btxrd-heuristic-000025,IMG000048.jpeg,0.0177734375,1820,320,masks/IMG000048.png,03a138eb2f3156260e157d8c55374c92fd1ed123be008bf0d46c5b8afcfcd659,0|255,320,8,,72,24,0.019150390625,3,0,3,0.8742637634277344,0.6156319379806519,0.25878193974494934,val,ok,0.15,1,8,27,13,40
51,14,1.0,0.16533447802066803,0.0,0.999990234375,0.1757015883922577,ground_truth,0.9959636926651001,0.050390625,btxrd-heuristic-000025,IMG000049.jpeg,0.050390625,5160,320,masks/IMG000049.png,4aa6eda39667fb45f2ccc986c4ca8b770d764a1f191b2b1f2d54ed72d1f84088,0|255,320,7,,63,21,0.050927734375,3,0,3,0.8864198923110962,0.5745986104011536,0.2086140364408493,val,ok,0.1498828125,1,8,22,10,32
74,18,1.0,0.3012426793575287,0.0,0.999990234375,0.24940125644207,ground_truth,0.9997990727424622,0.13205078125,btxrd-heuristic-000026,IMG000050.jpeg,0.13205078125,13522,320,masks/IMG000050.png,8e0ebd11ae73b30d73ede878b80a6091eeb77b28d7513b7b1e9e60f9deae8dd8,0|255,320,9,,81,27,0.135771484375,3,0,3,0.9326510429382324,0.6378259658813477,0.18220217525959015,val,ok,0.1363671875,1,8,23,15,38
60,14,1.0,0.1680917888879776,0.0,0.999990234375,0.18681392073631287,ground_truth,1.0,0.045146484375,btxrd-heuristic-000029,IMG000055.jpeg,0.045146484375,4623,320,masks/IMG000055.png,f8926daddf3e834c4b158b705c98a30940b39d908ce369c544c35d9c77d39dff,0|255,320,7,,63,21,0.05513671875,3,0,3,0.8285719156265259,0.6189351677894592,0.24318952858448029,val,ok,0.15,1,8,19,11,30
34,8,1.0,0.14838942885398865,0.0,0.999990234375,0.19743750989437103,ground_truth,1.0,0.0,btxrd-heuristic-000029,IMG000056.jpeg,0.0,0,320,masks/IMG000056.png,14bf4fc16d7e9f17cb073a83ba89ab04bd4c22a2b6f80f25bf73a67ce7a0a340,0,320,4,no_candidate_survived_or_postprocess_empty,36,12,0.20794921875,3,0,3,0.8751755356788635,0.6281009316444397,0.2530233860015869,val,empty_after_localization,0.15,1,8,14,6,20
72,18,1.0,0.19331495463848114,0.0,0.9999609375,0.20389850437641144,ground_truth,0.9966188669204712,0.020654296875,btxrd-heuristic-000037,IMG000071.jpeg,0.020654296875,2115,320,masks/IMG000071.png,7d0c66dda7a9e52efb4d3c7ae340c7639b8349676ca67d1c839709a49c25e551,0|255,320,9,,81,27,0.020703125,3,0,3,0.9131292104721069,0.601364016532898,0.22392570972442627,val,ok,0.15,1,8,25,14,39
22,6,1.0,0.12279074639081955,0.0,0.999990234375,0.17189493775367737,ground_truth,1.0,0.19216796875,btxrd-heuristic-000039,IMG000076.jpeg,0.19216796875,19678,320,masks/IMG000076.png,b38eeda42986ea67b034bc69b8118db74fcae1a233b9cbc3ff850b37516c4e0e,0|255,320,3,,27,9,0.19240234375,3,0,3,0.8330749273300171,0.5746473670005798,0.3178195655345917,val,ok,0.15,1,8,12,5,17
23,6,1.0,0.11634956300258636,0.0,0.999990234375,0.18377339839935303,ground_truth,1.0,0.149384765625,btxrd-heuristic-000063,IMG000125.jpeg,0.149384765625,15297,320,masks/IMG000125.png,697df425858b2efcee9c27f3d160f5ccb921da9bf4d277a669b4fda8d06b0ac3,0|255,320,3,,27,9,0.14953125,3,0,3,0.8589154481887817,0.5845184922218323,0.2724900245666504,val,ok,0.15001953125,1,8,12,5,17
26,6,1.0,0.1384734809398651,0.0,0.999990234375,0.16641025245189667,ground_truth,1.0,0.174013671875,btxrd-heuristic-000063,IMG000126.jpeg,0.174013671875,17819,320,masks/IMG000126.png,d6859ad75df61e41bef0ad1c9d338f828bf1656f8662c83d96d52c9a4616fc5a,0|255,320,3,,27,9,0.19794921875,3,0,3,0.8331695795059204,0.6403027772903442,0.21928957104682922,val,ok,0.15,1,8,12,5,17
67,16,1.0,0.2136058658361435,0.0,0.999990234375,0.17822295427322388,ground_truth,1.0,0.007177734375,btxrd-heuristic-000069,IMG000137.jpeg,0.007177734375,735,320,masks/IMG000137.png,d9c91198fbb09c44644d93e3708e73f59a32a87f19d2545bd16095636bdfd8f0,0|255,320,8,,69,23,0.007177734375,3,0,3,0.8980131149291992,0.6271976232528687,0.3139941692352295,val,ok,0.149736328125,1,8,18,12,30
25,6,1.0,0.14174646139144897,0.0,0.999990234375,0.15878774225711823,ground_truth,1.0,0.0,btxrd-heuristic-000069,IMG000138.jpeg,0.0,0,320,masks/IMG000138.png,14bf4fc16d7e9f17cb073a83ba89ab04bd4c22a2b6f80f25bf73a67ce7a0a340,0,320,3,no_candidate_survived_or_postprocess_empty,27,9,0.18625,3,0,3,0.7408008575439453,0.5572872161865234,0.2155143767595291,val,empty_after_localization,0.15,1,8,12,5,17
49,12,1.0,0.23837661743164062,0.0,0.999990234375,0.2123887985944748,ground_truth,0.999988317489624,0.049970703125,btxrd-heuristic-000073,IMG000144.jpeg,0.049970703125,5117,320,masks/IMG000144.png,13cc676d4fafdaa996f13c7189f8175b02402249f5cf4c7581c6c670529618d1,0|255,320,6,,54,18,0.050380859375,3,0,3,0.8484698534011841,0.5895594358444214,0.23684775829315186,val,ok,0.15,1,8,24,10,34
70,16,1.0,0.1913442611694336,0.0,0.999990234375,0.1465054452419281,ground_truth,0.9999967813491821,0.077685546875,btxrd-heuristic-000078,IMG000152.jpeg,0.077685546875,7955,320,masks/IMG000152.png,b6182b7d5b9631b35bfee7ae5e896cfe50574d5d1037d6848c6411a102a0274a,0|255,320,8,,72,24,0.07787109375,3,0,3,0.8710238337516785,0.6302327513694763,0.29567182064056396,val,ok,0.148515625,1,8,29,13,42
29,8,1.0,0.21218784153461456,0.0,0.999990234375,0.1920051872730255,ground_truth,0.9999996423721313,0.11982421875,btxrd-heuristic-000082,IMG000160.jpeg,0.11982421875,12270,320,masks/IMG000160.png,411cd4a9c7f7af68e3c09a8a7a46bc1b1a59ec632232001105bdbb56f95a96a8,0|255,320,4,,36,12,0.126142578125,3,0,3,0.8025721311569214,0.5193256735801697,0.28984910249710083,val,ok,0.15,1,8,16,10,26
49,12,1.0,0.2487083375453949,0.0,0.9999609375,0.2042285054922104,ground_truth,0.9999809265136719,0.05904296875,btxrd-heuristic-000082,IMG000161.jpeg,0.05904296875,6046,320,masks/IMG000161.png,5a3928bfb8673217419c35f7d1820dcb46f6cf21fa163ded586d461fe475d59c,0|255,320,6,,54,18,0.05921875,3,0,3,0.889240562915802,0.6659839749336243,0.27712181210517883,val,ok,0.15,1,8,24,10,34
26,6,1.0,0.1352350413799286,0.0,0.999990234375,0.15425291657447815,ground_truth,0.9999994039535522,0.071259765625,btxrd-heuristic-000098,IMG000200.jpeg,0.071259765625,7297,320,masks/IMG000200.png,f4977578a0f8d6f96b8c8c2007b0e552c952ca24e1657bebafa238c84880e5e5,0|255,320,3,,27,9,0.071513671875,3,0,3,0.7599852085113525,0.5709002017974854,0.3730381429195404,val,ok,0.15,1,8,12,5,17
24,6,1.0,0.13408195972442627,0.0,0.999990234375,0.16332006454467773,ground_truth,0.9999960660934448,0.0548828125,btxrd-heuristic-000098,IMG000201.jpeg,0.0548828125,5620,320,masks/IMG000201.png,29f3f1917fd450a7bb5bf7142a20c5c3c70874d24450fab58be472bfe5021642,0|255,320,3,,27,9,0.055380859375,3,0,3,0.7220321297645569,0.5417500138282776,0.27117398381233215,val,ok,0.15,1,8,12,5,17
39,10,1.0,0.19296085834503174,0.0,0.999990234375,0.1800343245267868,ground_truth,1.0,0.07169921875,btxrd-heuristic-000099,IMG000202.jpeg,0.07169921875,7342,320,masks/IMG000202.png,e2ca7aef0942c9dd7b0d483ece20e5aac27b3e81dce5b799e455111a1e1e1214,0|255,320,5,,45,15,0.079697265625,3,0,3,0.8139749765396118,0.5751718878746033,0.21109314262866974,val,ok,0.15,1,8,17,8,25
61,16,1.0,0.18844230473041534,0.0,0.999990234375,0.181505024433136,ground_truth,8.936186350183561e-05,0.037255859375,btxrd-heuristic-000109,IMG000222.jpeg,0.037255859375,3815,320,masks/IMG000222.png,3ea79e9b8b4995b6f83d6cba1846468a0838da74d0e9a524055d94d4d0182406,0|255,320,8,,72,24,0.0426171875,3,0,3,0.8337339758872986,0.5478091835975647,0.16656190156936646,val,ok,0.15,1,6,30,18,48
30,8,1.0,0.08345099538564682,0.0,0.999990234375,0.15446145832538605,ground_truth,0.00016732391668483615,0.068466796875,btxrd-heuristic-000120,IMG000244.jpeg,0.068466796875,7011,320,masks/IMG000244.png,0e99567d48a8239f558b06c0a9509dc0f3400008d68f90402735c86847e5abca,0|255,320,4,,36,12,0.073798828125,3,0,3,0.7820081114768982,0.5517416000366211,0.235615536570549,val,ok,0.15,1,1,13,8,21
24,6,1.0,0.07490026205778122,0.0,0.999990234375,0.13988755643367767,ground_truth,0.9995653033256531,0.0,btxrd-heuristic-000121,IMG000245.jpeg,0.0,0,320,masks/IMG000245.png,14bf4fc16d7e9f17cb073a83ba89ab04bd4c22a2b6f80f25bf73a67ce7a0a340,0,320,3,no_candidate_survived_or_postprocess_empty,27,9,0.06853515625,3,0,3,0.7720337510108948,0.5633391737937927,0.24642843008041382,val,empty_after_localization,0.15,1,3,12,5,17
49,12,1.0,0.1869114339351654,0.0,0.999990234375,0.1776053011417389,ground_truth,0.9986340403556824,0.002802734375,btxrd-heuristic-000128,IMG000260.jpeg,0.002802734375,287,320,masks/IMG000260.png,c03365ff7d098693ef752b54ee2ca872f9c9b7ba53095b4cd8251a91510549cd,0|255,320,6,,54,18,0.01169921875,3,0,3,0.8301169276237488,0.5762262940406799,0.3311000466346741,val,ok,0.149560546875,1,1,18,9,27
39,10,1.0,0.13231594860553741,0.0,0.999990234375,0.15430040657520294,ground_truth,0.9999994039535522,0.0,btxrd-heuristic-000137,IMG000275.jpeg,0.0,0,320,masks/IMG000275.png,14bf4fc16d7e9f17cb073a83ba89ab04bd4c22a2b6f80f25bf73a67ce7a0a340,0,320,5,no_candidate_survived_or_postprocess_empty,45,15,0.218017578125,3,0,3,0.7930486798286438,0.5723121762275696,0.23662902414798737,val,empty_after_localization,0.15,1,1,18,10,28
22,6,1.0,0.11286279559135437,0.0,0.999990234375,0.17437340319156647,ground_truth,0.09779532253742218,0.08271484375,btxrd-heuristic-000140,IMG000279.jpeg,0.08271484375,8470,320,masks/IMG000279.png,cd0bcbb56bcb837866cd2fc77dc3cda2a36be29b2d97ca8870da77332137d2ae,0|255,320,3,,27,9,0.083271484375,3,0,3,0.7134051322937012,0.5421953797340393,0.290382981300354,val,ok,0.15,1,1,12,5,17
36,10,1.0,0.12420699000358582,0.0,0.999990234375,0.147993266582489,ground_truth,0.999988317489624,0.0,btxrd-heuristic-000145,IMG000285.jpeg,0.0,0,320,masks/IMG000285.png,14bf4fc16d7e9f17cb073a83ba89ab04bd4c22a2b6f80f25bf73a67ce7a0a340,0,320,5,no_candidate_survived_or_postprocess_empty,45,15,0.152392578125,3,0,3,0.7338870167732239,0.49274036288261414,0.1787637323141098,val,empty_after_localization,0.15,1,1,18,8,26
21,6,1.0,0.09835527092218399,0.0,0.999990234375,0.13668884336948395,ground_truth,0.0354466587305069,0.0,btxrd-heuristic-000150,IMG000292.jpeg,0.0,0,320,masks/IMG000292.png,14bf4fc16d7e9f17cb073a83ba89ab04bd4c22a2b6f80f25bf73a67ce7a0a340,0,320,3,no_candidate_survived_or_postprocess_empty,27,9,0.161767578125,3,0,3,0.7253962755203247,0.5151734948158264,0.22236204147338867,val,empty_after_localization,0.149228515625,1,1,12,5,17
25,6,1.0,0.13634860515594482,0.0,0.999990234375,0.172821506857872,ground_truth,0.39737874269485474,0.01455078125,btxrd-heuristic-000156,IMG000300.jpeg,0.01455078125,1490,320,masks/IMG000300.png,9f6d91b26ffa6cf7ea0135148488989350e8d2c3e4aafeaeb1bc464f7c36ee17,0|255,320,3,,27,9,0.153984375,3,0,3,0.6869507431983948,0.5321903824806213,0.391894668340683,val,ok,0.15,1,2,12,5,17
68,16,1.0,0.2495502531528473,0.0,0.999990234375,0.17383155226707458,ground_truth,0.9997041821479797,0.05498046875,btxrd-heuristic-000160,IMG000306.jpeg,0.05498046875,5630,320,masks/IMG000306.png,b5141ce60ec0004e3f8a9c2550656716ffefcb02d6c0fca9dec040b7a84df02e,0|255,320,8,,72,24,0.055869140625,3,0,3,0.8893944621086121,0.650587260723114,0.23195341229438782,val,ok,0.15,1,1,31,14,45
22,6,1.0,0.08875768631696701,0.0,0.999990234375,0.1577540785074234,ground_truth,0.14725865423679352,0.0,btxrd-heuristic-000167,IMG000320.jpeg,0.0,0,320,masks/IMG000320.png,14bf4fc16d7e9f17cb073a83ba89ab04bd4c22a2b6f80f25bf73a67ce7a0a340,0,320,3,no_candidate_survived_or_postprocess_empty,27,9,0.297958984375,3,0,3,0.8194315433502197,0.5536199808120728,0.23386681079864502,val,empty_after_localization,0.15,1,1,12,5,17
22,6,1.0,0.11492858827114105,0.0,0.999990234375,0.1637461930513382,ground_truth,0.9999995231628418,0.0,btxrd-heuristic-000172,IMG000327.jpeg,0.0,0,320,masks/IMG000327.png,14bf4fc16d7e9f17cb073a83ba89ab04bd4c22a2b6f80f25bf73a67ce7a0a340,0,320,3,no_candidate_survived_or_postprocess_empty,27,9,0.17794921875,3,0,3,0.7550923228263855,0.5853806734085083,0.2168305218219757,val,empty_after_localization,0.15,1,1,12,5,17
19,6,1.0,0.09306726604700089,0.0,0.999990234375,0.1503419727087021,ground_truth,0.9999456405639648,0.0,btxrd-heuristic-000173,IMG000328.jpeg,0.0,0,320,masks/IMG000328.png,14bf4fc16d7e9f17cb073a83ba89ab04bd4c22a2b6f80f25bf73a67ce7a0a340,0,320,3,no_candidate_survived_or_postprocess_empty,27,9,0.165498046875,3,0,3,0.6757329702377319,0.48472675681114197,0.17303818464279175,val,empty_after_localization,0.15,1,1,12,5,17
77,18,1.0,0.21763084828853607,0.0,0.999990234375,0.18417154252529144,ground_truth,1.6949411474342924e-06,0.0,btxrd-heuristic-000180,IMG000337.jpeg,0.0,0,320,masks/IMG000337.png,14bf4fc16d7e9f17cb073a83ba89ab04bd4c22a2b6f80f25bf73a67ce7a0a340,0,320,9,no_candidate_survived_or_postprocess_empty,81,27,0.056005859375,3,0,3,0.9113932251930237,0.6108159422874451,0.3130616843700409,val,empty_after_localization,0.13990234375,1,1,28,21,49
55,16,1.0,0.1222788393497467,0.0,0.999990234375,0.13414834439754486,ground_truth,0.5264369249343872,0.0,btxrd-heuristic-000181,IMG000338.jpeg,0.0,0,320,masks/IMG000338.png,14bf4fc16d7e9f17cb073a83ba89ab04bd4c22a2b6f80f25bf73a67ce7a0a340,0,320,8,no_candidate_survived_or_postprocess_empty,72,24,0.035556640625,3,0,3,0.8447241187095642,0.5494861006736755,0.21690943837165833,val,empty_after_localization,0.14962890625,1,1,25,13,38
62,18,1.0,0.16118089854717255,0.0,0.999990234375,0.169779971241951,ground_truth,0.001250570872798562,0.048896484375,btxrd-heuristic-000183,IMG000340.jpeg,0.048896484375,5007,320,masks/IMG000340.png,c4ddbef5d62b1adc71265ecc535e6edbec1f3a7730956c9cc5acf053c5a8d609,0|255,320,9,,81,27,0.04935546875,3,0,3,0.8669644594192505,0.5416184067726135,0.0,val,ok,0.15,1,1,28,14,42
36,10,1.0,0.14119867980480194,0.0,0.999990234375,0.1623489260673523,ground_truth,0.5543739199638367,0.0,btxrd-heuristic-000203,IMG000372.jpeg,0.0,0,320,masks/IMG000372.png,14bf4fc16d7e9f17cb073a83ba89ab04bd4c22a2b6f80f25bf73a67ce7a0a340,0,320,5,no_candidate_survived_or_postprocess_empty,45,15,0.22078125,3,0,3,0.832647979259491,0.5794484615325928,0.26852521300315857,val,empty_after_localization,0.14998046875,1,1,19,9,28
24,6,1.0,0.09027647972106934,0.0,0.999990234375,0.15827620029449463,ground_truth,0.9942330718040466,0.129931640625,btxrd-heuristic-000208,IMG000378.jpeg,0.129931640625,13305,320,masks/IMG000378.png,212920f783a64c64719e5c7dfb0b3be0c5fbea6425bbec5c69fa9e25895899c4,0|255,320,3,,27,9,0.1312890625,3,0,3,0.6640554070472717,0.5136116743087769,0.23028895258903503,val,ok,0.15,1,1,12,5,17
50,16,1.0,0.2599966526031494,0.0,0.999990234375,0.16301214694976807,ground_truth,0.001188070047646761,0.021123046875,btxrd-heuristic-000223,IMG000408.jpeg,0.021123046875,2163,320,masks/IMG000408.png,f6fdb5748c4299bf8f075e307b29a4fde9fd4b7beb022bc01bc1aa050a0b6e83,0|255,320,8,,72,24,0.02142578125,3,0,3,0.8371868133544922,0.5183842778205872,0.29512420296669006,val,ok,0.14109375,1,1,24,16,40
56,14,1.0,0.19387955963611603,0.0,0.999990234375,0.20201797783374786,ground_truth,0.02752244472503662,0.01158203125,btxrd-heuristic-000228,IMG000414.jpeg,0.01158203125,1186,320,masks/IMG000414.png,4263ffd50d77e137c78fe6ad2463f9f9aa71aa3bbdecd38e6df4f0bb809a8810,0|255,320,7,,63,21,0.020888671875,3,0,3,0.8515341877937317,0.5830320715904236,0.2108577936887741,val,ok,0.1469921875,1,1,23,14,37
26,6,1.0,0.09066115319728851,0.0,0.999990234375,0.15813705325126648,ground_truth,0.9527164101600647,0.0653515625,btxrd-heuristic-000229,IMG000415.jpeg,0.0653515625,6692,320,masks/IMG000415.png,87ed4be952eaa722277061070f0dfee46c5bb137f543c9302ad1e56a7d2c98dc,0|255,320,3,,27,9,0.065390625,3,0,3,0.7517868280410767,0.5867248177528381,0.21667324006557465,val,ok,0.15,1,4,12,5,17
59,16,1.0,0.25508174300193787,0.0,0.999990234375,0.166237011551857,ground_truth,8.803247055766406e-07,0.075517578125,btxrd-heuristic-000230,IMG000416.jpeg,0.075517578125,7733,320,masks/IMG000416.png,ae2473dcf0de2f41e89fd46005ba0ead504f8cf5b65c110ad08707ca1357bba1,0|255,320,8,,72,24,0.076728515625,3,0,3,0.8897924423217773,0.5409851670265198,0.23657260835170746,val,ok,0.14970703125,1,1,32,15,47
19,6,1.0,0.09597359597682953,0.0,0.999990234375,0.1589604914188385,ground_truth,0.007740591187030077,0.0,btxrd-heuristic-000233,IMG000420.jpeg,0.0,0,320,masks/IMG000420.png,14bf4fc16d7e9f17cb073a83ba89ab04bd4c22a2b6f80f25bf73a67ce7a0a340,0,320,3,no_candidate_survived_or_postprocess_empty,27,9,0.14046875,3,0,3,0.8041344285011292,0.4799726605415344,0.2109854370355606,val,empty_after_localization,0.15,1,1,12,5,17
63,16,1.0,0.17886939644813538,0.0,0.999990234375,0.18894292414188385,ground_truth,6.34096868452616e-05,0.00478515625,btxrd-heuristic-000244,IMG000439.jpeg,0.00478515625,490,320,masks/IMG000439.png,b919d99bf2b6ec1e8f33ee172eae96dd306f0408de8795ef89d4f52647f63450,0|255,320,8,,72,24,0.1836328125,3,0,3,0.885367751121521,0.5826989412307739,0.2543191611766815,val,ok,0.15,1,1,31,14,45
58,14,1.0,0.18785138428211212,0.0,0.999990234375,0.23175129294395447,ground_truth,0.9941850304603577,0.070185546875,btxrd-heuristic-000260,IMG000467.jpeg,0.070185546875,7187,320,masks/IMG000467.png,4aac416cdc49608a31a7747b7e42ef2012c83cc551ea356f36ee84ac0121749d,0|255,320,7,,63,21,0.07171875,3,0,3,0.9071373343467712,0.5647636651992798,0.2898309826850891,val,ok,0.15,1,3,23,15,38
19,6,1.0,0.07982965558767319,0.0,0.999990234375,0.1420140117406845,ground_truth,0.9700637459754944,0.0,btxrd-heuristic-000267,IMG000478.jpeg,0.0,0,320,masks/IMG000478.png,14bf4fc16d7e9f17cb073a83ba89ab04bd4c22a2b6f80f25bf73a67ce7a0a340,0,320,3,no_candidate_survived_or_postprocess_empty,27,9,0.143203125,3,0,3,0.682349681854248,0.46831175684928894,0.23837746679782867,val,empty_after_localization,0.15,1,2,12,5,17
35,10,1.0,0.13727658987045288,0.0,0.999990234375,0.19283288717269897,ground_truth,0.6890612244606018,0.10064453125,btxrd-heuristic-000269,IMG000481.jpeg,0.10064453125,10306,320,masks/IMG000481.png,49a8058a4eaebe719b7a3926bb3c61610ef1eb059a71f51bac97dbbdb2a4846a,0|255,320,5,,45,15,0.11125,3,0,3,0.7511559128761292,0.5235925912857056,0.27397236227989197,val,ok,0.15,1,1,17,10,27
63,16,1.0,0.17420998215675354,0.0,0.999990234375,0.16873013973236084,ground_truth,0.0007393350824713707,0.00748046875,btxrd-heuristic-000278,IMG000496.jpeg,0.00748046875,766,320,masks/IMG000496.png,1ed15889b7553f7547c4f8a44b438172cdb85927a8b280dc673b150b157da266,0|255,320,8,,72,24,0.01375,3,0,3,0.9043840169906616,0.5657623410224915,0.24030673503875732,val,ok,0.148701171875,1,3,22,16,38
32,8,1.0,0.09756779670715332,0.0,0.999990234375,0.18141908943653107,ground_truth,0.07951195538043976,0.06470703125,btxrd-heuristic-000287,IMG000513.jpeg,0.06470703125,6626,320,masks/IMG000513.png,23a1383107c019ff9e91bbc8bfac7099e27b7f23ae238b09c0fffa2fd05baed4,0|255,320,4,,36,12,0.075224609375,3,0,3,0.7599340677261353,0.5805349946022034,0.3358941376209259,val,ok,0.15,1,7,14,10,24
49,12,1.0,0.16252420842647552,0.0,0.999990234375,0.18777060508728027,ground_truth,0.6018333435058594,0.0,btxrd-heuristic-000302,IMG000542.jpeg,0.0,0,320,masks/IMG000542.png,14bf4fc16d7e9f17cb073a83ba89ab04bd4c22a2b6f80f25bf73a67ce7a0a340,0,320,6,no_candidate_survived_or_postprocess_empty,54,18,0.2484765625,3,0,3,0.8983812928199768,0.6066697239875793,0.2742752134799957,val,empty_after_localization,0.15,1,1,17,10,27
22,6,1.0,0.08514240384101868,0.0,0.9999609375,0.14862032234668732,ground_truth,0.9665220379829407,0.0,btxrd-heuristic-000305,IMG000548.jpeg,0.0,0,320,masks/IMG000548.png,14bf4fc16d7e9f17cb073a83ba89ab04bd4c22a2b6f80f25bf73a67ce7a0a340,0,320,3,no_candidate_survived_or_postprocess_empty,27,9,0.187021484375,3,0,3,0.7012782096862793,0.5157867074012756,0.31654706597328186,val,empty_after_localization,0.15,1,5,12,5,17
42,10,1.0,0.12336321175098419,0.0,0.999990234375,0.1888129711151123,ground_truth,1.3389206969804945e-06,0.0,btxrd-heuristic-000305,IMG000549.jpeg,0.0,0,320,masks/IMG000549.png,14bf4fc16d7e9f17cb073a83ba89ab04bd4c22a2b6f80f25bf73a67ce7a0a340,0,320,5,no_candidate_survived_or_postprocess_empty,45,15,0.214775390625,3,0,3,0.8585506677627563,0.6046013236045837,0.19658388197422028,val,empty_after_localization,0.15,1,5,16,10,26
65,18,1.0,0.2766556739807129,0.0,0.999990234375,0.1683482974767685,ground_truth,0.9999995231628418,0.13169921875,btxrd-heuristic-000308,IMG000555.jpeg,0.13169921875,13486,320,masks/IMG000555.png,753ca8ab71072901a0dccc62ea8b03b1fc744e942c80c5a151e3fe2c835e0829,0|255,320,9,,81,27,0.158369140625,3,0,3,0.8623608946800232,0.5455039739608765,0.2871987223625183,val,ok,0.14046875,1,4,30,17,47
69,18,1.0,0.29718321561813354,0.0,0.999990234375,0.16166236996650696,ground_truth,0.9999998807907104,0.026650390625,btxrd-heuristic-000308,IMG000556.jpeg,0.026650390625,2729,320,masks/IMG000556.png,76914fc0654d69c1eef07c7b132f131f7f73dc348c8f2f3c4332e5f77309c192,0|255,320,9,,81,27,0.030986328125,3,0,3,0.8841370344161987,0.5683327913284302,0.25072720646858215,val,ok,0.1451953125,1,4,32,20,52
25,6,1.0,0.11989764869213104,0.0,0.999990234375,0.15301577746868134,ground_truth,0.9988558292388916,0.056689453125,btxrd-heuristic-000311,IMG000562.jpeg,0.056689453125,5805,320,masks/IMG000562.png,5d1633d80401ed5d820a599229b3e6434e89e6214e6916b5d390f5c68fd36403,0|255,320,3,,27,9,0.05720703125,3,0,3,0.7103443145751953,0.5530704855918884,0.1871335506439209,val,ok,0.15,1,7,12,5,17
42,10,1.0,0.1280253529548645,0.0,0.999990234375,0.15684571862220764,ground_truth,0.9373123645782471,0.0,btxrd-heuristic-000320,IMG000576.jpeg,0.0,0,320,masks/IMG000576.png,14bf4fc16d7e9f17cb073a83ba89ab04bd4c22a2b6f80f25bf73a67ce7a0a340,0,320,5,no_candidate_survived_or_postprocess_empty,45,15,0.209296875,3,0,3,0.8292505741119385,0.6479892134666443,0.2501017451286316,val,empty_after_localization,0.15,1,5,18,10,28
77,18,1.0,0.3182773292064667,0.0,0.999990234375,0.22366811335086823,ground_truth,0.9989651441574097,0.013193359375,btxrd-heuristic-000324,IMG000582.jpeg,0.013193359375,1351,320,masks/IMG000582.png,98f579ac0321d0ecdb9e95745efcb401e8795eb40db133a6f0dd16b18fff1d4c,0|255,320,9,,81,27,0.013193359375,3,0,3,0.9372929334640503,0.6353709697723389,0.22303609549999237,val,ok,0.149853515625,1,3,27,20,47
35,10,1.0,0.11084019392728806,0.0,0.999990234375,0.14854764938354492,ground_truth,0.0009414729429408908,0.13146484375,btxrd-heuristic-000341,IMG000612.jpeg,0.13146484375,13462,320,masks/IMG000612.png,59e685bcb86d43c4859b7c00caa29c99dda30ef30ee165ad599f27eba164f023,0|255,320,5,,45,15,0.14001953125,3,0,3,0.7765056490898132,0.5706990957260132,0.18406367301940918,val,ok,0.14986328125,1,7,14,9,23
72,16,1.0,0.23685449361801147,0.0,0.999990234375,0.22010882198810577,ground_truth,0.0002437384973745793,0.06802734375,btxrd-heuristic-000349,IMG000628.jpeg,0.06802734375,6966,320,masks/IMG000628.png,b67716b31710427c88368be372903846f86e7001b7c15ef756a508a5f0b212d2,0|255,320,8,,72,24,0.068837890625,3,0,3,0.90019690990448,0.6165292263031006,0.4011780917644501,val,ok,0.15,1,3,30,19,49
62,14,1.0,0.2346893548965454,0.0,0.9999609375,0.22912545502185822,ground_truth,0.9994331002235413,0.091953125,btxrd-heuristic-000354,IMG000636.jpeg,0.091953125,9416,320,masks/IMG000636.png,c833fac17f6916b521ab0788352dd8df960e8409c92f9301f3c9ea8f1a71ea43,0|255,320,7,,63,21,0.10021484375,3,0,3,0.8777826428413391,0.6641550064086914,0.2410694807767868,val,ok,0.15,1,3,25,12,37
47,12,1.0,0.19240520894527435,0.0,0.999990234375,0.1843821108341217,ground_truth,0.0008103780564852059,0.0587890625,btxrd-heuristic-000358,IMG000641.jpeg,0.0587890625,6020,320,masks/IMG000641.png,b1387ae4ad37f9a32ff5af47b2c645c697297a70280213446dc98c4c50b6c467,0|255,320,7,,60,20,0.0592578125,3,0,3,0.8608599901199341,0.5707976222038269,0.2589148283004761,val,ok,0.15,1,1,22,18,40
49,12,1.0,0.1409769207239151,0.0,0.999990234375,0.18732722103595734,ground_truth,0.9993951320648193,0.0,btxrd-heuristic-000359,IMG000642.jpeg,0.0,0,320,masks/IMG000642.png,14bf4fc16d7e9f17cb073a83ba89ab04bd4c22a2b6f80f25bf73a67ce7a0a340,0,320,6,no_candidate_survived_or_postprocess_empty,54,18,0.046533203125,3,0,3,0.8642888069152832,0.6160239577293396,0.3518679440021515,val,empty_after_localization,0.15,1,3,22,10,32
23,6,1.0,0.09241366386413574,0.0,0.999990234375,0.14587897062301636,ground_truth,0.9999998807907104,0.100498046875,btxrd-heuristic-000370,IMG000660.jpeg,0.100498046875,10291,320,masks/IMG000660.png,8d0bef6337ceaa4b41e55a8c65940711c72fb6259c16719d0c43971b91dfd594,0|255,320,3,,27,9,0.104306640625,3,0,3,0.7015088200569153,0.49566131830215454,0.32067400217056274,val,ok,0.15,1,2,12,5,17
26,8,1.0,0.09382858872413635,0.0,0.999990234375,0.15193484723567963,ground_truth,9.832747309701517e-06,0.0,btxrd-heuristic-000377,IMG000672.jpeg,0.0,0,320,masks/IMG000672.png,14bf4fc16d7e9f17cb073a83ba89ab04bd4c22a2b6f80f25bf73a67ce7a0a340,0,320,4,no_candidate_survived_or_postprocess_empty,36,12,0.108115234375,3,0,3,0.8191647529602051,0.5259920358657837,0.19494463503360748,val,empty_after_localization,0.15,1,1,16,7,23
27,8,1.0,0.09937561303377151,0.0,0.999990234375,0.16024352610111237,ground_truth,0.9999998807907104,0.0,btxrd-heuristic-000383,IMG000681.jpeg,0.0,0,320,masks/IMG000681.png,14bf4fc16d7e9f17cb073a83ba89ab04bd4c22a2b6f80f25bf73a67ce7a0a340,0,320,4,no_candidate_survived_or_postprocess_empty,36,12,0.146240234375,3,0,3,0.7869833111763,0.5440651178359985,0.29748907685279846,val,empty_after_localization,0.15,1,1,13,6,19
77,18,1.0,0.2564489543437958,0.0,0.999990234375,0.17198926210403442,ground_truth,9.144802606897429e-05,0.012451171875,btxrd-heuristic-000384,IMG000682.jpeg,0.012451171875,1275,320,masks/IMG000682.png,06455ce4eb3e6ecab8c4b5de4e1669241929d8e2611261b7eabd3c6fbb9049c1,0|255,320,9,,81,27,0.012626953125,3,0,3,0.9159080982208252,0.6462178230285645,0.3069187104701996,val,ok,0.148896484375,1,1,29,16,45
30,8,1.0,0.12259919196367264,0.0,0.999990234375,0.17549417912960052,ground_truth,0.9431942105293274,0.08966796875,btxrd-heuristic-000394,IMG000699.jpeg,0.08966796875,9182,320,masks/IMG000699.png,353cddd942911def0aff9e618a1b659191f15b85b1bae7d691e8089e4de00443,0|255,320,4,,36,12,0.1763671875,3,0,3,0.789259135723114,0.5840566158294678,0.25854235887527466,val,ok,0.15,1,1,14,8,22
23,6,1.0,0.1481170356273651,0.0,0.9999609375,0.20528408885002136,ground_truth,0.9995083808898926,0.11458984375,btxrd-heuristic-000411,IMG000727.jpeg,0.11458984375,11734,320,masks/IMG000727.png,3fc0d27c935c4382320ff684c2583962e1cdea660c102458a9c7acd1fe0b66e1,0|255,320,3,,27,9,0.115048828125,3,0,3,0.699621856212616,0.5462323427200317,0.38280755281448364,val,ok,0.15,1,1,12,5,17
23,6,1.0,0.10807971656322479,0.0,0.999990234375,0.15457533299922943,ground_truth,0.9989035129547119,0.0,btxrd-heuristic-000422,IMG000747.jpeg,0.0,0,320,masks/IMG000747.png,14bf4fc16d7e9f17cb073a83ba89ab04bd4c22a2b6f80f25bf73a67ce7a0a340,0,320,3,no_candidate_survived_or_postprocess_empty,27,9,0.151484375,3,0,3,0.8214436769485474,0.5835295915603638,0.25846555829048157,val,empty_after_localization,0.15,1,1,12,5,17
21,6,1.0,0.0958757996559143,0.0,0.999990234375,0.15197856724262238,ground_truth,0.9993656277656555,0.0,btxrd-heuristic-000424,IMG000749.jpeg,0.0,0,320,masks/IMG000749.png,14bf4fc16d7e9f17cb073a83ba89ab04bd4c22a2b6f80f25bf73a67ce7a0a340,0,320,3,no_candidate_survived_or_postprocess_empty,27,9,0.122900390625,3,0,3,0.690544843673706,0.47915998101234436,0.20993319153785706,val,empty_after_localization,0.15,1,1,12,5,17
26,6,1.0,0.1247052401304245,0.0,0.999990234375,0.19251833856105804,ground_truth,0.01692109927535057,0.0,btxrd-heuristic-000425,IMG000750.jpeg,0.0,0,320,masks/IMG000750.png,14bf4fc16d7e9f17cb073a83ba89ab04bd4c22a2b6f80f25bf73a67ce7a0a340,0,320,3,no_candidate_survived_or_postprocess_empty,27,9,0.188125,3,0,3,0.8176392912864685,0.6507152318954468,0.2887924313545227,val,empty_after_localization,0.15,1,1,12,5,17
18,6,1.0,0.11261642724275589,0.0,0.999990234375,0.18055880069732666,ground_truth,0.9999591112136841,0.10109375,btxrd-heuristic-000426,IMG000751.jpeg,0.10109375,10352,320,masks/IMG000751.png,23f38fbd3e997c2b6e7fabdc76206ff5dbb46ad47cb3052687356ef502120dc1,0|255,320,3,,27,9,0.1051171875,3,0,3,0.6945269703865051,0.45090293884277344,0.20831972360610962,val,ok,0.15,1,1,12,5,17
42,12,1.0,0.13532143831253052,0.0,0.999990234375,0.15025314688682556,ground_truth,0.9999954700469971,0.0,btxrd-heuristic-000434,IMG000762.jpeg,0.0,0,320,masks/IMG000762.png,14bf4fc16d7e9f17cb073a83ba89ab04bd4c22a2b6f80f25bf73a67ce7a0a340,0,320,6,no_candidate_survived_or_postprocess_empty,54,18,0.012216796875,3,0,3,0.8678751587867737,0.5891814827919006,0.19830018281936646,val,empty_after_localization,0.149267578125,1,1,19,9,28
21,6,1.0,0.10393796116113663,0.0,0.999990234375,0.17097574472427368,ground_truth,0.9076991677284241,0.136015625,btxrd-heuristic-000435,IMG000763.jpeg,0.136015625,13928,320,masks/IMG000763.png,e1a069e7de6b693dbce6bde7898432d7592d186daf633cbd0776d704781eb587,0|255,320,3,,27,9,0.137216796875,3,0,3,0.8045109510421753,0.5218255519866943,0.3455768823623657,val,ok,0.15,1,1,12,5,17
66,16,1.0,0.20805415511131287,0.0,0.999990234375,0.19706694781780243,ground_truth,0.9309406280517578,0.074736328125,btxrd-heuristic-000452,IMG000793.jpeg,0.074736328125,7653,320,masks/IMG000793.png,749f3fe7388472b8b3c2f890a4799f4258a78ab6275264613654efced824be79,0|255,320,8,,72,24,0.081669921875,3,0,3,0.8781108856201172,0.6040300726890564,0.2517243027687073,val,ok,0.149296875,1,3,30,15,45
29,8,1.0,0.15812905132770538,0.0,0.9999609375,0.18567875027656555,ground_truth,0.9999827146530151,0.043115234375,btxrd-heuristic-000452,IMG000794.jpeg,0.043115234375,4415,320,masks/IMG000794.png,75a07c896b4a006abd10e2c812deececfa61525da5ea0bd6ed5765ba4807480d,0|255,320,4,,36,12,0.050625,3,0,3,0.8151137232780457,0.5153214931488037,0.31561145186424255,val,ok,0.15,1,3,13,5,18
43,12,1.0,0.21836751699447632,0.0,0.9999609375,0.17154426872730255,ground_truth,0.9999994039535522,0.035390625,btxrd-heuristic-000476,IMG000838.jpeg,0.035390625,3624,320,masks/IMG000838.png,308cb446fa47cf057dbb81a66cb8dac70d4936a78835a25d047fc477ecfa9e7c,0|255,320,6,,54,18,0.03814453125,3,0,3,0.8796151280403137,0.548344612121582,0.2677208483219147,val,ok,0.15,1,7,21,10,31
49,12,1.0,0.184284508228302,0.0,0.999990234375,0.22818373143672943,ground_truth,0.21525278687477112,0.018369140625,btxrd-heuristic-000501,IMG000876.jpeg,0.018369140625,1881,320,masks/IMG000876.png,c0e660b601ee26b31795cf157c3c8afe13e612ab8fcec42b482f33f840c65bc7,0|255,320,6,,54,18,0.02,3,0,3,0.7989135384559631,0.5309075713157654,0.25525468587875366,val,ok,0.15,1,1,20,10,30
51,12,1.0,0.28340327739715576,0.0,0.999990234375,0.23357746005058289,ground_truth,1.0,0.057109375,btxrd-heuristic-000513,IMG000895.jpeg,0.057109375,5848,320,masks/IMG000895.png,c5668a4e025ebe4bb6e72f917b888f4dd235299383a439129880322ee6a46eed,0|255,320,6,,54,18,0.05716796875,3,0,3,0.8732469081878662,0.5904495120048523,0.30396708846092224,val,ok,0.15,1,1,23,12,35
43,10,1.0,0.2140408158302307,0.0,0.999990234375,0.19730575382709503,ground_truth,0.9699006676673889,0.135859375,btxrd-heuristic-000516,IMG000899.jpeg,0.135859375,13912,320,masks/IMG000899.png,61f40fe634d3131ae1f7207d2c903b7e3c85110c4d8b2344f0b0e3d51fdf73f0,0|255,320,5,,45,15,0.1493359375,3,0,3,0.8817357420921326,0.6256421208381653,0.39855673909187317,val,ok,0.150009765625,1,1,17,11,28
22,6,1.0,0.12407892942428589,0.0,0.999990234375,0.19555146992206573,ground_truth,0.9536793231964111,0.009111328125,btxrd-heuristic-000518,IMG000901.jpeg,0.009111328125,933,320,masks/IMG000901.png,e224e0e9c07f01b2a31e7a367b23ca25107b3514c60e4adf3748a5b78293b964,0|255,320,3,,27,9,0.211455078125,3,0,3,0.6669337153434753,0.5304022431373596,0.2378970831632614,val,ok,0.15,1,1,12,5,17
22,6,1.0,0.11892988532781601,0.0,0.999990234375,0.1553572714328766,ground_truth,1.0,0.0,btxrd-heuristic-000519,IMG000902.jpeg,0.0,0,320,masks/IMG000902.png,14bf4fc16d7e9f17cb073a83ba89ab04bd4c22a2b6f80f25bf73a67ce7a0a340,0,320,3,no_candidate_survived_or_postprocess_empty,27,9,0.20771484375,3,0,3,0.8265581130981445,0.535347044467926,0.2000695914030075,val,empty_after_localization,0.14982421875,1,1,12,5,17
42,12,1.0,0.18104219436645508,0.0,0.999990234375,0.18692243099212646,ground_truth,1.0,0.06927734375,btxrd-heuristic-000521,IMG000905.jpeg,0.06927734375,7094,320,masks/IMG000905.png,7f2018c3df1c4f037a36428df0a30cc568e2730d621fe019e2655c3e01d8bf7b,0|255,320,6,,54,18,0.06978515625,3,0,3,0.7644334435462952,0.5184153318405151,0.23134766519069672,val,ok,0.15,1,1,19,10,29
30,8,1.0,0.13965734839439392,0.0,0.999990234375,0.18098288774490356,ground_truth,0.9998586177825928,0.002919921875,btxrd-heuristic-000527,IMG000917.jpeg,0.002919921875,299,320,masks/IMG000917.png,e019728b6c2dafd9e70ba6aa2581acd573db1c308724d1513211ad317a321fd7,0|255,320,4,,36,12,0.158505859375,3,0,3,0.809894859790802,0.4836220145225525,0.30024266242980957,val,ok,0.15,1,1,13,7,20
65,18,1.0,0.18359988927841187,0.0,0.999990234375,0.16497208178043365,ground_truth,0.46170905232429504,0.01439453125,btxrd-heuristic-000528,IMG000918.jpeg,0.01439453125,1474,320,masks/IMG000918.png,7af925407490aeca0db2d1a5cc52349fbb08eab78afb1fb632bc3196b890a8ee,0|255,320,9,,81,27,0.02169921875,3,0,3,0.8931094408035278,0.5522467494010925,0.1489211767911911,val,ok,0.1434375,1,1,32,21,53
41,10,1.0,0.18208199739456177,0.0,0.999990234375,0.19057556986808777,ground_truth,0.9997280240058899,0.145966796875,btxrd-heuristic-000533,IMG000924.jpeg,0.145966796875,14947,320,masks/IMG000924.png,63a21113cf8953c241cdfbc2b0c5b29bca5531b7c4ae14b5490e8802ba0d91b4,0|255,320,5,,42,14,0.146142578125,3,0,3,0.9114195108413696,0.6921171545982361,0.3179839551448822,val,ok,0.15,1,1,13,7,20
36,10,1.0,0.16294308006763458,0.0,0.999990234375,0.18682345747947693,ground_truth,0.11355534940958023,0.0733984375,btxrd-heuristic-000536,IMG000928.jpeg,0.0733984375,7516,320,masks/IMG000928.png,0d4bc440ace4016001946d07870f13cb08594a46c4873b7fb3d296c03321aa02,0|255,320,5,,45,15,0.09158203125,3,0,3,0.8220856785774231,0.5399216413497925,0.23670384287834167,val,ok,0.15,1,1,17,10,27
49,12,1.0,0.2199137657880783,0.0,0.999990234375,0.18322661519050598,ground_truth,0.9987078905105591,0.11408203125,btxrd-heuristic-000538,IMG000930.jpeg,0.11408203125,11682,320,masks/IMG000930.png,b6e113f0e87e78132251859eeb71bc7fdaf0cebd0627910a874a4c2d71afa64b,0|255,320,6,,54,18,0.131494140625,3,0,3,0.8199856281280518,0.5439631938934326,0.3086293339729309,val,ok,0.1498046875,1,1,21,11,32
78,18,1.0,0.34149280190467834,0.0,0.999990234375,0.2627171576023102,ground_truth,0.9571501016616821,0.055791015625,btxrd-heuristic-000539,IMG000931.jpeg,0.055791015625,5713,320,masks/IMG000931.png,e70c43642a88ac07dbce00f3f13861eb6aefd62f498e8d8c26c597d19ada21fe,0|255,320,9,,81,27,0.056494140625,3,0,3,0.9296779036521912,0.6617600917816162,0.2734379768371582,val,ok,0.1422265625,1,1,32,20,52
28,8,1.0,0.138283371925354,0.0,0.999990234375,0.15388810634613037,ground_truth,1.0,0.071767578125,btxrd-heuristic-000540,IMG000932.jpeg,0.071767578125,7349,320,masks/IMG000932.png,1369e24f7b62c350c38debc02423408b05184e15cad1df02685a7c99a8b76604,0|255,320,4,,36,12,0.10009765625,3,0,3,0.6969537138938904,0.5384696125984192,0.267235666513443,val,ok,0.15,1,1,16,10,26
34,8,1.0,0.18366146087646484,0.0,0.999990234375,0.21127961575984955,ground_truth,1.0,0.101240234375,btxrd-heuristic-000547,IMG000944.jpeg,0.101240234375,10367,320,masks/IMG000944.png,217187f3b5f994cd603b68d85b2542c1fe100430834a78c9fb65f2766df7ba71,0|255,320,4,,36,12,0.10423828125,3,0,3,0.8521708846092224,0.5674853324890137,0.235183984041214,val,ok,0.15,1,2,14,6,20
27,8,1.0,0.21335764229297638,0.0,0.999990234375,0.210729718208313,ground_truth,0.9960961937904358,0.086416015625,btxrd-heuristic-000561,IMG000963.jpeg,0.086416015625,8849,320,masks/IMG000963.png,acf901179398ede460a113d6c9a83509e19c0972c6d7657acb90f246f791e4b8,0|255,320,4,,36,12,0.08796875,3,0,3,0.8399104475975037,0.5332005023956299,0.2040943205356598,val,ok,0.15,1,2,16,10,26
24,6,1.0,0.14157523214817047,0.0,0.999990234375,0.1575227528810501,ground_truth,1.0,0.000478515625,btxrd-heuristic-000566,IMG000969.jpeg,0.000478515625,49,320,masks/IMG000969.png,8520d91ceb0a0922136cd278f4f3548730ab1c5cb10dec49056a2a732cf63465,0|255,320,3,,27,9,0.17466796875,3,0,3,0.7098013758659363,0.5803952813148499,0.24220983684062958,val,ok,0.15,1,2,12,5,17
25,6,1.0,0.16362549364566803,0.0,0.999990234375,0.18679967522621155,ground_truth,1.0,0.0,btxrd-heuristic-000568,IMG000971.jpeg,0.0,0,320,masks/IMG000971.png,14bf4fc16d7e9f17cb073a83ba89ab04bd4c22a2b6f80f25bf73a67ce7a0a340,0,320,3,no_candidate_survived_or_postprocess_empty,27,9,0.26962890625,3,0,3,0.7507372498512268,0.5794680118560791,0.3945743143558502,val,empty_after_localization,0.1497265625,1,2,12,5,17
22,6,1.0,0.13141223788261414,0.0,0.999990234375,0.1641477793455124,ground_truth,0.9999997615814209,0.0,btxrd-heuristic-000581,IMG000993.jpeg,0.0,0,320,masks/IMG000993.png,14bf4fc16d7e9f17cb073a83ba89ab04bd4c22a2b6f80f25bf73a67ce7a0a340,0,320,3,no_candidate_survived_or_postprocess_empty,27,9,0.1627734375,3,0,3,0.7629846930503845,0.4986836910247803,0.20558147132396698,val,empty_after_localization,0.15,1,1,12,5,17
42,12,1.0,0.20854133367538452,0.0,0.999990234375,0.21109655499458313,ground_truth,0.9999732971191406,0.17181640625,btxrd-heuristic-000583,IMG000996.jpeg,0.17181640625,17594,320,masks/IMG000996.png,21e1176b87a61ca11adf54fba256a995fbb59c748517137d155f78a830c3b8d1,0|255,320,6,,54,18,0.17220703125,3,0,3,0.8433417677879333,0.5552789568901062,0.25302693247795105,val,ok,0.15,1,1,24,10,34
30,8,1.0,0.17964020371437073,0.0,0.999990234375,0.19370605051517487,ground_truth,0.9999107122421265,0.098876953125,btxrd-heuristic-000591,IMG001006.jpeg,0.098876953125,10125,320,masks/IMG001006.png,f22ecaca9986e3d435fcb59462a5ee95d0a5afb1e821bc8d52d1aa895b167d4e,0|255,320,4,,33,11,0.10392578125,3,0,3,0.7327491641044617,0.5063644051551819,0.3967755436897278,val,ok,0.15,1,2,12,5,17
58,14,1.0,0.2501126229763031,0.0,0.999990234375,0.19100186228752136,ground_truth,0.9999958276748657,0.016064453125,btxrd-heuristic-000592,IMG001007.jpeg,0.016064453125,1645,320,masks/IMG001007.png,8ca5236368e202449328eaefc39d70e7765c74a2a334289a018f5ffffab13824,0|255,320,7,,63,21,0.016103515625,3,0,3,0.8833684921264648,0.632509708404541,0.29167020320892334,val,ok,0.15,1,2,22,13,35
38,10,1.0,0.11551473289728165,0.0,0.999990234375,0.14559116959571838,ground_truth,0.00011845835979329422,0.03345703125,btxrd-heuristic-000600,IMG001024.jpeg,0.03345703125,3426,320,masks/IMG001024.png,3b633e6c8cc54838d9e18c551fc92bdf3a95e3ebb3ab74aa9e18e8380329afd5,0|255,320,5,,45,15,0.04015625,3,0,3,0.8388360142707825,0.5543035864830017,0.26750585436820984,val,ok,0.15,1,1,17,9,26
53,12,1.0,0.2216348648071289,0.0,0.999990234375,0.1917431503534317,ground_truth,0.9998519420623779,0.070810546875,btxrd-heuristic-000605,IMG001030.jpeg,0.070810546875,7251,320,masks/IMG001030.png,282450d81138664fcd77d829e57f96444912123074b4e4a6ec287efd2eea1f37,0|255,320,6,,54,18,0.071689453125,3,0,3,0.8603537082672119,0.6471131443977356,0.3700559735298157,val,ok,0.15,1,7,24,10,34
39,12,1.0,0.17276237905025482,0.0,0.999990234375,0.19647884368896484,ground_truth,0.9999972581863403,0.12306640625,btxrd-heuristic-000620,IMG001056.jpeg,0.12306640625,12602,320,masks/IMG001056.png,5e655d00ad980b6c011527ffb5d7856c20a31cccfe188a4555a62233de45b73f,0|255,320,6,,51,17,0.129912109375,3,0,3,0.8610004186630249,0.5405958294868469,0.2803153395652771,val,ok,0.15,1,7,20,10,30
50,12,1.0,0.22025467455387115,0.0,0.999990234375,0.18357563018798828,ground_truth,0.999956488609314,0.1323828125,btxrd-heuristic-000622,IMG001059.jpeg,0.1323828125,13556,320,masks/IMG001059.png,f4a85571c6a0307ef0ce81c63c1a307bad780a9352f81f2aab7dfa78755780d6,0|255,320,6,,54,18,0.13404296875,3,0,3,0.8951751589775085,0.6067481637001038,0.3191698491573334,val,ok,0.15,1,1,23,8,31
33,10,1.0,0.13781170547008514,0.0,0.999990234375,0.13519032299518585,ground_truth,0.9999998807907104,0.10171875,btxrd-heuristic-000623,IMG001060.jpeg,0.10171875,10416,320,masks/IMG001060.png,1a749f2cd66dd96271b396c6c80ac0053d5bc51513e2ba8a14c2b4e0988af4b6,0|255,320,5,,45,15,0.128076171875,3,0,3,0.8395051956176758,0.5120166540145874,0.22268754243850708,val,ok,0.15,1,1,18,9,27
45,12,1.0,0.20452268421649933,0.0,0.999990234375,0.18752707540988922,ground_truth,1.0,0.007646484375,btxrd-heuristic-000639,IMG001092.jpeg,0.007646484375,783,320,masks/IMG001092.png,15a157656d7563718911277533352cd7862993b2318760d88f9a48fe1203128d,0|255,320,6,,54,18,0.3047265625,3,0,3,0.7324476838111877,0.5049572587013245,0.24765826761722565,val,ok,0.15,1,2,24,10,34
20,6,1.0,0.13871997594833374,0.0,0.999990234375,0.15274718403816223,ground_truth,1.0,0.0853515625,btxrd-heuristic-000641,IMG001094.jpeg,0.0853515625,8740,320,masks/IMG001094.png,0ec20e6bada59dce6b08b7298427d75f0637d9b57d7f463ea7746d2c669361bc,0|255,320,3,,27,9,0.092080078125,3,0,3,0.6581647992134094,0.48607248067855835,0.34149685502052307,val,ok,0.15,1,2,12,5,17
49,12,1.0,0.2665804922580719,0.0,0.999990234375,0.17303764820098877,ground_truth,0.9999969005584717,0.17794921875,btxrd-heuristic-000644,IMG001098.jpeg,0.17794921875,18222,320,masks/IMG001098.png,384e10284a51893e31cd98e9e67e3ee7a16bb3380d34b60653e28e9cdf5295d4,0|255,320,6,,54,18,0.178515625,3,0,3,0.8462845683097839,0.5700541138648987,0.25449565052986145,val,ok,0.15,1,1,18,12,30
27,6,1.0,0.1616196185350418,0.0,0.999990234375,0.16368825733661652,ground_truth,0.9999998807907104,0.075595703125,btxrd-heuristic-000649,IMG001106.jpeg,0.075595703125,7741,320,masks/IMG001106.png,aa162e4f81cd4b293ef009c848d0c3add30fdc747543375d4645efb722ea22d0,0|255,320,3,,27,9,0.082431640625,3,0,3,0.7998828887939453,0.6414753794670105,0.5007122159004211,val,ok,0.149677734375,1,2,12,5,17
21,6,1.0,0.11674819886684418,0.0,0.999990234375,0.17069952189922333,ground_truth,0.6520350575447083,0.0,btxrd-heuristic-000669,IMG001136.jpeg,0.0,0,320,masks/IMG001136.png,14bf4fc16d7e9f17cb073a83ba89ab04bd4c22a2b6f80f25bf73a67ce7a0a340,0,320,3,no_candidate_survived_or_postprocess_empty,27,9,0.19873046875,3,0,3,0.721367597579956,0.5092705488204956,0.3251923620700836,val,empty_after_localization,0.15,1,1,12,5,17
36,10,1.0,0.16603681445121765,0.0,0.999990234375,0.1381624937057495,ground_truth,1.0,0.055546875,btxrd-heuristic-000672,IMG001140.jpeg,0.055546875,5688,320,masks/IMG001140.png,ca9591dc6a6b37289ce3652d561fe57369f15dab42efb2fc604fca10a76148cd,0|255,320,5,,45,15,0.060888671875,3,0,3,0.8353962898254395,0.5547537207603455,0.2412249743938446,val,ok,0.1490625,1,1,14,8,22
29,8,1.0,0.1324038952589035,0.0,0.999990234375,0.1546209156513214,ground_truth,0.9999974966049194,0.0,btxrd-heuristic-000673,IMG001141.jpeg,0.0,0,320,masks/IMG001141.png,14bf4fc16d7e9f17cb073a83ba89ab04bd4c22a2b6f80f25bf73a67ce7a0a340,0,320,4,no_candidate_survived_or_postprocess_empty,36,12,0.094521484375,3,0,3,0.6394401788711548,0.47760310769081116,0.21573293209075928,val,empty_after_localization,0.15,1,1,16,8,24
33,8,1.0,0.2219461053609848,0.0,0.999990234375,0.214766725897789,ground_truth,0.9999275207519531,0.090439453125,btxrd-heuristic-000693,IMG001174.jpeg,0.090439453125,9261,320,masks/IMG001174.png,df4f3ed723af5a0d0c3c051e98c76f028a7c9efd051323802a4e24c5acb6e126,0|255,320,4,,36,12,0.09080078125,3,0,3,0.8658699989318848,0.5918264389038086,0.29637768864631653,val,ok,0.15,1,2,16,6,22
26,6,1.0,0.2394033819437027,0.0,0.999990234375,0.2076331079006195,ground_truth,1.0,0.12931640625,btxrd-heuristic-000702,IMG001190.jpeg,0.12931640625,13242,320,masks/IMG001190.png,2da80b91cbfac15cc66a729afc8f90603993625542c6267e1a31ab86c6b02ee9,0|255,320,3,,27,9,0.13048828125,3,0,3,0.7500649094581604,0.6031277179718018,0.390527606010437,val,ok,0.15,1,6,12,5,17
48,14,1.0,0.32409849762916565,0.0,0.999990234375,0.22053734958171844,ground_truth,0.9999997615814209,0.0541015625,btxrd-heuristic-000702,IMG001191.jpeg,0.0541015625,5540,320,masks/IMG001191.png,f053ded8d180978d4d37eeecc1bc15849160e0a87246bd586d9140a57c94a9c6,0|255,320,7,,63,21,0.054169921875,3,0,3,0.854277491569519,0.5683298110961914,0.28556036949157715,val,ok,0.149453125,1,6,26,20,46
30,8,1.0,0.15100637078285217,0.0,0.999990234375,0.18416118621826172,ground_truth,0.9999998807907104,0.081064453125,btxrd-heuristic-000707,IMG001202.jpeg,0.081064453125,8301,320,masks/IMG001202.png,1f86c85bd8e49bbfa39b597adc4075348321f88e401ea04b6521e164dcffbce1,0|255,320,4,,36,12,0.086328125,3,0,3,0.8308542966842651,0.4832206964492798,0.2640908658504486,val,ok,0.15,1,1,16,7,23
42,10,1.0,0.22271376848220825,0.0,0.999990234375,0.1620108187198639,ground_truth,1.0,0.0890234375,btxrd-heuristic-000710,IMG001206.jpeg,0.0890234375,9116,320,masks/IMG001206.png,3c5413f3be06204218adfe56f7afa1ee74d5fedc6a604e64dd3d345a44b99170,0|255,320,5,,45,15,0.104638671875,3,0,3,0.8458337783813477,0.6313311457633972,0.26760244369506836,val,ok,0.15,1,1,15,8,23
23,6,1.0,0.11605297029018402,0.0,0.999990234375,0.18473586440086365,ground_truth,0.9999896287918091,0.064033203125,btxrd-heuristic-000715,IMG001215.jpeg,0.064033203125,6557,320,masks/IMG001215.png,694605121d86831bb07d13e3b46908441297099e69d801e54e72b9e9c7928063,0|255,320,3,,27,9,0.082724609375,3,0,3,0.8128647804260254,0.6077466011047363,0.2860128581523895,val,ok,0.15,1,6,12,5,17
26,6,1.0,0.1297505497932434,0.0,0.999990234375,0.1786695271730423,ground_truth,1.0,0.09427734375,btxrd-heuristic-000715,IMG001216.jpeg,0.09427734375,9654,320,masks/IMG001216.png,068917196f56ce675268bffd945d0e2fbf3260d1bab1c637982f8ef2b07a4b74,0|255,320,3,,27,9,0.094423828125,3,0,3,0.871286928653717,0.6716322302818298,0.2843515872955322,val,ok,0.15,1,6,12,5,17
21,6,1.0,0.1089865192770958,0.0,0.999990234375,0.14521509408950806,ground_truth,1.0,0.0,btxrd-heuristic-000717,IMG001219.jpeg,0.0,0,320,masks/IMG001219.png,14bf4fc16d7e9f17cb073a83ba89ab04bd4c22a2b6f80f25bf73a67ce7a0a340,0,320,3,no_candidate_survived_or_postprocess_empty,27,9,0.1967578125,3,0,3,0.7804740071296692,0.5095807909965515,0.22341330349445343,val,empty_after_localization,0.15,1,1,12,5,17
22,6,1.0,0.11618893593549728,0.0,0.999990234375,0.16721190512180328,ground_truth,0.999661922454834,0.123046875,btxrd-heuristic-000724,IMG001231.jpeg,0.123046875,12600,320,masks/IMG001231.png,17beab9777928a5d8a77f7a8f37a3085e1067a8d74f19853b57878c43f479410,0|255,320,3,,27,9,0.12380859375,3,0,3,0.8746546506881714,0.5351266264915466,0.269432008266449,val,ok,0.149736328125,1,1,12,5,17
15,6,1.0,0.1418767273426056,0.0,0.999990234375,0.17351089417934418,ground_truth,0.9998857975006104,0.07107421875,btxrd-heuristic-000727,IMG001235.jpeg,0.07107421875,7278,320,masks/IMG001235.png,26ca60100d97d8b571ce17be0dfd561d12233430044a79f7f027c9d70ef5f9a5,0|255,320,3,,27,9,0.079072265625,3,0,3,0.6644798517227173,0.42861026525497437,0.2140716165304184,val,ok,0.15,1,1,12,5,17
59,14,1.0,0.2283317744731903,0.0,0.999990234375,0.2043880969285965,ground_truth,1.0,0.027724609375,btxrd-heuristic-000732,IMG001245.jpeg,0.027724609375,2839,320,masks/IMG001245.png,c0e7ff05700fc7041d4ffeefc35532ebe01b6d1e7f907147fc574573eaded48e,0|255,320,7,,63,21,0.02775390625,3,0,3,0.9019235372543335,0.6688194274902344,0.2136717289686203,val,ok,0.15,1,2,28,11,39
66,16,1.0,0.19289971888065338,0.0,0.999990234375,0.17995034158229828,ground_truth,0.18784192204475403,0.02314453125,btxrd-heuristic-000735,IMG001248.jpeg,0.02314453125,2370,320,masks/IMG001248.png,3278bcb16db9cf3996f03b5b9855cb5d09a270f7036e753f935c1c1486d88a6c,0|255,320,8,,72,24,0.031328125,3,0,3,0.8066324591636658,0.5563995838165283,0.27920272946357727,val,ok,0.14974609375,1,1,30,13,43
20,6,1.0,0.1647181659936905,0.0,0.999990234375,0.2032625377178192,ground_truth,0.9998472929000854,0.092490234375,btxrd-heuristic-000738,IMG001251.jpeg,0.092490234375,9471,320,masks/IMG001251.png,8b429c8ad12f477e038f7aaa5a9bc7a83a860fc44565b254480a77ef5ece500b,0|255,320,3,,27,9,0.0975,3,0,3,0.506675660610199,0.4284275770187378,0.3253228962421417,val,ok,0.15,1,1,12,5,17
71,18,1.0,0.2484833300113678,0.0,0.999990234375,0.19730286300182343,ground_truth,0.9949836730957031,0.0663671875,btxrd-heuristic-000745,IMG001259.jpeg,0.0663671875,6796,320,masks/IMG001259.png,3198c22d9e9cabeb2eaa7c5b8568c58d073d56f011383d0b8c89610ef8e899c0,0|255,320,9,,81,27,0.066640625,3,0,3,0.8719034790992737,0.5679122805595398,0.20364412665367126,val,ok,0.15,1,1,30,28,58
16,6,1.0,0.1205485463142395,0.0,0.999990234375,0.16579890251159668,ground_truth,0.011177683249115944,0.0,btxrd-heuristic-000753,IMG001272.jpeg,0.0,0,320,masks/IMG001272.png,14bf4fc16d7e9f17cb073a83ba89ab04bd4c22a2b6f80f25bf73a67ce7a0a340,0,320,3,no_candidate_survived_or_postprocess_empty,27,9,0.255732421875,3,0,3,0.6789038777351379,0.44127997756004333,0.2750926613807678,val,empty_after_localization,0.15,1,1,11,5,16
30,8,1.0,0.14028966426849365,0.0,0.999990234375,0.1654738187789917,ground_truth,0.9999998807907104,0.10908203125,btxrd-heuristic-000760,IMG001280.jpeg,0.10908203125,11170,320,masks/IMG001280.png,68546182913bd56d8b2df8a371c8e08b2b0ab8631b124db2996bdc2103ed1e1a,0|255,320,4,,36,12,0.109228515625,3,0,3,0.8399484157562256,0.5696796178817749,0.24051380157470703,val,ok,0.15,1,2,14,6,20
26,6,1.0,0.1333182007074356,0.0,0.999990234375,0.15466926991939545,ground_truth,1.0,0.145654296875,btxrd-heuristic-000783,IMG001315.jpeg,0.145654296875,14915,320,masks/IMG001315.png,372fbd13704b4c4db0d4cf088b214d5447585417a3755c3e939dc01de0e0b1b8,0|255,320,3,,27,9,0.1458203125,3,0,3,0.7882196307182312,0.575717568397522,0.364169180393219,val,ok,0.15,1,1,12,5,17
31,8,1.0,0.10331151634454727,0.0,0.999990234375,0.1650305986404419,ground_truth,0.9999147653579712,0.002958984375,btxrd-heuristic-000808,IMG001352.jpeg,0.002958984375,303,320,masks/IMG001352.png,e33694a516c493aafca103729908e2eb71451fe8280c4f309e86b9985ce24bd6,0|255,320,4,,36,12,0.14828125,3,0,3,0.8424888253211975,0.5575201511383057,0.2066579908132553,val,ok,0.15,1,8,15,7,22
63,16,1.0,0.22491101920604706,0.0,0.999990234375,0.2268325686454773,ground_truth,0.9964052438735962,0.010556640625,btxrd-heuristic-000809,IMG001353.jpeg,0.010556640625,1081,320,masks/IMG001353.png,31c7f137405e88d41d8093d365b31c82427d552842b4ddb02fc8663004b0d77f,0|255,320,8,,72,24,0.010556640625,3,0,3,0.8762741088867188,0.5786306262016296,0.25629714131355286,val,ok,0.15,1,3,25,15,40
45,12,1.0,0.18480916321277618,0.0,0.999990234375,0.17540253698825836,ground_truth,0.9895229935646057,0.0,btxrd-heuristic-000821,IMG001371.jpeg,0.0,0,320,masks/IMG001371.png,14bf4fc16d7e9f17cb073a83ba89ab04bd4c22a2b6f80f25bf73a67ce7a0a340,0,320,6,no_candidate_survived_or_postprocess_empty,54,18,0.135908203125,3,0,3,0.7170820236206055,0.5236343741416931,0.23425936698913574,val,empty_after_localization,0.148984375,1,3,19,15,34
33,8,1.0,0.17707543075084686,0.0,0.999990234375,0.16423162817955017,ground_truth,0.0009269150323234499,0.0,btxrd-heuristic-000826,IMG001379.jpeg,0.0,0,320,masks/IMG001379.png,14bf4fc16d7e9f17cb073a83ba89ab04bd4c22a2b6f80f25bf73a67ce7a0a340,0,320,4,no_candidate_survived_or_postprocess_empty,36,12,0.231171875,3,0,3,0.8110710382461548,0.5953936576843262,0.23911678791046143,val,empty_after_localization,0.15,1,9,15,6,21
53,12,1.0,0.17386342585086823,0.0,0.999990234375,0.17924275994300842,ground_truth,1.0,0.1541796875,btxrd-heuristic-000833,IMG001391.jpeg,0.1541796875,15788,320,masks/IMG001391.png,a7fc0daaebb0fbea49dbcbf9f627b004fe2ababf738044b5ddb66b814b5085e8,0|255,320,6,,54,18,0.15607421875,3,0,3,0.8466570377349854,0.6358249187469482,0.3712025284767151,val,ok,0.15,1,2,18,13,31
20,6,1.0,0.08824184536933899,0.0,0.999990234375,0.15657857060432434,ground_truth,0.13915184140205383,0.03482421875,btxrd-heuristic-000836,IMG001394.jpeg,0.03482421875,3566,320,masks/IMG001394.png,3aaa8a45c941329b24513e83f52f149743ca646d13d04e11062815a84916a44b,0|255,320,3,,27,9,0.036806640625,3,0,3,0.5729060173034668,0.4371359348297119,0.17584098875522614,val,ok,0.150009765625,1,1,12,5,17
43,10,1.0,0.1173635795712471,0.0,0.999990234375,0.17372804880142212,ground_truth,0.20425525307655334,0.072587890625,btxrd-heuristic-000840,IMG001402.jpeg,0.072587890625,7433,320,masks/IMG001402.png,a6d6651ca577fe5a4f5cafbf6e98fc713a3930543f458779082d6840133cde1d,0|255,320,5,,45,15,0.0988671875,3,0,3,0.8357970714569092,0.6463873982429504,0.2326349914073944,val,ok,0.15,1,8,18,10,28
33,8,1.0,0.15405447781085968,0.0,0.999990234375,0.18021559715270996,ground_truth,0.34541624784469604,0.104921875,btxrd-heuristic-000842,IMG001405.jpeg,0.104921875,10744,320,masks/IMG001405.png,67e5e9ac95c3be2dd11ad3a950774a8f3e4b0e5d3eb158a6272f71efe86bb463,0|255,320,4,,36,12,0.1127734375,3,0,3,0.8845543265342712,0.596066951751709,0.22530055046081543,val,ok,0.149990234375,1,3,15,6,21
24,6,1.0,0.10111049562692642,0.0,0.999990234375,0.1546090990304947,ground_truth,0.999998927116394,0.0,btxrd-heuristic-000868,IMG001448.jpeg,0.0,0,320,masks/IMG001448.png,14bf4fc16d7e9f17cb073a83ba89ab04bd4c22a2b6f80f25bf73a67ce7a0a340,0,320,3,no_candidate_survived_or_postprocess_empty,27,9,0.152744140625,3,0,3,0.7257077097892761,0.5096315145492554,0.3875904679298401,val,empty_after_localization,0.15,1,1,12,5,17
23,6,1.0,0.13091231882572174,0.0,0.999990234375,0.16149404644966125,ground_truth,0.9998824596405029,0.1321875,btxrd-heuristic-000871,IMG001453.jpeg,0.1321875,13536,320,masks/IMG001453.png,0430b883d39dcaa33efc2d7a8418774edfb91d19fe724c3112ca1482b5e76e2b,0|255,320,3,,27,9,0.137138671875,3,0,3,0.8253651261329651,0.6433112621307373,0.29291945695877075,val,ok,0.15,1,9,12,5,17
51,12,1.0,0.2555190324783325,0.0,0.999990234375,0.23132383823394775,ground_truth,0.8058154582977295,0.1612890625,btxrd-heuristic-000872,IMG001454.jpeg,0.1612890625,16516,320,masks/IMG001454.png,2fefcd5e3b19dfb642af0b5868f75bf90f55de6addab809ae1d5e51d6a5a36c7,0|255,320,6,,54,18,0.1767578125,3,0,3,0.8063946962356567,0.5707035660743713,0.35323667526245117,val,ok,0.15,1,1,22,10,32
27,6,1.0,0.15193724632263184,0.0,0.999990234375,0.1617552489042282,ground_truth,1.0,0.069580078125,btxrd-heuristic-000873,IMG001455.jpeg,0.069580078125,7125,320,masks/IMG001455.png,5bb1c76f9d4940dba5bb8919e9f2133ef045f8c480b14525dfe4b284a561e120,0|255,320,3,,27,9,0.070341796875,3,0,3,0.836746335029602,0.6445545554161072,0.41909560561180115,val,ok,0.15,1,3,12,5,17
54,12,1.0,0.1950487494468689,0.0,0.999990234375,0.19955924153327942,ground_truth,0.9941025376319885,0.043720703125,btxrd-heuristic-000880,IMG001468.jpeg,0.043720703125,4477,320,masks/IMG001468.png,77030835779fdd1f422f3c507f8ea00cfabe437b978f7320c8ff8813d90a578d,0|255,320,6,,54,18,0.04376953125,3,0,3,0.8043782114982605,0.5505401492118835,0.40181049704551697,val,ok,0.15,1,1,24,10,34
72,18,1.0,0.1703297644853592,0.0,0.999990234375,0.17896156013011932,ground_truth,0.0030750101432204247,0.008916015625,btxrd-heuristic-000883,IMG001473.jpeg,0.008916015625,913,320,masks/IMG001473.png,02a716f7eeeebf1f0090819c537ad1a013fb948c40b6b9524dc4cfa09206089d,0|255,320,9,,81,27,0.0089453125,3,0,3,0.8701934814453125,0.6048021912574768,0.2884119153022766,val,ok,0.14806640625,1,3,26,16,42
24,6,1.0,0.09191945940256119,0.0,0.999990234375,0.15201659500598907,ground_truth,1.3502507499651983e-05,0.0825390625,btxrd-heuristic-000885,IMG001476.jpeg,0.0825390625,8452,320,masks/IMG001476.png,8982c6734e1b1f07ea91ab3d47e302fd7f2653ffc191933dd45fdfd142ac3aa0,0|255,320,3,,27,9,0.08328125,3,0,3,0.8058217763900757,0.5501250624656677,0.25431591272354126,val,ok,0.15,1,3,12,5,17
69,18,1.0,0.16239692270755768,0.0,0.999990234375,0.1837233453989029,ground_truth,0.00824829749763012,0.134453125,btxrd-heuristic-000889,IMG001483.jpeg,0.134453125,13768,320,masks/IMG001483.png,71d579df031d2036f944a187da36bb58c8018b1a575bc54b98955d5c688e5c3d,0|255,320,9,,81,27,0.13724609375,3,0,3,0.8591234683990479,0.6118849515914917,0.26141348481178284,val,ok,0.15,1,8,31,17,48
26,6,1.0,0.18287299573421478,0.0,0.999990234375,0.18141508102416992,ground_truth,0.9998565912246704,0.065205078125,btxrd-heuristic-000893,IMG001490.jpeg,0.065205078125,6677,320,masks/IMG001490.png,426cae9dce543caf153675844a70d60181226c0992fd88c45fdbc38373457a77,0|255,320,4,,33,11,0.065654296875,3,0,3,0.8184377551078796,0.5217013955116272,0.27125951647758484,val,ok,0.15,1,3,15,6,21
24,8,1.0,0.11346486210823059,0.0,0.999990234375,0.14765292406082153,ground_truth,0.9998507499694824,0.00525390625,btxrd-heuristic-000893,IMG001491.jpeg,0.00525390625,538,320,masks/IMG001491.png,e403a98d8feb153398f02d75f1eaf4dbca4a7066492682366cb14087e83b506b,0|255,320,4,,36,12,0.0944140625,3,0,3,0.614490807056427,0.4476255774497986,0.3071269690990448,val,ok,0.15,1,3,14,8,22
68,18,1.0,0.24016012251377106,0.0,0.999990234375,0.19321589171886444,ground_truth,1.0,0.02048828125,btxrd-heuristic-000907,IMG001517.jpeg,0.02048828125,2098,320,masks/IMG001517.png,bae54810578d74d00772ba2275ef64660ef48d0432bbff9a02a124feeb84be53,0|255,320,9,,81,27,0.0208984375,3,0,3,0.869338870048523,0.5860320329666138,0.20662254095077515,val,ok,0.15,1,2,25,25,50
25,6,1.0,0.11641374230384827,0.0,0.999990234375,0.1592300832271576,ground_truth,0.30233749747276306,0.0,btxrd-heuristic-000916,IMG001538.jpeg,0.0,0,320,masks/IMG001538.png,14bf4fc16d7e9f17cb073a83ba89ab04bd4c22a2b6f80f25bf73a67ce7a0a340,0,320,3,no_candidate_survived_or_postprocess_empty,27,9,0.17166015625,3,0,3,0.7121878266334534,0.5318757891654968,0.23659035563468933,val,empty_after_localization,0.15,1,4,12,5,17
33,8,1.0,0.19624528288841248,0.0,0.999990234375,0.20736564695835114,ground_truth,0.6147868633270264,0.17232421875,btxrd-heuristic-000916,IMG001539.jpeg,0.17232421875,17646,320,masks/IMG001539.png,0fd20613488921216a995a6ffb83433ab30aff8cbfb8a93ced4b3790a8889f8a,0|255,320,4,,36,12,0.1725,3,0,3,0.879494309425354,0.618282675743103,0.24152477085590363,val,ok,0.15,1,4,15,6,21
25,6,1.0,0.1334432065486908,0.0,0.999990234375,0.18407952785491943,ground_truth,0.9999902248382568,0.181689453125,btxrd-heuristic-000922,IMG001551.jpeg,0.181689453125,18605,320,masks/IMG001551.png,5b58d49670f407f2740e70ecdce94dcbe95b4c569c0151cde70c32efa64e72c6,0|255,320,3,,27,9,0.186328125,3,0,3,0.8257328867912292,0.6807352900505066,0.2767329514026642,val,ok,0.15,1,4,12,5,17
29,8,1.0,0.14835451543331146,0.0,0.999990234375,0.1700117588043213,ground_truth,0.9999916553497314,0.082412109375,btxrd-heuristic-000930,IMG001563.jpeg,0.082412109375,8439,320,masks/IMG001563.png,ed2ecb62e84fdee53a26efa2d825a557264b689832cbb2d854767d334822f831,0|255,320,4,,36,12,0.08892578125,3,0,3,0.7209414839744568,0.4764736592769623,0.21567025780677795,val,ok,0.15,1,2,15,8,23
20,6,1.0,0.12789632380008698,0.0,0.999990234375,0.19155356287956238,ground_truth,0.03255851939320564,0.10880859375,btxrd-heuristic-000940,IMG001580.jpeg,0.10880859375,11142,320,masks/IMG001580.png,9090e53417c0ddbad9dec05c919a7667103bd466c929c423181a03951ee8db9d,0|255,320,3,,27,9,0.111337890625,3,0,3,0.875928521156311,0.6007915735244751,0.3056166172027588,val,ok,0.15,1,4,12,5,17
31,8,1.0,0.14601029455661774,0.0,0.999990234375,0.17509520053863525,ground_truth,0.22777734696865082,0.068037109375,btxrd-heuristic-000940,IMG001581.jpeg,0.068037109375,6967,320,masks/IMG001581.png,e6f93f7f7a1c59132b5bd569107426f2f38926ccce921ed06c8c7471100ac526,0|255,320,4,,36,12,0.068310546875,3,0,3,0.7572659850120544,0.5398891568183899,0.19588619470596313,val,ok,0.15,1,4,16,10,26
24,6,1.0,0.10712132602930069,0.0,0.999990234375,0.14760860800743103,ground_truth,0.9999964237213135,0.0,btxrd-heuristic-000951,IMG001601.jpeg,0.0,0,320,masks/IMG001601.png,14bf4fc16d7e9f17cb073a83ba89ab04bd4c22a2b6f80f25bf73a67ce7a0a340,0,320,3,no_candidate_survived_or_postprocess_empty,27,9,0.16130859375,3,0,3,0.7208588123321533,0.5533924698829651,0.15478681027889252,val,empty_after_localization,0.15,1,3,12,5,17
69,16,1.0,0.1817554235458374,0.0,0.999990234375,0.16846546530723572,ground_truth,1.0,0.05330078125,btxrd-heuristic-000955,IMG001606.jpeg,0.05330078125,5458,320,masks/IMG001606.png,6154c7141e90116067b8dd7b877ae2db95091f52471e0facf23469d0cd16a981,0|255,320,8,,72,24,0.05330078125,3,0,3,0.7962916493415833,0.6001017689704895,0.3110935091972351,val,ok,0.15,1,2,27,19,46
45,12,1.0,0.17669104039669037,0.0,0.999990234375,0.17044562101364136,ground_truth,0.8571743369102478,0.0,btxrd-heuristic-000956,IMG001607.jpeg,0.0,0,320,masks/IMG001607.png,14bf4fc16d7e9f17cb073a83ba89ab04bd4c22a2b6f80f25bf73a67ce7a0a340,0,320,6,no_candidate_survived_or_postprocess_empty,54,18,0.22599609375,3,0,3,0.8963702917098999,0.629428505897522,0.23761309683322906,val,empty_after_localization,0.15,1,1,19,12,31
27,6,1.0,0.11519039422273636,0.0,0.999990234375,0.1509050875902176,ground_truth,0.9938540458679199,0.0,btxrd-heuristic-000959,IMG001612.jpeg,0.0,0,320,masks/IMG001612.png,14bf4fc16d7e9f17cb073a83ba89ab04bd4c22a2b6f80f25bf73a67ce7a0a340,0,320,3,no_candidate_survived_or_postprocess_empty,27,9,0.55234375,3,0,3,0.7983484864234924,0.5992158055305481,0.4219748377799988,val,empty_after_localization,0.15,1,3,12,5,17
25,6,1.0,0.12062419950962067,0.0,0.999990234375,0.16922888159751892,ground_truth,0.8639320135116577,0.152216796875,btxrd-heuristic-000962,IMG001617.jpeg,0.152216796875,15587,320,masks/IMG001617.png,2d4605209156281225249bbbf4facdd16336a2143f99e7003ea3348311c503fa,0|255,320,3,,27,9,0.159326171875,3,0,3,0.8006818294525146,0.5701757073402405,0.1851167529821396,val,ok,0.15,1,8,12,5,17
41,10,1.0,0.13995708525180817,0.0,0.999990234375,0.1719990074634552,ground_truth,1.9010552705367445e-06,0.17025390625,btxrd-heuristic-000972,IMG001632.jpeg,0.17025390625,17434,320,masks/IMG001632.png,7d38e5502376c4b40fd3c0385e4948c990b6082a2d0c41166010719ea8018b13,0|255,320,5,,45,15,0.17076171875,3,0,3,0.8469064235687256,0.5589376091957092,0.2634997069835663,val,ok,0.15,1,3,14,15,29
52,14,1.0,0.16348940134048462,0.0,0.999990234375,0.14601945877075195,ground_truth,1.0,0.062080078125,btxrd-heuristic-000978,IMG001638.jpeg,0.062080078125,6357,320,masks/IMG001638.png,4d172c823edd0ce2a8c829356a3eb7665a192ff1ebe90a564395c806001e2a86,0|255,320,7,,63,21,0.070478515625,3,0,3,0.8296145796775818,0.5359707474708557,0.2657715678215027,val,ok,0.14845703125,1,2,20,18,38
73,18,1.0,0.26534658670425415,0.0,0.999990234375,0.16376106441020966,ground_truth,1.0,0.106865234375,btxrd-heuristic-000981,IMG001642.jpeg,0.106865234375,10943,320,masks/IMG001642.png,88fd904ac6a2c805cb84d8cb0f8cf602e51f3f0899e4078b2b489e127759ccc2,0|255,320,9,,81,27,0.109970703125,3,0,3,0.9006374478340149,0.6457754969596863,0.24942812323570251,val,ok,0.1421875,1,2,33,15,48
34,8,1.0,0.17587411403656006,0.0,0.999990234375,0.18749113380908966,ground_truth,1.0,0.111025390625,btxrd-heuristic-000982,IMG001643.jpeg,0.111025390625,11369,320,masks/IMG001643.png,8d47644bd672e12ce1ed87f93a14452d28c75a6aa563f54d9d98e2e002005263,0|255,320,5,,42,14,0.111416015625,3,0,3,0.795482873916626,0.5234192609786987,0.2834482491016388,val,ok,0.15,1,2,20,10,30
29,8,1.0,0.13052356243133545,0.0,0.999990234375,0.15431766211986542,ground_truth,1.0,0.064599609375,btxrd-heuristic-000993,IMG001661.jpeg,0.064599609375,6615,320,masks/IMG001661.png,243220e6fa0237213e7f7968def95d43d169ceeafcc597bac8f62b3cee0100fa,0|255,320,4,,36,12,0.07345703125,3,0,3,0.8650984764099121,0.5253140926361084,0.27639397978782654,val,ok,0.15,1,2,14,10,24
32,8,1.0,0.18565723299980164,0.0,0.999990234375,0.18875166773796082,ground_truth,1.0,0.15400390625,btxrd-heuristic-000997,IMG001666.jpeg,0.15400390625,15770,320,masks/IMG001666.png,9c31fde162f69ff620e668ac68cb4bca673ce1c65a48490cf744eb64596fd4b8,0|255,320,4,,36,12,0.157353515625,3,0,3,0.8875168561935425,0.6338954567909241,0.23891977965831757,val,ok,0.15,1,2,16,10,26
55,14,1.0,0.1402709186077118,0.0,0.999990234375,0.14879396557807922,ground_truth,1.0,0.0,btxrd-heuristic-001029,IMG001716.jpeg,0.0,0,320,masks/IMG001716.png,14bf4fc16d7e9f17cb073a83ba89ab04bd4c22a2b6f80f25bf73a67ce7a0a340,0,320,7,no_candidate_survived_or_postprocess_empty,63,21,0.025234375,3,0,3,0.8960305452346802,0.5853722095489502,0.3196535110473633,val,empty_after_localization,0.15,1,9,23,12,35
50,14,1.0,0.11773490905761719,0.0,0.999990234375,0.14945539832115173,ground_truth,0.9998844861984253,0.07416015625,btxrd-heuristic-001031,IMG001719.jpeg,0.07416015625,7594,320,masks/IMG001719.png,2656c9f999e0a303be1cfa62b37bf6ab2fa1fd9c3c274e75336c8781399262be,0|255,320,7,,63,21,0.2016796875,3,0,3,0.816149115562439,0.5333916544914246,0.21678321063518524,val,ok,0.15,1,5,27,11,38
50,14,1.0,0.1063699945807457,0.0,0.999990234375,0.14750678837299347,ground_truth,0.9999998807907104,0.11078125,btxrd-heuristic-001033,IMG001723.jpeg,0.11078125,11344,320,masks/IMG001723.png,b84c44b888d88b659545c77676f5e4358de5bfa4056e532ad38184254b37abd4,0|255,320,7,,63,21,0.114345703125,3,0,3,0.8243952989578247,0.5394776463508606,0.23584303259849548,val,ok,0.148017578125,1,1,23,20,43
24,8,1.0,0.1529768705368042,0.0,0.999990234375,0.17686615884304047,ground_truth,1.0,0.185380859375,btxrd-heuristic-001047,IMG001744.jpeg,0.185380859375,18983,320,masks/IMG001744.png,708b75b3c2d807bcef7bf9727615d76f00782f42fc06305626ae1f575e2e25d4,0|255,320,4,,36,12,0.186337890625,3,0,3,0.7285673022270203,0.47519609332084656,0.21799485385417938,val,ok,0.15,1,4,16,10,26
52,14,1.0,0.10341862589120865,0.0,0.999990234375,0.14023658633232117,ground_truth,0.9999948740005493,0.0,btxrd-heuristic-001056,IMG001759.jpeg,0.0,0,320,masks/IMG001759.png,14bf4fc16d7e9f17cb073a83ba89ab04bd4c22a2b6f80f25bf73a67ce7a0a340,0,320,7,no_candidate_survived_or_postprocess_empty,63,21,0.17892578125,3,0,3,0.8086103796958923,0.569919764995575,0.19854827225208282,val,empty_after_localization,0.141904296875,1,1,23,20,43
51,14,1.0,0.2372065782546997,0.0,0.999990234375,0.2039584219455719,ground_truth,0.9999996423721313,0.100703125,btxrd-heuristic-001057,IMG001760.jpeg,0.100703125,10312,320,masks/IMG001760.png,05776d395986b5d6a7a5faabdae0584ea47ac0e7ce602109e8e8502cc22c1e87,0|255,320,7,,63,21,0.10115234375,3,0,3,0.8933621048927307,0.5693734288215637,0.18714137375354767,val,ok,0.15,1,8,27,13,40
34,8,1.0,0.16115261614322662,0.0,0.999990234375,0.16273318231105804,ground_truth,1.0,0.0,btxrd-heuristic-001057,IMG001761.jpeg,0.0,0,320,masks/IMG001761.png,14bf4fc16d7e9f17cb073a83ba89ab04bd4c22a2b6f80f25bf73a67ce7a0a340,0,320,4,no_candidate_survived_or_postprocess_empty,36,12,0.367060546875,3,0,3,0.846118152141571,0.5698419213294983,0.3043726980686188,val,empty_after_localization,0.15,1,8,14,8,22
42,12,1.0,0.09163719415664673,0.0,0.999990234375,0.1456775814294815,ground_truth,0.9984403252601624,0.037236328125,btxrd-heuristic-001069,IMG001781.jpeg,0.037236328125,3813,320,masks/IMG001781.png,361bf18003594132dae6670571e84360e899a26a88c5201d84ce0593c83652d7,0|255,320,6,,54,18,0.064072265625,3,0,3,0.8131297826766968,0.5283385515213013,0.21515324711799622,val,ok,0.15,1,7,23,16,39
36,10,1.0,0.12319479882717133,0.0,0.999990234375,0.15693193674087524,ground_truth,1.0,0.098271484375,btxrd-heuristic-001070,IMG001782.jpeg,0.098271484375,10063,320,masks/IMG001782.png,74bf94d4039a94784528124e8eb0702485387fa37097c4bff61662cff98e7b6c,0|255,320,5,,45,15,0.098359375,3,0,3,0.8345289826393127,0.5249152183532715,0.29557761549949646,val,ok,0.15,1,7,19,15,34
52,14,1.0,0.11445491015911102,0.0,0.999990234375,0.14287947118282318,ground_truth,0.999984860420227,0.08810546875,btxrd-heuristic-001073,IMG001785.jpeg,0.08810546875,9022,320,masks/IMG001785.png,75376766757bee6bbe299e247e814683dd31b11f16b4b872d8c9966bdaf7812e,0|255,320,7,,63,21,0.167060546875,3,0,3,0.8842403292655945,0.5807203650474548,0.3142794966697693,val,ok,0.149482421875,1,7,23,19,42
20,6,1.0,0.15382282435894012,0.0,0.999990234375,0.18221256136894226,ground_truth,1.0,0.060615234375,btxrd-heuristic-001074,IMG001786.jpeg,0.060615234375,6207,320,masks/IMG001786.png,bca5ecaa1b6ebfbb3e44e90a3643a769d66f0dd77ad8bcb49dbfd73b7a332419,0|255,320,3,,27,9,0.0607421875,3,0,3,0.5755199193954468,0.4396967589855194,0.27906930446624756,val,ok,0.15,1,1,12,8,20
36,12,1.0,0.1450970321893692,0.0,0.999990234375,0.18056228756904602,ground_truth,1.0,0.063974609375,btxrd-heuristic-001077,IMG001791.jpeg,0.063974609375,6551,320,masks/IMG001791.png,612d5bbe2aa88d570c2079bfbd05c938fbe2130dd288db2e80f12303caa45db0,0|255,320,6,,54,18,0.12134765625,3,0,3,0.800998866558075,0.4964451491832733,0.22824756801128387,val,ok,0.15,1,7,24,11,35
44,14,1.0,0.18071769177913666,0.0,0.999990234375,0.15021434426307678,ground_truth,0.9999991655349731,0.0,btxrd-heuristic-001080,IMG001795.jpeg,0.0,0,320,masks/IMG001795.png,14bf4fc16d7e9f17cb073a83ba89ab04bd4c22a2b6f80f25bf73a67ce7a0a340,0,320,7,no_candidate_survived_or_postprocess_empty,63,21,0.0708984375,3,0,3,0.8016281127929688,0.47832661867141724,0.2968886196613312,val,empty_after_localization,0.13564453125,1,2,28,19,47
70,18,1.0,0.2054600566625595,0.0,0.999990234375,0.21976876258850098,ground_truth,0.9989451766014099,0.049111328125,btxrd-heuristic-001083,IMG001798.jpeg,0.049111328125,5029,320,masks/IMG001798.png,ffc954c80cdadbfebbfb127179499bd64cd12f05335087c436be9ac8411ae846,0|255,320,9,,81,27,0.049453125,3,0,3,0.8212248682975769,0.5378471612930298,0.2814875841140747,val,ok,0.15,1,7,30,15,45
44,12,1.0,0.16186589002609253,0.0,0.999990234375,0.17178583145141602,ground_truth,1.0,0.074033203125,btxrd-heuristic-001104,IMG001828.jpeg,0.074033203125,7581,320,masks/IMG001828.png,2086feefea26e91faaa1c86f18154e8b305e603f26c18e65cf14182b78daf0a9,0|255,320,6,,54,18,0.074033203125,3,0,3,0.8613086938858032,0.6000418663024902,0.2241012006998062,val,ok,0.15,1,1,24,16,40
42,14,1.0,0.11855646222829819,0.0,0.999990234375,0.14367873966693878,ground_truth,0.9999998807907104,0.0,btxrd-heuristic-001118,IMG001858.jpeg,0.0,0,320,masks/IMG001858.png,14bf4fc16d7e9f17cb073a83ba89ab04bd4c22a2b6f80f25bf73a67ce7a0a340,0,320,7,no_candidate_survived_or_postprocess_empty,63,21,0.155869140625,3,0,3,0.8602033257484436,0.5304324626922607,0.2488260120153427,val,empty_after_localization,0.15,1,2,23,21,44
33,10,1.0,0.13284260034561157,0.0,0.999990234375,0.16594049334526062,ground_truth,1.0,0.13798828125,btxrd-heuristic-001123,IMG001867.jpeg,0.13798828125,14130,320,masks/IMG001867.png,1c2dc9d8d048e94079edc6eb89cb8b9ede08610fe80bc00b7a974e9870b892bd,0|255,320,5,,45,15,0.13865234375,3,0,3,0.8754987716674805,0.5076941847801208,0.23971883952617645,val,ok,0.150009765625,1,8,17,9,26
0,0,,,,,,ground_truth,0.012795734219253063,0.0,btxrd-heuristic-001124,IMG001868.jpeg,0.0,0,320,masks/IMG001868.png,14bf4fc16d7e9f17cb073a83ba89ab04bd4c22a2b6f80f25bf73a67ce7a0a340,0,320,0,known_image_label_normal,0,0,0.0,0,0,0,,,,val,empty_by_image_gate,0.0,0,0,0,0,0
0,0,,,,,,ground_truth,0.0008863325347192585,0.0,btxrd-heuristic-001124,IMG001869.jpeg,0.0,0,320,masks/IMG001869.png,14bf4fc16d7e9f17cb073a83ba89ab04bd4c22a2b6f80f25bf73a67ce7a0a340,0,320,0,known_image_label_normal,0,0,0.0,0,0,0,,,,val,empty_by_image_gate,0.0,0,0,0,0,0
0,0,,,,,,ground_truth,0.8298066854476929,0.0,btxrd-heuristic-001124,IMG001870.jpeg,0.0,0,320,masks/IMG001870.png,14bf4fc16d7e9f17cb073a83ba89ab04bd4c22a2b6f80f25bf73a67ce7a0a340,0,320,0,known_image_label_normal,0,0,0.0,0,0,0,,,,val,empty_by_image_gate,0.0,0,0,0,0,0
0,0,,,,,,ground_truth,0.0008193377288989723,0.0,btxrd-heuristic-001124,IMG001871.jpeg,0.0,0,320,masks/IMG001871.png,14bf4fc16d7e9f17cb073a83ba89ab04bd4c22a2b6f80f25bf73a67ce7a0a340,0,320,0,known_image_label_normal,0,0,0.0,0,0,0,,,,val,empty_by_image_gate,0.0,0,0,0,0,0
0,0,,,,,,ground_truth,0.3444572687149048,0.0,btxrd-heuristic-001125,IMG001872.jpeg,0.0,0,320,masks/IMG001872.png,14bf4fc16d7e9f17cb073a83ba89ab04bd4c22a2b6f80f25bf73a67ce7a0a340,0,320,0,known_image_label_normal,0,0,0.0,0,0,0,,,,val,empty_by_image_gate,0.0,0,0,0,0,0
0,0,,,,,,ground_truth,0.00037847369094379246,0.0,btxrd-heuristic-001127,IMG001874.jpeg,0.0,0,320,masks/IMG001874.png,14bf4fc16d7e9f17cb073a83ba89ab04bd4c22a2b6f80f25bf73a67ce7a0a340,0,320,0,known_image_label_normal,0,0,0.0,0,0,0,,,,val,empty_by_image_gate,0.0,0,0,0,0,0
0,0,,,,,,ground_truth,0.000617902260273695,0.0,btxrd-heuristic-001127,IMG001875.jpeg,0.0,0,320,masks/IMG001875.png,14bf4fc16d7e9f17cb073a83ba89ab04bd4c22a2b6f80f25bf73a67ce7a0a340,0,320,0,known_image_label_normal,0,0,0.0,0,0,0,,,,val,empty_by_image_gate,0.0,0,0,0,0,0
0,0,,,,,,ground_truth,0.00016614599735476077,0.0,btxrd-heuristic-001127,IMG001876.jpeg,0.0,0,320,masks/IMG001876.png,14bf4fc16d7e9f17cb073a83ba89ab04bd4c22a2b6f80f25bf73a67ce7a0a340,0,320,0,known_image_label_normal,0,0,0.0,0,0,0,,,,val,empty_by_image_gate,0.0,0,0,0,0,0
0,0,,,,,,ground_truth,0.06976968795061111,0.0,btxrd-heuristic-001127,IMG001877.jpeg,0.0,0,320,masks/IMG001877.png,14bf4fc16d7e9f17cb073a83ba89ab04bd4c22a2b6f80f25bf73a67ce7a0a340,0,320,0,known_image_label_normal,0,0,0.0,0,0,0,,,,val,empty_by_image_gate,0.0,0,0,0,0,0
0,0,,,,,,ground_truth,0.9992990493774414,0.0,btxrd-heuristic-001130,IMG001881.jpeg,0.0,0,320,masks/IMG001881.png,14bf4fc16d7e9f17cb073a83ba89ab04bd4c22a2b6f80f25bf73a67ce7a0a340,0,320,0,known_image_label_normal,0,0,0.0,0,0,0,,,,val,empty_by_image_gate,0.0,0,0,0,0,0
0,0,,,,,,ground_truth,0.9896414875984192,0.0,btxrd-heuristic-001132,IMG001883.jpeg,0.0,0,320,masks/IMG001883.png,14bf4fc16d7e9f17cb073a83ba89ab04bd4c22a2b6f80f25bf73a67ce7a0a340,0,320,0,known_image_label_normal,0,0,0.0,0,0,0,,,,val,empty_by_image_gate,0.0,0,0,0,0,0
0,0,,,,,,ground_truth,6.282830922188509e-10,0.0,btxrd-heuristic-001134,IMG001887.jpeg,0.0,0,320,masks/IMG001887.png,14bf4fc16d7e9f17cb073a83ba89ab04bd4c22a2b6f80f25bf73a67ce7a0a340,0,320,0,known_image_label_normal,0,0,0.0,0,0,0,,,,val,empty_by_image_gate,0.0,0,0,0,0,0
0,0,,,,,,ground_truth,9.576026968716178e-06,0.0,btxrd-heuristic-001134,IMG001888.jpeg,0.0,0,320,masks/IMG001888.png,14bf4fc16d7e9f17cb073a83ba89ab04bd4c22a2b6f80f25bf73a67ce7a0a340,0,320,0,known_image_label_normal,0,0,0.0,0,0,0,,,,val,empty_by_image_gate,0.0,0,0,0,0,0
0,0,,,,,,ground_truth,4.846368710786919e-07,0.0,btxrd-heuristic-001134,IMG001889.jpeg,0.0,0,320,masks/IMG001889.png,14bf4fc16d7e9f17cb073a83ba89ab04bd4c22a2b6f80f25bf73a67ce7a0a340,0,320,0,known_image_label_normal,0,0,0.0,0,0,0,,,,val,empty_by_image_gate,0.0,0,0,0,0,0
0,0,,,,,,ground_truth,2.8837660011049593e-06,0.0,btxrd-heuristic-001134,IMG001890.jpeg,0.0,0,320,masks/IMG001890.png,14bf4fc16d7e9f17cb073a83ba89ab04bd4c22a2b6f80f25bf73a67ce7a0a340,0,320,0,known_image_label_normal,0,0,0.0,0,0,0,,,,val,empty_by_image_gate,0.0,0,0,0,0,0
0,0,,,,,,ground_truth,2.9738937428192003e-06,0.0,btxrd-heuristic-001141,IMG001915.jpeg,0.0,0,320,masks/IMG001915.png,14bf4fc16d7e9f17cb073a83ba89ab04bd4c22a2b6f80f25bf73a67ce7a0a340,0,320,0,known_image_label_normal,0,0,0.0,0,0,0,,,,val,empty_by_image_gate,0.0,0,0,0,0,0
0,0,,,,,,ground_truth,4.717238698503934e-05,0.0,btxrd-heuristic-001141,IMG001916.jpeg,0.0,0,320,masks/IMG001916.png,14bf4fc16d7e9f17cb073a83ba89ab04bd4c22a2b6f80f25bf73a67ce7a0a340,0,320,0,known_image_label_normal,0,0,0.0,0,0,0,,,,val,empty_by_image_gate,0.0,0,0,0,0,0
0,0,,,,,,ground_truth,3.439341185185185e-07,0.0,btxrd-heuristic-001141,IMG001917.jpeg,0.0,0,320,masks/IMG001917.png,14bf4fc16d7e9f17cb073a83ba89ab04bd4c22a2b6f80f25bf73a67ce7a0a340,0,320,0,known_image_label_normal,0,0,0.0,0,0,0,,,,val,empty_by_image_gate,0.0,0,0,0,0,0
0,0,,,,,,ground_truth,4.306944276777358e-07,0.0,btxrd-heuristic-001141,IMG001918.jpeg,0.0,0,320,masks/IMG001918.png,14bf4fc16d7e9f17cb073a83ba89ab04bd4c22a2b6f80f25bf73a67ce7a0a340,0,320,0,known_image_label_normal,0,0,0.0,0,0,0,,,,val,empty_by_image_gate,0.0,0,0,0,0,0
0,0,,,,,,ground_truth,0.005777799990028143,0.0,btxrd-heuristic-001145,IMG001932.jpeg,0.0,0,320,masks/IMG001932.png,14bf4fc16d7e9f17cb073a83ba89ab04bd4c22a2b6f80f25bf73a67ce7a0a340,0,320,0,known_image_label_normal,0,0,0.0,0,0,0,,,,val,empty_by_image_gate,0.0,0,0,0,0,0
0,0,,,,,,ground_truth,9.89325599221047e-06,0.0,btxrd-heuristic-001145,IMG001933.jpeg,0.0,0,320,masks/IMG001933.png,14bf4fc16d7e9f17cb073a83ba89ab04bd4c22a2b6f80f25bf73a67ce7a0a340,0,320,0,known_image_label_normal,0,0,0.0,0,0,0,,,,val,empty_by_image_gate,0.0,0,0,0,0,0
0,0,,,,,,ground_truth,1.3189021046855487e-05,0.0,btxrd-heuristic-001145,IMG001934.jpeg,0.0,0,320,masks/IMG001934.png,14bf4fc16d7e9f17cb073a83ba89ab04bd4c22a2b6f80f25bf73a67ce7a0a340,0,320,0,known_image_label_normal,0,0,0.0,0,0,0,,,,val,empty_by_image_gate,0.0,0,0,0,0,0
0,0,,,,,,ground_truth,3.7514935684157535e-05,0.0,btxrd-heuristic-001147,IMG001937.jpeg,0.0,0,320,masks/IMG001937.png,14bf4fc16d7e9f17cb073a83ba89ab04bd4c22a2b6f80f25bf73a67ce7a0a340,0,320,0,known_image_label_normal,0,0,0.0,0,0,0,,,,val,empty_by_image_gate,0.0,0,0,0,0,0
0,0,,,,,,ground_truth,0.9558295607566833,0.0,btxrd-heuristic-001148,IMG001938.jpeg,0.0,0,320,masks/IMG001938.png,14bf4fc16d7e9f17cb073a83ba89ab04bd4c22a2b6f80f25bf73a67ce7a0a340,0,320,0,known_image_label_normal,0,0,0.0,0,0,0,,,,val,empty_by_image_gate,0.0,0,0,0,0,0
0,0,,,,,,ground_truth,0.005649687722325325,0.0,btxrd-heuristic-001148,IMG001939.jpeg,0.0,0,320,masks/IMG001939.png,14bf4fc16d7e9f17cb073a83ba89ab04bd4c22a2b6f80f25bf73a67ce7a0a340,0,320,0,known_image_label_normal,0,0,0.0,0,0,0,,,,val,empty_by_image_gate,0.0,0,0,0,0,0
0,0,,,,,,ground_truth,0.01266248058527708,0.0,btxrd-heuristic-001148,IMG001940.jpeg,0.0,0,320,masks/IMG001940.png,14bf4fc16d7e9f17cb073a83ba89ab04bd4c22a2b6f80f25bf73a67ce7a0a340,0,320,0,known_image_label_normal,0,0,0.0,0,0,0,,,,val,empty_by_image_gate,0.0,0,0,0,0,0
0,0,,,,,,ground_truth,2.2221800463739783e-05,0.0,btxrd-heuristic-001149,IMG001941.jpeg,0.0,0,320,masks/IMG001941.png,14bf4fc16d7e9f17cb073a83ba89ab04bd4c22a2b6f80f25bf73a67ce7a0a340,0,320,0,known_image_label_normal,0,0,0.0,0,0,0,,,,val,empty_by_image_gate,0.0,0,0,0,0,0
0,0,,,,,,ground_truth,0.00016183426487259567,0.0,btxrd-heuristic-001149,IMG001942.jpeg,0.0,0,320,masks/IMG001942.png,14bf4fc16d7e9f17cb073a83ba89ab04bd4c22a2b6f80f25bf73a67ce7a0a340,0,320,0,known_image_label_normal,0,0,0.0,0,0,0,,,,val,empty_by_image_gate,0.0,0,0,0,0,0
0,0,,,,,,ground_truth,0.00012319072266109288,0.0,btxrd-heuristic-001152,IMG001959.jpeg,0.0,0,320,masks/IMG001959.png,14bf4fc16d7e9f17cb073a83ba89ab04bd4c22a2b6f80f25bf73a67ce7a0a340,0,320,0,known_image_label_normal,0,0,0.0,0,0,0,,,,val,empty_by_image_gate,0.0,0,0,0,0,0
0,0,,,,,,ground_truth,0.0009317375952377915,0.0,btxrd-heuristic-001162,IMG002005.jpeg,0.0,0,320,masks/IMG002005.png,14bf4fc16d7e9f17cb073a83ba89ab04bd4c22a2b6f80f25bf73a67ce7a0a340,0,320,0,known_image_label_normal,0,0,0.0,0,0,0,,,,val,empty_by_image_gate,0.0,0,0,0,0,0
0,0,,,,,,ground_truth,9.65208382694982e-05,0.0,btxrd-heuristic-001162,IMG002006.jpeg,0.0,0,320,masks/IMG002006.png,14bf4fc16d7e9f17cb073a83ba89ab04bd4c22a2b6f80f25bf73a67ce7a0a340,0,320,0,known_image_label_normal,0,0,0.0,0,0,0,,,,val,empty_by_image_gate,0.0,0,0,0,0,0
0,0,,,,,,ground_truth,0.9974040389060974,0.0,btxrd-heuristic-001162,IMG002007.jpeg,0.0,0,320,masks/IMG002007.png,14bf4fc16d7e9f17cb073a83ba89ab04bd4c22a2b6f80f25bf73a67ce7a0a340,0,320,0,known_image_label_normal,0,0,0.0,0,0,0,,,,val,empty_by_image_gate,0.0,0,0,0,0,0
0,0,,,,,,ground_truth,0.8028103113174438,0.0,btxrd-heuristic-001168,IMG002030.jpeg,0.0,0,320,masks/IMG002030.png,14bf4fc16d7e9f17cb073a83ba89ab04bd4c22a2b6f80f25bf73a67ce7a0a340,0,320,0,known_image_label_normal,0,0,0.0,0,0,0,,,,val,empty_by_image_gate,0.0,0,0,0,0,0
0,0,,,,,,ground_truth,6.837473165433039e-08,0.0,btxrd-heuristic-001170,IMG002035.jpeg,0.0,0,320,masks/IMG002035.png,14bf4fc16d7e9f17cb073a83ba89ab04bd4c22a2b6f80f25bf73a67ce7a0a340,0,320,0,known_image_label_normal,0,0,0.0,0,0,0,,,,val,empty_by_image_gate,0.0,0,0,0,0,0
0,0,,,,,,ground_truth,0.00020352320279926062,0.0,btxrd-heuristic-001171,IMG002036.jpeg,0.0,0,320,masks/IMG002036.png,14bf4fc16d7e9f17cb073a83ba89ab04bd4c22a2b6f80f25bf73a67ce7a0a340,0,320,0,known_image_label_normal,0,0,0.0,0,0,0,,,,val,empty_by_image_gate,0.0,0,0,0,0,0
0,0,,,,,,ground_truth,0.0019164389232173562,0.0,btxrd-heuristic-001179,IMG002073.jpeg,0.0,0,320,masks/IMG002073.png,14bf4fc16d7e9f17cb073a83ba89ab04bd4c22a2b6f80f25bf73a67ce7a0a340,0,320,0,known_image_label_normal,0,0,0.0,0,0,0,,,,val,empty_by_image_gate,0.0,0,0,0,0,0
0,0,,,,,,ground_truth,0.00013890513218939304,0.0,btxrd-heuristic-001179,IMG002074.jpeg,0.0,0,320,masks/IMG002074.png,14bf4fc16d7e9f17cb073a83ba89ab04bd4c22a2b6f80f25bf73a67ce7a0a340,0,320,0,known_image_label_normal,0,0,0.0,0,0,0,,,,val,empty_by_image_gate,0.0,0,0,0,0,0
0,0,,,,,,ground_truth,4.9033893446903676e-05,0.0,btxrd-heuristic-001179,IMG002075.jpeg,0.0,0,320,masks/IMG002075.png,14bf4fc16d7e9f17cb073a83ba89ab04bd4c22a2b6f80f25bf73a67ce7a0a340,0,320,0,known_image_label_normal,0,0,0.0,0,0,0,,,,val,empty_by_image_gate,0.0,0,0,0,0,0
0,0,,,,,,ground_truth,2.000265567403403e-06,0.0,btxrd-heuristic-001179,IMG002076.jpeg,0.0,0,320,masks/IMG002076.png,14bf4fc16d7e9f17cb073a83ba89ab04bd4c22a2b6f80f25bf73a67ce7a0a340,0,320,0,known_image_label_normal,0,0,0.0,0,0,0,,,,val,empty_by_image_gate,0.0,0,0,0,0,0
0,0,,,,,,ground_truth,0.00017890287563204765,0.0,btxrd-heuristic-001181,IMG002078.jpeg,0.0,0,320,masks/IMG002078.png,14bf4fc16d7e9f17cb073a83ba89ab04bd4c22a2b6f80f25bf73a67ce7a0a340,0,320,0,known_image_label_normal,0,0,0.0,0,0,0,,,,val,empty_by_image_gate,0.0,0,0,0,0,0
0,0,,,,,,ground_truth,0.00012709574366454035,0.0,btxrd-heuristic-001181,IMG002079.jpeg,0.0,0,320,masks/IMG002079.png,14bf4fc16d7e9f17cb073a83ba89ab04bd4c22a2b6f80f25bf73a67ce7a0a340,0,320,0,known_image_label_normal,0,0,0.0,0,0,0,,,,val,empty_by_image_gate,0.0,0,0,0,0,0
0,0,,,,,,ground_truth,0.00033326385891996324,0.0,btxrd-heuristic-001181,IMG002080.jpeg,0.0,0,320,masks/IMG002080.png,14bf4fc16d7e9f17cb073a83ba89ab04bd4c22a2b6f80f25bf73a67ce7a0a340,0,320,0,known_image_label_normal,0,0,0.0,0,0,0,,,,val,empty_by_image_gate,0.0,0,0,0,0,0
0,0,,,,,,ground_truth,7.524343800469069e-06,0.0,btxrd-heuristic-001186,IMG002099.jpeg,0.0,0,320,masks/IMG002099.png,14bf4fc16d7e9f17cb073a83ba89ab04bd4c22a2b6f80f25bf73a67ce7a0a340,0,320,0,known_image_label_normal,0,0,0.0,0,0,0,,,,val,empty_by_image_gate,0.0,0,0,0,0,0
0,0,,,,,,ground_truth,1.5520744511832163e-07,0.0,btxrd-heuristic-001186,IMG002100.jpeg,0.0,0,320,masks/IMG002100.png,14bf4fc16d7e9f17cb073a83ba89ab04bd4c22a2b6f80f25bf73a67ce7a0a340,0,320,0,known_image_label_normal,0,0,0.0,0,0,0,,,,val,empty_by_image_gate,0.0,0,0,0,0,0
0,0,,,,,,ground_truth,2.6802558750205208e-06,0.0,btxrd-heuristic-001186,IMG002101.jpeg,0.0,0,320,masks/IMG002101.png,14bf4fc16d7e9f17cb073a83ba89ab04bd4c22a2b6f80f25bf73a67ce7a0a340,0,320,0,known_image_label_normal,0,0,0.0,0,0,0,,,,val,empty_by_image_gate,0.0,0,0,0,0,0
0,0,,,,,,ground_truth,0.0009696262422949076,0.0,btxrd-heuristic-001188,IMG002107.jpeg,0.0,0,320,masks/IMG002107.png,14bf4fc16d7e9f17cb073a83ba89ab04bd4c22a2b6f80f25bf73a67ce7a0a340,0,320,0,known_image_label_normal,0,0,0.0,0,0,0,,,,val,empty_by_image_gate,0.0,0,0,0,0,0
0,0,,,,,,ground_truth,0.0015834573423489928,0.0,btxrd-heuristic-001188,IMG002108.jpeg,0.0,0,320,masks/IMG002108.png,14bf4fc16d7e9f17cb073a83ba89ab04bd4c22a2b6f80f25bf73a67ce7a0a340,0,320,0,known_image_label_normal,0,0,0.0,0,0,0,,,,val,empty_by_image_gate,0.0,0,0,0,0,0
0,0,,,,,,ground_truth,1.464901833969634e-05,0.0,btxrd-heuristic-001189,IMG002109.jpeg,0.0,0,320,masks/IMG002109.png,14bf4fc16d7e9f17cb073a83ba89ab04bd4c22a2b6f80f25bf73a67ce7a0a340,0,320,0,known_image_label_normal,0,0,0.0,0,0,0,,,,val,empty_by_image_gate,0.0,0,0,0,0,0
0,0,,,,,,ground_truth,1.3323417533683823e-06,0.0,btxrd-heuristic-001189,IMG002110.jpeg,0.0,0,320,masks/IMG002110.png,14bf4fc16d7e9f17cb073a83ba89ab04bd4c22a2b6f80f25bf73a67ce7a0a340,0,320,0,known_image_label_normal,0,0,0.0,0,0,0,,,,val,empty_by_image_gate,0.0,0,0,0,0,0
0,0,,,,,,ground_truth,6.792459316784516e-06,0.0,btxrd-heuristic-001191,IMG002117.jpeg,0.0,0,320,masks/IMG002117.png,14bf4fc16d7e9f17cb073a83ba89ab04bd4c22a2b6f80f25bf73a67ce7a0a340,0,320,0,known_image_label_normal,0,0,0.0,0,0,0,,,,val,empty_by_image_gate,0.0,0,0,0,0,0
0,0,,,,,,ground_truth,4.903902208752697e-06,0.0,btxrd-heuristic-001191,IMG002118.jpeg,0.0,0,320,masks/IMG002118.png,14bf4fc16d7e9f17cb073a83ba89ab04bd4c22a2b6f80f25bf73a67ce7a0a340,0,320,0,known_image_label_normal,0,0,0.0,0,0,0,,,,val,empty_by_image_gate,0.0,0,0,0,0,0
0,0,,,,,,ground_truth,0.0007554386975243688,0.0,btxrd-heuristic-001191,IMG002119.jpeg,0.0,0,320,masks/IMG002119.png,14bf4fc16d7e9f17cb073a83ba89ab04bd4c22a2b6f80f25bf73a67ce7a0a340,0,320,0,known_image_label_normal,0,0,0.0,0,0,0,,,,val,empty_by_image_gate,0.0,0,0,0,0,0
0,0,,,,,,ground_truth,8.932744094636291e-05,0.0,btxrd-heuristic-001191,IMG002120.jpeg,0.0,0,320,masks/IMG002120.png,14bf4fc16d7e9f17cb073a83ba89ab04bd4c22a2b6f80f25bf73a67ce7a0a340,0,320,0,known_image_label_normal,0,0,0.0,0,0,0,,,,val,empty_by_image_gate,0.0,0,0,0,0,0
0,0,,,,,,ground_truth,0.015554904006421566,0.0,btxrd-heuristic-001193,IMG002125.jpeg,0.0,0,320,masks/IMG002125.png,14bf4fc16d7e9f17cb073a83ba89ab04bd4c22a2b6f80f25bf73a67ce7a0a340,0,320,0,known_image_label_normal,0,0,0.0,0,0,0,,,,val,empty_by_image_gate,0.0,0,0,0,0,0
0,0,,,,,,ground_truth,6.684956315439194e-05,0.0,btxrd-heuristic-001193,IMG002126.jpeg,0.0,0,320,masks/IMG002126.png,14bf4fc16d7e9f17cb073a83ba89ab04bd4c22a2b6f80f25bf73a67ce7a0a340,0,320,0,known_image_label_normal,0,0,0.0,0,0,0,,,,val,empty_by_image_gate,0.0,0,0,0,0,0
0,0,,,,,,ground_truth,0.00020388078701216727,0.0,btxrd-heuristic-001193,IMG002127.jpeg,0.0,0,320,masks/IMG002127.png,14bf4fc16d7e9f17cb073a83ba89ab04bd4c22a2b6f80f25bf73a67ce7a0a340,0,320,0,known_image_label_normal,0,0,0.0,0,0,0,,,,val,empty_by_image_gate,0.0,0,0,0,0,0
0,0,,,,,,ground_truth,0.005893096327781677,0.0,btxrd-heuristic-001195,IMG002130.jpeg,0.0,0,320,masks/IMG002130.png,14bf4fc16d7e9f17cb073a83ba89ab04bd4c22a2b6f80f25bf73a67ce7a0a340,0,320,0,known_image_label_normal,0,0,0.0,0,0,0,,,,val,empty_by_image_gate,0.0,0,0,0,0,0
0,0,,,,,,ground_truth,0.3905332088470459,0.0,btxrd-heuristic-001195,IMG002131.jpeg,0.0,0,320,masks/IMG002131.png,14bf4fc16d7e9f17cb073a83ba89ab04bd4c22a2b6f80f25bf73a67ce7a0a340,0,320,0,known_image_label_normal,0,0,0.0,0,0,0,,,,val,empty_by_image_gate,0.0,0,0,0,0,0
0,0,,,,,,ground_truth,1.6443169442936778e-05,0.0,btxrd-heuristic-001195,IMG002132.jpeg,0.0,0,320,masks/IMG002132.png,14bf4fc16d7e9f17cb073a83ba89ab04bd4c22a2b6f80f25bf73a67ce7a0a340,0,320,0,known_image_label_normal,0,0,0.0,0,0,0,,,,val,empty_by_image_gate,0.0,0,0,0,0,0
0,0,,,,,,ground_truth,0.0030295413453131914,0.0,btxrd-heuristic-001195,IMG002133.jpeg,0.0,0,320,masks/IMG002133.png,14bf4fc16d7e9f17cb073a83ba89ab04bd4c22a2b6f80f25bf73a67ce7a0a340,0,320,0,known_image_label_normal,0,0,0.0,0,0,0,,,,val,empty_by_image_gate,0.0,0,0,0,0,0
0,0,,,,,,ground_truth,3.4403594327159226e-05,0.0,btxrd-heuristic-001201,IMG002174.jpeg,0.0,0,320,masks/IMG002174.png,14bf4fc16d7e9f17cb073a83ba89ab04bd4c22a2b6f80f25bf73a67ce7a0a340,0,320,0,known_image_label_normal,0,0,0.0,0,0,0,,,,val,empty_by_image_gate,0.0,0,0,0,0,0
0,0,,,,,,ground_truth,0.0006491878884844482,0.0,btxrd-heuristic-001203,IMG002180.jpeg,0.0,0,320,masks/IMG002180.png,14bf4fc16d7e9f17cb073a83ba89ab04bd4c22a2b6f80f25bf73a67ce7a0a340,0,320,0,known_image_label_normal,0,0,0.0,0,0,0,,,,val,empty_by_image_gate,0.0,0,0,0,0,0
0,0,,,,,,ground_truth,0.021287953481078148,0.0,btxrd-heuristic-001203,IMG002181.jpeg,0.0,0,320,masks/IMG002181.png,14bf4fc16d7e9f17cb073a83ba89ab04bd4c22a2b6f80f25bf73a67ce7a0a340,0,320,0,known_image_label_normal,0,0,0.0,0,0,0,,,,val,empty_by_image_gate,0.0,0,0,0,0,0
0,0,,,,,,ground_truth,0.0004034994635730982,0.0,btxrd-heuristic-001206,IMG002190.jpeg,0.0,0,320,masks/IMG002190.png,14bf4fc16d7e9f17cb073a83ba89ab04bd4c22a2b6f80f25bf73a67ce7a0a340,0,320,0,known_image_label_normal,0,0,0.0,0,0,0,,,,val,empty_by_image_gate,0.0,0,0,0,0,0
0,0,,,,,,ground_truth,8.000488014658913e-05,0.0,btxrd-heuristic-001219,IMG002267.jpeg,0.0,0,320,masks/IMG002267.png,14bf4fc16d7e9f17cb073a83ba89ab04bd4c22a2b6f80f25bf73a67ce7a0a340,0,320,0,known_image_label_normal,0,0,0.0,0,0,0,,,,val,empty_by_image_gate,0.0,0,0,0,0,0
0,0,,,,,,ground_truth,0.983849287033081,0.0,btxrd-heuristic-001219,IMG002268.jpeg,0.0,0,320,masks/IMG002268.png,14bf4fc16d7e9f17cb073a83ba89ab04bd4c22a2b6f80f25bf73a67ce7a0a340,0,320,0,known_image_label_normal,0,0,0.0,0,0,0,,,,val,empty_by_image_gate,0.0,0,0,0,0,0
0,0,,,,,,ground_truth,6.259638030314818e-05,0.0,btxrd-heuristic-001219,IMG002269.jpeg,0.0,0,320,masks/IMG002269.png,14bf4fc16d7e9f17cb073a83ba89ab04bd4c22a2b6f80f25bf73a67ce7a0a340,0,320,0,known_image_label_normal,0,0,0.0,0,0,0,,,,val,empty_by_image_gate,0.0,0,0,0,0,0
0,0,,,,,,ground_truth,0.14433835446834564,0.0,btxrd-heuristic-001219,IMG002270.jpeg,0.0,0,320,masks/IMG002270.png,14bf4fc16d7e9f17cb073a83ba89ab04bd4c22a2b6f80f25bf73a67ce7a0a340,0,320,0,known_image_label_normal,0,0,0.0,0,0,0,,,,val,empty_by_image_gate,0.0,0,0,0,0,0
0,0,,,,,,ground_truth,0.0008814255706965923,0.0,btxrd-heuristic-001220,IMG002271.jpeg,0.0,0,320,masks/IMG002271.png,14bf4fc16d7e9f17cb073a83ba89ab04bd4c22a2b6f80f25bf73a67ce7a0a340,0,320,0,known_image_label_normal,0,0,0.0,0,0,0,,,,val,empty_by_image_gate,0.0,0,0,0,0,0
0,0,,,,,,ground_truth,2.4751967430347577e-05,0.0,btxrd-heuristic-001220,IMG002272.jpeg,0.0,0,320,masks/IMG002272.png,14bf4fc16d7e9f17cb073a83ba89ab04bd4c22a2b6f80f25bf73a67ce7a0a340,0,320,0,known_image_label_normal,0,0,0.0,0,0,0,,,,val,empty_by_image_gate,0.0,0,0,0,0,0
0,0,,,,,,ground_truth,7.395286957034841e-05,0.0,btxrd-heuristic-001220,IMG002273.jpeg,0.0,0,320,masks/IMG002273.png,14bf4fc16d7e9f17cb073a83ba89ab04bd4c22a2b6f80f25bf73a67ce7a0a340,0,320,0,known_image_label_normal,0,0,0.0,0,0,0,,,,val,empty_by_image_gate,0.0,0,0,0,0,0
0,0,,,,,,ground_truth,0.0003634999447967857,0.0,btxrd-heuristic-001220,IMG002274.jpeg,0.0,0,320,masks/IMG002274.png,14bf4fc16d7e9f17cb073a83ba89ab04bd4c22a2b6f80f25bf73a67ce7a0a340,0,320,0,known_image_label_normal,0,0,0.0,0,0,0,,,,val,empty_by_image_gate,0.0,0,0,0,0,0
0,0,,,,,,ground_truth,1.0418522151667275e-06,0.0,btxrd-heuristic-001229,IMG002345.jpeg,0.0,0,320,masks/IMG002345.png,14bf4fc16d7e9f17cb073a83ba89ab04bd4c22a2b6f80f25bf73a67ce7a0a340,0,320,0,known_image_label_normal,0,0,0.0,0,0,0,,,,val,empty_by_image_gate,0.0,0,0,0,0,0
0,0,,,,,,ground_truth,5.111466634843964e-06,0.0,btxrd-heuristic-001229,IMG002346.jpeg,0.0,0,320,masks/IMG002346.png,14bf4fc16d7e9f17cb073a83ba89ab04bd4c22a2b6f80f25bf73a67ce7a0a340,0,320,0,known_image_label_normal,0,0,0.0,0,0,0,,,,val,empty_by_image_gate,0.0,0,0,0,0,0
0,0,,,,,,ground_truth,6.428300548577681e-05,0.0,btxrd-heuristic-001229,IMG002347.jpeg,0.0,0,320,masks/IMG002347.png,14bf4fc16d7e9f17cb073a83ba89ab04bd4c22a2b6f80f25bf73a67ce7a0a340,0,320,0,known_image_label_normal,0,0,0.0,0,0,0,,,,val,empty_by_image_gate,0.0,0,0,0,0,0
0,0,,,,,,ground_truth,0.009724760428071022,0.0,btxrd-heuristic-001229,IMG002348.jpeg,0.0,0,320,masks/IMG002348.png,14bf4fc16d7e9f17cb073a83ba89ab04bd4c22a2b6f80f25bf73a67ce7a0a340,0,320,0,known_image_label_normal,0,0,0.0,0,0,0,,,,val,empty_by_image_gate,0.0,0,0,0,0,0
0,0,,,,,,ground_truth,0.010441400110721588,0.0,btxrd-heuristic-001232,IMG002364.jpeg,0.0,0,320,masks/IMG002364.png,14bf4fc16d7e9f17cb073a83ba89ab04bd4c22a2b6f80f25bf73a67ce7a0a340,0,320,0,known_image_label_normal,0,0,0.0,0,0,0,,,,val,empty_by_image_gate,0.0,0,0,0,0,0
0,0,,,,,,ground_truth,0.010716831311583519,0.0,btxrd-heuristic-001232,IMG002365.jpeg,0.0,0,320,masks/IMG002365.png,14bf4fc16d7e9f17cb073a83ba89ab04bd4c22a2b6f80f25bf73a67ce7a0a340,0,320,0,known_image_label_normal,0,0,0.0,0,0,0,,,,val,empty_by_image_gate,0.0,0,0,0,0,0
0,0,,,,,,ground_truth,2.6835892640519887e-05,0.0,btxrd-heuristic-001232,IMG002366.jpeg,0.0,0,320,masks/IMG002366.png,14bf4fc16d7e9f17cb073a83ba89ab04bd4c22a2b6f80f25bf73a67ce7a0a340,0,320,0,known_image_label_normal,0,0,0.0,0,0,0,,,,val,empty_by_image_gate,0.0,0,0,0,0,0
0,0,,,,,,ground_truth,0.987165629863739,0.0,btxrd-heuristic-001233,IMG002367.jpeg,0.0,0,320,masks/IMG002367.png,14bf4fc16d7e9f17cb073a83ba89ab04bd4c22a2b6f80f25bf73a67ce7a0a340,0,320,0,known_image_label_normal,0,0,0.0,0,0,0,,,,val,empty_by_image_gate,0.0,0,0,0,0,0
0,0,,,,,,ground_truth,0.00042582509922795,0.0,btxrd-heuristic-001233,IMG002368.jpeg,0.0,0,320,masks/IMG002368.png,14bf4fc16d7e9f17cb073a83ba89ab04bd4c22a2b6f80f25bf73a67ce7a0a340,0,320,0,known_image_label_normal,0,0,0.0,0,0,0,,,,val,empty_by_image_gate,0.0,0,0,0,0,0
0,0,,,,,,ground_truth,0.0003333839413244277,0.0,btxrd-heuristic-001245,IMG002447.jpeg,0.0,0,320,masks/IMG002447.png,14bf4fc16d7e9f17cb073a83ba89ab04bd4c22a2b6f80f25bf73a67ce7a0a340,0,320,0,known_image_label_normal,0,0,0.0,0,0,0,,,,val,empty_by_image_gate,0.0,0,0,0,0,0
0,0,,,,,,ground_truth,0.001137866172939539,0.0,btxrd-heuristic-001245,IMG002448.jpeg,0.0,0,320,masks/IMG002448.png,14bf4fc16d7e9f17cb073a83ba89ab04bd4c22a2b6f80f25bf73a67ce7a0a340,0,320,0,known_image_label_normal,0,0,0.0,0,0,0,,,,val,empty_by_image_gate,0.0,0,0,0,0,0
0,0,,,,,,ground_truth,0.8804441094398499,0.0,btxrd-heuristic-001245,IMG002449.jpeg,0.0,0,320,masks/IMG002449.png,14bf4fc16d7e9f17cb073a83ba89ab04bd4c22a2b6f80f25bf73a67ce7a0a340,0,320,0,known_image_label_normal,0,0,0.0,0,0,0,,,,val,empty_by_image_gate,0.0,0,0,0,0,0
0,0,,,,,,ground_truth,2.4430872144876048e-05,0.0,btxrd-heuristic-001246,IMG002450.jpeg,0.0,0,320,masks/IMG002450.png,14bf4fc16d7e9f17cb073a83ba89ab04bd4c22a2b6f80f25bf73a67ce7a0a340,0,320,0,known_image_label_normal,0,0,0.0,0,0,0,,,,val,empty_by_image_gate,0.0,0,0,0,0,0
0,0,,,,,,ground_truth,8.33343219710514e-05,0.0,btxrd-heuristic-001246,IMG002451.jpeg,0.0,0,320,masks/IMG002451.png,14bf4fc16d7e9f17cb073a83ba89ab04bd4c22a2b6f80f25bf73a67ce7a0a340,0,320,0,known_image_label_normal,0,0,0.0,0,0,0,,,,val,empty_by_image_gate,0.0,0,0,0,0,0
0,0,,,,,,ground_truth,3.434006794122979e-05,0.0,btxrd-heuristic-001246,IMG002452.jpeg,0.0,0,320,masks/IMG002452.png,14bf4fc16d7e9f17cb073a83ba89ab04bd4c22a2b6f80f25bf73a67ce7a0a340,0,320,0,known_image_label_normal,0,0,0.0,0,0,0,,,,val,empty_by_image_gate,0.0,0,0,0,0,0
0,0,,,,,,ground_truth,3.2210853532887995e-05,0.0,btxrd-heuristic-001246,IMG002453.jpeg,0.0,0,320,masks/IMG002453.png,14bf4fc16d7e9f17cb073a83ba89ab04bd4c22a2b6f80f25bf73a67ce7a0a340,0,320,0,known_image_label_normal,0,0,0.0,0,0,0,,,,val,empty_by_image_gate,0.0,0,0,0,0,0
0,0,,,,,,ground_truth,0.000369100394891575,0.0,btxrd-heuristic-001261,IMG002592.jpeg,0.0,0,320,masks/IMG002592.png,14bf4fc16d7e9f17cb073a83ba89ab04bd4c22a2b6f80f25bf73a67ce7a0a340,0,320,0,known_image_label_normal,0,0,0.0,0,0,0,,,,val,empty_by_image_gate,0.0,0,0,0,0,0
0,0,,,,,,ground_truth,5.037507798988372e-05,0.0,btxrd-heuristic-001261,IMG002593.jpeg,0.0,0,320,masks/IMG002593.png,14bf4fc16d7e9f17cb073a83ba89ab04bd4c22a2b6f80f25bf73a67ce7a0a340,0,320,0,known_image_label_normal,0,0,0.0,0,0,0,,,,val,empty_by_image_gate,0.0,0,0,0,0,0
0,0,,,,,,ground_truth,0.00032714082044549286,0.0,btxrd-heuristic-001261,IMG002594.jpeg,0.0,0,320,masks/IMG002594.png,14bf4fc16d7e9f17cb073a83ba89ab04bd4c22a2b6f80f25bf73a67ce7a0a340,0,320,0,known_image_label_normal,0,0,0.0,0,0,0,,,,val,empty_by_image_gate,0.0,0,0,0,0,0
0,0,,,,,,ground_truth,7.846452353987843e-05,0.0,btxrd-heuristic-001261,IMG002595.jpeg,0.0,0,320,masks/IMG002595.png,14bf4fc16d7e9f17cb073a83ba89ab04bd4c22a2b6f80f25bf73a67ce7a0a340,0,320,0,known_image_label_normal,0,0,0.0,0,0,0,,,,val,empty_by_image_gate,0.0,0,0,0,0,0
0,0,,,,,,ground_truth,5.937004971201532e-06,0.0,btxrd-heuristic-001271,IMG002704.jpeg,0.0,0,320,masks/IMG002704.png,14bf4fc16d7e9f17cb073a83ba89ab04bd4c22a2b6f80f25bf73a67ce7a0a340,0,320,0,known_image_label_normal,0,0,0.0,0,0,0,,,,val,empty_by_image_gate,0.0,0,0,0,0,0
0,0,,,,,,ground_truth,0.00031021126778796315,0.0,btxrd-heuristic-001271,IMG002705.jpeg,0.0,0,320,masks/IMG002705.png,14bf4fc16d7e9f17cb073a83ba89ab04bd4c22a2b6f80f25bf73a67ce7a0a340,0,320,0,known_image_label_normal,0,0,0.0,0,0,0,,,,val,empty_by_image_gate,0.0,0,0,0,0,0
0,0,,,,,,ground_truth,0.0014559264527633786,0.0,btxrd-heuristic-001275,IMG002728.jpeg,0.0,0,320,masks/IMG002728.png,14bf4fc16d7e9f17cb073a83ba89ab04bd4c22a2b6f80f25bf73a67ce7a0a340,0,320,0,known_image_label_normal,0,0,0.0,0,0,0,,,,val,empty_by_image_gate,0.0,0,0,0,0,0
0,0,,,,,,ground_truth,8.357888873433694e-05,0.0,btxrd-heuristic-001275,IMG002729.jpeg,0.0,0,320,masks/IMG002729.png,14bf4fc16d7e9f17cb073a83ba89ab04bd4c22a2b6f80f25bf73a67ce7a0a340,0,320,0,known_image_label_normal,0,0,0.0,0,0,0,,,,val,empty_by_image_gate,0.0,0,0,0,0,0
0,0,,,,,,ground_truth,0.00030544327455572784,0.0,btxrd-heuristic-001286,IMG002836.jpeg,0.0,0,320,masks/IMG002836.png,14bf4fc16d7e9f17cb073a83ba89ab04bd4c22a2b6f80f25bf73a67ce7a0a340,0,320,0,known_image_label_normal,0,0,0.0,0,0,0,,,,val,empty_by_image_gate,0.0,0,0,0,0,0
0,0,,,,,,ground_truth,0.6030646562576294,0.0,btxrd-heuristic-001286,IMG002837.jpeg,0.0,0,320,masks/IMG002837.png,14bf4fc16d7e9f17cb073a83ba89ab04bd4c22a2b6f80f25bf73a67ce7a0a340,0,320,0,known_image_label_normal,0,0,0.0,0,0,0,,,,val,empty_by_image_gate,0.0,0,0,0,0,0
0,0,,,,,,ground_truth,9.01391395018436e-05,0.0,btxrd-heuristic-001286,IMG002838.jpeg,0.0,0,320,masks/IMG002838.png,14bf4fc16d7e9f17cb073a83ba89ab04bd4c22a2b6f80f25bf73a67ce7a0a340,0,320,0,known_image_label_normal,0,0,0.0,0,0,0,,,,val,empty_by_image_gate,0.0,0,0,0,0,0
0,0,,,,,,ground_truth,0.042848337441682816,0.0,btxrd-heuristic-001286,IMG002839.jpeg,0.0,0,320,masks/IMG002839.png,14bf4fc16d7e9f17cb073a83ba89ab04bd4c22a2b6f80f25bf73a67ce7a0a340,0,320,0,known_image_label_normal,0,0,0.0,0,0,0,,,,val,empty_by_image_gate,0.0,0,0,0,0,0
0,0,,,,,,ground_truth,2.030264658969827e-05,0.0,btxrd-heuristic-001292,IMG002894.jpeg,0.0,0,320,masks/IMG002894.png,14bf4fc16d7e9f17cb073a83ba89ab04bd4c22a2b6f80f25bf73a67ce7a0a340,0,320,0,known_image_label_normal,0,0,0.0,0,0,0,,,,val,empty_by_image_gate,0.0,0,0,0,0,0
0,0,,,,,,ground_truth,0.0001647123135626316,0.0,btxrd-heuristic-001292,IMG002895.jpeg,0.0,0,320,masks/IMG002895.png,14bf4fc16d7e9f17cb073a83ba89ab04bd4c22a2b6f80f25bf73a67ce7a0a340,0,320,0,known_image_label_normal,0,0,0.0,0,0,0,,,,val,empty_by_image_gate,0.0,0,0,0,0,0
0,0,,,,,,ground_truth,3.646622280939482e-05,0.0,btxrd-heuristic-001292,IMG002896.jpeg,0.0,0,320,masks/IMG002896.png,14bf4fc16d7e9f17cb073a83ba89ab04bd4c22a2b6f80f25bf73a67ce7a0a340,0,320,0,known_image_label_normal,0,0,0.0,0,0,0,,,,val,empty_by_image_gate,0.0,0,0,0,0,0
0,0,,,,,,ground_truth,6.994843715801835e-05,0.0,btxrd-heuristic-001292,IMG002897.jpeg,0.0,0,320,masks/IMG002897.png,14bf4fc16d7e9f17cb073a83ba89ab04bd4c22a2b6f80f25bf73a67ce7a0a340,0,320,0,known_image_label_normal,0,0,0.0,0,0,0,,,,val,empty_by_image_gate,0.0,0,0,0,0,0
0,0,,,,,,ground_truth,3.3704209272400476e-06,0.0,btxrd-heuristic-001296,IMG002932.jpeg,0.0,0,320,masks/IMG002932.png,14bf4fc16d7e9f17cb073a83ba89ab04bd4c22a2b6f80f25bf73a67ce7a0a340,0,320,0,known_image_label_normal,0,0,0.0,0,0,0,,,,val,empty_by_image_gate,0.0,0,0,0,0,0
0,0,,,,,,ground_truth,1.2233172128617298e-05,0.0,btxrd-heuristic-001296,IMG002933.jpeg,0.0,0,320,masks/IMG002933.png,14bf4fc16d7e9f17cb073a83ba89ab04bd4c22a2b6f80f25bf73a67ce7a0a340,0,320,0,known_image_label_normal,0,0,0.0,0,0,0,,,,val,empty_by_image_gate,0.0,0,0,0,0,0
0,0,,,,,,ground_truth,2.3714053440926364e-06,0.0,btxrd-heuristic-001320,IMG003119.jpeg,0.0,0,320,masks/IMG003119.png,14bf4fc16d7e9f17cb073a83ba89ab04bd4c22a2b6f80f25bf73a67ce7a0a340,0,320,0,known_image_label_normal,0,0,0.0,0,0,0,,,,val,empty_by_image_gate,0.0,0,0,0,0,0
0,0,,,,,,ground_truth,1.710869764792733e-05,0.0,btxrd-heuristic-001320,IMG003120.jpeg,0.0,0,320,masks/IMG003120.png,14bf4fc16d7e9f17cb073a83ba89ab04bd4c22a2b6f80f25bf73a67ce7a0a340,0,320,0,known_image_label_normal,0,0,0.0,0,0,0,,,,val,empty_by_image_gate,0.0,0,0,0,0,0
0,0,,,,,,ground_truth,4.123898634134093e-06,0.0,btxrd-heuristic-001331,IMG003162.jpeg,0.0,0,320,masks/IMG003162.png,14bf4fc16d7e9f17cb073a83ba89ab04bd4c22a2b6f80f25bf73a67ce7a0a340,0,320,0,known_image_label_normal,0,0,0.0,0,0,0,,,,val,empty_by_image_gate,0.0,0,0,0,0,0
0,0,,,,,,ground_truth,7.994463521754369e-05,0.0,btxrd-heuristic-001331,IMG003163.jpeg,0.0,0,320,masks/IMG003163.png,14bf4fc16d7e9f17cb073a83ba89ab04bd4c22a2b6f80f25bf73a67ce7a0a340,0,320,0,known_image_label_normal,0,0,0.0,0,0,0,,,,val,empty_by_image_gate,0.0,0,0,0,0,0
0,0,,,,,,ground_truth,2.1780344468425028e-05,0.0,btxrd-heuristic-001331,IMG003164.jpeg,0.0,0,320,masks/IMG003164.png,14bf4fc16d7e9f17cb073a83ba89ab04bd4c22a2b6f80f25bf73a67ce7a0a340,0,320,0,known_image_label_normal,0,0,0.0,0,0,0,,,,val,empty_by_image_gate,0.0,0,0,0,0,0
0,0,,,,,,ground_truth,0.0008436011848971248,0.0,btxrd-heuristic-001331,IMG003165.jpeg,0.0,0,320,masks/IMG003165.png,14bf4fc16d7e9f17cb073a83ba89ab04bd4c22a2b6f80f25bf73a67ce7a0a340,0,320,0,known_image_label_normal,0,0,0.0,0,0,0,,,,val,empty_by_image_gate,0.0,0,0,0,0,0
0,0,,,,,,ground_truth,0.001038882415741682,0.0,btxrd-heuristic-001337,IMG003202.jpeg,0.0,0,320,masks/IMG003202.png,14bf4fc16d7e9f17cb073a83ba89ab04bd4c22a2b6f80f25bf73a67ce7a0a340,0,320,0,known_image_label_normal,0,0,0.0,0,0,0,,,,val,empty_by_image_gate,0.0,0,0,0,0,0
0,0,,,,,,ground_truth,0.0013411234831437469,0.0,btxrd-heuristic-001337,IMG003203.jpeg,0.0,0,320,masks/IMG003203.png,14bf4fc16d7e9f17cb073a83ba89ab04bd4c22a2b6f80f25bf73a67ce7a0a340,0,320,0,known_image_label_normal,0,0,0.0,0,0,0,,,,val,empty_by_image_gate,0.0,0,0,0,0,0
0,0,,,,,,ground_truth,0.0003210769791621715,0.0,btxrd-heuristic-001337,IMG003204.jpeg,0.0,0,320,masks/IMG003204.png,14bf4fc16d7e9f17cb073a83ba89ab04bd4c22a2b6f80f25bf73a67ce7a0a340,0,320,0,known_image_label_normal,0,0,0.0,0,0,0,,,,val,empty_by_image_gate,0.0,0,0,0,0,0
0,0,,,,,,ground_truth,0.0008958435500971973,0.0,btxrd-heuristic-001347,IMG003234.jpeg,0.0,0,320,masks/IMG003234.png,14bf4fc16d7e9f17cb073a83ba89ab04bd4c22a2b6f80f25bf73a67ce7a0a340,0,320,0,known_image_label_normal,0,0,0.0,0,0,0,,,,val,empty_by_image_gate,0.0,0,0,0,0,0
0,0,,,,,,ground_truth,0.00022960563364904374,0.0,btxrd-heuristic-001347,IMG003235.jpeg,0.0,0,320,masks/IMG003235.png,14bf4fc16d7e9f17cb073a83ba89ab04bd4c22a2b6f80f25bf73a67ce7a0a340,0,320,0,known_image_label_normal,0,0,0.0,0,0,0,,,,val,empty_by_image_gate,0.0,0,0,0,0,0
0,0,,,,,,ground_truth,0.000514004030264914,0.0,btxrd-heuristic-001347,IMG003236.jpeg,0.0,0,320,masks/IMG003236.png,14bf4fc16d7e9f17cb073a83ba89ab04bd4c22a2b6f80f25bf73a67ce7a0a340,0,320,0,known_image_label_normal,0,0,0.0,0,0,0,,,,val,empty_by_image_gate,0.0,0,0,0,0,0
0,0,,,,,,ground_truth,0.00028088767430745065,0.0,btxrd-heuristic-001347,IMG003237.jpeg,0.0,0,320,masks/IMG003237.png,14bf4fc16d7e9f17cb073a83ba89ab04bd4c22a2b6f80f25bf73a67ce7a0a340,0,320,0,known_image_label_normal,0,0,0.0,0,0,0,,,,val,empty_by_image_gate,0.0,0,0,0,0,0
0,0,,,,,,ground_truth,0.9984700083732605,0.0,btxrd-heuristic-001350,IMG003243.jpeg,0.0,0,320,masks/IMG003243.png,14bf4fc16d7e9f17cb073a83ba89ab04bd4c22a2b6f80f25bf73a67ce7a0a340,0,320,0,known_image_label_normal,0,0,0.0,0,0,0,,,,val,empty_by_image_gate,0.0,0,0,0,0,0
0,0,,,,,,ground_truth,0.8779993057250977,0.0,btxrd-heuristic-001350,IMG003244.jpeg,0.0,0,320,masks/IMG003244.png,14bf4fc16d7e9f17cb073a83ba89ab04bd4c22a2b6f80f25bf73a67ce7a0a340,0,320,0,known_image_label_normal,0,0,0.0,0,0,0,,,,val,empty_by_image_gate,0.0,0,0,0,0,0
0,0,,,,,,ground_truth,0.00027325336122885346,0.0,btxrd-heuristic-001350,IMG003245.jpeg,0.0,0,320,masks/IMG003245.png,14bf4fc16d7e9f17cb073a83ba89ab04bd4c22a2b6f80f25bf73a67ce7a0a340,0,320,0,known_image_label_normal,0,0,0.0,0,0,0,,,,val,empty_by_image_gate,0.0,0,0,0,0,0
0,0,,,,,,ground_truth,0.999887228012085,0.0,btxrd-heuristic-001350,IMG003246.jpeg,0.0,0,320,masks/IMG003246.png,14bf4fc16d7e9f17cb073a83ba89ab04bd4c22a2b6f80f25bf73a67ce7a0a340,0,320,0,known_image_label_normal,0,0,0.0,0,0,0,,,,val,empty_by_image_gate,0.0,0,0,0,0,0
0,0,,,,,,ground_truth,7.304928658413701e-06,0.0,btxrd-heuristic-001351,IMG003247.jpeg,0.0,0,320,masks/IMG003247.png,14bf4fc16d7e9f17cb073a83ba89ab04bd4c22a2b6f80f25bf73a67ce7a0a340,0,320,0,known_image_label_normal,0,0,0.0,0,0,0,,,,val,empty_by_image_gate,0.0,0,0,0,0,0
0,0,,,,,,ground_truth,6.75317642162554e-06,0.0,btxrd-heuristic-001351,IMG003248.jpeg,0.0,0,320,masks/IMG003248.png,14bf4fc16d7e9f17cb073a83ba89ab04bd4c22a2b6f80f25bf73a67ce7a0a340,0,320,0,known_image_label_normal,0,0,0.0,0,0,0,,,,val,empty_by_image_gate,0.0,0,0,0,0,0
0,0,,,,,,ground_truth,0.9948711395263672,0.0,btxrd-heuristic-001353,IMG003250.jpeg,0.0,0,320,masks/IMG003250.png,14bf4fc16d7e9f17cb073a83ba89ab04bd4c22a2b6f80f25bf73a67ce7a0a340,0,320,0,known_image_label_normal,0,0,0.0,0,0,0,,,,val,empty_by_image_gate,0.0,0,0,0,0,0
0,0,,,,,,ground_truth,0.4722176194190979,0.0,btxrd-heuristic-001354,IMG003251.jpeg,0.0,0,320,masks/IMG003251.png,14bf4fc16d7e9f17cb073a83ba89ab04bd4c22a2b6f80f25bf73a67ce7a0a340,0,320,0,known_image_label_normal,0,0,0.0,0,0,0,,,,val,empty_by_image_gate,0.0,0,0,0,0,0
0,0,,,,,,ground_truth,0.5091306567192078,0.0,btxrd-heuristic-001354,IMG003252.jpeg,0.0,0,320,masks/IMG003252.png,14bf4fc16d7e9f17cb073a83ba89ab04bd4c22a2b6f80f25bf73a67ce7a0a340,0,320,0,known_image_label_normal,0,0,0.0,0,0,0,,,,val,empty_by_image_gate,0.0,0,0,0,0,0
0,0,,,,,,ground_truth,0.03708288446068764,0.0,btxrd-heuristic-001356,IMG003259.jpeg,0.0,0,320,masks/IMG003259.png,14bf4fc16d7e9f17cb073a83ba89ab04bd4c22a2b6f80f25bf73a67ce7a0a340,0,320,0,known_image_label_normal,0,0,0.0,0,0,0,,,,val,empty_by_image_gate,0.0,0,0,0,0,0
0,0,,,,,,ground_truth,0.9534316062927246,0.0,btxrd-heuristic-001356,IMG003260.jpeg,0.0,0,320,masks/IMG003260.png,14bf4fc16d7e9f17cb073a83ba89ab04bd4c22a2b6f80f25bf73a67ce7a0a340,0,320,0,known_image_label_normal,0,0,0.0,0,0,0,,,,val,empty_by_image_gate,0.0,0,0,0,0,0
0,0,,,,,,ground_truth,0.08511025458574295,0.0,btxrd-heuristic-001356,IMG003261.jpeg,0.0,0,320,masks/IMG003261.png,14bf4fc16d7e9f17cb073a83ba89ab04bd4c22a2b6f80f25bf73a67ce7a0a340,0,320,0,known_image_label_normal,0,0,0.0,0,0,0,,,,val,empty_by_image_gate,0.0,0,0,0,0,0
0,0,,,,,,ground_truth,0.8814118504524231,0.0,btxrd-heuristic-001359,IMG003266.jpeg,0.0,0,320,masks/IMG003266.png,14bf4fc16d7e9f17cb073a83ba89ab04bd4c22a2b6f80f25bf73a67ce7a0a340,0,320,0,known_image_label_normal,0,0,0.0,0,0,0,,,,val,empty_by_image_gate,0.0,0,0,0,0,0
0,0,,,,,,ground_truth,0.31385236978530884,0.0,btxrd-heuristic-001361,IMG003268.jpeg,0.0,0,320,masks/IMG003268.png,14bf4fc16d7e9f17cb073a83ba89ab04bd4c22a2b6f80f25bf73a67ce7a0a340,0,320,0,known_image_label_normal,0,0,0.0,0,0,0,,,,val,empty_by_image_gate,0.0,0,0,0,0,0
0,0,,,,,,ground_truth,0.12403954565525055,0.0,btxrd-heuristic-001361,IMG003269.jpeg,0.0,0,320,masks/IMG003269.png,14bf4fc16d7e9f17cb073a83ba89ab04bd4c22a2b6f80f25bf73a67ce7a0a340,0,320,0,known_image_label_normal,0,0,0.0,0,0,0,,,,val,empty_by_image_gate,0.0,0,0,0,0,0
0,0,,,,,,ground_truth,1.4007772733748425e-05,0.0,btxrd-heuristic-001365,IMG003281.jpeg,0.0,0,320,masks/IMG003281.png,14bf4fc16d7e9f17cb073a83ba89ab04bd4c22a2b6f80f25bf73a67ce7a0a340,0,320,0,known_image_label_normal,0,0,0.0,0,0,0,,,,val,empty_by_image_gate,0.0,0,0,0,0,0
0,0,,,,,,ground_truth,0.09900352358818054,0.0,btxrd-heuristic-001365,IMG003282.jpeg,0.0,0,320,masks/IMG003282.png,14bf4fc16d7e9f17cb073a83ba89ab04bd4c22a2b6f80f25bf73a67ce7a0a340,0,320,0,known_image_label_normal,0,0,0.0,0,0,0,,,,val,empty_by_image_gate,0.0,0,0,0,0,0
0,0,,,,,,ground_truth,0.00385572062805295,0.0,btxrd-heuristic-001366,IMG003283.jpeg,0.0,0,320,masks/IMG003283.png,14bf4fc16d7e9f17cb073a83ba89ab04bd4c22a2b6f80f25bf73a67ce7a0a340,0,320,0,known_image_label_normal,0,0,0.0,0,0,0,,,,val,empty_by_image_gate,0.0,0,0,0,0,0
0,0,,,,,,ground_truth,0.0004624818975571543,0.0,btxrd-heuristic-001366,IMG003284.jpeg,0.0,0,320,masks/IMG003284.png,14bf4fc16d7e9f17cb073a83ba89ab04bd4c22a2b6f80f25bf73a67ce7a0a340,0,320,0,known_image_label_normal,0,0,0.0,0,0,0,,,,val,empty_by_image_gate,0.0,0,0,0,0,0
0,0,,,,,,ground_truth,0.00034433644032105803,0.0,btxrd-heuristic-001366,IMG003285.jpeg,0.0,0,320,masks/IMG003285.png,14bf4fc16d7e9f17cb073a83ba89ab04bd4c22a2b6f80f25bf73a67ce7a0a340,0,320,0,known_image_label_normal,0,0,0.0,0,0,0,,,,val,empty_by_image_gate,0.0,0,0,0,0,0
0,0,,,,,,ground_truth,0.00014477732474915683,0.0,btxrd-heuristic-001366,IMG003286.jpeg,0.0,0,320,masks/IMG003286.png,14bf4fc16d7e9f17cb073a83ba89ab04bd4c22a2b6f80f25bf73a67ce7a0a340,0,320,0,known_image_label_normal,0,0,0.0,0,0,0,,,,val,empty_by_image_gate,0.0,0,0,0,0,0
0,0,,,,,,ground_truth,0.8928140997886658,0.0,btxrd-heuristic-001369,IMG003295.jpeg,0.0,0,320,masks/IMG003295.png,14bf4fc16d7e9f17cb073a83ba89ab04bd4c22a2b6f80f25bf73a67ce7a0a340,0,320,0,known_image_label_normal,0,0,0.0,0,0,0,,,,val,empty_by_image_gate,0.0,0,0,0,0,0
0,0,,,,,,ground_truth,0.7741946578025818,0.0,btxrd-heuristic-001369,IMG003296.jpeg,0.0,0,320,masks/IMG003296.png,14bf4fc16d7e9f17cb073a83ba89ab04bd4c22a2b6f80f25bf73a67ce7a0a340,0,320,0,known_image_label_normal,0,0,0.0,0,0,0,,,,val,empty_by_image_gate,0.0,0,0,0,0,0
0,0,,,,,,ground_truth,0.0043268934823572636,0.0,btxrd-heuristic-001369,IMG003297.jpeg,0.0,0,320,masks/IMG003297.png,14bf4fc16d7e9f17cb073a83ba89ab04bd4c22a2b6f80f25bf73a67ce7a0a340,0,320,0,known_image_label_normal,0,0,0.0,0,0,0,,,,val,empty_by_image_gate,0.0,0,0,0,0,0
0,0,,,,,,ground_truth,0.9919692873954773,0.0,btxrd-heuristic-001377,IMG003317.jpeg,0.0,0,320,masks/IMG003317.png,14bf4fc16d7e9f17cb073a83ba89ab04bd4c22a2b6f80f25bf73a67ce7a0a340,0,320,0,known_image_label_normal,0,0,0.0,0,0,0,,,,val,empty_by_image_gate,0.0,0,0,0,0,0
0,0,,,,,,ground_truth,0.9999973773956299,0.0,btxrd-heuristic-001377,IMG003318.jpeg,0.0,0,320,masks/IMG003318.png,14bf4fc16d7e9f17cb073a83ba89ab04bd4c22a2b6f80f25bf73a67ce7a0a340,0,320,0,known_image_label_normal,0,0,0.0,0,0,0,,,,val,empty_by_image_gate,0.0,0,0,0,0,0
0,0,,,,,,ground_truth,0.003317986149340868,0.0,btxrd-heuristic-001378,IMG003319.jpeg,0.0,0,320,masks/IMG003319.png,14bf4fc16d7e9f17cb073a83ba89ab04bd4c22a2b6f80f25bf73a67ce7a0a340,0,320,0,known_image_label_normal,0,0,0.0,0,0,0,,,,val,empty_by_image_gate,0.0,0,0,0,0,0
0,0,,,,,,ground_truth,0.0025418871082365513,0.0,btxrd-heuristic-001384,IMG003339.jpeg,0.0,0,320,masks/IMG003339.png,14bf4fc16d7e9f17cb073a83ba89ab04bd4c22a2b6f80f25bf73a67ce7a0a340,0,320,0,known_image_label_normal,0,0,0.0,0,0,0,,,,val,empty_by_image_gate,0.0,0,0,0,0,0
0,0,,,,,,ground_truth,0.0016098776832222939,0.0,btxrd-heuristic-001384,IMG003340.jpeg,0.0,0,320,masks/IMG003340.png,14bf4fc16d7e9f17cb073a83ba89ab04bd4c22a2b6f80f25bf73a67ce7a0a340,0,320,0,known_image_label_normal,0,0,0.0,0,0,0,,,,val,empty_by_image_gate,0.0,0,0,0,0,0
0,0,,,,,,ground_truth,0.0019127076957374811,0.0,btxrd-heuristic-001384,IMG003341.jpeg,0.0,0,320,masks/IMG003341.png,14bf4fc16d7e9f17cb073a83ba89ab04bd4c22a2b6f80f25bf73a67ce7a0a340,0,320,0,known_image_label_normal,0,0,0.0,0,0,0,,,,val,empty_by_image_gate,0.0,0,0,0,0,0
0,0,,,,,,ground_truth,0.00010144577390747145,0.0,btxrd-heuristic-001393,IMG003369.jpeg,0.0,0,320,masks/IMG003369.png,14bf4fc16d7e9f17cb073a83ba89ab04bd4c22a2b6f80f25bf73a67ce7a0a340,0,320,0,known_image_label_normal,0,0,0.0,0,0,0,,,,val,empty_by_image_gate,0.0,0,0,0,0,0
0,0,,,,,,ground_truth,2.9663704026461346e-06,0.0,btxrd-heuristic-001393,IMG003370.jpeg,0.0,0,320,masks/IMG003370.png,14bf4fc16d7e9f17cb073a83ba89ab04bd4c22a2b6f80f25bf73a67ce7a0a340,0,320,0,known_image_label_normal,0,0,0.0,0,0,0,,,,val,empty_by_image_gate,0.0,0,0,0,0,0
0,0,,,,,,ground_truth,0.036016467958688736,0.0,btxrd-heuristic-001395,IMG003375.jpeg,0.0,0,320,masks/IMG003375.png,14bf4fc16d7e9f17cb073a83ba89ab04bd4c22a2b6f80f25bf73a67ce7a0a340,0,320,0,known_image_label_normal,0,0,0.0,0,0,0,,,,val,empty_by_image_gate,0.0,0,0,0,0,0
0,0,,,,,,ground_truth,7.610929606016725e-05,0.0,btxrd-heuristic-001395,IMG003376.jpeg,0.0,0,320,masks/IMG003376.png,14bf4fc16d7e9f17cb073a83ba89ab04bd4c22a2b6f80f25bf73a67ce7a0a340,0,320,0,known_image_label_normal,0,0,0.0,0,0,0,,,,val,empty_by_image_gate,0.0,0,0,0,0,0
0,0,,,,,,ground_truth,0.0006944517372176051,0.0,btxrd-heuristic-001402,IMG003401.jpeg,0.0,0,320,masks/IMG003401.png,14bf4fc16d7e9f17cb073a83ba89ab04bd4c22a2b6f80f25bf73a67ce7a0a340,0,320,0,known_image_label_normal,0,0,0.0,0,0,0,,,,val,empty_by_image_gate,0.0,0,0,0,0,0
0,0,,,,,,ground_truth,0.004934492986649275,0.0,btxrd-heuristic-001402,IMG003402.jpeg,0.0,0,320,masks/IMG003402.png,14bf4fc16d7e9f17cb073a83ba89ab04bd4c22a2b6f80f25bf73a67ce7a0a340,0,320,0,known_image_label_normal,0,0,0.0,0,0,0,,,,val,empty_by_image_gate,0.0,0,0,0,0,0
0,0,,,,,,ground_truth,0.9999847412109375,0.0,btxrd-heuristic-001404,IMG003413.jpeg,0.0,0,320,masks/IMG003413.png,14bf4fc16d7e9f17cb073a83ba89ab04bd4c22a2b6f80f25bf73a67ce7a0a340,0,320,0,known_image_label_normal,0,0,0.0,0,0,0,,,,val,empty_by_image_gate,0.0,0,0,0,0,0
0,0,,,,,,ground_truth,0.9999045133590698,0.0,btxrd-heuristic-001404,IMG003414.jpeg,0.0,0,320,masks/IMG003414.png,14bf4fc16d7e9f17cb073a83ba89ab04bd4c22a2b6f80f25bf73a67ce7a0a340,0,320,0,known_image_label_normal,0,0,0.0,0,0,0,,,,val,empty_by_image_gate,0.0,0,0,0,0,0
0,0,,,,,,ground_truth,0.22090648114681244,0.0,btxrd-heuristic-001404,IMG003415.jpeg,0.0,0,320,masks/IMG003415.png,14bf4fc16d7e9f17cb073a83ba89ab04bd4c22a2b6f80f25bf73a67ce7a0a340,0,320,0,known_image_label_normal,0,0,0.0,0,0,0,,,,val,empty_by_image_gate,0.0,0,0,0,0,0
0,0,,,,,,ground_truth,0.012901865877211094,0.0,btxrd-heuristic-001404,IMG003416.jpeg,0.0,0,320,masks/IMG003416.png,14bf4fc16d7e9f17cb073a83ba89ab04bd4c22a2b6f80f25bf73a67ce7a0a340,0,320,0,known_image_label_normal,0,0,0.0,0,0,0,,,,val,empty_by_image_gate,0.0,0,0,0,0,0
0,0,,,,,,ground_truth,0.47313404083251953,0.0,btxrd-heuristic-001404,IMG003417.jpeg,0.0,0,320,masks/IMG003417.png,14bf4fc16d7e9f17cb073a83ba89ab04bd4c22a2b6f80f25bf73a67ce7a0a340,0,320,0,known_image_label_normal,0,0,0.0,0,0,0,,,,val,empty_by_image_gate,0.0,0,0,0,0,0
0,0,,,,,,ground_truth,7.106171324267052e-06,0.0,btxrd-heuristic-001407,IMG003428.jpeg,0.0,0,320,masks/IMG003428.png,14bf4fc16d7e9f17cb073a83ba89ab04bd4c22a2b6f80f25bf73a67ce7a0a340,0,320,0,known_image_label_normal,0,0,0.0,0,0,0,,,,val,empty_by_image_gate,0.0,0,0,0,0,0
0,0,,,,,,ground_truth,0.810675859451294,0.0,btxrd-heuristic-001408,IMG003429.jpeg,0.0,0,320,masks/IMG003429.png,14bf4fc16d7e9f17cb073a83ba89ab04bd4c22a2b6f80f25bf73a67ce7a0a340,0,320,0,known_image_label_normal,0,0,0.0,0,0,0,,,,val,empty_by_image_gate,0.0,0,0,0,0,0
0,0,,,,,,ground_truth,0.14636963605880737,0.0,btxrd-heuristic-001408,IMG003430.jpeg,0.0,0,320,masks/IMG003430.png,14bf4fc16d7e9f17cb073a83ba89ab04bd4c22a2b6f80f25bf73a67ce7a0a340,0,320,0,known_image_label_normal,0,0,0.0,0,0,0,,,,val,empty_by_image_gate,0.0,0,0,0,0,0
0,0,,,,,,ground_truth,0.02569233998656273,0.0,btxrd-heuristic-001411,IMG003436.jpeg,0.0,0,320,masks/IMG003436.png,14bf4fc16d7e9f17cb073a83ba89ab04bd4c22a2b6f80f25bf73a67ce7a0a340,0,320,0,known_image_label_normal,0,0,0.0,0,0,0,,,,val,empty_by_image_gate,0.0,0,0,0,0,0
0,0,,,,,,ground_truth,0.0010320658329874277,0.0,btxrd-heuristic-001411,IMG003437.jpeg,0.0,0,320,masks/IMG003437.png,14bf4fc16d7e9f17cb073a83ba89ab04bd4c22a2b6f80f25bf73a67ce7a0a340,0,320,0,known_image_label_normal,0,0,0.0,0,0,0,,,,val,empty_by_image_gate,0.0,0,0,0,0,0
0,0,,,,,,ground_truth,0.32398721575737,0.0,btxrd-heuristic-001424,IMG003489.jpeg,0.0,0,320,masks/IMG003489.png,14bf4fc16d7e9f17cb073a83ba89ab04bd4c22a2b6f80f25bf73a67ce7a0a340,0,320,0,known_image_label_normal,0,0,0.0,0,0,0,,,,val,empty_by_image_gate,0.0,0,0,0,0,0
0,0,,,,,,ground_truth,0.000917648256290704,0.0,btxrd-heuristic-001430,IMG003521.jpeg,0.0,0,320,masks/IMG003521.png,14bf4fc16d7e9f17cb073a83ba89ab04bd4c22a2b6f80f25bf73a67ce7a0a340,0,320,0,known_image_label_normal,0,0,0.0,0,0,0,,,,val,empty_by_image_gate,0.0,0,0,0,0,0
0,0,,,,,,ground_truth,0.0010021427879109979,0.0,btxrd-heuristic-001438,IMG003582.jpeg,0.0,0,320,masks/IMG003582.png,14bf4fc16d7e9f17cb073a83ba89ab04bd4c22a2b6f80f25bf73a67ce7a0a340,0,320,0,known_image_label_normal,0,0,0.0,0,0,0,,,,val,empty_by_image_gate,0.0,0,0,0,0,0
0,0,,,,,,ground_truth,0.9818244576454163,0.0,btxrd-heuristic-001439,IMG003583.jpeg,0.0,0,320,masks/IMG003583.png,14bf4fc16d7e9f17cb073a83ba89ab04bd4c22a2b6f80f25bf73a67ce7a0a340,0,320,0,known_image_label_normal,0,0,0.0,0,0,0,,,,val,empty_by_image_gate,0.0,0,0,0,0,0
0,0,,,,,,ground_truth,0.674444317817688,0.0,btxrd-heuristic-001440,IMG003584.jpeg,0.0,0,320,masks/IMG003584.png,14bf4fc16d7e9f17cb073a83ba89ab04bd4c22a2b6f80f25bf73a67ce7a0a340,0,320,0,known_image_label_normal,0,0,0.0,0,0,0,,,,val,empty_by_image_gate,0.0,0,0,0,0,0
0,0,,,,,,ground_truth,0.9408606290817261,0.0,btxrd-heuristic-001445,IMG003618.jpeg,0.0,0,320,masks/IMG003618.png,14bf4fc16d7e9f17cb073a83ba89ab04bd4c22a2b6f80f25bf73a67ce7a0a340,0,320,0,known_image_label_normal,0,0,0.0,0,0,0,,,,val,empty_by_image_gate,0.0,0,0,0,0,0
0,0,,,,,,ground_truth,0.07075947523117065,0.0,btxrd-heuristic-001445,IMG003619.jpeg,0.0,0,320,masks/IMG003619.png,14bf4fc16d7e9f17cb073a83ba89ab04bd4c22a2b6f80f25bf73a67ce7a0a340,0,320,0,known_image_label_normal,0,0,0.0,0,0,0,,,,val,empty_by_image_gate,0.0,0,0,0,0,0
0,0,,,,,,ground_truth,0.9715781807899475,0.0,btxrd-heuristic-001445,IMG003620.jpeg,0.0,0,320,masks/IMG003620.png,14bf4fc16d7e9f17cb073a83ba89ab04bd4c22a2b6f80f25bf73a67ce7a0a340,0,320,0,known_image_label_normal,0,0,0.0,0,0,0,,,,val,empty_by_image_gate,0.0,0,0,0,0,0
0,0,,,,,,ground_truth,0.02989104948937893,0.0,btxrd-heuristic-001445,IMG003621.jpeg,0.0,0,320,masks/IMG003621.png,14bf4fc16d7e9f17cb073a83ba89ab04bd4c22a2b6f80f25bf73a67ce7a0a340,0,320,0,known_image_label_normal,0,0,0.0,0,0,0,,,,val,empty_by_image_gate,0.0,0,0,0,0,0
0,0,,,,,,ground_truth,0.36756542325019836,0.0,btxrd-heuristic-001458,IMG003701.jpeg,0.0,0,320,masks/IMG003701.png,14bf4fc16d7e9f17cb073a83ba89ab04bd4c22a2b6f80f25bf73a67ce7a0a340,0,320,0,known_image_label_normal,0,0,0.0,0,0,0,,,,val,empty_by_image_gate,0.0,0,0,0,0,0
0,0,,,,,,ground_truth,0.3460201919078827,0.0,btxrd-heuristic-001458,IMG003702.jpeg,0.0,0,320,masks/IMG003702.png,14bf4fc16d7e9f17cb073a83ba89ab04bd4c22a2b6f80f25bf73a67ce7a0a340,0,320,0,known_image_label_normal,0,0,0.0,0,0,0,,,,val,empty_by_image_gate,0.0,0,0,0,0,0
0,0,,,,,,ground_truth,0.02011445164680481,0.0,btxrd-heuristic-001458,IMG003703.jpeg,0.0,0,320,masks/IMG003703.png,14bf4fc16d7e9f17cb073a83ba89ab04bd4c22a2b6f80f25bf73a67ce7a0a340,0,320,0,known_image_label_normal,0,0,0.0,0,0,0,,,,val,empty_by_image_gate,0.0,0,0,0,0,0
0,0,,,,,,ground_truth,0.17313052713871002,0.0,btxrd-heuristic-001458,IMG003704.jpeg,0.0,0,320,masks/IMG003704.png,14bf4fc16d7e9f17cb073a83ba89ab04bd4c22a2b6f80f25bf73a67ce7a0a340,0,320,0,known_image_label_normal,0,0,0.0,0,0,0,,,,val,empty_by_image_gate,0.0,0,0,0,0,0
0,0,,,,,,ground_truth,0.012138012796640396,0.0,btxrd-heuristic-001460,IMG003709.jpeg,0.0,0,320,masks/IMG003709.png,14bf4fc16d7e9f17cb073a83ba89ab04bd4c22a2b6f80f25bf73a67ce7a0a340,0,320,0,known_image_label_normal,0,0,0.0,0,0,0,,,,val,empty_by_image_gate,0.0,0,0,0,0,0
0,0,,,,,,ground_truth,0.5214639902114868,0.0,btxrd-heuristic-001460,IMG003710.jpeg,0.0,0,320,masks/IMG003710.png,14bf4fc16d7e9f17cb073a83ba89ab04bd4c22a2b6f80f25bf73a67ce7a0a340,0,320,0,known_image_label_normal,0,0,0.0,0,0,0,,,,val,empty_by_image_gate,0.0,0,0,0,0,0
0,0,,,,,,ground_truth,0.012681961059570312,0.0,btxrd-heuristic-001460,IMG003711.jpeg,0.0,0,320,masks/IMG003711.png,14bf4fc16d7e9f17cb073a83ba89ab04bd4c22a2b6f80f25bf73a67ce7a0a340,0,320,0,known_image_label_normal,0,0,0.0,0,0,0,,,,val,empty_by_image_gate,0.0,0,0,0,0,0
0,0,,,,,,ground_truth,0.9996700286865234,0.0,btxrd-heuristic-001462,IMG003720.jpg,0.0,0,320,masks/IMG003720.png,14bf4fc16d7e9f17cb073a83ba89ab04bd4c22a2b6f80f25bf73a67ce7a0a340,0,320,0,known_image_label_normal,0,0,0.0,0,0,0,,,,val,empty_by_image_gate,0.0,0,0,0,0,0
0,0,,,,,,ground_truth,0.9999734163284302,0.0,btxrd-heuristic-001474,IMG003740.jpg,0.0,0,320,masks/IMG003740.png,14bf4fc16d7e9f17cb073a83ba89ab04bd4c22a2b6f80f25bf73a67ce7a0a340,0,320,0,known_image_label_normal,0,0,0.0,0,0,0,,,,val,empty_by_image_gate,0.0,0,0,0,0,0
0,0,,,,,,ground_truth,0.9994794726371765,0.0,btxrd-heuristic-001475,IMG003741.jpg,0.0,0,320,masks/IMG003741.png,14bf4fc16d7e9f17cb073a83ba89ab04bd4c22a2b6f80f25bf73a67ce7a0a340,0,320,0,known_image_label_normal,0,0,0.0,0,0,0,,,,val,empty_by_image_gate,0.0,0,0,0,0,0
0,0,,,,,,ground_truth,0.999991774559021,0.0,btxrd-heuristic-001475,IMG003742.jpg,0.0,0,320,masks/IMG003742.png,14bf4fc16d7e9f17cb073a83ba89ab04bd4c22a2b6f80f25bf73a67ce7a0a340,0,320,0,known_image_label_normal,0,0,0.0,0,0,0,,,,val,empty_by_image_gate,0.0,0,0,0,0,0
0,0,,,,,,ground_truth,0.9999735355377197,0.0,btxrd-heuristic-001475,IMG003743.jpg,0.0,0,320,masks/IMG003743.png,14bf4fc16d7e9f17cb073a83ba89ab04bd4c22a2b6f80f25bf73a67ce7a0a340,0,320,0,known_image_label_normal,0,0,0.0,0,0,0,,,,val,empty_by_image_gate,0.0,0,0,0,0,0
0,0,,,,,,ground_truth,1.0,0.0,btxrd-heuristic-001475,IMG003744.jpg,0.0,0,320,masks/IMG003744.png,14bf4fc16d7e9f17cb073a83ba89ab04bd4c22a2b6f80f25bf73a67ce7a0a340,0,320,0,known_image_label_normal,0,0,0.0,0,0,0,,,,val,empty_by_image_gate,0.0,0,0,0,0,0
