above_threshold_candidates,box_prompt_calls,cam_max,cam_mean,cam_min,cam_nonzero_ratio,cam_std,cam_target_protocol,classifier_causal_score_max,classifier_causal_score_mean,classifier_causal_score_min,classifier_confidence,final_area_ratio,group_id,image_name,mask_area_ratio,mask_foreground_pixels,mask_height,mask_path,mask_sha256,mask_unique_values,mask_width,morphology_components,reason,sam_candidate_count,sam_prompt_calls,selected_area_ratio,selected_candidates,selected_class,selected_components,selection_score_max,selection_score_mean,selection_score_min,split,status,support_area_ratio,true_tumor,true_tumor_type,unique_negative_prompt_points,unique_positive_prompt_points,unique_prompt_points
32,14,1.0,0.16796454787254333,0.0,0.999990234375,0.19151833653450012,ground_truth,18.640228271484375,7.753931522369385,0.008984088897705078,0.057533785700798035,0.05693359375,btxrd-heuristic-000001,IMG000001.jpeg,0.05693359375,5830,320,masks/IMG000001.png,6c1351cc00885e6e6484461a782ac2c6935fd29611d7bcb148a77c46867c5c63,0|255,320,7,,63,21,0.057470703125,3,0,3,0.774713397026062,0.4122065603733063,0.009002420119941235,val,ok,0.15,1,9,23,13,36
18,6,1.0,0.11014017462730408,0.0,0.999990234375,0.18553513288497925,ground_truth,12.184489250183105,6.933121204376221,0.0,0.01732095144689083,0.03869140625,btxrd-heuristic-000006,IMG000010.jpeg,0.03869140625,3962,320,masks/IMG000010.png,dd8c9bd771b108024c1dcaa7331de836c165b9b8fb9e5a96d613a73dd47fa7e5,0|255,320,3,,27,9,0.0387890625,3,0,3,0.7608819603919983,0.488752543926239,0.1960129737854004,val,ok,0.15,1,8,12,5,17
24,10,0.9999999403953552,0.1795826405286789,0.0,0.999990234375,0.19437649846076965,ground_truth,13.094117164611816,7.434311866760254,0.0,0.034104008227586746,0.07302734375,btxrd-heuristic-000009,IMG000017.jpeg,0.07302734375,7478,320,masks/IMG000017.png,ab37d89065abd83aeefcd5180f6272ebeeaf16771b611d68eadb894cee7da0fc,0|255,320,5,,45,15,0.073701171875,3,0,3,0.7860451340675354,0.42386457324028015,0.09132076799869537,val,ok,0.15,1,8,20,13,33
27,8,0.9999999403953552,0.1780119687318802,0.0,0.999990234375,0.17315544188022614,ground_truth,19.86332893371582,10.15208625793457,0.5810682773590088,0.9964253306388855,0.0371875,btxrd-heuristic-000009,IMG000018.jpeg,0.0371875,3808,320,masks/IMG000018.png,b46d9f43d96780895500ee86b6ed34541e6d7686e199b85392ad281be2332247,0|255,320,4,,36,12,0.039462890625,3,0,3,0.6985103487968445,0.45391368865966797,0.001818976947106421,val,ok,0.15,1,8,15,10,25
15,6,1.0,0.0978814885020256,0.0,0.999990234375,0.157608762383461,ground_truth,20.205671310424805,11.447755813598633,0.6640987396240234,0.7169684171676636,0.05658203125,btxrd-heuristic-000017,IMG000033.jpeg,0.05658203125,5794,320,masks/IMG000033.png,acbe20d0ade3bfd1f3c0d0ef4938625eb918fe0a6651a9817abe6cdf27ae5971,0|255,320,3,,27,9,0.05658203125,3,0,3,0.6234056949615479,0.4021730124950409,0.04574296250939369,val,ok,0.15,1,8,12,5,17
14,6,1.0,0.12064767628908157,0.0,0.999990234375,0.16852125525474548,ground_truth,8.004977226257324,2.0513036251068115,0.0,0.35655733942985535,0.043046875,btxrd-heuristic-000017,IMG000034.jpeg,0.043046875,4408,320,masks/IMG000034.png,18c8cbdf448cbf5076873465da61bb55502a43942d73d702e6e59ed7a9c9fb45,0|255,320,3,,27,9,0.04392578125,3,0,3,0.6677010655403137,0.4219302535057068,0.18120239675045013,val,ok,0.15,1,8,12,5,17
46,18,1.0,0.22456176578998566,0.0,0.999990234375,0.17413628101348877,ground_truth,12.0201416015625,2.9573147296905518,0.03632402420043945,0.999995231628418,0.0368359375,btxrd-heuristic-000025,IMG000048.jpeg,0.0368359375,3772,320,masks/IMG000048.png,9436739c910bd529b4584d37506340fe7509ece42e1c15906a6490d6dbc093a8,0|255,320,9,,81,27,0.0368359375,3,0,3,0.6862758994102478,0.4033103883266449,0.06700383871793747,val,ok,0.147998046875,1,8,35,15,50
28,14,1.0,0.14750882983207703,0.0,0.999990234375,0.16882862150669098,ground_truth,12.824481964111328,5.939980506896973,0.0,0.9959636926651001,0.039716796875,btxrd-heuristic-000025,IMG000049.jpeg,0.039716796875,4067,320,masks/IMG000049.png,23d537295a13cd31abbaa3931d8e1c39f0fea52a02ed985137bb0d5d3a4daea0,0|255,320,7,,63,21,0.039951171875,3,0,3,0.6736693382263184,0.3640960454940796,0.02734420634806156,val,ok,0.15,1,8,21,12,33
46,12,1.0,0.2891610860824585,0.0,0.999990234375,0.24126861989498138,ground_truth,13.743616104125977,6.173621654510498,0.0,0.9997990727424622,0.129599609375,btxrd-heuristic-000026,IMG000050.jpeg,0.129599609375,13271,320,masks/IMG000050.png,c8ea13c40b62b068c177784676b0582301bdd26e75b34f0bad6fd6f9df7c232b,0|255,320,6,,54,18,0.130390625,3,0,3,0.818221390247345,0.5549218654632568,0.1710462123155594,val,ok,0.15,1,8,20,9,29
39,10,1.0,0.16147349774837494,0.0,0.999990234375,0.19777685403823853,ground_truth,12.788040161132812,5.757176876068115,0.0742340087890625,1.0,0.088515625,btxrd-heuristic-000029,IMG000055.jpeg,0.088515625,9064,320,masks/IMG000055.png,36d8cba4dea3ea41bf11330e74456b3ab896f12d7bb8d28fc63afa6744eca69c,0|255,320,5,,45,15,0.089111328125,3,0,3,0.7493962049484253,0.5451350212097168,0.21617333590984344,val,ok,0.15,1,8,20,11,31
25,8,1.0,0.15288931131362915,0.0,0.999990234375,0.19165848195552826,ground_truth,22.655460357666016,12.648992538452148,0.9819746017456055,1.0,0.079716796875,btxrd-heuristic-000029,IMG000056.jpeg,0.079716796875,8163,320,masks/IMG000056.png,ebf880355e376337f340e7232fe95d1fc85f87a6e96d3e49c083c55666869a9a,0|255,320,4,,36,12,0.08099609375,3,0,3,0.7942906022071838,0.4835524559020996,0.16436588764190674,val,ok,0.15,1,8,16,8,24
23,10,1.0,0.1788240671157837,0.0,0.999990234375,0.1935318410396576,ground_truth,12.347162246704102,7.089869499206543,0.0,0.9966188669204712,0.07349609375,btxrd-heuristic-000037,IMG000071.jpeg,0.07349609375,7526,320,masks/IMG000071.png,8503fdf48569c4ddf420f4cadcaa145e0c7e5b7198a200cdab3ad02678782f84,0|255,320,5,,45,15,0.07490234375,3,0,3,0.6430540680885315,0.379536896944046,0.10058220475912094,val,ok,0.14986328125,1,8,18,10,28
26,6,1.0,0.14617566764354706,0.0,0.999990234375,0.18679551780223846,ground_truth,19.82379150390625,14.276997566223145,8.250511169433594,1.0,0.08251953125,btxrd-heuristic-000039,IMG000076.jpeg,0.08251953125,8450,320,masks/IMG000076.png,63dd911a4cfd4bef5c2533664268c6a0e4df43075347ef500775dcd5df15f787,0|255,320,3,,27,9,0.0847265625,3,0,3,0.786111056804657,0.5924926400184631,0.35768038034439087,val,ok,0.15,1,8,12,5,17
14,6,1.0,0.12446728348731995,0.0,0.999990234375,0.16396161913871765,ground_truth,19.046751022338867,10.541790008544922,3.2141847610473633,1.0,0.1173046875,btxrd-heuristic-000063,IMG000125.jpeg,0.1173046875,12012,320,masks/IMG000125.png,1fd706a77be0cd65cd2986859519b0096343cabc94afef0536a237987d8b9758,0|255,320,3,,27,9,0.117451171875,3,0,3,0.594230592250824,0.40927574038505554,0.15996848046779633,val,ok,0.15001953125,1,8,12,5,17
13,6,0.9999999403953552,0.13213224709033966,0.0,0.999990234375,0.1649107038974762,ground_truth,16.15096664428711,11.376651763916016,0.5724449157714844,1.0,0.13544921875,btxrd-heuristic-000063,IMG000126.jpeg,0.13544921875,13870,320,masks/IMG000126.png,dd1d537e50922b0247d3c077be090eaf343defe041433978563a9d6425a1bd43,0|255,320,3,,27,9,0.135458984375,3,0,3,0.5531257390975952,0.35885944962501526,0.011990097351372242,val,ok,0.15,1,8,12,5,17
48,16,1.0,0.2788892090320587,0.0,0.999990234375,0.19737520813941956,ground_truth,18.090221405029297,6.044689178466797,0.28474903106689453,1.0,0.040634765625,btxrd-heuristic-000069,IMG000137.jpeg,0.040634765625,4161,320,masks/IMG000137.png,d1b8b928b7bb3dee6e74b100537c461a4b5d02f275a0c81e81c2e05de8898108,0|255,320,8,,72,24,0.041396484375,3,0,3,0.7393006086349487,0.45630624890327454,0.18355759978294373,val,ok,0.14998046875,1,8,31,15,46
20,6,1.0,0.15094198286533356,0.0,0.999990234375,0.15757794678211212,ground_truth,23.84390640258789,18.71908187866211,3.9580020904541016,1.0,0.055234375,btxrd-heuristic-000069,IMG000138.jpeg,0.055234375,5656,320,masks/IMG000138.png,db07ded4d5a7022ca83abbf8306b3662b2501ce3daecee8f5e7b5dcd029a00b5,0|255,320,3,,27,9,0.058544921875,3,0,3,0.6726019978523254,0.46292784810066223,0.15064699947834015,val,ok,0.15,1,8,12,5,17
39,12,1.0,0.2264692485332489,0.0,0.999990234375,0.20040655136108398,ground_truth,15.2125244140625,10.364542961120605,0.31110048294067383,0.999988317489624,0.049365234375,btxrd-heuristic-000073,IMG000144.jpeg,0.049365234375,5055,320,masks/IMG000144.png,f36c0abf011e51bcdd8e621f6a3289ee97908e4c33cb08e7187a1432b9e01078,0|255,320,6,,54,18,0.049482421875,3,0,3,0.793212354183197,0.48319315910339355,0.01755979284644127,val,ok,0.15,1,8,23,10,33
24,16,1.0,0.19283026456832886,0.0,0.999990234375,0.15540865063667297,ground_truth,12.291742324829102,5.213069915771484,0.08843088150024414,0.9999967813491821,0.049375,btxrd-heuristic-000078,IMG000152.jpeg,0.049375,5056,320,masks/IMG000152.png,d04f44da5920f7a7e931d60b06a9fcf740ede3d88ff177cef25664d4be7925f0,0|255,320,8,,72,24,0.049375,3,0,3,0.5650420784950256,0.2840031087398529,0.021127987653017044,val,ok,0.15001953125,1,8,31,16,47
23,6,0.9999999403953552,0.20461778342723846,0.0,0.999990234375,0.1991720050573349,ground_truth,7.017755031585693,2.984279155731201,0.6515531539916992,0.9999996423721313,0.031875,btxrd-heuristic-000082,IMG000160.jpeg,0.031875,3264,320,masks/IMG000160.png,5ac28b6ea84076f1b4a7deed8539138c66dfb96e0c05dfa8f7ca248d25679fea,0|255,320,3,,27,9,0.031875,3,0,3,0.707969069480896,0.5580055713653564,0.34535327553749084,val,ok,0.15,1,8,12,5,17
52,12,1.0,0.28723451495170593,0.0,0.999990234375,0.21245060861110687,ground_truth,14.438108444213867,8.569527626037598,3.819455623626709,0.9999809265136719,0.053525390625,btxrd-heuristic-000082,IMG000161.jpeg,0.053525390625,5481,320,masks/IMG000161.png,8199afe972131cc4fa3b3a18d24846eced77ed0dacc7c0e73073ca67205ba9f1,0|255,320,6,,54,18,0.05373046875,3,0,3,0.7734046578407288,0.6034033298492432,0.3128739893436432,val,ok,0.15,1,8,24,10,34
14,6,1.0,0.15404313802719116,0.0,0.999990234375,0.15337733924388885,ground_truth,25.36419677734375,16.203155517578125,8.34988784790039,0.9999994039535522,0.047197265625,btxrd-heuristic-000098,IMG000200.jpeg,0.047197265625,4833,320,masks/IMG000200.png,3734c51628e6f355cafb4c6c1aae59ce85c8a67e0705885dc2801d25ed482c9d,0|255,320,3,,27,9,0.0473046875,3,0,3,0.5826842188835144,0.3971700966358185,0.11735799163579941,val,ok,0.15,1,8,12,5,17
17,6,1.0,0.21551071107387543,0.0,0.999990234375,0.17433516681194305,ground_truth,20.448993682861328,12.457460403442383,6.0676774978637695,0.9999960660934448,0.047822265625,btxrd-heuristic-000098,IMG000201.jpeg,0.047822265625,4897,320,masks/IMG000201.png,667e2d21faddd1e88e988a720e873110ad2c88e786f411343edfe8e37a037040,0|255,320,3,,27,9,0.04935546875,3,0,3,0.5954356789588928,0.3993082344532013,0.09199979901313782,val,ok,0.15,1,8,12,5,17
21,8,0.9999999403953552,0.18623152375221252,0.0,0.999990234375,0.17220965027809143,ground_truth,25.36513900756836,14.171432495117188,1.0113811492919922,1.0,0.032412109375,btxrd-heuristic-000099,IMG000202.jpeg,0.032412109375,3319,320,masks/IMG000202.png,e2651c968491564f94bf9fa81a0ec68fba4e088b85df4db25da1e21b11fe1305,0|255,320,4,,36,12,0.0327734375,3,0,3,0.768636167049408,0.4135448932647705,0.07011725753545761,val,ok,0.15,1,8,16,6,22
61,18,1.0,0.2806076407432556,0.0,0.999990234375,0.19024710357189178,ground_truth,5.802597999572754,1.3562657833099365,0.0,8.936186350183561e-05,0.018974609375,btxrd-heuristic-000109,IMG000222.jpeg,0.018974609375,1943,320,masks/IMG000222.png,db85d66aada30d136aaab78815a88427ad77964a3c0376569cbe64fa02b4ac11,0|255,320,9,,81,27,0.019482421875,3,0,3,0.7586817741394043,0.49447816610336304,0.16219161450862885,val,ok,0.125224609375,1,6,30,23,53
42,18,0.9999998807907104,0.23571087419986725,0.0,0.999990234375,0.15579412877559662,ground_truth,9.449891090393066,1.5145593881607056,0.0,0.00016732391668483615,0.02224609375,btxrd-heuristic-000120,IMG000244.jpeg,0.02224609375,2278,320,masks/IMG000244.png,cafb80ebd765635cdecb84437d25ddc73e7fabfc79d9eb7dadfebc74f42b28e3,0|255,320,9,,81,27,0.02240234375,3,0,3,0.7032266855239868,0.41471919417381287,0.10417681187391281,val,ok,0.144951171875,1,1,34,20,54
20,6,1.0,0.09024026244878769,0.0,0.999990234375,0.1643572598695755,ground_truth,18.82988739013672,14.746382713317871,0.8378467559814453,0.9995653033256531,0.018955078125,btxrd-heuristic-000121,IMG000245.jpeg,0.018955078125,1941,320,masks/IMG000245.png,93bf9ed905e36e39f44fcdaee17995f2a053a28fb17c915b03f0e85ea13d8c24,0|255,320,3,,27,9,0.01919921875,3,0,3,0.7808673977851868,0.5273888111114502,0.11699046194553375,val,ok,0.15,1,3,12,5,17
39,12,0.9999999403953552,0.2658371925354004,0.0,0.999990234375,0.19895711541175842,ground_truth,19.12474822998047,3.1881558895111084,0.0,0.9986340403556824,0.03767578125,btxrd-heuristic-000128,IMG000260.jpeg,0.03767578125,3858,320,masks/IMG000260.png,a3c9116027bc723680d7b6feeb8ead663f7ecc9bb7e7218870d3459f96eba255,0|255,320,6,,51,17,0.038203125,3,0,3,0.731037437915802,0.45879411697387695,0.16905295848846436,val,ok,0.15,1,1,16,8,24
38,12,1.0,0.18311657011508942,0.0,0.999990234375,0.19550062716007233,ground_truth,14.933732032775879,9.185080528259277,1.6315193176269531,0.9999994039535522,0.062978515625,btxrd-heuristic-000137,IMG000275.jpeg,0.062978515625,6449,320,masks/IMG000275.png,73977f0897d7aff6d6af58b8596807e12567f14efe28667896d5701cc6cd6d89,0|255,320,6,,54,18,0.063115234375,3,0,3,0.7174157500267029,0.4548923969268799,0.1465996354818344,val,ok,0.15,1,1,24,10,34
25,8,1.0,0.13539966940879822,0.0,0.999990234375,0.1872955858707428,ground_truth,11.907106399536133,4.8492631912231445,0.0,0.09779532253742218,0.02908203125,btxrd-heuristic-000140,IMG000279.jpeg,0.02908203125,2978,320,masks/IMG000279.png,6d994cfc343a6563dcdb22d2fe4d19fabdbe54853db6f8f329d2b267cfaff69b,0|255,320,4,,36,12,0.0293359375,3,0,3,0.7391766309738159,0.45118215680122375,0.08787443488836288,val,ok,0.15,1,1,14,7,21
9,8,1.0,0.11773800104856491,0.0,0.999990234375,0.14869888126850128,ground_truth,22.44097137451172,7.394156455993652,0.05913686752319336,0.999988317489624,0.098681640625,btxrd-heuristic-000145,IMG000285.jpeg,0.098681640625,10105,320,masks/IMG000285.png,37133679c9d9d4dd1a324f73c0ae0893e421b8ac29584d14731f0dca71c5e82c,0|255,320,4,,36,12,0.104609375,3,0,3,0.5763557553291321,0.3076331913471222,0.013463200069963932,val,ok,0.15,1,1,16,6,22
14,10,1.0,0.11262454837560654,0.0,0.999990234375,0.13531622290611267,ground_truth,2.7349767684936523,0.7131842970848083,0.0,0.0354466587305069,0.0016015625,btxrd-heuristic-000150,IMG000292.jpeg,0.0016015625,164,320,masks/IMG000292.png,f1be6fc19ce5b94d19ba02a51ba52e43af303ffe9da0416d0408063428f37b85,0|255,320,5,,45,15,0.001689453125,3,0,3,0.7266535758972168,0.3440173864364624,0.019844986498355865,val,ok,0.149375,1,1,17,11,28
57,16,1.0,0.27072617411613464,0.0,0.999990234375,0.24189628660678864,ground_truth,16.620079040527344,3.86576509475708,0.0,0.39737874269485474,0.000625,btxrd-heuristic-000156,IMG000300.jpeg,0.000625,64,320,masks/IMG000300.png,97b57546cf6cee18ca5cd7261a338c111d98e2fbd68f7d7e84f5230de31e7c0c,0|255,320,8,,72,24,0.000625,3,0,3,0.8003861308097839,0.5210343599319458,0.20382514595985413,val,ok,0.15,1,2,30,18,48
33,16,0.9999999403953552,0.22603261470794678,0.0,0.999990234375,0.16761943697929382,ground_truth,9.707480430603027,3.5066795349121094,0.0,0.9997041821479797,0.04234375,btxrd-heuristic-000160,IMG000306.jpeg,0.04234375,4336,320,masks/IMG000306.png,c62620f674a32f601a963c0b4bee138ca4727731d91212d635711820fb446435,0|255,320,8,,72,24,0.042392578125,3,0,3,0.75714111328125,0.40344688296318054,0.025901587679982185,val,ok,0.149326171875,1,1,28,11,39
49,18,1.0,0.237607941031456,0.0,0.999990234375,0.1645774245262146,ground_truth,12.109334945678711,3.401621103286743,0.0,0.14725865423679352,0.004091796875,btxrd-heuristic-000167,IMG000320.jpeg,0.004091796875,419,320,masks/IMG000320.png,d4df652d041395267e9d14c909ecd5f4e280f8c6f7566bac2a901f09630cfa39,0|255,320,9,,81,27,0.004091796875,3,0,3,0.6899456977844238,0.4688500165939331,0.15445980429649353,val,ok,0.15,1,1,34,15,49
16,8,1.0,0.14012295007705688,0.0,0.999990234375,0.1675620824098587,ground_truth,23.936397552490234,10.77453327178955,0.0,0.9999995231628418,0.104658203125,btxrd-heuristic-000172,IMG000327.jpeg,0.104658203125,10717,320,masks/IMG000327.png,125fbd1d34b253216b60b6e36e8affe3baf4c2ca8a1f3d2e1160ca6adcedb3bd,0|255,320,4,,36,12,0.105341796875,3,0,3,0.5951778292655945,0.34132134914398193,0.020968466997146606,val,ok,0.15,1,1,16,8,24
16,6,1.0,0.09112901985645294,0.0,0.999990234375,0.14948323369026184,ground_truth,17.823925018310547,13.298271179199219,0.3655264377593994,0.9999456405639648,0.00421875,btxrd-heuristic-000173,IMG000328.jpeg,0.00421875,432,320,masks/IMG000328.png,119e9ad3e27b1428ccde8f21370d4a6a642fa3db08fb2c5b7258ee5f494479c6,0|255,320,3,,27,9,0.00421875,3,0,3,0.7576652765274048,0.48644283413887024,0.1774633377790451,val,ok,0.15,1,1,12,5,17
60,18,1.0,0.2804775834083557,0.0,0.999990234375,0.19189931452274323,ground_truth,4.300592422485352,0.8607164621353149,0.0,1.6949411474342924e-06,0.027509765625,btxrd-heuristic-000180,IMG000337.jpeg,0.027509765625,2817,320,masks/IMG000337.png,9d33c4bc25fff7fe42c8818bb05c1e571e3bfbbaaec18fb252be550f2405575a,0|255,320,9,,81,27,0.0275390625,3,0,3,0.7360674738883972,0.5098260045051575,0.09719861298799515,val,ok,0.13435546875,1,1,30,19,49
33,14,1.0,0.14276468753814697,0.0,0.999990234375,0.14588263630867004,ground_truth,3.8554718494415283,1.8443355560302734,0.12183260917663574,0.5264369249343872,0.000673828125,btxrd-heuristic-000181,IMG000338.jpeg,0.000673828125,69,320,masks/IMG000338.png,42c1adb61e1a729c861da9d86e1bc273a8a234297dbdae4a276f0f65643a7d11,0|255,320,7,,63,21,0.000673828125,3,0,3,0.6508667469024658,0.3997916579246521,0.09500425308942795,val,ok,0.15,1,1,26,12,38
41,12,0.9999999403953552,0.20713035762310028,0.0,0.999990234375,0.21427620947360992,ground_truth,11.76697826385498,3.3801114559173584,0.0,0.001250570872798562,0.0736328125,btxrd-heuristic-000183,IMG000340.jpeg,0.0736328125,7540,320,masks/IMG000340.png,461d4639655b394124bbbdb82a7b9b89a5bae3ecda00dc0368f804c10ad82848,0|255,320,6,,54,18,0.0743359375,3,0,3,0.7503427267074585,0.5216777324676514,0.12275122851133347,val,ok,0.15,1,1,15,10,25
20,6,1.0,0.15719623863697052,0.0,0.999990234375,0.17594045400619507,ground_truth,5.5305376052856445,1.6387648582458496,0.08898282051086426,0.5543739199638367,0.032626953125,btxrd-heuristic-000203,IMG000372.jpeg,0.032626953125,3341,320,masks/IMG000372.png,55821e3c211ff4f68ff9307e9c677e1dc6a41774ac6249b4edddeebd5f6230e0,0|255,320,3,,27,9,0.03302734375,3,0,3,0.6823583841323853,0.4926207363605499,0.09835340827703476,val,ok,0.15,1,1,12,5,17
16,6,1.0,0.0971466600894928,0.0,0.999990234375,0.16825571656227112,ground_truth,17.056880950927734,9.865724563598633,0.0,0.9942330718040466,0.100546875,btxrd-heuristic-000208,IMG000378.jpeg,0.100546875,10296,320,masks/IMG000378.png,e3d7fe4a7009c39c8b7a46f5d6bae38be9393c9c9c31c5715e2478679cbdc164,0|255,320,3,,27,9,0.1008984375,3,0,3,0.6139730215072632,0.4210691750049591,0.0802650898694992,val,ok,0.150029296875,1,1,12,5,17
59,14,1.0,0.3402555584907532,0.0,0.999990234375,0.17693376541137695,ground_truth,6.906288146972656,1.4706979990005493,0.0,0.001188070047646761,0.04365234375,btxrd-heuristic-000223,IMG000408.jpeg,0.04365234375,4470,320,masks/IMG000408.png,b1b4bda97f516daa762a4e0748eb0c3fd6462f7009e7f474b95529993c542f78,0|255,320,7,,63,21,0.04404296875,3,0,3,0.7001972794532776,0.540306806564331,0.0,val,ok,0.149052734375,1,1,20,9,29
37,16,1.0,0.19602279365062714,0.0,0.999990234375,0.1765540987253189,ground_truth,10.61328125,2.210219621658325,0.0,0.02752244472503662,0.000654296875,btxrd-heuristic-000228,IMG000414.jpeg,0.000654296875,67,320,masks/IMG000414.png,58858c192b65c2d46a8ea6e7e0b5a8939b3b8826fefa42ec8765518e1e78b04f,0|255,320,8,,72,24,0.000654296875,3,0,3,0.8006228804588318,0.4121488332748413,0.06035110354423523,val,ok,0.15,1,1,29,16,45
24,8,1.0,0.1583763211965561,0.0,0.999990234375,0.195673406124115,ground_truth,14.612462997436523,10.078371047973633,0.0,0.9527164101600647,0.034765625,btxrd-heuristic-000229,IMG000415.jpeg,0.034765625,3560,320,masks/IMG000415.png,d8ad2366712d83d039f0ef39169efe67062e729ab75c7536305befb7b9eb969c,0|255,320,4,,36,12,0.034814453125,3,0,3,0.8078354001045227,0.49990808963775635,0.14964139461517334,val,ok,0.15,1,4,14,10,24
44,16,1.0,0.25917431712150574,0.0,0.999990234375,0.16728192567825317,ground_truth,9.176605224609375,0.8022230863571167,0.0,8.803247055766406e-07,0.00310546875,btxrd-heuristic-000230,IMG000416.jpeg,0.00310546875,318,320,masks/IMG000416.png,bf2976ccaf0f05ffc32789323403970ea92989ac976b5c1293884f26cd50bd48,0|255,320,8,,72,24,0.00310546875,3,0,3,0.7021167874336243,0.4490216076374054,0.06455811113119125,val,ok,0.14408203125,1,1,30,18,48
13,6,1.0,0.09554041922092438,0.0,0.999990234375,0.15694358944892883,ground_truth,15.884613037109375,5.029526710510254,0.0,0.007740591187030077,0.0011328125,btxrd-heuristic-000233,IMG000420.jpeg,0.0011328125,116,320,masks/IMG000420.png,561abab4ad3c2e5c84998f056f2c9551c83488a9544f3e4b3ca855aa7583a80c,0|255,320,3,,27,9,0.0011328125,3,0,3,0.758311927318573,0.42669278383255005,0.15889321267604828,val,ok,0.15,1,1,12,5,17
34,18,1.0,0.1998840868473053,0.0,0.999990234375,0.14039835333824158,ground_truth,9.823989868164062,0.40513235330581665,0.0,6.34096868452616e-05,0.00490234375,btxrd-heuristic-000244,IMG000439.jpeg,0.00490234375,502,320,masks/IMG000439.png,3dae5b44d798c3182b817bebf2eba8127a09160fc4312dd551bffbea87ad2af1,0|255,320,9,,81,27,0.00490234375,3,0,3,0.7039121985435486,0.40305978059768677,0.11822430044412613,val,ok,0.149677734375,1,1,35,15,50
30,12,1.0,0.15756207704544067,0.0,0.999990234375,0.19736535847187042,ground_truth,14.53010082244873,7.0395941734313965,0.35815882682800293,0.9941850304603577,0.02552734375,btxrd-heuristic-000260,IMG000467.jpeg,0.02552734375,2614,320,masks/IMG000467.png,e7b1a7135c681862d5217f7b5ba23692535716d3947964186cb0157e87d2f749,0|255,320,6,,54,18,0.025634765625,3,0,3,0.6994926929473877,0.43137088418006897,0.1304895132780075,val,ok,0.15,1,3,23,10,33
8,6,1.0,0.08046454191207886,0.0,0.999990234375,0.1415659785270691,ground_truth,20.63690757751465,13.924233436584473,7.023199081420898,0.9700637459754944,0.00095703125,btxrd-heuristic-000267,IMG000478.jpeg,0.00095703125,98,320,masks/IMG000478.png,93bf72e3adefa6cbf4bc0129d9b28e04fdd0230c165a3714944357465fab5f72,0|255,320,3,,27,9,0.00095703125,3,0,3,0.7521925568580627,0.40324655175209045,0.18201817572116852,val,ok,0.15,1,2,12,5,17
43,12,1.0,0.18215690553188324,0.0,0.999990234375,0.19634966552257538,ground_truth,16.32374382019043,8.196187973022461,0.08038908243179321,0.6890612244606018,0.006279296875,btxrd-heuristic-000269,IMG000481.jpeg,0.006279296875,643,320,masks/IMG000481.png,d3e442a29e32f02566859d7534a88bd4b7cb96a4dc4d84164a652f3d4eace46a,0|255,320,6,,54,18,0.006279296875,3,0,3,0.7808744311332703,0.5206961035728455,0.2305690497159958,val,ok,0.15,1,1,23,10,33
69,18,1.0,0.21813136339187622,0.0,0.999990234375,0.1735578328371048,ground_truth,8.88923454284668,1.2483150959014893,0.0,0.0007393350824713707,0.0161328125,btxrd-heuristic-000278,IMG000496.jpeg,0.0161328125,1652,320,masks/IMG000496.png,55c0b79ee1a6207a3aedfd5da87f371f4e07a71433d8693e82d586ad56ecafba,0|255,320,9,,81,27,0.016591796875,3,0,3,0.7391809225082397,0.5492745637893677,0.014437288977205753,val,ok,0.13904296875,1,3,33,20,53
21,8,1.0,0.10080793499946594,0.0,0.999990234375,0.19093722105026245,ground_truth,8.738933563232422,5.429021835327148,0.0,0.07951195538043976,0.0538671875,btxrd-heuristic-000287,IMG000513.jpeg,0.0538671875,5516,320,masks/IMG000513.png,2ae66d9b6034363d2fc6a92f0c12f7cdbf9d016bfbf8a29829ae5a9bcb25fa4e,0|255,320,4,,36,12,0.0538671875,3,0,3,0.7249912619590759,0.4539121389389038,0.075734943151474,val,ok,0.15,1,7,13,7,20
32,16,1.0,0.20553767681121826,0.0,0.999990234375,0.19029609858989716,ground_truth,11.384263038635254,1.8037503957748413,0.0,0.6018333435058594,0.0305078125,btxrd-heuristic-000302,IMG000542.jpeg,0.0305078125,3124,320,masks/IMG000542.png,2d1551f5561d8b4db5c5435e065acd3290c0d35561420793bbd19b1e3620a1e3,0|255,320,8,,72,24,0.03068359375,3,0,3,0.7506566643714905,0.38868677616119385,0.006066317204385996,val,ok,0.14884765625,1,1,29,19,48
23,6,1.0,0.09144400805234909,0.0,0.999990234375,0.15447719395160675,ground_truth,19.349905014038086,13.931963920593262,0.9743790626525879,0.9665220379829407,0.056572265625,btxrd-heuristic-000305,IMG000548.jpeg,0.056572265625,5793,320,masks/IMG000548.png,e1445493fac113753f89f6c629aa3382cca45748b40122ae2260d719e289302e,0|255,320,3,,27,9,0.057724609375,3,0,3,0.635081946849823,0.4735182225704193,0.07358583062887192,val,ok,0.15,1,5,12,5,17
59,16,0.9999999403953552,0.2327898144721985,0.0,0.999990234375,0.18986929953098297,ground_truth,10.861185073852539,4.248599529266357,0.0,1.3389206969804945e-06,0.04841796875,btxrd-heuristic-000305,IMG000549.jpeg,0.04841796875,4958,320,masks/IMG000549.png,eacaf4ea0e9eef0176ac7996ffeba0a8de2402a21cf901e4c139b0a317b94f9b,0|255,320,8,,72,24,0.04875,3,0,3,0.7517146468162537,0.5278871059417725,0.14703144133090973,val,ok,0.14982421875,1,5,29,15,44
53,18,1.0,0.3048152029514313,0.0,0.999990234375,0.17596478760242462,ground_truth,6.487521171569824,1.6733876466751099,0.0,0.9999995231628418,0.0275390625,btxrd-heuristic-000308,IMG000555.jpeg,0.0275390625,2820,320,masks/IMG000555.png,b875554e2d0ab73455b378d2fab2fbaa46953e9677de9f6894c76d235f5ddd92,0|255,320,9,,81,27,0.027548828125,3,0,3,0.7507280707359314,0.46334895491600037,0.07573360949754715,val,ok,0.14224609375,1,4,30,15,45
24,16,1.0,0.26944199204444885,0.0,0.999990234375,0.15056291222572327,ground_truth,3.4215259552001953,0.8529142737388611,0.0,0.9999998807907104,0.063701171875,btxrd-heuristic-000308,IMG000556.jpeg,0.063701171875,6523,320,masks/IMG000556.png,f65c58aef8e011f47a98e1e8ceafb428cecbd7164be96fef3e95cc610cb100fa,0|255,320,8,,72,24,0.06375,3,0,3,0.7143861651420593,0.34486064314842224,0.0629916861653328,val,ok,0.1425,1,4,25,14,39
64,16,1.0,0.20714233815670013,0.0,0.999990234375,0.2260291576385498,ground_truth,17.712013244628906,5.379398822784424,0.0,0.9988558292388916,0.047412109375,btxrd-heuristic-000311,IMG000562.jpeg,0.047412109375,4855,320,masks/IMG000562.png,22252ecfefe52339768e0e133ccf74c6ed9112146c52b5781083f2b15a91bc59,0|255,320,8,,72,24,0.048046875,3,0,3,0.799669623374939,0.5489259362220764,0.2856839895248413,val,ok,0.149404296875,1,7,30,13,43
19,10,1.0,0.11641521751880646,0.0,0.999990234375,0.14793707430362701,ground_truth,13.139492988586426,8.22995662689209,2.422153949737549,0.9373123645782471,0.072568359375,btxrd-heuristic-000320,IMG000576.jpeg,0.072568359375,7431,320,masks/IMG000576.png,2ad6d332920382d73e1485d051080cc05d89868f4ef0fc9da795fcd6a43ec9f4,0|255,320,5,,45,15,0.075087890625,3,0,3,0.6865088939666748,0.349685937166214,0.033319633454084396,val,ok,0.1499609375,1,5,15,10,25
48,16,1.0,0.3288326561450958,0.0,0.999990234375,0.20046010613441467,ground_truth,5.631606101989746,1.9915690422058105,0.0,0.9989651441574097,0.03421875,btxrd-heuristic-000324,IMG000582.jpeg,0.03421875,3504,320,masks/IMG000582.png,d926a736bd98fb0b949b88ab35aab89137a672a53260eb22c8b08e2d3387c20c,0|255,320,8,,72,24,0.03443359375,3,0,3,0.7617794871330261,0.4709170162677765,0.10034821927547455,val,ok,0.14498046875,1,3,30,20,50
51,18,0.9999998807907104,0.19401538372039795,0.0,0.999990234375,0.1760857105255127,ground_truth,7.731417655944824,1.385317087173462,0.0,0.0009414729429408908,0.001298828125,btxrd-heuristic-000341,IMG000612.jpeg,0.001298828125,133,320,masks/IMG000612.png,45fe7aefe357d3da450a6f2c9cd19e2b1397aafdb63ad0b99e511f5e73a72589,0|255,320,9,,81,27,0.001298828125,3,0,3,0.7761701345443726,0.4383935332298279,0.04238412529230118,val,ok,0.147060546875,1,7,32,21,53
68,18,1.0,0.330850750207901,0.0,0.999990234375,0.19835573434829712,ground_truth,2.323009967803955,0.3909289538860321,0.0,0.0002437384973745793,0.017412109375,btxrd-heuristic-000349,IMG000628.jpeg,0.017412109375,1783,320,masks/IMG000628.png,5da7d9754141819868678b791096e1b6c38d19461ec808e03ba66a72ec1d2b6c,0|255,320,9,,81,27,0.017431640625,3,0,3,0.7323235869407654,0.5447896718978882,0.11115673184394836,val,ok,0.135830078125,1,3,31,22,53
48,14,1.0,0.2247076779603958,0.0,0.999990234375,0.2055099904537201,ground_truth,11.197093963623047,6.123976707458496,0.8976390361785889,0.9994331002235413,0.079248046875,btxrd-heuristic-000354,IMG000636.jpeg,0.079248046875,8115,320,masks/IMG000636.png,92a0b3d74781aeab3c5142b209f046db2b806f80e871f7ef784f1b3a6e884801,0|255,320,7,,63,21,0.079794921875,3,0,3,0.7493826746940613,0.5109388828277588,0.04686445742845535,val,ok,0.149921875,1,3,27,11,38
61,16,0.9999999403953552,0.24718725681304932,0.0,0.999990234375,0.1964571475982666,ground_truth,8.35400676727295,1.1562367677688599,0.0,0.0008103780564852059,0.04076171875,btxrd-heuristic-000358,IMG000641.jpeg,0.04076171875,4174,320,masks/IMG000641.png,294c1fe15fe9fb871c396b733e4f38ae49f29fb091bf609eb5d1a36939c968fe,0|255,320,9,,78,26,0.041318359375,3,0,3,0.7455302476882935,0.5093531608581543,0.1953609734773636,val,ok,0.149599609375,1,1,28,21,49
23,12,1.0,0.1208919808268547,0.0,0.999990234375,0.17229056358337402,ground_truth,12.22563362121582,6.941029071807861,0.0,0.9993951320648193,0.0369921875,btxrd-heuristic-000359,IMG000642.jpeg,0.0369921875,3788,320,masks/IMG000642.png,27fdaa9a062cb11961060c1a05afcdf12b159c6a1304e411946accdcfcb78c64,0|255,320,6,,54,18,0.03734375,3,0,3,0.7089728116989136,0.3653566539287567,0.022997625172138214,val,ok,0.15,1,3,20,11,31
16,6,1.0,0.09386572241783142,0.0,0.999990234375,0.1478573977947235,ground_truth,16.42646598815918,10.721173286437988,2.4828827381134033,0.9999998807907104,0.01248046875,btxrd-heuristic-000370,IMG000660.jpeg,0.01248046875,1278,320,masks/IMG000660.png,fab04d6c233a9cc1f2cfd24178b54302b70d13dcf66cf85cb36a7a13c03ff65b,0|255,320,3,,27,9,0.01265625,3,0,3,0.7614614963531494,0.4342042803764343,0.16144190728664398,val,ok,0.15,1,2,12,5,17
10,10,1.0,0.11826261878013611,0.0,0.999990234375,0.13052570819854736,ground_truth,13.165151596069336,3.0645601749420166,0.0,9.832747309701517e-06,0.090595703125,btxrd-heuristic-000377,IMG000672.jpeg,0.090595703125,9277,320,masks/IMG000672.png,141a60d63bea15a27b101847a3dfea579537cefed98517dc6b3c9a5af601485f,0|255,320,5,,45,15,0.102080078125,3,0,3,0.5257385969161987,0.2618967890739441,0.08091449737548828,val,ok,0.15,1,1,17,10,27
7,6,1.0,0.09548316895961761,0.0,0.999990234375,0.15366993844509125,ground_truth,22.77442169189453,11.608956336975098,0.0,0.9999998807907104,0.101259765625,btxrd-heuristic-000383,IMG000681.jpeg,0.101259765625,10369,320,masks/IMG000681.png,db6add9957a7abe73ffb4953f6a69010400361214951d028dad6cfd254519141,0|255,320,3,,27,9,0.1018359375,3,0,3,0.5551209449768066,0.34368953108787537,0.08865030109882355,val,ok,0.15,1,1,12,5,17
17,6,1.0,0.19349513947963715,0.0,0.999990234375,0.17630812525749207,ground_truth,13.539087295532227,6.671672344207764,0.0,9.144802606897429e-05,0.08693359375,btxrd-heuristic-000384,IMG000682.jpeg,0.08693359375,8902,320,masks/IMG000682.png,68766a526faa31006856aa153c0735523d60e06a01f7d02d884a353393f29f0e,0|255,320,3,,27,9,0.088544921875,3,0,3,0.7301430106163025,0.4657311737537384,0.2164466679096222,val,ok,0.149443359375,1,1,12,5,17
43,10,1.0,0.24896253645420074,0.0,0.999990234375,0.2625364065170288,ground_truth,10.18539047241211,3.6338109970092773,0.0,0.9431942105293274,0.1235546875,btxrd-heuristic-000394,IMG000699.jpeg,0.1235546875,12652,320,masks/IMG000699.png,f9526c7754ac878534356c1de0bbf5f52a05fe3f5b85b4fabc9dabe16c96a8e0,0|255,320,5,,45,15,0.1235546875,3,0,3,0.8014788627624512,0.6128582954406738,0.3481976091861725,val,ok,0.15,1,1,18,11,29
47,12,1.0,0.18859559297561646,0.0,0.999990234375,0.20745600759983063,ground_truth,13.07535457611084,6.153616905212402,0.0,0.9995083808898926,0.04724609375,btxrd-heuristic-000411,IMG000727.jpeg,0.04724609375,4838,320,masks/IMG000727.png,2e578e845127b0aff707fd7be0379a7356d13b8a3e742828d0bad55eaed169f2,0|255,320,6,,54,18,0.0473828125,3,0,3,0.8079886436462402,0.5496581196784973,0.23279434442520142,val,ok,0.150029296875,1,1,23,10,33
12,6,1.0,0.10279076546430588,0.0,0.999990234375,0.15294989943504333,ground_truth,16.041099548339844,10.557080268859863,6.9551215171813965,0.9989035129547119,0.107021484375,btxrd-heuristic-000422,IMG000747.jpeg,0.107021484375,10959,320,masks/IMG000747.png,aeccedae6f76601a43ad037bf8103436cd429ea70fe53d04465b932924604f79,0|255,320,3,,27,9,0.107490234375,3,0,3,0.5525170564651489,0.3732030689716339,0.16000939905643463,val,ok,0.15,1,1,12,5,17
9,6,0.9999999403953552,0.09902358800172806,0.0,0.999990234375,0.15106195211410522,ground_truth,20.848464965820312,12.03093433380127,8.041620254516602,0.9993656277656555,0.001533203125,btxrd-heuristic-000424,IMG000749.jpeg,0.001533203125,157,320,masks/IMG000749.png,e2f06550d69f79f070865fc3e39a570735f8a5a6e1590b0b1f802da707935ce9,0|255,320,3,,27,9,0.001533203125,3,0,3,0.6839590668678284,0.359287291765213,0.13447552919387817,val,ok,0.15,1,1,12,5,17
25,6,0.9999999403953552,0.1335921436548233,0.0,0.999990234375,0.18692080676555634,ground_truth,12.317798614501953,7.379123210906982,1.3309884071350098,0.01692109927535057,0.065732421875,btxrd-heuristic-000425,IMG000750.jpeg,0.065732421875,6731,320,masks/IMG000750.png,12ddd801e8fee5861ca23e55af145132294cb47c1d196294273e1c52d12fc8be,0|255,320,3,,27,9,0.065771484375,3,0,3,0.7451520562171936,0.5675997734069824,0.33269479870796204,val,ok,0.15,1,1,12,5,17
23,6,1.0,0.10947459191083908,0.0,0.999990234375,0.17822504043579102,ground_truth,17.951425552368164,10.963813781738281,5.310248374938965,0.9999591112136841,0.04017578125,btxrd-heuristic-000426,IMG000751.jpeg,0.04017578125,4114,320,masks/IMG000751.png,8980ebc9ad78e28feee5b792dcbc1d1a8b61e831fc9107c06a6dd56e5c62fea5,0|255,320,3,,27,9,0.04560546875,3,0,3,0.7027488946914673,0.5330331921577454,0.3508332073688507,val,ok,0.15,1,1,12,5,17
14,6,1.0,0.1147163137793541,0.0,0.999990234375,0.14805381000041962,ground_truth,15.111122131347656,7.02782678604126,2.393497943878174,0.9999954700469971,0.000400390625,btxrd-heuristic-000434,IMG000762.jpeg,0.000400390625,41,320,masks/IMG000762.png,2bb0422e79ed8ccac4438b9ef4498966749888dfe29ca05516f6a8ff4d28c65b,0|255,320,3,,27,9,0.000400390625,3,0,3,0.6693817377090454,0.39173731207847595,0.028444677591323853,val,ok,0.15,1,1,12,5,17
18,6,1.0,0.10268479585647583,0.0,0.999990234375,0.17285703122615814,ground_truth,17.124523162841797,7.217034816741943,0.6256504058837891,0.9076991677284241,0.085771484375,btxrd-heuristic-000435,IMG000763.jpeg,0.085771484375,8783,320,masks/IMG000763.png,7dfcb1ed55e53a2d3ec826c7614e311941af72e5bc96aecb73aa7b874f96a198,0|255,320,3,,27,9,0.085927734375,3,0,3,0.6294382214546204,0.4445408582687378,0.09483856707811356,val,ok,0.15,1,1,12,5,17
54,16,1.0,0.18554137647151947,0.0,0.999990234375,0.19186687469482422,ground_truth,5.301620960235596,1.2841955423355103,0.20851874351501465,0.9309406280517578,0.075419921875,btxrd-heuristic-000452,IMG000793.jpeg,0.075419921875,7723,320,masks/IMG000793.png,f230fec118b106debfab887820ffe4ee7b7ceeeddfdc2410a26c03112d43cbcd,0|255,320,8,,72,24,0.07552734375,3,0,3,0.7548122406005859,0.48219215869903564,0.028159640729427338,val,ok,0.147138671875,1,3,28,13,41
21,6,1.0,0.16442424058914185,0.0,0.9999609375,0.1714809089899063,ground_truth,2.894381284713745,1.0095057487487793,0.19286251068115234,0.9999827146530151,0.089794921875,btxrd-heuristic-000452,IMG000794.jpeg,0.089794921875,9195,320,masks/IMG000794.png,ca88425c3cf6ffb48e5fb2a16fc3fcb823615ccabdbdcf957a735bc13ecce6f1,0|255,320,3,,27,9,0.08984375,3,0,3,0.7419970631599426,0.5304341316223145,0.254686564207077,val,ok,0.15,1,3,12,2,14
66,16,1.0,0.3767169713973999,0.0,0.999990234375,0.20114779472351074,ground_truth,14.723323822021484,2.671616792678833,0.02118849754333496,0.9999994039535522,0.041513671875,btxrd-heuristic-000476,IMG000838.jpeg,0.041513671875,4251,320,masks/IMG000838.png,986a684a0270865bd66a412c90d3a5d64d76869f607087fe0efefe52b29437e8,0|255,320,8,,72,24,0.042431640625,3,0,3,0.8009243607521057,0.5822628736495972,0.29500067234039307,val,ok,0.1466015625,1,7,29,21,50
32,14,1.0,0.16287945210933685,0.0,0.999990234375,0.1834699809551239,ground_truth,16.32084846496582,5.127264499664307,0.0,0.21525278687477112,0.014560546875,btxrd-heuristic-000501,IMG000876.jpeg,0.014560546875,1491,320,masks/IMG000876.png,931c5b7ed71f1a27c12fd15654da53cbe42656c43cc50bcb923344af96f31b10,0|255,320,7,,63,21,0.01486328125,3,0,3,0.7011886239051819,0.3978940546512604,0.09331198781728745,val,ok,0.149580078125,1,1,25,12,37
44,10,1.0,0.3177325129508972,0.0,0.999990234375,0.24410250782966614,ground_truth,18.238475799560547,10.522689819335938,0.11665582656860352,1.0,0.071708984375,btxrd-heuristic-000513,IMG000895.jpeg,0.071708984375,7343,320,masks/IMG000895.png,8310a648a9a1b78c79acd2a21079703f8cbcddd75fd6f2509eea2cd42a5f8220,0|255,320,5,,45,15,0.071845703125,3,0,3,0.7398511171340942,0.6018698215484619,0.36536455154418945,val,ok,0.15,1,1,16,15,31
73,18,1.0,0.34585925936698914,0.0,0.999990234375,0.2346407026052475,ground_truth,16.051359176635742,6.365260601043701,0.0,0.9699006676673889,0.079228515625,btxrd-heuristic-000516,IMG000899.jpeg,0.079228515625,8113,320,masks/IMG000899.png,3246b51c7d037a348cf82ecf4ec1f09b13dc0710a014b7572d4f502fb4d69856,0|255,320,9,,81,27,0.079873046875,3,0,3,0.7798329591751099,0.5632175207138062,0.22198356688022614,val,ok,0.148984375,1,1,32,24,56
16,6,1.0,0.17298927903175354,0.0,0.999990234375,0.20998993515968323,ground_truth,10.232967376708984,4.496203422546387,0.0,0.9536793231964111,0.05015625,btxrd-heuristic-000518,IMG000901.jpeg,0.05015625,5136,320,masks/IMG000901.png,3b07a9673579259ee296791ecf7eb65dda9d7e7a0ae0642ae2a4322a01191dc8,0|255,320,3,,27,9,0.05017578125,3,0,3,0.7301971912384033,0.47024860978126526,0.27517059445381165,val,ok,0.15,1,1,12,5,17
6,6,1.0,0.10953754186630249,0.0,0.999990234375,0.1514364331960678,ground_truth,18.350658416748047,11.733260154724121,6.382052421569824,1.0,0.1246484375,btxrd-heuristic-000519,IMG000902.jpeg,0.1246484375,12764,320,masks/IMG000902.png,261ed5d22cabfd5237dfc47a086a6593f35c9f61707bb59d4934ca3d392e379e,0|255,320,3,,27,9,0.12623046875,3,0,3,0.5410490036010742,0.33890727162361145,0.1784253567457199,val,ok,0.15,1,1,12,5,17
13,12,1.0,0.1509152054786682,0.0,0.999990234375,0.16907548904418945,ground_truth,26.105697631835938,9.406864166259766,0.0,1.0,0.105166015625,btxrd-heuristic-000521,IMG000905.jpeg,0.105166015625,10769,320,masks/IMG000905.png,2be76af147689e6285aa84a74fb98a6d32caf662bc058a56fc2227832687ca7e,0|255,320,6,,54,18,0.107841796875,3,0,3,0.6822963953018188,0.2922784984111786,0.07058895379304886,val,ok,0.14943359375,1,1,20,10,30
30,8,1.0,0.16601720452308655,0.0,0.999990234375,0.20291130244731903,ground_truth,19.18607521057129,10.296852111816406,0.5032422542572021,0.9998586177825928,0.03189453125,btxrd-heuristic-000527,IMG000917.jpeg,0.03189453125,3266,320,masks/IMG000917.png,03ab9acd78fd45c3b2ada614749ac84af44fbc71e1dadfdf61291d939e41c923,0|255,320,4,,36,12,0.032333984375,3,0,3,0.8022376298904419,0.5485830903053284,0.32425639033317566,val,ok,0.15,1,1,13,8,21
20,16,1.0,0.1955147534608841,0.0,0.999990234375,0.16855327785015106,ground_truth,12.172072410583496,1.334802269935608,0.0,0.46170905232429504,0.080625,btxrd-heuristic-000528,IMG000918.jpeg,0.080625,8256,320,masks/IMG000918.png,2e02c3b5970b5c2f940dff9c35f872dca6ea683d7849729a336b72e169e34415,0|255,320,8,,69,23,0.083154296875,3,0,3,0.701485812664032,0.3112221360206604,0.02540089376270771,val,ok,0.1489453125,1,1,22,22,44
45,14,0.9999999403953552,0.2984447181224823,0.0,0.999990234375,0.20615465939044952,ground_truth,13.906885147094727,7.227167129516602,0.07238328456878662,0.9997280240058899,0.063515625,btxrd-heuristic-000533,IMG000924.jpeg,0.063515625,6504,320,masks/IMG000924.png,2604a2243232f33b000d7fdce23ae62559ea8eed1dad706d28636cf3d3bb47f5,0|255,320,7,,63,21,0.063818359375,3,0,3,0.7445291876792908,0.5027142763137817,0.08926485478878021,val,ok,0.15,1,1,25,12,37
32,10,0.9999999403953552,0.1778011918067932,0.0,0.999990234375,0.20437617599964142,ground_truth,9.33652114868164,3.769275188446045,0.5739004611968994,0.11355534940958023,0.08673828125,btxrd-heuristic-000536,IMG000928.jpeg,0.08673828125,8882,320,masks/IMG000928.png,3959ef0247f3a121ae2048b940b643fe1824bdae7f36053fea78e68036909918,0|255,320,5,,45,15,0.08724609375,3,0,3,0.7686156630516052,0.48818278312683105,0.09745996445417404,val,ok,0.15,1,1,18,10,28
56,14,1.0,0.28454312682151794,0.0,0.999990234375,0.1814802885055542,ground_truth,7.321159362792969,3.52437424659729,0.0,0.9987078905105591,0.02525390625,btxrd-heuristic-000538,IMG000930.jpeg,0.02525390625,2586,320,masks/IMG000930.png,9db9c491836705a8d79477bf9534237cc372f8da8f772038a5888369d8f1ef9e,0|255,320,7,,63,21,0.02544921875,3,0,3,0.7757356762886047,0.5309944152832031,0.09382492303848267,val,ok,0.15,1,1,23,15,38
64,18,1.0,0.3001786172389984,0.0,0.999990234375,0.22320425510406494,ground_truth,6.656384468078613,0.9934428334236145,0.0,0.9571501016616821,0.069375,btxrd-heuristic-000539,IMG000931.jpeg,0.069375,7104,320,masks/IMG000931.png,7fe8c3e22198d410e548c64848e4c6f5af4585ac7ed976c2f5555d1ddabf50d2,0|255,320,9,,78,26,0.06943359375,3,0,3,0.8067507743835449,0.5548535585403442,0.11118076741695404,val,ok,0.148720703125,1,1,25,14,39
7,6,1.0,0.14376229047775269,0.0,0.999990234375,0.15544572472572327,ground_truth,14.312166213989258,8.375707626342773,3.9190354347229004,1.0,0.087841796875,btxrd-heuristic-000540,IMG000932.jpeg,0.087841796875,8995,320,masks/IMG000932.png,5ce27b2211e78de85cc11b25c1ae47e119a6a4fc60fc522013df357b676d3f26,0|255,320,3,,27,9,0.088017578125,3,0,3,0.46634408831596375,0.34876999258995056,0.20438599586486816,val,ok,0.15,1,1,12,5,17
38,10,1.0,0.16787093877792358,0.0,0.999990234375,0.19153167307376862,ground_truth,14.56272029876709,6.640655517578125,0.7860546112060547,1.0,0.043212890625,btxrd-heuristic-000547,IMG000944.jpeg,0.043212890625,4425,320,masks/IMG000944.png,aada9ddbdb8e1343b5a6d337cb82bf5c4c95d39ba5b90b96bd510e4fc2f3a698,0|255,320,5,,45,15,0.043212890625,3,0,3,0.742440402507782,0.534092903137207,0.14330679178237915,val,ok,0.15,1,2,16,9,25
40,10,1.0,0.1858927607536316,0.0,0.999990234375,0.20486685633659363,ground_truth,13.017763137817383,4.983394145965576,0.5913357734680176,0.9960961937904358,0.045625,btxrd-heuristic-000561,IMG000963.jpeg,0.045625,4672,320,masks/IMG000963.png,9d530b60808e32a9140de41dad3a5c8ee8c268df2d9bcd42387181b3ebe28ef9,0|255,320,5,,45,15,0.045859375,3,0,3,0.7726480960845947,0.5609568953514099,0.21213196218013763,val,ok,0.15,1,2,20,10,30
20,6,1.0,0.2180759757757187,0.0,0.999990234375,0.1860145777463913,ground_truth,14.876327514648438,10.486464500427246,1.1338672637939453,1.0,0.067275390625,btxrd-heuristic-000566,IMG000969.jpeg,0.067275390625,6889,320,masks/IMG000969.png,93917df1d80ea433232e8174be149da7b3400c968475d49442a8c1d19b1a33b9,0|255,320,3,,27,9,0.068544921875,3,0,3,0.625721275806427,0.4457082152366638,0.26756057143211365,val,ok,0.15,1,2,12,5,17
16,8,1.0,0.14438802003860474,0.0,0.999990234375,0.16129982471466064,ground_truth,18.72960090637207,8.967711448669434,0.0,1.0,0.0856640625,btxrd-heuristic-000568,IMG000971.jpeg,0.0856640625,8772,320,masks/IMG000971.png,de9bfc1ad3581a1ce1824c7c4300066c95d4809f0653d47ab4d97a8319a97a89,0|255,320,4,,36,12,0.085810546875,3,0,3,0.6247268319129944,0.3650042414665222,0.04415077343583107,val,ok,0.1495703125,1,2,13,7,20
15,6,1.0,0.13286074995994568,0.0,0.999990234375,0.16069039702415466,ground_truth,20.834177017211914,13.362824440002441,1.374999761581421,0.9999997615814209,0.1119140625,btxrd-heuristic-000581,IMG000993.jpeg,0.1119140625,11460,320,masks/IMG000993.png,1a1349f913177b699747c86b8b7a577c86ad05763e0672f302be6ab92922fbe1,0|255,320,3,,27,9,0.114560546875,3,0,3,0.6927304863929749,0.4122980833053589,0.16621525585651398,val,ok,0.15,1,1,12,5,17
18,12,0.9999999403953552,0.17175288498401642,0.0,0.999990234375,0.16918766498565674,ground_truth,21.295860290527344,9.466851234436035,0.8959035873413086,0.9999732971191406,0.071953125,btxrd-heuristic-000583,IMG000996.jpeg,0.071953125,7368,320,masks/IMG000996.png,b247d2f76d8d639573138fc6ff938aaffd0c6d329acbd7fc357a1af2369ac032,0|255,320,6,,54,18,0.072998046875,3,0,3,0.5877637267112732,0.3261301815509796,0.036145295947790146,val,ok,0.15,1,1,19,13,32
54,14,1.0,0.23506306111812592,0.0,0.999990234375,0.2099205106496811,ground_truth,13.362247467041016,4.80141544342041,0.3706173896789551,0.9999107122421265,0.0315234375,btxrd-heuristic-000591,IMG001006.jpeg,0.0315234375,3228,320,masks/IMG001006.png,5fe598db29b348da6c6e42d36dce89ac57f878d12969734d6ff4464a264afc31,0|255,320,7,,63,21,0.031689453125,3,0,3,0.7634174823760986,0.5385245084762573,0.21267355978488922,val,ok,0.15,1,2,26,15,41
52,16,1.0,0.2629806399345398,0.0,0.999990234375,0.18770045042037964,ground_truth,5.360476493835449,1.8066976070404053,0.0,0.9999958276748657,0.07083984375,btxrd-heuristic-000592,IMG001007.jpeg,0.07083984375,7254,320,masks/IMG001007.png,475d702b677233edcf48297976617ca39d45934f75b78150bd2d104fe21d3554,0|255,320,8,,72,24,0.071728515625,3,0,3,0.7445558905601501,0.4979049265384674,0.0641661211848259,val,ok,0.15,1,2,30,15,45
23,14,1.0,0.11552605777978897,0.0,0.9999609375,0.13040848076343536,ground_truth,2.548494338989258,0.6386635899543762,0.0,0.00011845835979329422,0.033466796875,btxrd-heuristic-000600,IMG001024.jpeg,0.033466796875,3427,320,masks/IMG001024.png,6441d40288907edca08fa6f01220d1ee6997ac3c406d520d281d2053192d4983,0|255,320,7,,63,21,0.0334765625,3,0,3,0.6512801051139832,0.32899510860443115,0.04468885436654091,val,ok,0.14890625,1,1,21,12,33
55,14,1.0,0.2299332618713379,0.0,0.999990234375,0.1952597200870514,ground_truth,7.153602600097656,4.0848917961120605,0.230779230594635,0.9998519420623779,0.039384765625,btxrd-heuristic-000605,IMG001030.jpeg,0.039384765625,4033,320,masks/IMG001030.png,4033857fba5982a00cbdfeddd78cb991c33282949a0d4667bb4b6e24f621a76b,0|255,320,7,,63,21,0.03951171875,3,0,3,0.7167718410491943,0.5295366644859314,0.09662832319736481,val,ok,0.15,1,7,23,12,35
30,10,1.0,0.1516079306602478,0.0,0.999990234375,0.18526333570480347,ground_truth,8.663334846496582,3.0888471603393555,1.0967254638671875e-05,0.9999972581863403,0.0025,btxrd-heuristic-000620,IMG001056.jpeg,0.0025,256,320,masks/IMG001056.png,25386b144b9ff0a874b7803d3df21947e036683d11cbfaf370f7cb9495430e82,0|255,320,5,,42,14,0.0025,3,0,3,0.7662820816040039,0.45084911584854126,0.03970978036522865,val,ok,0.15,1,7,15,10,25
47,16,1.0,0.2242303341627121,0.0,0.999990234375,0.17841261625289917,ground_truth,12.335136413574219,5.157803058624268,1.0028395652770996,0.999956488609314,0.036572265625,btxrd-heuristic-000622,IMG001059.jpeg,0.036572265625,3745,320,masks/IMG001059.png,ce5c10eb987cc3a6a8b863294bdf687df3007f999f9f552b93a58ff85d4172a6,0|255,320,8,,72,24,0.036591796875,3,0,3,0.7077362537384033,0.46693024039268494,0.0933627262711525,val,ok,0.149921875,1,1,27,13,40
22,14,1.0,0.19583597779273987,0.0,0.999990234375,0.16544972360134125,ground_truth,17.76788330078125,5.861433506011963,0.2869744300842285,0.9999998807907104,0.0006640625,btxrd-heuristic-000623,IMG001060.jpeg,0.0006640625,68,320,masks/IMG001060.png,80b8f1fe8c28bdb8eb6e97cb7e09eda895a92751142410a914e5fb8bf98eb434,0|255,320,7,,63,21,0.0006640625,3,0,3,0.6131429076194763,0.3169146776199341,0.0041485745459795,val,ok,0.15,1,1,28,18,46
39,10,0.9999999403953552,0.21838383376598358,0.0,0.9999609375,0.19517910480499268,ground_truth,27.48040199279785,16.805864334106445,7.194562911987305,1.0,0.048779296875,btxrd-heuristic-000639,IMG001092.jpeg,0.048779296875,4995,320,masks/IMG001092.png,b401e4e49e946517bc7244fa60a2bb14be65797dc673f1c2e60d14db61b18831,0|255,320,5,,45,15,0.049384765625,3,0,3,0.7367714047431946,0.5052539706230164,0.11990126222372055,val,ok,0.15,1,2,18,10,28
12,6,0.9999999403953552,0.13459566235542297,0.0,0.999990234375,0.15582196414470673,ground_truth,22.774707794189453,15.617061614990234,1.1502375602722168,1.0,0.019716796875,btxrd-heuristic-000641,IMG001094.jpeg,0.019716796875,2019,320,masks/IMG001094.png,6eb01bc3924e92f0fd6e931ae08bd0fc5f5c1d9f2e16eb02b33f0eff2488cf6b,0|255,320,3,,27,9,0.023388671875,3,0,3,0.7001155018806458,0.38533881306648254,0.10116007179021835,val,ok,0.15,1,2,12,5,17
60,16,1.0,0.3580414056777954,0.0,0.999990234375,0.18369294703006744,ground_truth,9.571548461914062,2.725167989730835,0.060227155685424805,0.9999969005584717,0.006181640625,btxrd-heuristic-000644,IMG001098.jpeg,0.006181640625,633,320,masks/IMG001098.png,74727d088873bac1d18fbacd9bef754020ec61befef375dca1b271a4e59b6805,0|255,320,8,,72,24,0.006494140625,3,0,3,0.7333967685699463,0.527136504650116,0.10781294852495193,val,ok,0.14984375,1,1,29,18,47
31,14,1.0,0.18528857827186584,0.0,0.999990234375,0.17526090145111084,ground_truth,14.928327560424805,5.0616455078125,0.09224414825439453,0.9999998807907104,0.060048828125,btxrd-heuristic-000649,IMG001106.jpeg,0.060048828125,6149,320,masks/IMG001106.png,d44726ae45f659540fdb5d342c15a59c769fbc058f680cb25678b7190105a171,0|255,320,7,,63,21,0.060244140625,3,0,3,0.6373291611671448,0.3740867078304291,0.04395437613129616,val,ok,0.15,1,2,23,14,37
18,6,1.0,0.19419166445732117,0.0,0.999990234375,0.19227561354637146,ground_truth,9.951826095581055,2.179650068283081,0.0,0.6520350575447083,0.00984375,btxrd-heuristic-000669,IMG001136.jpeg,0.00984375,1008,320,masks/IMG001136.png,35ddf87438f74c7d8347d341055215b2e39ad67483ec158941e2350dfd9ac1e9,0|255,320,3,,27,9,0.0111328125,3,0,3,0.6262889504432678,0.43988537788391113,0.10902698338031769,val,ok,0.15,1,1,12,5,17
7,14,1.0,0.18995632231235504,0.0,0.999990234375,0.1403350830078125,ground_truth,14.50361156463623,5.186774730682373,1.054239273071289,1.0,0.061650390625,btxrd-heuristic-000672,IMG001140.jpeg,0.061650390625,6313,320,masks/IMG001140.png,98e16e5b35dffb8b1bb3d66a0718b032934cb67db9aba5a309c61b9c6baf8443,0|255,320,7,,63,21,0.061962890625,3,0,3,0.5625675320625305,0.25065141916275024,0.044496819376945496,val,ok,0.15,1,1,23,11,34
39,10,1.0,0.19815021753311157,0.0,0.999990234375,0.19747942686080933,ground_truth,17.067201614379883,7.837006092071533,0.2604982852935791,0.9999974966049194,0.07263671875,btxrd-heuristic-000673,IMG001141.jpeg,0.07263671875,7438,320,masks/IMG001141.png,ce2a5c42f2bc82e5e897a75e77b52292ecdf81c7c8ba3d9f909300efa29bc7e0,0|255,320,5,,45,15,0.073291015625,3,0,3,0.7113285660743713,0.5327208042144775,0.15511785447597504,val,ok,0.15,1,1,17,11,28
20,6,1.0,0.20421218872070312,0.0,0.999990234375,0.1936025470495224,ground_truth,15.01413345336914,10.846427917480469,6.665449142456055,0.9999275207519531,0.056494140625,btxrd-heuristic-000693,IMG001174.jpeg,0.056494140625,5785,320,masks/IMG001174.png,e45c4ff2fc01c0c0d06ba62c368539ae45cb2d9fe4de80d49914fb698151ed4a,0|255,320,3,,27,9,0.056787109375,3,0,3,0.730158269405365,0.5058197379112244,0.2580772638320923,val,ok,0.15,1,2,12,5,17
27,6,1.0,0.23829056322574615,0.0,0.999990234375,0.18869759142398834,ground_truth,12.496691703796387,7.100583553314209,4.1762542724609375,1.0,0.0402734375,btxrd-heuristic-000702,IMG001190.jpeg,0.0402734375,4124,320,masks/IMG001190.png,e48e480023ca45eb59b007d05ab3ea5b0b5fab740755588ca7689e97dd89b185,0|255,320,3,,27,9,0.040439453125,3,0,3,0.7057847380638123,0.5534859895706177,0.41875797510147095,val,ok,0.15,1,6,11,5,16
47,12,1.0,0.28129830956459045,0.0,0.999990234375,0.18576163053512573,ground_truth,15.009801864624023,3.998209238052368,0.012049198150634766,0.9999997615814209,0.043251953125,btxrd-heuristic-000702,IMG001191.jpeg,0.043251953125,4429,320,masks/IMG001191.png,ff21ec38f4e6cfbb96c77e7bea269c0893ff6ab93ca59e6c874f7d6eb37afc47,0|255,320,7,,60,20,0.04326171875,3,0,3,0.7892631888389587,0.5294225811958313,0.11419662088155746,val,ok,0.14966796875,1,6,27,17,44
21,6,1.0,0.13377727568149567,0.0,0.999990234375,0.172579824924469,ground_truth,17.19474983215332,12.486983299255371,5.570837497711182,0.9999998807907104,0.02896484375,btxrd-heuristic-000707,IMG001202.jpeg,0.02896484375,2966,320,masks/IMG001202.png,09454a4f835d84fc4025ce1ca0b25b02d86c2783eb3b661274025f812911a196,0|255,320,3,,27,9,0.03099609375,3,0,3,0.7421533465385437,0.47670018672943115,0.08508578687906265,val,ok,0.15,1,1,12,5,17
66,18,1.0,0.30147337913513184,0.0,0.999990234375,0.1849292367696762,ground_truth,19.51278305053711,7.832852363586426,0.0,1.0,0.024462890625,btxrd-heuristic-000710,IMG001206.jpeg,0.024462890625,2505,320,masks/IMG001206.png,8b13df338a37aefbec34dd12415e4ad8670930144e09c37f618f85045b4667a4,0|255,320,9,,81,27,0.025517578125,3,0,3,0.7520301342010498,0.4813315272331238,0.05085822194814682,val,ok,0.15,1,1,27,13,40
22,6,1.0,0.12537163496017456,0.0,0.999990234375,0.20546646416187286,ground_truth,18.32440185546875,13.918740272521973,1.2888808250427246,0.9999896287918091,0.053076171875,btxrd-heuristic-000715,IMG001215.jpeg,0.053076171875,5435,320,masks/IMG001215.png,a67c1bef834b857ca6ecb76f9e523dd7328f858d17967953fe6a8baebb353438,0|255,320,3,,27,9,0.054189453125,3,0,3,0.7863827347755432,0.5735869407653809,0.12728841602802277,val,ok,0.15,1,6,12,5,17
23,10,1.0,0.14687345921993256,0.0,0.999990234375,0.18130512535572052,ground_truth,17.337753295898438,8.403484344482422,0.10631442070007324,1.0,0.071396484375,btxrd-heuristic-000715,IMG001216.jpeg,0.071396484375,7311,320,masks/IMG001216.png,0eac586d1bfb41b7653721e74d8c2e6775be411d388b9b22255556bc4991a9db,0|255,320,5,,45,15,0.075400390625,3,0,3,0.6713259220123291,0.35352182388305664,0.021460330113768578,val,ok,0.15,1,6,14,8,22
5,6,1.0,0.10803372412919998,0.0,0.999990234375,0.15152069926261902,ground_truth,17.667552947998047,10.407708168029785,4.828330039978027,1.0,0.078193359375,btxrd-heuristic-000717,IMG001219.jpeg,0.078193359375,8007,320,masks/IMG001219.png,d57deb299d0651ec5d09f7236db7515137704fe6241fd805b69b1a33774f44ad,0|255,320,3,,27,9,0.0786328125,2,0,2,0.4868507385253906,0.3328271210193634,0.19323618710041046,val,ok,0.15,1,1,12,5,17
16,6,1.0,0.10662168264389038,0.0,0.999990234375,0.1637178510427475,ground_truth,20.190990447998047,7.81365966796875,1.2265639305114746,0.999661922454834,0.1076953125,btxrd-heuristic-000724,IMG001231.jpeg,0.1076953125,11028,320,masks/IMG001231.png,8df0d1f8da4d92f6fcabc05ee5c71c188c249d3e85ca9f8341a9bc10d2c26f3d,0|255,320,3,,27,9,0.107958984375,3,0,3,0.6037722229957581,0.4322495758533478,0.2563050091266632,val,ok,0.15,1,1,12,5,17
17,10,1.0,0.14759185910224915,0.0,0.999990234375,0.15978875756263733,ground_truth,8.591029167175293,3.060433864593506,0.0354456901550293,0.9998857975006104,0.06619140625,btxrd-heuristic-000727,IMG001235.jpeg,0.06619140625,6778,320,masks/IMG001235.png,71204ca30389332881a10fb2a67b612a3a730b9506a496716dbee4499b2bf400,0|255,320,5,,42,14,0.067685546875,3,0,3,0.736943244934082,0.36566439270973206,0.035177603363990784,val,ok,0.15,1,1,14,6,20
43,14,1.0,0.21443428099155426,0.0,0.999990234375,0.18827436864376068,ground_truth,26.028730392456055,14.58576774597168,1.2486894130706787,1.0,0.055068359375,btxrd-heuristic-000732,IMG001245.jpeg,0.055068359375,5639,320,masks/IMG001245.png,27de30a2235a090ba3705752c189c35bb29a91f7eec9bfa4be1a4d6b1f30107c,0|255,320,7,,63,21,0.055166015625,3,0,3,0.7496843934059143,0.46410906314849854,0.044379815459251404,val,ok,0.15,1,2,26,15,41
69,18,1.0,0.3152325451374054,0.0,0.999990234375,0.22411726415157318,ground_truth,14.150633811950684,2.214754343032837,0.0,0.18784192204475403,0.005146484375,btxrd-heuristic-000735,IMG001248.jpeg,0.005146484375,527,320,masks/IMG001248.png,9760c9d64d88bbb9b0f6110ec16a1cc4abe8498190ce31f852999f30af631b9b,0|255,320,9,,81,27,0.0055078125,3,0,3,0.7689543962478638,0.5359373092651367,0.253834068775177,val,ok,0.14130859375,1,1,29,13,42
28,8,1.0,0.1719522625207901,0.0,0.9999609375,0.19052352011203766,ground_truth,12.140273094177246,4.20097017288208,0.09021377563476562,0.9998472929000854,0.04392578125,btxrd-heuristic-000738,IMG001251.jpeg,0.04392578125,4498,320,masks/IMG001251.png,f73bfcb03f5e395f71ea601ad02a91a6418f5d0cd1a382d851be316de405c181,0|255,320,4,,36,12,0.044248046875,3,0,3,0.7460930347442627,0.5267907381057739,0.25290390849113464,val,ok,0.15,1,1,16,10,26
73,18,1.0,0.31148409843444824,0.0,0.999990234375,0.1974806934595108,ground_truth,7.847640037536621,1.525072455406189,0.0,0.9949836730957031,0.0269140625,btxrd-heuristic-000745,IMG001259.jpeg,0.0269140625,2756,320,masks/IMG001259.png,f291e76d60ea975c806e22b2f2df4d949c109c466ce0e0b8a7f6526322c6f2fc,0|255,320,9,,81,27,0.0271875,3,0,3,0.7310819625854492,0.5251019597053528,0.11783847212791443,val,ok,0.14943359375,1,1,32,16,48
15,10,1.0,0.14672768115997314,0.0,0.999990234375,0.14847107231616974,ground_truth,10.195623397827148,3.114490032196045,0.0,0.011177683249115944,0.001171875,btxrd-heuristic-000753,IMG001272.jpeg,0.001171875,120,320,masks/IMG001272.png,02e8838976bdccf840284c67dc5a02c1675497f334e440a3bbc2d3e98c67ba44,0|255,320,5,,45,15,0.001171875,3,0,3,0.7014882564544678,0.3353520929813385,0.05020121484994888,val,ok,0.15,1,1,17,7,24
23,6,1.0,0.14299362897872925,0.0,0.999990234375,0.1568906456232071,ground_truth,17.47391700744629,14.751007080078125,6.539410591125488,0.9999998807907104,0.05580078125,btxrd-heuristic-000760,IMG001280.jpeg,0.05580078125,5714,320,masks/IMG001280.png,104ccf29f9843fa785a48ba6336d26b22566f281d07b339935ac276fe5bb1032,0|255,320,3,,27,9,0.055830078125,3,0,3,0.6668954491615295,0.49191680550575256,0.07963180541992188,val,ok,0.149833984375,1,2,12,5,17
24,6,1.0,0.12658660113811493,0.0,0.999990234375,0.15568877756595612,ground_truth,22.946678161621094,16.056377410888672,12.26472282409668,1.0,0.02427734375,btxrd-heuristic-000783,IMG001315.jpeg,0.02427734375,2486,320,masks/IMG001315.png,7e76d12b16f6fbea9c0ac3173b1991a651413fdfcfcce9158bc306ee536850d0,0|255,320,3,,27,9,0.02462890625,3,0,3,0.6636355519294739,0.5241753458976746,0.12996728718280792,val,ok,0.15,1,1,12,5,17
27,10,1.0,0.12245965749025345,0.0,0.999990234375,0.1883094757795334,ground_truth,20.766902923583984,9.478971481323242,0.0,0.9999147653579712,0.075869140625,btxrd-heuristic-000808,IMG001352.jpeg,0.075869140625,7769,320,masks/IMG001352.png,6f23d1726cba2900b57e4d10ddf761be863aef48fc0b7915d1cfa77ccf7026db,0|255,320,5,,45,15,0.075966796875,3,0,3,0.7260717153549194,0.4245699942111969,0.018902136012911797,val,ok,0.15,1,8,16,7,23
41,12,1.0,0.18648666143417358,0.0,0.9999609375,0.20010356605052948,ground_truth,8.271408081054688,2.0534496307373047,0.0,0.9964052438735962,0.0421484375,btxrd-heuristic-000809,IMG001353.jpeg,0.0421484375,4316,320,masks/IMG001353.png,4c5d036be6034bbd5b281af6c23e089b3494ec7107a74b18b8517db6150ed7fd,0|255,320,6,,54,18,0.042568359375,3,0,3,0.7351559400558472,0.5012126564979553,0.08342651277780533,val,ok,0.15,1,3,20,12,32
56,18,1.0,0.2878631353378296,0.0,0.999990234375,0.21064825356006622,ground_truth,8.394280433654785,2.4267938137054443,0.0,0.9895229935646057,0.025830078125,btxrd-heuristic-000821,IMG001371.jpeg,0.025830078125,2645,320,masks/IMG001371.png,99cf6849610f40b65013f537cacc3e25591fec0c5b015832dbe59dc199519f51,0|255,320,9,,81,27,0.025830078125,3,0,3,0.7713034152984619,0.486869752407074,0.08701515197753906,val,ok,0.143271484375,1,3,30,18,48
33,8,0.9999998807907104,0.23877301812171936,0.0,0.999990234375,0.19805896282196045,ground_truth,8.141900062561035,3.0585944652557373,0.0,0.0009269150323234499,0.061953125,btxrd-heuristic-000826,IMG001379.jpeg,0.061953125,6344,320,masks/IMG001379.png,695d46b78f735f4137318d523914581b58b05e2840b105000a3adff2d244f925,0|255,320,5,,42,14,0.061953125,3,0,3,0.7377509474754333,0.5085493326187134,0.1587703377008438,val,ok,0.15,1,9,17,10,27
38,14,1.0,0.20400933921337128,0.0,0.9999609375,0.18899080157279968,ground_truth,22.433256149291992,13.661481857299805,7.959203243255615,1.0,0.076201171875,btxrd-heuristic-000833,IMG001391.jpeg,0.076201171875,7803,320,masks/IMG001391.png,7567864b7f77fffa43d860664e917cc8318216920f647b2892454fcb8b6041d8,0|255,320,7,,63,21,0.076396484375,3,0,3,0.7535020112991333,0.4474152624607086,0.07570864260196686,val,ok,0.15,1,2,27,12,39
9,10,1.0,0.12310570478439331,0.0,0.999990234375,0.16895738244056702,ground_truth,13.17034912109375,3.3590946197509766,0.0,0.13915184140205383,0.11615234375,btxrd-heuristic-000836,IMG001394.jpeg,0.11615234375,11894,320,masks/IMG001394.png,2b7968158f983d51f7356d0539910f0e3fe5d2a2671b5b0a193518e9f5025614,0|255,320,5,,45,15,0.1163671875,3,0,3,0.5209783315658569,0.2844713628292084,0.02471078373491764,val,ok,0.15,1,1,18,10,28
25,8,0.9999999403953552,0.11925230175256729,0.0,0.999990234375,0.17068837583065033,ground_truth,10.48487663269043,5.741621017456055,0.018307745456695557,0.20425525307655334,0.060166015625,btxrd-heuristic-000840,IMG001402.jpeg,0.060166015625,6161,320,masks/IMG001402.png,d632c8e2d8a4cb8581e32aad5829350f1a2ce5945ad903696d5f6e6df0a24336,0|255,320,4,,36,12,0.060244140625,3,0,3,0.7216669917106628,0.4395988881587982,0.09427564591169357,val,ok,0.15,1,8,14,6,20
19,6,1.0,0.1298755258321762,0.0,0.999990234375,0.16967754065990448,ground_truth,14.931739807128906,9.560174942016602,3.266050100326538,0.34541624784469604,0.064423828125,btxrd-heuristic-000842,IMG001405.jpeg,0.064423828125,6597,320,masks/IMG001405.png,8caf9363a729995b6ea4413d2b4d7932ff6ed01fe67fe316520189f4f1cf8a04,0|255,320,3,,27,9,0.064775390625,3,0,3,0.7550686597824097,0.4652250409126282,0.14027725160121918,val,ok,0.15,1,3,12,5,17
20,6,1.0,0.1057349219918251,0.0,0.999990234375,0.1591212898492813,ground_truth,20.108417510986328,15.35429859161377,6.4541521072387695,0.999998927116394,0.01158203125,btxrd-heuristic-000868,IMG001448.jpeg,0.01158203125,1186,320,masks/IMG001448.png,1a132ada40a64b21f79294f0fb05b13635ee7783bc74dfd9cbf083227823fe97,0|255,320,3,,27,9,0.01212890625,3,0,3,0.6948563456535339,0.4626367390155792,0.1689702719449997,val,ok,0.15,1,1,12,5,17
14,6,1.0,0.13662275671958923,0.0,0.999990234375,0.1581251472234726,ground_truth,15.612409591674805,10.904096603393555,0.5915193557739258,0.9998824596405029,0.113740234375,btxrd-heuristic-000871,IMG001453.jpeg,0.113740234375,11647,320,masks/IMG001453.png,d37796b7cd4c00c0301d2eb8d00b62c4566f80f014f9af7d556a51a154138209,0|255,320,3,,27,9,0.113876953125,3,0,3,0.6832571029663086,0.4095745384693146,0.13068196177482605,val,ok,0.15,1,9,12,5,17
51,14,1.0,0.2852419912815094,0.0,0.999990234375,0.23019422590732574,ground_truth,15.628839492797852,3.59783935546875,0.2502889633178711,0.8058154582977295,0.07525390625,btxrd-heuristic-000872,IMG001454.jpeg,0.07525390625,7706,320,masks/IMG001454.png,bf7f71cfc039ca2065011f2d30a6e67fe26d0139e7cf9235bfdbc24426ce454d,0|255,320,7,,60,20,0.07564453125,3,0,3,0.7584918737411499,0.5231808423995972,0.19129343330860138,val,ok,0.15,1,1,22,10,32
18,6,1.0,0.16036617755889893,0.0,0.999990234375,0.1782819777727127,ground_truth,21.22365951538086,17.83884620666504,11.694267272949219,1.0,0.06599609375,btxrd-heuristic-000873,IMG001455.jpeg,0.06599609375,6758,320,masks/IMG001455.png,6f13e6ec007c399760715d7eb13b645830f531ccfa1a990af384f5b4849ad2dc,0|255,320,3,,27,9,0.06603515625,3,0,3,0.7791793942451477,0.5221724510192871,0.2769322693347931,val,ok,0.15,1,3,12,5,17
45,12,1.0,0.1824970692396164,0.0,0.999990234375,0.1862015575170517,ground_truth,10.263848304748535,4.6214470863342285,1.396203875541687,0.9941025376319885,0.0228515625,btxrd-heuristic-000880,IMG001468.jpeg,0.0228515625,2340,320,masks/IMG001468.png,70a24b73345897539470343a6b9931ca16c4f6bee968adc75480cb51e3bebaaf,0|255,320,6,,54,18,0.0228515625,3,0,3,0.7830913066864014,0.5641916990280151,0.20780079066753387,val,ok,0.15,1,1,23,10,33
33,12,1.0,0.18171261250972748,0.0,0.999990234375,0.19496123492717743,ground_truth,10.767457962036133,1.8358874320983887,0.0,0.0030750101432204247,0.09462890625,btxrd-heuristic-000883,IMG001473.jpeg,0.09462890625,9690,320,masks/IMG001473.png,6be22bd9d0e36ca1f616739b734b4926a8241583edc4d75d215d7a3d2ac84bd0,0|255,320,6,,54,18,0.09486328125,3,0,3,0.6864230036735535,0.41497552394866943,0.07023441046476364,val,ok,0.146044921875,1,3,21,12,33
24,6,0.9999999403953552,0.09563564509153366,0.0,0.999990234375,0.1637580394744873,ground_truth,1.0413002967834473,0.5795091986656189,0.0,1.3502507499651983e-05,0.033623046875,btxrd-heuristic-000885,IMG001476.jpeg,0.033623046875,3443,320,masks/IMG001476.png,0e44152559bef807f8606632e7e4cb16aaacd4f6af05e2e19391677cc149a15d,0|255,320,3,,27,9,0.034658203125,3,0,3,0.7471902966499329,0.5498127341270447,0.11100083589553833,val,ok,0.15001953125,1,3,12,5,17
49,18,1.0,0.18629203736782074,0.0,0.999990234375,0.17648781836032867,ground_truth,19.212549209594727,4.559906959533691,0.0,0.00824829749763012,0.0015234375,btxrd-heuristic-000889,IMG001483.jpeg,0.0015234375,156,320,masks/IMG001483.png,321ede23de0072583054188c4f891e0a2d7670da7e5f46458578bebd54bf5186,0|255,320,9,,81,27,0.0015234375,3,0,3,0.7720919847488403,0.4426743686199188,0.059076666831970215,val,ok,0.15,1,8,33,15,48
27,8,1.0,0.16388696432113647,0.0,0.999990234375,0.17174148559570312,ground_truth,14.844696044921875,9.281233787536621,0.0010251998901367188,0.9998565912246704,0.079140625,btxrd-heuristic-000893,IMG001490.jpeg,0.079140625,8104,320,masks/IMG001490.png,c2beeee83f18ae57171b12b552c87b98230d4172d695b7743b4fe1f5d082370a,0|255,320,4,,36,12,0.0794140625,3,0,3,0.6677601933479309,0.45337188243865967,0.00021389237372204661,val,ok,0.15,1,3,16,10,26
23,6,1.0,0.14174608886241913,0.0,0.999990234375,0.18596673011779785,ground_truth,17.552223205566406,9.411131858825684,2.2612600326538086,0.9998507499694824,0.06951171875,btxrd-heuristic-000893,IMG001491.jpeg,0.06951171875,7118,320,masks/IMG001491.png,763ae4fce50b37b839aedb14230fe0a4816d732b32ed2226bcadb76b92400841,0|255,320,3,,27,9,0.071533203125,3,0,3,0.772838830947876,0.5140175819396973,0.1505705863237381,val,ok,0.15,1,3,12,5,17
66,18,1.0,0.24325595796108246,0.0,0.9999609375,0.1982983499765396,ground_truth,19.272687911987305,8.262600898742676,0.18465042114257812,1.0,0.08822265625,btxrd-heuristic-000907,IMG001517.jpeg,0.08822265625,9034,320,masks/IMG001517.png,cec830dad4350bcf2813cffa0b31cddf16c2c7b7cd20b58aa9d9dfa53169e36e,0|255,320,9,,81,27,0.088466796875,3,0,3,0.8083683848381042,0.5143626928329468,0.05878371000289917,val,ok,0.15,1,2,30,20,50
20,6,1.0,0.11917636543512344,0.0,0.999990234375,0.15948158502578735,ground_truth,15.929678916931152,7.765682697296143,0.0,0.30233749747276306,0.04552734375,btxrd-heuristic-000916,IMG001538.jpeg,0.04552734375,4662,320,masks/IMG001538.png,3136839eb3ebda7241e275aec670214548127a03c9d13010d7e2fad5e02a2ca6,0|255,320,3,,27,9,0.0505859375,3,0,3,0.5831175446510315,0.4411304295063019,0.25340211391448975,val,ok,0.15,1,4,12,5,17
20,8,1.0,0.15654829144477844,0.0,0.999990234375,0.17453013360500336,ground_truth,13.99116039276123,3.6548643112182617,0.0,0.6147868633270264,0.076240234375,btxrd-heuristic-000916,IMG001539.jpeg,0.076240234375,7807,320,masks/IMG001539.png,e1321dd8bd59b92f13f5e9cc169c616c571922954f00c1ced9b94a69794dde11,0|255,320,4,,36,12,0.077099609375,3,0,3,0.5786705613136292,0.3879094421863556,0.0451696552336216,val,ok,0.15,1,4,13,7,20
15,6,1.0,0.12253550440073013,0.0,0.999990234375,0.17131289839744568,ground_truth,24.41852569580078,11.591947555541992,0.9319572448730469,0.9999902248382568,0.119267578125,btxrd-heuristic-000922,IMG001551.jpeg,0.119267578125,12213,320,masks/IMG001551.png,23357c8c760fc73e15ab61b4770967e38fd8d8b72e7cf70f9fef2cff3af4a813,0|255,320,3,,27,9,0.119267578125,3,0,3,0.5728015303611755,0.4027476906776428,0.05560325086116791,val,ok,0.15,1,4,12,5,17
22,10,1.0,0.17811593413352966,0.0,0.999990234375,0.17406460642814636,ground_truth,12.156780242919922,5.531674385070801,0.0,0.9999916553497314,0.012470703125,btxrd-heuristic-000930,IMG001563.jpeg,0.012470703125,1277,320,masks/IMG001563.png,319b893e44de45f131215db19a435629d9e337a522480050d84faa33902b4d45,0|255,320,5,,45,15,0.01275390625,3,0,3,0.8098357915878296,0.4083196818828583,0.08028468489646912,val,ok,0.15,1,2,16,10,26
19,8,1.0,0.159765362739563,0.0,0.999990234375,0.18764697015285492,ground_truth,16.33418846130371,6.734973907470703,0.0,0.03255851939320564,0.071748046875,btxrd-heuristic-000940,IMG001580.jpeg,0.071748046875,7347,320,masks/IMG001580.png,2ade14ac634387e9204c7debaf2ae354008f5b50a932be10bd1cb3d39e5a0237,0|255,320,4,,36,12,0.071982421875,3,0,3,0.7778701186180115,0.3973295986652374,0.11154384166002274,val,ok,0.15,1,4,14,6,20
24,10,1.0,0.1595112830400467,0.0,0.999990234375,0.18374812602996826,ground_truth,18.491390228271484,8.8062744140625,0.0,0.22777734696865082,0.04103515625,btxrd-heuristic-000940,IMG001581.jpeg,0.04103515625,4202,320,masks/IMG001581.png,45938e97fb6c7c02c05f9771b6846062141d6f461c8359907f79b2eeab7df34c,0|255,320,5,,45,15,0.041533203125,3,0,3,0.7136772274971008,0.41287022829055786,0.03578917309641838,val,ok,0.15,1,4,16,10,26
18,6,1.0,0.11537930369377136,0.0,0.999990234375,0.1412646472454071,ground_truth,26.099720001220703,18.180458068847656,1.240447998046875,0.9999964237213135,0.038466796875,btxrd-heuristic-000951,IMG001601.jpeg,0.038466796875,3939,320,masks/IMG001601.png,781c6c22ae2d98b4f8ee66cf59f3cd072112e1e281d5256760d126b75ce1f989,0|255,320,3,,27,9,0.03974609375,3,0,3,0.6152744889259338,0.419702410697937,0.052060239017009735,val,ok,0.15,1,3,12,5,17
29,8,1.0,0.23248010873794556,0.0,0.999990234375,0.21193112432956696,ground_truth,17.973339080810547,9.604949951171875,0.5288100242614746,1.0,0.090205078125,btxrd-heuristic-000955,IMG001606.jpeg,0.090205078125,9237,320,masks/IMG001606.png,37924806e27861b7d5b2b1a3e136bbdefb8fce29b9e51b82100dba8605d80667,0|255,320,4,,36,12,0.09095703125,3,0,3,0.7562781572341919,0.5191640257835388,0.2664567530155182,val,ok,0.15,1,2,16,10,26
63,18,1.0,0.23337942361831665,0.0,0.999990234375,0.19070588052272797,ground_truth,10.621355056762695,4.050870895385742,0.0,0.8571743369102478,0.0110546875,btxrd-heuristic-000956,IMG001607.jpeg,0.0110546875,1132,320,masks/IMG001607.png,f048334d5b5a76aa88c502f3756e1c56ab2e7b8ea49a3db016455d2c9a402268,0|255,320,9,,81,27,0.0110546875,3,0,3,0.778558611869812,0.5306586027145386,0.09853687137365341,val,ok,0.15,1,1,33,15,48
26,12,1.0,0.15518571436405182,0.0,0.999990234375,0.18028800189495087,ground_truth,22.139259338378906,8.72578239440918,0.0,0.9938540458679199,0.07177734375,btxrd-heuristic-000959,IMG001612.jpeg,0.07177734375,7350,320,masks/IMG001612.png,b0aa1e3b34756ed2540b9a793010920260111bd28f87f80f7ae56e2dfc9163e0,0|255,320,6,,54,18,0.07177734375,3,0,3,0.7776458859443665,0.4081336259841919,0.05337463319301605,val,ok,0.15,1,3,21,10,31
18,6,1.0,0.1164756566286087,0.0,0.999990234375,0.16944371163845062,ground_truth,16.040857315063477,11.051078796386719,3.3194522857666016,0.8639320135116577,0.0882421875,btxrd-heuristic-000962,IMG001617.jpeg,0.0882421875,9036,320,masks/IMG001617.png,b25112c45bce5f818bc74011dbeba94b046bda31a0285d68af942726397a78ea,0|255,320,3,,27,9,0.0883984375,3,0,3,0.7103077173233032,0.4577314555644989,0.16584791243076324,val,ok,0.15,1,8,12,5,17
15,10,1.0,0.1513364166021347,0.0,0.999990234375,0.1735536903142929,ground_truth,5.006779193878174,2.1997973918914795,0.0,1.9010552705367445e-06,0.073203125,btxrd-heuristic-000972,IMG001632.jpeg,0.073203125,7496,320,masks/IMG001632.png,4026457990b1ed879a9692359d390753a3796111d31b4cd26f1f3e9650e4c793,0|255,320,5,,45,15,0.07505859375,3,0,3,0.6270769238471985,0.3180965483188629,0.0254316795617342,val,ok,0.149658203125,1,3,18,9,27
25,14,1.0,0.15702319145202637,0.0,0.999990234375,0.13652008771896362,ground_truth,11.403053283691406,5.804871082305908,0.0,1.0,0.00279296875,btxrd-heuristic-000978,IMG001638.jpeg,0.00279296875,286,320,masks/IMG001638.png,6c4445527ecba7715620799c6e74af44277c0ee276f90206a7582ef05da4a404,0|255,320,7,,63,21,0.00279296875,3,0,3,0.6527920365333557,0.3203712999820709,0.018970999866724014,val,ok,0.1476171875,1,2,18,18,36
38,18,1.0,0.25228452682495117,0.0,0.999990234375,0.16094686090946198,ground_truth,14.36348819732666,9.109875679016113,3.368795394897461,1.0,0.069140625,btxrd-heuristic-000981,IMG001642.jpeg,0.069140625,7080,320,masks/IMG001642.png,7df8dd7d633afad71b58944d9d5628424cfb759d7d4ed32150b71ba24556bf1e,0|255,320,9,,81,27,0.069482421875,3,0,3,0.6756582260131836,0.3673984110355377,0.0030318950302898884,val,ok,0.1461328125,1,2,35,18,53
28,8,1.0,0.1793949156999588,0.0,0.999990234375,0.17740239202976227,ground_truth,18.221872329711914,9.526508331298828,0.9644479751586914,1.0,0.0391015625,btxrd-heuristic-000982,IMG001643.jpeg,0.0391015625,4004,320,masks/IMG001643.png,6175f67f534a10ce55c9020519fb77547756fbeb1639c0907d0cba27c59fb47e,0|255,320,5,,42,14,0.0398046875,3,0,3,0.7421917915344238,0.4698929190635681,0.14403048157691956,val,ok,0.15,1,2,20,9,29
26,14,1.0,0.15616470575332642,0.0,0.999990234375,0.15858499705791473,ground_truth,14.920687675476074,8.017664909362793,0.638920783996582,1.0,0.01546875,btxrd-heuristic-000993,IMG001661.jpeg,0.01546875,1584,320,masks/IMG001661.png,8cf1f281b1fb1e6099687698166a26bc1976ea0a86a72ba5984dce4fc6e3f145,0|255,320,7,,63,21,0.01546875,3,0,3,0.7974848747253418,0.38259440660476685,0.021667998284101486,val,ok,0.15,1,2,24,11,35
21,8,1.0,0.16362760961055756,0.0,0.999990234375,0.179438054561615,ground_truth,20.892532348632812,11.192739486694336,5.171830177307129,1.0,0.10900390625,btxrd-heuristic-000997,IMG001666.jpeg,0.10900390625,11162,320,masks/IMG001666.png,ccf07e1fc36e1df77fd7a09614fb6f9440ea01da3d11ebb37caab88e51840c43,0|255,320,4,,36,12,0.111494140625,3,0,3,0.6461397409439087,0.4508313536643982,0.2654246389865875,val,ok,0.15,1,2,15,10,25
41,14,1.0,0.15960069000720978,0.0,0.999990234375,0.15591643750667572,ground_truth,13.845682144165039,7.41814661026001,0.017679214477539062,1.0,0.028818359375,btxrd-heuristic-001029,IMG001716.jpeg,0.028818359375,2951,320,masks/IMG001716.png,06d0f5b39a9855d14f651285d4302e02f941f4fdbd26c58eb60eaa1700ff844d,0|255,320,7,,63,21,0.02888671875,3,0,3,0.7332445383071899,0.46433335542678833,0.0626107007265091,val,ok,0.148994140625,1,9,23,18,41
34,12,1.0,0.13760298490524292,0.0,0.999990234375,0.1721889227628708,ground_truth,5.602418422698975,3.74533748626709,0.2858409881591797,0.9998844861984253,0.0275390625,btxrd-heuristic-001031,IMG001719.jpeg,0.0275390625,2820,320,masks/IMG001719.png,93c7caf9af39471e991eca0f40ddee48646a0b3e56aac593c7ca0699e610c272,0|255,320,6,,54,18,0.029716796875,3,0,3,0.743712842464447,0.47074082493782043,0.033580802381038666,val,ok,0.15,1,5,24,14,38
23,12,1.0,0.14936895668506622,0.0,0.999990234375,0.14899583160877228,ground_truth,15.13135051727295,5.840705394744873,0.0778961181640625,0.9999998807907104,0.01328125,btxrd-heuristic-001033,IMG001723.jpeg,0.01328125,1360,320,masks/IMG001723.png,e880a88538fd52123f528c9e9d7941fcb185e5836dfce673a8367cb25a1b6de1,0|255,320,6,,54,18,0.0151953125,3,0,3,0.7919306755065918,0.39344802498817444,0.0063409446738660336,val,ok,0.1455078125,1,1,23,18,41
26,8,1.0,0.15869055688381195,0.0,0.999990234375,0.18562093377113342,ground_truth,18.443906784057617,8.040596961975098,2.303328037261963,1.0,0.033349609375,btxrd-heuristic-001047,IMG001744.jpeg,0.033349609375,3415,320,masks/IMG001744.png,d7f6e375947900a2975d708c3de8768f48801fb016aee4613e678c735893cdac,0|255,320,4,,36,12,0.0337890625,3,0,3,0.7444471120834351,0.5083760023117065,0.1464378535747528,val,ok,0.15,1,4,16,13,29
23,14,0.9999999403953552,0.09250201284885406,0.0,0.999990234375,0.13342151045799255,ground_truth,8.631497383117676,3.5990564823150635,0.18942618370056152,0.9999948740005493,0.037392578125,btxrd-heuristic-001056,IMG001759.jpeg,0.037392578125,3829,320,masks/IMG001759.png,def8cf60053851b0397cade7b5eb51433cdda88f6cc13dde4e260fa325bd4bfa,0|255,320,7,,63,21,0.037451171875,3,0,3,0.7121313810348511,0.32368215918540955,0.02687528356909752,val,ok,0.146494140625,1,1,28,19,47
77,18,1.0,0.2830793261528015,0.0,0.999990234375,0.24360091984272003,ground_truth,10.936721801757812,2.8948943614959717,0.0,0.9999996423721313,0.066748046875,btxrd-heuristic-001057,IMG001760.jpeg,0.066748046875,6835,320,masks/IMG001760.png,26092e93452af2830b210558df147dd7da44bbf77d9041f367ea8dfc505e035e,0|255,320,9,,81,27,0.067421875,3,0,3,0.7852182388305664,0.5990572571754456,0.11853126436471939,val,ok,0.15,1,8,28,21,49
9,6,1.0,0.15333901345729828,0.0,0.999990234375,0.16119584441184998,ground_truth,24.433452606201172,12.84554672241211,0.0,1.0,0.138798828125,btxrd-heuristic-001057,IMG001761.jpeg,0.138798828125,14213,320,masks/IMG001761.png,dd5089fd9940050107c3ba91cb65730340b1430ef887e92a980e8f1c64ef9558,0|255,320,3,,27,9,0.138818359375,3,0,3,0.5442315340042114,0.35387399792671204,0.2246905267238617,val,ok,0.15,1,8,12,5,17
27,10,1.0,0.11977778375148773,0.0,0.999990234375,0.15240371227264404,ground_truth,8.92465591430664,4.540928840637207,0.0,0.9984403252601624,0.044228515625,btxrd-heuristic-001069,IMG001781.jpeg,0.044228515625,4529,320,masks/IMG001781.png,254df99838d4458188e204cb055a40510eb01e1f6fa91bac73fb990c666f7104,0|255,320,5,,45,15,0.04427734375,3,0,3,0.7119603753089905,0.4225260317325592,0.041836854070425034,val,ok,0.15,1,7,20,18,38
23,12,1.0,0.12704704701900482,0.0,0.999990234375,0.1488001048564911,ground_truth,10.466411590576172,4.636189937591553,0.42989253997802734,1.0,0.004521484375,btxrd-heuristic-001070,IMG001782.jpeg,0.004521484375,463,320,masks/IMG001782.png,affd3d265624ecb80d88684179a95a40470abc3af97ce660a45b950093a11030,0|255,320,6,,54,18,0.004521484375,3,0,3,0.7063072323799133,0.36148446798324585,0.00019009273091796786,val,ok,0.15,1,7,22,20,42
25,14,1.0,0.146152064204216,0.0,0.999990234375,0.15784525871276855,ground_truth,17.17055892944336,6.794997692108154,0.0,0.999984860420227,0.028115234375,btxrd-heuristic-001073,IMG001785.jpeg,0.028115234375,2879,320,masks/IMG001785.png,6f81401c865fa5cef6c7b649d236aa68733ecbd9b19964f16710c427dd7b3db1,0|255,320,7,,63,21,0.029521484375,3,0,3,0.6901839971542358,0.34007030725479126,0.05173729360103607,val,ok,0.15,1,7,25,19,44
49,12,1.0,0.19531400501728058,0.0,0.999990234375,0.20577915012836456,ground_truth,21.672405242919922,6.458454132080078,0.0,1.0,0.0480859375,btxrd-heuristic-001074,IMG001786.jpeg,0.0480859375,4924,320,masks/IMG001786.png,a38200819edd081bce0b9e887ad9dca6da7e6a6be95616912c52efcc5a25473b,0|255,320,6,,54,18,0.048173828125,3,0,3,0.7639251947402954,0.6033903956413269,0.27016013860702515,val,ok,0.15,1,1,18,15,33
21,12,0.9999999403953552,0.1400017887353897,0.0,0.999990234375,0.1730910986661911,ground_truth,12.412178039550781,5.71793794631958,0.0,1.0,0.06400390625,btxrd-heuristic-001077,IMG001791.jpeg,0.06400390625,6554,320,masks/IMG001791.png,95aa044c045693786dfa61929732216ba890479cd3ae78b90f8b265088c75498,0|255,320,6,,54,18,0.064033203125,3,0,3,0.6678810119628906,0.34303992986679077,0.03882114216685295,val,ok,0.15,1,7,21,11,32
41,14,1.0,0.24136842787265778,0.0,0.999990234375,0.19068291783332825,ground_truth,16.6916446685791,6.7292799949646,0.2931380271911621,0.9999991655349731,0.049677734375,btxrd-heuristic-001080,IMG001795.jpeg,0.049677734375,5087,320,masks/IMG001795.png,33deb358def184ee82c5a0e985b38d6b3c61c1e192bdfdddeb4ed5e1a017fc14,0|255,320,7,,63,21,0.04970703125,3,0,3,0.7676793336868286,0.4812878966331482,0.05730632320046425,val,ok,0.147939453125,1,2,25,11,36
76,18,1.0,0.24321256577968597,0.0,0.999990234375,0.22497645020484924,ground_truth,4.9952921867370605,2.178304672241211,0.0,0.9989451766014099,0.06908203125,btxrd-heuristic-001083,IMG001798.jpeg,0.06908203125,7074,320,masks/IMG001798.png,830467bf36e879cfb3a89ab74f85e152cc94b79a0cb91422f3e649ad993eb1ba,0|255,320,9,,81,27,0.069619140625,3,0,3,0.8057736754417419,0.5870200395584106,0.15423639118671417,val,ok,0.148193359375,1,7,30,26,56
42,12,1.0,0.16544097661972046,0.0,0.999990234375,0.17449162900447845,ground_truth,20.472414016723633,12.708209991455078,0.0,1.0,0.0542578125,btxrd-heuristic-001104,IMG001828.jpeg,0.0542578125,5556,320,masks/IMG001828.png,2a4102497892612d40659b53c29bf4b34886f83bc9a83ee56139a4c844430942,0|255,320,6,,54,18,0.0542578125,3,0,3,0.7200512290000916,0.4866403043270111,0.02491089515388012,val,ok,0.15,1,1,24,11,35
23,14,1.0,0.11517834663391113,0.0,0.999990234375,0.13679814338684082,ground_truth,10.135823249816895,4.090848445892334,0.0461125373840332,0.9999998807907104,0.029775390625,btxrd-heuristic-001118,IMG001858.jpeg,0.029775390625,3049,320,masks/IMG001858.png,acf38b2331aea611240bd34082cfae7aee8dcc97e5ff590b79cf6c253a8c632f,0|255,320,7,,63,21,0.029853515625,3,0,3,0.6461373567581177,0.3187031149864197,0.019006336107850075,val,ok,0.15,1,2,25,18,43
27,8,1.0,0.133106529712677,0.0,0.999990234375,0.1655901074409485,ground_truth,14.496452331542969,5.281471252441406,0.6702070236206055,1.0,0.0372265625,btxrd-heuristic-001123,IMG001867.jpeg,0.0372265625,3812,320,masks/IMG001867.png,13f98d4e24dd35c547703fabd09e76b1f3f8246f3572b854b3e60049c9f3a61d,0|255,320,4,,36,12,0.04080078125,3,0,3,0.7013248801231384,0.49550533294677734,0.008534074760973454,val,ok,0.15,1,8,16,15,31
0,0,,,,,,ground_truth,,,,0.012795734219253063,0.0,btxrd-heuristic-001124,IMG001868.jpeg,0.0,0,320,masks/IMG001868.png,14bf4fc16d7e9f17cb073a83ba89ab04bd4c22a2b6f80f25bf73a67ce7a0a340,0,320,0,known_image_label_normal,0,0,0.0,0,0,0,,,,val,empty_by_image_gate,0.0,0,0,0,0,0
0,0,,,,,,ground_truth,,,,0.0008863325347192585,0.0,btxrd-heuristic-001124,IMG001869.jpeg,0.0,0,320,masks/IMG001869.png,14bf4fc16d7e9f17cb073a83ba89ab04bd4c22a2b6f80f25bf73a67ce7a0a340,0,320,0,known_image_label_normal,0,0,0.0,0,0,0,,,,val,empty_by_image_gate,0.0,0,0,0,0,0
0,0,,,,,,ground_truth,,,,0.8298066854476929,0.0,btxrd-heuristic-001124,IMG001870.jpeg,0.0,0,320,masks/IMG001870.png,14bf4fc16d7e9f17cb073a83ba89ab04bd4c22a2b6f80f25bf73a67ce7a0a340,0,320,0,known_image_label_normal,0,0,0.0,0,0,0,,,,val,empty_by_image_gate,0.0,0,0,0,0,0
0,0,,,,,,ground_truth,,,,0.0008193377288989723,0.0,btxrd-heuristic-001124,IMG001871.jpeg,0.0,0,320,masks/IMG001871.png,14bf4fc16d7e9f17cb073a83ba89ab04bd4c22a2b6f80f25bf73a67ce7a0a340,0,320,0,known_image_label_normal,0,0,0.0,0,0,0,,,,val,empty_by_image_gate,0.0,0,0,0,0,0
0,0,,,,,,ground_truth,,,,0.3444572687149048,0.0,btxrd-heuristic-001125,IMG001872.jpeg,0.0,0,320,masks/IMG001872.png,14bf4fc16d7e9f17cb073a83ba89ab04bd4c22a2b6f80f25bf73a67ce7a0a340,0,320,0,known_image_label_normal,0,0,0.0,0,0,0,,,,val,empty_by_image_gate,0.0,0,0,0,0,0
0,0,,,,,,ground_truth,,,,0.00037847369094379246,0.0,btxrd-heuristic-001127,IMG001874.jpeg,0.0,0,320,masks/IMG001874.png,14bf4fc16d7e9f17cb073a83ba89ab04bd4c22a2b6f80f25bf73a67ce7a0a340,0,320,0,known_image_label_normal,0,0,0.0,0,0,0,,,,val,empty_by_image_gate,0.0,0,0,0,0,0
0,0,,,,,,ground_truth,,,,0.000617902260273695,0.0,btxrd-heuristic-001127,IMG001875.jpeg,0.0,0,320,masks/IMG001875.png,14bf4fc16d7e9f17cb073a83ba89ab04bd4c22a2b6f80f25bf73a67ce7a0a340,0,320,0,known_image_label_normal,0,0,0.0,0,0,0,,,,val,empty_by_image_gate,0.0,0,0,0,0,0
0,0,,,,,,ground_truth,,,,0.00016614599735476077,0.0,btxrd-heuristic-001127,IMG001876.jpeg,0.0,0,320,masks/IMG001876.png,14bf4fc16d7e9f17cb073a83ba89ab04bd4c22a2b6f80f25bf73a67ce7a0a340,0,320,0,known_image_label_normal,0,0,0.0,0,0,0,,,,val,empty_by_image_gate,0.0,0,0,0,0,0
0,0,,,,,,ground_truth,,,,0.06976968795061111,0.0,btxrd-heuristic-001127,IMG001877.jpeg,0.0,0,320,masks/IMG001877.png,14bf4fc16d7e9f17cb073a83ba89ab04bd4c22a2b6f80f25bf73a67ce7a0a340,0,320,0,known_image_label_normal,0,0,0.0,0,0,0,,,,val,empty_by_image_gate,0.0,0,0,0,0,0
0,0,,,,,,ground_truth,,,,0.9992990493774414,0.0,btxrd-heuristic-001130,IMG001881.jpeg,0.0,0,320,masks/IMG001881.png,14bf4fc16d7e9f17cb073a83ba89ab04bd4c22a2b6f80f25bf73a67ce7a0a340,0,320,0,known_image_label_normal,0,0,0.0,0,0,0,,,,val,empty_by_image_gate,0.0,0,0,0,0,0
0,0,,,,,,ground_truth,,,,0.9896414875984192,0.0,btxrd-heuristic-001132,IMG001883.jpeg,0.0,0,320,masks/IMG001883.png,14bf4fc16d7e9f17cb073a83ba89ab04bd4c22a2b6f80f25bf73a67ce7a0a340,0,320,0,known_image_label_normal,0,0,0.0,0,0,0,,,,val,empty_by_image_gate,0.0,0,0,0,0,0
0,0,,,,,,ground_truth,,,,6.282830922188509e-10,0.0,btxrd-heuristic-001134,IMG001887.jpeg,0.0,0,320,masks/IMG001887.png,14bf4fc16d7e9f17cb073a83ba89ab04bd4c22a2b6f80f25bf73a67ce7a0a340,0,320,0,known_image_label_normal,0,0,0.0,0,0,0,,,,val,empty_by_image_gate,0.0,0,0,0,0,0
0,0,,,,,,ground_truth,,,,9.576026968716178e-06,0.0,btxrd-heuristic-001134,IMG001888.jpeg,0.0,0,320,masks/IMG001888.png,14bf4fc16d7e9f17cb073a83ba89ab04bd4c22a2b6f80f25bf73a67ce7a0a340,0,320,0,known_image_label_normal,0,0,0.0,0,0,0,,,,val,empty_by_image_gate,0.0,0,0,0,0,0
0,0,,,,,,ground_truth,,,,4.846368710786919e-07,0.0,btxrd-heuristic-001134,IMG001889.jpeg,0.0,0,320,masks/IMG001889.png,14bf4fc16d7e9f17cb073a83ba89ab04bd4c22a2b6f80f25bf73a67ce7a0a340,0,320,0,known_image_label_normal,0,0,0.0,0,0,0,,,,val,empty_by_image_gate,0.0,0,0,0,0,0
0,0,,,,,,ground_truth,,,,2.8837660011049593e-06,0.0,btxrd-heuristic-001134,IMG001890.jpeg,0.0,0,320,masks/IMG001890.png,14bf4fc16d7e9f17cb073a83ba89ab04bd4c22a2b6f80f25bf73a67ce7a0a340,0,320,0,known_image_label_normal,0,0,0.0,0,0,0,,,,val,empty_by_image_gate,0.0,0,0,0,0,0
0,0,,,,,,ground_truth,,,,2.9738937428192003e-06,0.0,btxrd-heuristic-001141,IMG001915.jpeg,0.0,0,320,masks/IMG001915.png,14bf4fc16d7e9f17cb073a83ba89ab04bd4c22a2b6f80f25bf73a67ce7a0a340,0,320,0,known_image_label_normal,0,0,0.0,0,0,0,,,,val,empty_by_image_gate,0.0,0,0,0,0,0
0,0,,,,,,ground_truth,,,,4.717238698503934e-05,0.0,btxrd-heuristic-001141,IMG001916.jpeg,0.0,0,320,masks/IMG001916.png,14bf4fc16d7e9f17cb073a83ba89ab04bd4c22a2b6f80f25bf73a67ce7a0a340,0,320,0,known_image_label_normal,0,0,0.0,0,0,0,,,,val,empty_by_image_gate,0.0,0,0,0,0,0
0,0,,,,,,ground_truth,,,,3.439341185185185e-07,0.0,btxrd-heuristic-001141,IMG001917.jpeg,0.0,0,320,masks/IMG001917.png,14bf4fc16d7e9f17cb073a83ba89ab04bd4c22a2b6f80f25bf73a67ce7a0a340,0,320,0,known_image_label_normal,0,0,0.0,0,0,0,,,,val,empty_by_image_gate,0.0,0,0,0,0,0
0,0,,,,,,ground_truth,,,,4.306944276777358e-07,0.0,btxrd-heuristic-001141,IMG001918.jpeg,0.0,0,320,masks/IMG001918.png,14bf4fc16d7e9f17cb073a83ba89ab04bd4c22a2b6f80f25bf73a67ce7a0a340,0,320,0,known_image_label_normal,0,0,0.0,0,0,0,,,,val,empty_by_image_gate,0.0,0,0,0,0,0
0,0,,,,,,ground_truth,,,,0.005777799990028143,0.0,btxrd-heuristic-001145,IMG001932.jpeg,0.0,0,320,masks/IMG001932.png,14bf4fc16d7e9f17cb073a83ba89ab04bd4c22a2b6f80f25bf73a67ce7a0a340,0,320,0,known_image_label_normal,0,0,0.0,0,0,0,,,,val,empty_by_image_gate,0.0,0,0,0,0,0
0,0,,,,,,ground_truth,,,,9.89325599221047e-06,0.0,btxrd-heuristic-001145,IMG001933.jpeg,0.0,0,320,masks/IMG001933.png,14bf4fc16d7e9f17cb073a83ba89ab04bd4c22a2b6f80f25bf73a67ce7a0a340,0,320,0,known_image_label_normal,0,0,0.0,0,0,0,,,,val,empty_by_image_gate,0.0,0,0,0,0,0
0,0,,,,,,ground_truth,,,,1.3189021046855487e-05,0.0,btxrd-heuristic-001145,IMG001934.jpeg,0.0,0,320,masks/IMG001934.png,14bf4fc16d7e9f17cb073a83ba89ab04bd4c22a2b6f80f25bf73a67ce7a0a340,0,320,0,known_image_label_normal,0,0,0.0,0,0,0,,,,val,empty_by_image_gate,0.0,0,0,0,0,0
0,0,,,,,,ground_truth,,,,3.7514935684157535e-05,0.0,btxrd-heuristic-001147,IMG001937.jpeg,0.0,0,320,masks/IMG001937.png,14bf4fc16d7e9f17cb073a83ba89ab04bd4c22a2b6f80f25bf73a67ce7a0a340,0,320,0,known_image_label_normal,0,0,0.0,0,0,0,,,,val,empty_by_image_gate,0.0,0,0,0,0,0
0,0,,,,,,ground_truth,,,,0.9558295607566833,0.0,btxrd-heuristic-001148,IMG001938.jpeg,0.0,0,320,masks/IMG001938.png,14bf4fc16d7e9f17cb073a83ba89ab04bd4c22a2b6f80f25bf73a67ce7a0a340,0,320,0,known_image_label_normal,0,0,0.0,0,0,0,,,,val,empty_by_image_gate,0.0,0,0,0,0,0
0,0,,,,,,ground_truth,,,,0.005649687722325325,0.0,btxrd-heuristic-001148,IMG001939.jpeg,0.0,0,320,masks/IMG001939.png,14bf4fc16d7e9f17cb073a83ba89ab04bd4c22a2b6f80f25bf73a67ce7a0a340,0,320,0,known_image_label_normal,0,0,0.0,0,0,0,,,,val,empty_by_image_gate,0.0,0,0,0,0,0
0,0,,,,,,ground_truth,,,,0.01266248058527708,0.0,btxrd-heuristic-001148,IMG001940.jpeg,0.0,0,320,masks/IMG001940.png,14bf4fc16d7e9f17cb073a83ba89ab04bd4c22a2b6f80f25bf73a67ce7a0a340,0,320,0,known_image_label_normal,0,0,0.0,0,0,0,,,,val,empty_by_image_gate,0.0,0,0,0,0,0
0,0,,,,,,ground_truth,,,,2.2221800463739783e-05,0.0,btxrd-heuristic-001149,IMG001941.jpeg,0.0,0,320,masks/IMG001941.png,14bf4fc16d7e9f17cb073a83ba89ab04bd4c22a2b6f80f25bf73a67ce7a0a340,0,320,0,known_image_label_normal,0,0,0.0,0,0,0,,,,val,empty_by_image_gate,0.0,0,0,0,0,0
0,0,,,,,,ground_truth,,,,0.00016183426487259567,0.0,btxrd-heuristic-001149,IMG001942.jpeg,0.0,0,320,masks/IMG001942.png,14bf4fc16d7e9f17cb073a83ba89ab04bd4c22a2b6f80f25bf73a67ce7a0a340,0,320,0,known_image_label_normal,0,0,0.0,0,0,0,,,,val,empty_by_image_gate,0.0,0,0,0,0,0
0,0,,,,,,ground_truth,,,,0.00012319072266109288,0.0,btxrd-heuristic-001152,IMG001959.jpeg,0.0,0,320,masks/IMG001959.png,14bf4fc16d7e9f17cb073a83ba89ab04bd4c22a2b6f80f25bf73a67ce7a0a340,0,320,0,known_image_label_normal,0,0,0.0,0,0,0,,,,val,empty_by_image_gate,0.0,0,0,0,0,0
0,0,,,,,,ground_truth,,,,0.0009317375952377915,0.0,btxrd-heuristic-001162,IMG002005.jpeg,0.0,0,320,masks/IMG002005.png,14bf4fc16d7e9f17cb073a83ba89ab04bd4c22a2b6f80f25bf73a67ce7a0a340,0,320,0,known_image_label_normal,0,0,0.0,0,0,0,,,,val,empty_by_image_gate,0.0,0,0,0,0,0
0,0,,,,,,ground_truth,,,,9.65208382694982e-05,0.0,btxrd-heuristic-001162,IMG002006.jpeg,0.0,0,320,masks/IMG002006.png,14bf4fc16d7e9f17cb073a83ba89ab04bd4c22a2b6f80f25bf73a67ce7a0a340,0,320,0,known_image_label_normal,0,0,0.0,0,0,0,,,,val,empty_by_image_gate,0.0,0,0,0,0,0
0,0,,,,,,ground_truth,,,,0.9974040389060974,0.0,btxrd-heuristic-001162,IMG002007.jpeg,0.0,0,320,masks/IMG002007.png,14bf4fc16d7e9f17cb073a83ba89ab04bd4c22a2b6f80f25bf73a67ce7a0a340,0,320,0,known_image_label_normal,0,0,0.0,0,0,0,,,,val,empty_by_image_gate,0.0,0,0,0,0,0
0,0,,,,,,ground_truth,,,,0.8028103113174438,0.0,btxrd-heuristic-001168,IMG002030.jpeg,0.0,0,320,masks/IMG002030.png,14bf4fc16d7e9f17cb073a83ba89ab04bd4c22a2b6f80f25bf73a67ce7a0a340,0,320,0,known_image_label_normal,0,0,0.0,0,0,0,,,,val,empty_by_image_gate,0.0,0,0,0,0,0
0,0,,,,,,ground_truth,,,,6.837473165433039e-08,0.0,btxrd-heuristic-001170,IMG002035.jpeg,0.0,0,320,masks/IMG002035.png,14bf4fc16d7e9f17cb073a83ba89ab04bd4c22a2b6f80f25bf73a67ce7a0a340,0,320,0,known_image_label_normal,0,0,0.0,0,0,0,,,,val,empty_by_image_gate,0.0,0,0,0,0,0
0,0,,,,,,ground_truth,,,,0.00020352320279926062,0.0,btxrd-heuristic-001171,IMG002036.jpeg,0.0,0,320,masks/IMG002036.png,14bf4fc16d7e9f17cb073a83ba89ab04bd4c22a2b6f80f25bf73a67ce7a0a340,0,320,0,known_image_label_normal,0,0,0.0,0,0,0,,,,val,empty_by_image_gate,0.0,0,0,0,0,0
0,0,,,,,,ground_truth,,,,0.0019164389232173562,0.0,btxrd-heuristic-001179,IMG002073.jpeg,0.0,0,320,masks/IMG002073.png,14bf4fc16d7e9f17cb073a83ba89ab04bd4c22a2b6f80f25bf73a67ce7a0a340,0,320,0,known_image_label_normal,0,0,0.0,0,0,0,,,,val,empty_by_image_gate,0.0,0,0,0,0,0
0,0,,,,,,ground_truth,,,,0.00013890513218939304,0.0,btxrd-heuristic-001179,IMG002074.jpeg,0.0,0,320,masks/IMG002074.png,14bf4fc16d7e9f17cb073a83ba89ab04bd4c22a2b6f80f25bf73a67ce7a0a340,0,320,0,known_image_label_normal,0,0,0.0,0,0,0,,,,val,empty_by_image_gate,0.0,0,0,0,0,0
0,0,,,,,,ground_truth,,,,4.9033893446903676e-05,0.0,btxrd-heuristic-001179,IMG002075.jpeg,0.0,0,320,masks/IMG002075.png,14bf4fc16d7e9f17cb073a83ba89ab04bd4c22a2b6f80f25bf73a67ce7a0a340,0,320,0,known_image_label_normal,0,0,0.0,0,0,0,,,,val,empty_by_image_gate,0.0,0,0,0,0,0
0,0,,,,,,ground_truth,,,,2.000265567403403e-06,0.0,btxrd-heuristic-001179,IMG002076.jpeg,0.0,0,320,masks/IMG002076.png,14bf4fc16d7e9f17cb073a83ba89ab04bd4c22a2b6f80f25bf73a67ce7a0a340,0,320,0,known_image_label_normal,0,0,0.0,0,0,0,,,,val,empty_by_image_gate,0.0,0,0,0,0,0
0,0,,,,,,ground_truth,,,,0.00017890287563204765,0.0,btxrd-heuristic-001181,IMG002078.jpeg,0.0,0,320,masks/IMG002078.png,14bf4fc16d7e9f17cb073a83ba89ab04bd4c22a2b6f80f25bf73a67ce7a0a340,0,320,0,known_image_label_normal,0,0,0.0,0,0,0,,,,val,empty_by_image_gate,0.0,0,0,0,0,0
0,0,,,,,,ground_truth,,,,0.00012709574366454035,0.0,btxrd-heuristic-001181,IMG002079.jpeg,0.0,0,320,masks/IMG002079.png,14bf4fc16d7e9f17cb073a83ba89ab04bd4c22a2b6f80f25bf73a67ce7a0a340,0,320,0,known_image_label_normal,0,0,0.0,0,0,0,,,,val,empty_by_image_gate,0.0,0,0,0,0,0
0,0,,,,,,ground_truth,,,,0.00033326385891996324,0.0,btxrd-heuristic-001181,IMG002080.jpeg,0.0,0,320,masks/IMG002080.png,14bf4fc16d7e9f17cb073a83ba89ab04bd4c22a2b6f80f25bf73a67ce7a0a340,0,320,0,known_image_label_normal,0,0,0.0,0,0,0,,,,val,empty_by_image_gate,0.0,0,0,0,0,0
0,0,,,,,,ground_truth,,,,7.524343800469069e-06,0.0,btxrd-heuristic-001186,IMG002099.jpeg,0.0,0,320,masks/IMG002099.png,14bf4fc16d7e9f17cb073a83ba89ab04bd4c22a2b6f80f25bf73a67ce7a0a340,0,320,0,known_image_label_normal,0,0,0.0,0,0,0,,,,val,empty_by_image_gate,0.0,0,0,0,0,0
0,0,,,,,,ground_truth,,,,1.5520744511832163e-07,0.0,btxrd-heuristic-001186,IMG002100.jpeg,0.0,0,320,masks/IMG002100.png,14bf4fc16d7e9f17cb073a83ba89ab04bd4c22a2b6f80f25bf73a67ce7a0a340,0,320,0,known_image_label_normal,0,0,0.0,0,0,0,,,,val,empty_by_image_gate,0.0,0,0,0,0,0
0,0,,,,,,ground_truth,,,,2.6802558750205208e-06,0.0,btxrd-heuristic-001186,IMG002101.jpeg,0.0,0,320,masks/IMG002101.png,14bf4fc16d7e9f17cb073a83ba89ab04bd4c22a2b6f80f25bf73a67ce7a0a340,0,320,0,known_image_label_normal,0,0,0.0,0,0,0,,,,val,empty_by_image_gate,0.0,0,0,0,0,0
0,0,,,,,,ground_truth,,,,0.0009696262422949076,0.0,btxrd-heuristic-001188,IMG002107.jpeg,0.0,0,320,masks/IMG002107.png,14bf4fc16d7e9f17cb073a83ba89ab04bd4c22a2b6f80f25bf73a67ce7a0a340,0,320,0,known_image_label_normal,0,0,0.0,0,0,0,,,,val,empty_by_image_gate,0.0,0,0,0,0,0
0,0,,,,,,ground_truth,,,,0.0015834573423489928,0.0,btxrd-heuristic-001188,IMG002108.jpeg,0.0,0,320,masks/IMG002108.png,14bf4fc16d7e9f17cb073a83ba89ab04bd4c22a2b6f80f25bf73a67ce7a0a340,0,320,0,known_image_label_normal,0,0,0.0,0,0,0,,,,val,empty_by_image_gate,0.0,0,0,0,0,0
0,0,,,,,,ground_truth,,,,1.464901833969634e-05,0.0,btxrd-heuristic-001189,IMG002109.jpeg,0.0,0,320,masks/IMG002109.png,14bf4fc16d7e9f17cb073a83ba89ab04bd4c22a2b6f80f25bf73a67ce7a0a340,0,320,0,known_image_label_normal,0,0,0.0,0,0,0,,,,val,empty_by_image_gate,0.0,0,0,0,0,0
0,0,,,,,,ground_truth,,,,1.3323417533683823e-06,0.0,btxrd-heuristic-001189,IMG002110.jpeg,0.0,0,320,masks/IMG002110.png,14bf4fc16d7e9f17cb073a83ba89ab04bd4c22a2b6f80f25bf73a67ce7a0a340,0,320,0,known_image_label_normal,0,0,0.0,0,0,0,,,,val,empty_by_image_gate,0.0,0,0,0,0,0
0,0,,,,,,ground_truth,,,,6.792459316784516e-06,0.0,btxrd-heuristic-001191,IMG002117.jpeg,0.0,0,320,masks/IMG002117.png,14bf4fc16d7e9f17cb073a83ba89ab04bd4c22a2b6f80f25bf73a67ce7a0a340,0,320,0,known_image_label_normal,0,0,0.0,0,0,0,,,,val,empty_by_image_gate,0.0,0,0,0,0,0
0,0,,,,,,ground_truth,,,,4.903902208752697e-06,0.0,btxrd-heuristic-001191,IMG002118.jpeg,0.0,0,320,masks/IMG002118.png,14bf4fc16d7e9f17cb073a83ba89ab04bd4c22a2b6f80f25bf73a67ce7a0a340,0,320,0,known_image_label_normal,0,0,0.0,0,0,0,,,,val,empty_by_image_gate,0.0,0,0,0,0,0
0,0,,,,,,ground_truth,,,,0.0007554386975243688,0.0,btxrd-heuristic-001191,IMG002119.jpeg,0.0,0,320,masks/IMG002119.png,14bf4fc16d7e9f17cb073a83ba89ab04bd4c22a2b6f80f25bf73a67ce7a0a340,0,320,0,known_image_label_normal,0,0,0.0,0,0,0,,,,val,empty_by_image_gate,0.0,0,0,0,0,0
0,0,,,,,,ground_truth,,,,8.932744094636291e-05,0.0,btxrd-heuristic-001191,IMG002120.jpeg,0.0,0,320,masks/IMG002120.png,14bf4fc16d7e9f17cb073a83ba89ab04bd4c22a2b6f80f25bf73a67ce7a0a340,0,320,0,known_image_label_normal,0,0,0.0,0,0,0,,,,val,empty_by_image_gate,0.0,0,0,0,0,0
0,0,,,,,,ground_truth,,,,0.015554904006421566,0.0,btxrd-heuristic-001193,IMG002125.jpeg,0.0,0,320,masks/IMG002125.png,14bf4fc16d7e9f17cb073a83ba89ab04bd4c22a2b6f80f25bf73a67ce7a0a340,0,320,0,known_image_label_normal,0,0,0.0,0,0,0,,,,val,empty_by_image_gate,0.0,0,0,0,0,0
0,0,,,,,,ground_truth,,,,6.684956315439194e-05,0.0,btxrd-heuristic-001193,IMG002126.jpeg,0.0,0,320,masks/IMG002126.png,14bf4fc16d7e9f17cb073a83ba89ab04bd4c22a2b6f80f25bf73a67ce7a0a340,0,320,0,known_image_label_normal,0,0,0.0,0,0,0,,,,val,empty_by_image_gate,0.0,0,0,0,0,0
0,0,,,,,,ground_truth,,,,0.00020388078701216727,0.0,btxrd-heuristic-001193,IMG002127.jpeg,0.0,0,320,masks/IMG002127.png,14bf4fc16d7e9f17cb073a83ba89ab04bd4c22a2b6f80f25bf73a67ce7a0a340,0,320,0,known_image_label_normal,0,0,0.0,0,0,0,,,,val,empty_by_image_gate,0.0,0,0,0,0,0
0,0,,,,,,ground_truth,,,,0.005893096327781677,0.0,btxrd-heuristic-001195,IMG002130.jpeg,0.0,0,320,masks/IMG002130.png,14bf4fc16d7e9f17cb073a83ba89ab04bd4c22a2b6f80f25bf73a67ce7a0a340,0,320,0,known_image_label_normal,0,0,0.0,0,0,0,,,,val,empty_by_image_gate,0.0,0,0,0,0,0
0,0,,,,,,ground_truth,,,,0.3905332088470459,0.0,btxrd-heuristic-001195,IMG002131.jpeg,0.0,0,320,masks/IMG002131.png,14bf4fc16d7e9f17cb073a83ba89ab04bd4c22a2b6f80f25bf73a67ce7a0a340,0,320,0,known_image_label_normal,0,0,0.0,0,0,0,,,,val,empty_by_image_gate,0.0,0,0,0,0,0
0,0,,,,,,ground_truth,,,,1.6443169442936778e-05,0.0,btxrd-heuristic-001195,IMG002132.jpeg,0.0,0,320,masks/IMG002132.png,14bf4fc16d7e9f17cb073a83ba89ab04bd4c22a2b6f80f25bf73a67ce7a0a340,0,320,0,known_image_label_normal,0,0,0.0,0,0,0,,,,val,empty_by_image_gate,0.0,0,0,0,0,0
0,0,,,,,,ground_truth,,,,0.0030295413453131914,0.0,btxrd-heuristic-001195,IMG002133.jpeg,0.0,0,320,masks/IMG002133.png,14bf4fc16d7e9f17cb073a83ba89ab04bd4c22a2b6f80f25bf73a67ce7a0a340,0,320,0,known_image_label_normal,0,0,0.0,0,0,0,,,,val,empty_by_image_gate,0.0,0,0,0,0,0
0,0,,,,,,ground_truth,,,,3.4403594327159226e-05,0.0,btxrd-heuristic-001201,IMG002174.jpeg,0.0,0,320,masks/IMG002174.png,14bf4fc16d7e9f17cb073a83ba89ab04bd4c22a2b6f80f25bf73a67ce7a0a340,0,320,0,known_image_label_normal,0,0,0.0,0,0,0,,,,val,empty_by_image_gate,0.0,0,0,0,0,0
0,0,,,,,,ground_truth,,,,0.0006491878884844482,0.0,btxrd-heuristic-001203,IMG002180.jpeg,0.0,0,320,masks/IMG002180.png,14bf4fc16d7e9f17cb073a83ba89ab04bd4c22a2b6f80f25bf73a67ce7a0a340,0,320,0,known_image_label_normal,0,0,0.0,0,0,0,,,,val,empty_by_image_gate,0.0,0,0,0,0,0
0,0,,,,,,ground_truth,,,,0.021287953481078148,0.0,btxrd-heuristic-001203,IMG002181.jpeg,0.0,0,320,masks/IMG002181.png,14bf4fc16d7e9f17cb073a83ba89ab04bd4c22a2b6f80f25bf73a67ce7a0a340,0,320,0,known_image_label_normal,0,0,0.0,0,0,0,,,,val,empty_by_image_gate,0.0,0,0,0,0,0
0,0,,,,,,ground_truth,,,,0.0004034994635730982,0.0,btxrd-heuristic-001206,IMG002190.jpeg,0.0,0,320,masks/IMG002190.png,14bf4fc16d7e9f17cb073a83ba89ab04bd4c22a2b6f80f25bf73a67ce7a0a340,0,320,0,known_image_label_normal,0,0,0.0,0,0,0,,,,val,empty_by_image_gate,0.0,0,0,0,0,0
0,0,,,,,,ground_truth,,,,8.000488014658913e-05,0.0,btxrd-heuristic-001219,IMG002267.jpeg,0.0,0,320,masks/IMG002267.png,14bf4fc16d7e9f17cb073a83ba89ab04bd4c22a2b6f80f25bf73a67ce7a0a340,0,320,0,known_image_label_normal,0,0,0.0,0,0,0,,,,val,empty_by_image_gate,0.0,0,0,0,0,0
0,0,,,,,,ground_truth,,,,0.983849287033081,0.0,btxrd-heuristic-001219,IMG002268.jpeg,0.0,0,320,masks/IMG002268.png,14bf4fc16d7e9f17cb073a83ba89ab04bd4c22a2b6f80f25bf73a67ce7a0a340,0,320,0,known_image_label_normal,0,0,0.0,0,0,0,,,,val,empty_by_image_gate,0.0,0,0,0,0,0
0,0,,,,,,ground_truth,,,,6.259638030314818e-05,0.0,btxrd-heuristic-001219,IMG002269.jpeg,0.0,0,320,masks/IMG002269.png,14bf4fc16d7e9f17cb073a83ba89ab04bd4c22a2b6f80f25bf73a67ce7a0a340,0,320,0,known_image_label_normal,0,0,0.0,0,0,0,,,,val,empty_by_image_gate,0.0,0,0,0,0,0
0,0,,,,,,ground_truth,,,,0.14433835446834564,0.0,btxrd-heuristic-001219,IMG002270.jpeg,0.0,0,320,masks/IMG002270.png,14bf4fc16d7e9f17cb073a83ba89ab04bd4c22a2b6f80f25bf73a67ce7a0a340,0,320,0,known_image_label_normal,0,0,0.0,0,0,0,,,,val,empty_by_image_gate,0.0,0,0,0,0,0
0,0,,,,,,ground_truth,,,,0.0008814255706965923,0.0,btxrd-heuristic-001220,IMG002271.jpeg,0.0,0,320,masks/IMG002271.png,14bf4fc16d7e9f17cb073a83ba89ab04bd4c22a2b6f80f25bf73a67ce7a0a340,0,320,0,known_image_label_normal,0,0,0.0,0,0,0,,,,val,empty_by_image_gate,0.0,0,0,0,0,0
0,0,,,,,,ground_truth,,,,2.4751967430347577e-05,0.0,btxrd-heuristic-001220,IMG002272.jpeg,0.0,0,320,masks/IMG002272.png,14bf4fc16d7e9f17cb073a83ba89ab04bd4c22a2b6f80f25bf73a67ce7a0a340,0,320,0,known_image_label_normal,0,0,0.0,0,0,0,,,,val,empty_by_image_gate,0.0,0,0,0,0,0
0,0,,,,,,ground_truth,,,,7.395286957034841e-05,0.0,btxrd-heuristic-001220,IMG002273.jpeg,0.0,0,320,masks/IMG002273.png,14bf4fc16d7e9f17cb073a83ba89ab04bd4c22a2b6f80f25bf73a67ce7a0a340,0,320,0,known_image_label_normal,0,0,0.0,0,0,0,,,,val,empty_by_image_gate,0.0,0,0,0,0,0
0,0,,,,,,ground_truth,,,,0.0003634999447967857,0.0,btxrd-heuristic-001220,IMG002274.jpeg,0.0,0,320,masks/IMG002274.png,14bf4fc16d7e9f17cb073a83ba89ab04bd4c22a2b6f80f25bf73a67ce7a0a340,0,320,0,known_image_label_normal,0,0,0.0,0,0,0,,,,val,empty_by_image_gate,0.0,0,0,0,0,0
0,0,,,,,,ground_truth,,,,1.0418522151667275e-06,0.0,btxrd-heuristic-001229,IMG002345.jpeg,0.0,0,320,masks/IMG002345.png,14bf4fc16d7e9f17cb073a83ba89ab04bd4c22a2b6f80f25bf73a67ce7a0a340,0,320,0,known_image_label_normal,0,0,0.0,0,0,0,,,,val,empty_by_image_gate,0.0,0,0,0,0,0
0,0,,,,,,ground_truth,,,,5.111466634843964e-06,0.0,btxrd-heuristic-001229,IMG002346.jpeg,0.0,0,320,masks/IMG002346.png,14bf4fc16d7e9f17cb073a83ba89ab04bd4c22a2b6f80f25bf73a67ce7a0a340,0,320,0,known_image_label_normal,0,0,0.0,0,0,0,,,,val,empty_by_image_gate,0.0,0,0,0,0,0
0,0,,,,,,ground_truth,,,,6.428300548577681e-05,0.0,btxrd-heuristic-001229,IMG002347.jpeg,0.0,0,320,masks/IMG002347.png,14bf4fc16d7e9f17cb073a83ba89ab04bd4c22a2b6f80f25bf73a67ce7a0a340,0,320,0,known_image_label_normal,0,0,0.0,0,0,0,,,,val,empty_by_image_gate,0.0,0,0,0,0,0
0,0,,,,,,ground_truth,,,,0.009724760428071022,0.0,btxrd-heuristic-001229,IMG002348.jpeg,0.0,0,320,masks/IMG002348.png,14bf4fc16d7e9f17cb073a83ba89ab04bd4c22a2b6f80f25bf73a67ce7a0a340,0,320,0,known_image_label_normal,0,0,0.0,0,0,0,,,,val,empty_by_image_gate,0.0,0,0,0,0,0
0,0,,,,,,ground_truth,,,,0.010441400110721588,0.0,btxrd-heuristic-001232,IMG002364.jpeg,0.0,0,320,masks/IMG002364.png,14bf4fc16d7e9f17cb073a83ba89ab04bd4c22a2b6f80f25bf73a67ce7a0a340,0,320,0,known_image_label_normal,0,0,0.0,0,0,0,,,,val,empty_by_image_gate,0.0,0,0,0,0,0
0,0,,,,,,ground_truth,,,,0.010716831311583519,0.0,btxrd-heuristic-001232,IMG002365.jpeg,0.0,0,320,masks/IMG002365.png,14bf4fc16d7e9f17cb073a83ba89ab04bd4c22a2b6f80f25bf73a67ce7a0a340,0,320,0,known_image_label_normal,0,0,0.0,0,0,0,,,,val,empty_by_image_gate,0.0,0,0,0,0,0
0,0,,,,,,ground_truth,,,,2.6835892640519887e-05,0.0,btxrd-heuristic-001232,IMG002366.jpeg,0.0,0,320,masks/IMG002366.png,14bf4fc16d7e9f17cb073a83ba89ab04bd4c22a2b6f80f25bf73a67ce7a0a340,0,320,0,known_image_label_normal,0,0,0.0,0,0,0,,,,val,empty_by_image_gate,0.0,0,0,0,0,0
0,0,,,,,,ground_truth,,,,0.987165629863739,0.0,btxrd-heuristic-001233,IMG002367.jpeg,0.0,0,320,masks/IMG002367.png,14bf4fc16d7e9f17cb073a83ba89ab04bd4c22a2b6f80f25bf73a67ce7a0a340,0,320,0,known_image_label_normal,0,0,0.0,0,0,0,,,,val,empty_by_image_gate,0.0,0,0,0,0,0
0,0,,,,,,ground_truth,,,,0.00042582509922795,0.0,btxrd-heuristic-001233,IMG002368.jpeg,0.0,0,320,masks/IMG002368.png,14bf4fc16d7e9f17cb073a83ba89ab04bd4c22a2b6f80f25bf73a67ce7a0a340,0,320,0,known_image_label_normal,0,0,0.0,0,0,0,,,,val,empty_by_image_gate,0.0,0,0,0,0,0
0,0,,,,,,ground_truth,,,,0.0003333839413244277,0.0,btxrd-heuristic-001245,IMG002447.jpeg,0.0,0,320,masks/IMG002447.png,14bf4fc16d7e9f17cb073a83ba89ab04bd4c22a2b6f80f25bf73a67ce7a0a340,0,320,0,known_image_label_normal,0,0,0.0,0,0,0,,,,val,empty_by_image_gate,0.0,0,0,0,0,0
0,0,,,,,,ground_truth,,,,0.001137866172939539,0.0,btxrd-heuristic-001245,IMG002448.jpeg,0.0,0,320,masks/IMG002448.png,14bf4fc16d7e9f17cb073a83ba89ab04bd4c22a2b6f80f25bf73a67ce7a0a340,0,320,0,known_image_label_normal,0,0,0.0,0,0,0,,,,val,empty_by_image_gate,0.0,0,0,0,0,0
0,0,,,,,,ground_truth,,,,0.8804441094398499,0.0,btxrd-heuristic-001245,IMG002449.jpeg,0.0,0,320,masks/IMG002449.png,14bf4fc16d7e9f17cb073a83ba89ab04bd4c22a2b6f80f25bf73a67ce7a0a340,0,320,0,known_image_label_normal,0,0,0.0,0,0,0,,,,val,empty_by_image_gate,0.0,0,0,0,0,0
0,0,,,,,,ground_truth,,,,2.4430872144876048e-05,0.0,btxrd-heuristic-001246,IMG002450.jpeg,0.0,0,320,masks/IMG002450.png,14bf4fc16d7e9f17cb073a83ba89ab04bd4c22a2b6f80f25bf73a67ce7a0a340,0,320,0,known_image_label_normal,0,0,0.0,0,0,0,,,,val,empty_by_image_gate,0.0,0,0,0,0,0
0,0,,,,,,ground_truth,,,,8.33343219710514e-05,0.0,btxrd-heuristic-001246,IMG002451.jpeg,0.0,0,320,masks/IMG002451.png,14bf4fc16d7e9f17cb073a83ba89ab04bd4c22a2b6f80f25bf73a67ce7a0a340,0,320,0,known_image_label_normal,0,0,0.0,0,0,0,,,,val,empty_by_image_gate,0.0,0,0,0,0,0
0,0,,,,,,ground_truth,,,,3.434006794122979e-05,0.0,btxrd-heuristic-001246,IMG002452.jpeg,0.0,0,320,masks/IMG002452.png,14bf4fc16d7e9f17cb073a83ba89ab04bd4c22a2b6f80f25bf73a67ce7a0a340,0,320,0,known_image_label_normal,0,0,0.0,0,0,0,,,,val,empty_by_image_gate,0.0,0,0,0,0,0
0,0,,,,,,ground_truth,,,,3.2210853532887995e-05,0.0,btxrd-heuristic-001246,IMG002453.jpeg,0.0,0,320,masks/IMG002453.png,14bf4fc16d7e9f17cb073a83ba89ab04bd4c22a2b6f80f25bf73a67ce7a0a340,0,320,0,known_image_label_normal,0,0,0.0,0,0,0,,,,val,empty_by_image_gate,0.0,0,0,0,0,0
0,0,,,,,,ground_truth,,,,0.000369100394891575,0.0,btxrd-heuristic-001261,IMG002592.jpeg,0.0,0,320,masks/IMG002592.png,14bf4fc16d7e9f17cb073a83ba89ab04bd4c22a2b6f80f25bf73a67ce7a0a340,0,320,0,known_image_label_normal,0,0,0.0,0,0,0,,,,val,empty_by_image_gate,0.0,0,0,0,0,0
0,0,,,,,,ground_truth,,,,5.037507798988372e-05,0.0,btxrd-heuristic-001261,IMG002593.jpeg,0.0,0,320,masks/IMG002593.png,14bf4fc16d7e9f17cb073a83ba89ab04bd4c22a2b6f80f25bf73a67ce7a0a340,0,320,0,known_image_label_normal,0,0,0.0,0,0,0,,,,val,empty_by_image_gate,0.0,0,0,0,0,0
0,0,,,,,,ground_truth,,,,0.00032714082044549286,0.0,btxrd-heuristic-001261,IMG002594.jpeg,0.0,0,320,masks/IMG002594.png,14bf4fc16d7e9f17cb073a83ba89ab04bd4c22a2b6f80f25bf73a67ce7a0a340,0,320,0,known_image_label_normal,0,0,0.0,0,0,0,,,,val,empty_by_image_gate,0.0,0,0,0,0,0
0,0,,,,,,ground_truth,,,,7.846452353987843e-05,0.0,btxrd-heuristic-001261,IMG002595.jpeg,0.0,0,320,masks/IMG002595.png,14bf4fc16d7e9f17cb073a83ba89ab04bd4c22a2b6f80f25bf73a67ce7a0a340,0,320,0,known_image_label_normal,0,0,0.0,0,0,0,,,,val,empty_by_image_gate,0.0,0,0,0,0,0
0,0,,,,,,ground_truth,,,,5.937004971201532e-06,0.0,btxrd-heuristic-001271,IMG002704.jpeg,0.0,0,320,masks/IMG002704.png,14bf4fc16d7e9f17cb073a83ba89ab04bd4c22a2b6f80f25bf73a67ce7a0a340,0,320,0,known_image_label_normal,0,0,0.0,0,0,0,,,,val,empty_by_image_gate,0.0,0,0,0,0,0
0,0,,,,,,ground_truth,,,,0.00031021126778796315,0.0,btxrd-heuristic-001271,IMG002705.jpeg,0.0,0,320,masks/IMG002705.png,14bf4fc16d7e9f17cb073a83ba89ab04bd4c22a2b6f80f25bf73a67ce7a0a340,0,320,0,known_image_label_normal,0,0,0.0,0,0,0,,,,val,empty_by_image_gate,0.0,0,0,0,0,0
0,0,,,,,,ground_truth,,,,0.0014559264527633786,0.0,btxrd-heuristic-001275,IMG002728.jpeg,0.0,0,320,masks/IMG002728.png,14bf4fc16d7e9f17cb073a83ba89ab04bd4c22a2b6f80f25bf73a67ce7a0a340,0,320,0,known_image_label_normal,0,0,0.0,0,0,0,,,,val,empty_by_image_gate,0.0,0,0,0,0,0
0,0,,,,,,ground_truth,,,,8.357888873433694e-05,0.0,btxrd-heuristic-001275,IMG002729.jpeg,0.0,0,320,masks/IMG002729.png,14bf4fc16d7e9f17cb073a83ba89ab04bd4c22a2b6f80f25bf73a67ce7a0a340,0,320,0,known_image_label_normal,0,0,0.0,0,0,0,,,,val,empty_by_image_gate,0.0,0,0,0,0,0
0,0,,,,,,ground_truth,,,,0.00030544327455572784,0.0,btxrd-heuristic-001286,IMG002836.jpeg,0.0,0,320,masks/IMG002836.png,14bf4fc16d7e9f17cb073a83ba89ab04bd4c22a2b6f80f25bf73a67ce7a0a340,0,320,0,known_image_label_normal,0,0,0.0,0,0,0,,,,val,empty_by_image_gate,0.0,0,0,0,0,0
0,0,,,,,,ground_truth,,,,0.6030646562576294,0.0,btxrd-heuristic-001286,IMG002837.jpeg,0.0,0,320,masks/IMG002837.png,14bf4fc16d7e9f17cb073a83ba89ab04bd4c22a2b6f80f25bf73a67ce7a0a340,0,320,0,known_image_label_normal,0,0,0.0,0,0,0,,,,val,empty_by_image_gate,0.0,0,0,0,0,0
0,0,,,,,,ground_truth,,,,9.01391395018436e-05,0.0,btxrd-heuristic-001286,IMG002838.jpeg,0.0,0,320,masks/IMG002838.png,14bf4fc16d7e9f17cb073a83ba89ab04bd4c22a2b6f80f25bf73a67ce7a0a340,0,320,0,known_image_label_normal,0,0,0.0,0,0,0,,,,val,empty_by_image_gate,0.0,0,0,0,0,0
0,0,,,,,,ground_truth,,,,0.042848337441682816,0.0,btxrd-heuristic-001286,IMG002839.jpeg,0.0,0,320,masks/IMG002839.png,14bf4fc16d7e9f17cb073a83ba89ab04bd4c22a2b6f80f25bf73a67ce7a0a340,0,320,0,known_image_label_normal,0,0,0.0,0,0,0,,,,val,empty_by_image_gate,0.0,0,0,0,0,0
0,0,,,,,,ground_truth,,,,2.030264658969827e-05,0.0,btxrd-heuristic-001292,IMG002894.jpeg,0.0,0,320,masks/IMG002894.png,14bf4fc16d7e9f17cb073a83ba89ab04bd4c22a2b6f80f25bf73a67ce7a0a340,0,320,0,known_image_label_normal,0,0,0.0,0,0,0,,,,val,empty_by_image_gate,0.0,0,0,0,0,0
0,0,,,,,,ground_truth,,,,0.0001647123135626316,0.0,btxrd-heuristic-001292,IMG002895.jpeg,0.0,0,320,masks/IMG002895.png,14bf4fc16d7e9f17cb073a83ba89ab04bd4c22a2b6f80f25bf73a67ce7a0a340,0,320,0,known_image_label_normal,0,0,0.0,0,0,0,,,,val,empty_by_image_gate,0.0,0,0,0,0,0
0,0,,,,,,ground_truth,,,,3.646622280939482e-05,0.0,btxrd-heuristic-001292,IMG002896.jpeg,0.0,0,320,masks/IMG002896.png,14bf4fc16d7e9f17cb073a83ba89ab04bd4c22a2b6f80f25bf73a67ce7a0a340,0,320,0,known_image_label_normal,0,0,0.0,0,0,0,,,,val,empty_by_image_gate,0.0,0,0,0,0,0
0,0,,,,,,ground_truth,,,,6.994843715801835e-05,0.0,btxrd-heuristic-001292,IMG002897.jpeg,0.0,0,320,masks/IMG002897.png,14bf4fc16d7e9f17cb073a83ba89ab04bd4c22a2b6f80f25bf73a67ce7a0a340,0,320,0,known_image_label_normal,0,0,0.0,0,0,0,,,,val,empty_by_image_gate,0.0,0,0,0,0,0
0,0,,,,,,ground_truth,,,,3.3704209272400476e-06,0.0,btxrd-heuristic-001296,IMG002932.jpeg,0.0,0,320,masks/IMG002932.png,14bf4fc16d7e9f17cb073a83ba89ab04bd4c22a2b6f80f25bf73a67ce7a0a340,0,320,0,known_image_label_normal,0,0,0.0,0,0,0,,,,val,empty_by_image_gate,0.0,0,0,0,0,0
0,0,,,,,,ground_truth,,,,1.2233172128617298e-05,0.0,btxrd-heuristic-001296,IMG002933.jpeg,0.0,0,320,masks/IMG002933.png,14bf4fc16d7e9f17cb073a83ba89ab04bd4c22a2b6f80f25bf73a67ce7a0a340,0,320,0,known_image_label_normal,0,0,0.0,0,0,0,,,,val,empty_by_image_gate,0.0,0,0,0,0,0
0,0,,,,,,ground_truth,,,,2.3714053440926364e-06,0.0,btxrd-heuristic-001320,IMG003119.jpeg,0.0,0,320,masks/IMG003119.png,14bf4fc16d7e9f17cb073a83ba89ab04bd4c22a2b6f80f25bf73a67ce7a0a340,0,320,0,known_image_label_normal,0,0,0.0,0,0,0,,,,val,empty_by_image_gate,0.0,0,0,0,0,0
0,0,,,,,,ground_truth,,,,1.710869764792733e-05,0.0,btxrd-heuristic-001320,IMG003120.jpeg,0.0,0,320,masks/IMG003120.png,14bf4fc16d7e9f17cb073a83ba89ab04bd4c22a2b6f80f25bf73a67ce7a0a340,0,320,0,known_image_label_normal,0,0,0.0,0,0,0,,,,val,empty_by_image_gate,0.0,0,0,0,0,0
0,0,,,,,,ground_truth,,,,4.123898634134093e-06,0.0,btxrd-heuristic-001331,IMG003162.jpeg,0.0,0,320,masks/IMG003162.png,14bf4fc16d7e9f17cb073a83ba89ab04bd4c22a2b6f80f25bf73a67ce7a0a340,0,320,0,known_image_label_normal,0,0,0.0,0,0,0,,,,val,empty_by_image_gate,0.0,0,0,0,0,0
0,0,,,,,,ground_truth,,,,7.994463521754369e-05,0.0,btxrd-heuristic-001331,IMG003163.jpeg,0.0,0,320,masks/IMG003163.png,14bf4fc16d7e9f17cb073a83ba89ab04bd4c22a2b6f80f25bf73a67ce7a0a340,0,320,0,known_image_label_normal,0,0,0.0,0,0,0,,,,val,empty_by_image_gate,0.0,0,0,0,0,0
0,0,,,,,,ground_truth,,,,2.1780344468425028e-05,0.0,btxrd-heuristic-001331,IMG003164.jpeg,0.0,0,320,masks/IMG003164.png,14bf4fc16d7e9f17cb073a83ba89ab04bd4c22a2b6f80f25bf73a67ce7a0a340,0,320,0,known_image_label_normal,0,0,0.0,0,0,0,,,,val,empty_by_image_gate,0.0,0,0,0,0,0
0,0,,,,,,ground_truth,,,,0.0008436011848971248,0.0,btxrd-heuristic-001331,IMG003165.jpeg,0.0,0,320,masks/IMG003165.png,14bf4fc16d7e9f17cb073a83ba89ab04bd4c22a2b6f80f25bf73a67ce7a0a340,0,320,0,known_image_label_normal,0,0,0.0,0,0,0,,,,val,empty_by_image_gate,0.0,0,0,0,0,0
0,0,,,,,,ground_truth,,,,0.001038882415741682,0.0,btxrd-heuristic-001337,IMG003202.jpeg,0.0,0,320,masks/IMG003202.png,14bf4fc16d7e9f17cb073a83ba89ab04bd4c22a2b6f80f25bf73a67ce7a0a340,0,320,0,known_image_label_normal,0,0,0.0,0,0,0,,,,val,empty_by_image_gate,0.0,0,0,0,0,0
0,0,,,,,,ground_truth,,,,0.0013411234831437469,0.0,btxrd-heuristic-001337,IMG003203.jpeg,0.0,0,320,masks/IMG003203.png,14bf4fc16d7e9f17cb073a83ba89ab04bd4c22a2b6f80f25bf73a67ce7a0a340,0,320,0,known_image_label_normal,0,0,0.0,0,0,0,,,,val,empty_by_image_gate,0.0,0,0,0,0,0
0,0,,,,,,ground_truth,,,,0.0003210769791621715,0.0,btxrd-heuristic-001337,IMG003204.jpeg,0.0,0,320,masks/IMG003204.png,14bf4fc16d7e9f17cb073a83ba89ab04bd4c22a2b6f80f25bf73a67ce7a0a340,0,320,0,known_image_label_normal,0,0,0.0,0,0,0,,,,val,empty_by_image_gate,0.0,0,0,0,0,0
0,0,,,,,,ground_truth,,,,0.0008958435500971973,0.0,btxrd-heuristic-001347,IMG003234.jpeg,0.0,0,320,masks/IMG003234.png,14bf4fc16d7e9f17cb073a83ba89ab04bd4c22a2b6f80f25bf73a67ce7a0a340,0,320,0,known_image_label_normal,0,0,0.0,0,0,0,,,,val,empty_by_image_gate,0.0,0,0,0,0,0
0,0,,,,,,ground_truth,,,,0.00022960563364904374,0.0,btxrd-heuristic-001347,IMG003235.jpeg,0.0,0,320,masks/IMG003235.png,14bf4fc16d7e9f17cb073a83ba89ab04bd4c22a2b6f80f25bf73a67ce7a0a340,0,320,0,known_image_label_normal,0,0,0.0,0,0,0,,,,val,empty_by_image_gate,0.0,0,0,0,0,0
0,0,,,,,,ground_truth,,,,0.000514004030264914,0.0,btxrd-heuristic-001347,IMG003236.jpeg,0.0,0,320,masks/IMG003236.png,14bf4fc16d7e9f17cb073a83ba89ab04bd4c22a2b6f80f25bf73a67ce7a0a340,0,320,0,known_image_label_normal,0,0,0.0,0,0,0,,,,val,empty_by_image_gate,0.0,0,0,0,0,0
0,0,,,,,,ground_truth,,,,0.00028088767430745065,0.0,btxrd-heuristic-001347,IMG003237.jpeg,0.0,0,320,masks/IMG003237.png,14bf4fc16d7e9f17cb073a83ba89ab04bd4c22a2b6f80f25bf73a67ce7a0a340,0,320,0,known_image_label_normal,0,0,0.0,0,0,0,,,,val,empty_by_image_gate,0.0,0,0,0,0,0
0,0,,,,,,ground_truth,,,,0.9984700083732605,0.0,btxrd-heuristic-001350,IMG003243.jpeg,0.0,0,320,masks/IMG003243.png,14bf4fc16d7e9f17cb073a83ba89ab04bd4c22a2b6f80f25bf73a67ce7a0a340,0,320,0,known_image_label_normal,0,0,0.0,0,0,0,,,,val,empty_by_image_gate,0.0,0,0,0,0,0
0,0,,,,,,ground_truth,,,,0.8779993057250977,0.0,btxrd-heuristic-001350,IMG003244.jpeg,0.0,0,320,masks/IMG003244.png,14bf4fc16d7e9f17cb073a83ba89ab04bd4c22a2b6f80f25bf73a67ce7a0a340,0,320,0,known_image_label_normal,0,0,0.0,0,0,0,,,,val,empty_by_image_gate,0.0,0,0,0,0,0
0,0,,,,,,ground_truth,,,,0.00027325336122885346,0.0,btxrd-heuristic-001350,IMG003245.jpeg,0.0,0,320,masks/IMG003245.png,14bf4fc16d7e9f17cb073a83ba89ab04bd4c22a2b6f80f25bf73a67ce7a0a340,0,320,0,known_image_label_normal,0,0,0.0,0,0,0,,,,val,empty_by_image_gate,0.0,0,0,0,0,0
0,0,,,,,,ground_truth,,,,0.999887228012085,0.0,btxrd-heuristic-001350,IMG003246.jpeg,0.0,0,320,masks/IMG003246.png,14bf4fc16d7e9f17cb073a83ba89ab04bd4c22a2b6f80f25bf73a67ce7a0a340,0,320,0,known_image_label_normal,0,0,0.0,0,0,0,,,,val,empty_by_image_gate,0.0,0,0,0,0,0
0,0,,,,,,ground_truth,,,,7.304928658413701e-06,0.0,btxrd-heuristic-001351,IMG003247.jpeg,0.0,0,320,masks/IMG003247.png,14bf4fc16d7e9f17cb073a83ba89ab04bd4c22a2b6f80f25bf73a67ce7a0a340,0,320,0,known_image_label_normal,0,0,0.0,0,0,0,,,,val,empty_by_image_gate,0.0,0,0,0,0,0
0,0,,,,,,ground_truth,,,,6.75317642162554e-06,0.0,btxrd-heuristic-001351,IMG003248.jpeg,0.0,0,320,masks/IMG003248.png,14bf4fc16d7e9f17cb073a83ba89ab04bd4c22a2b6f80f25bf73a67ce7a0a340,0,320,0,known_image_label_normal,0,0,0.0,0,0,0,,,,val,empty_by_image_gate,0.0,0,0,0,0,0
0,0,,,,,,ground_truth,,,,0.9948711395263672,0.0,btxrd-heuristic-001353,IMG003250.jpeg,0.0,0,320,masks/IMG003250.png,14bf4fc16d7e9f17cb073a83ba89ab04bd4c22a2b6f80f25bf73a67ce7a0a340,0,320,0,known_image_label_normal,0,0,0.0,0,0,0,,,,val,empty_by_image_gate,0.0,0,0,0,0,0
0,0,,,,,,ground_truth,,,,0.4722176194190979,0.0,btxrd-heuristic-001354,IMG003251.jpeg,0.0,0,320,masks/IMG003251.png,14bf4fc16d7e9f17cb073a83ba89ab04bd4c22a2b6f80f25bf73a67ce7a0a340,0,320,0,known_image_label_normal,0,0,0.0,0,0,0,,,,val,empty_by_image_gate,0.0,0,0,0,0,0
0,0,,,,,,ground_truth,,,,0.5091306567192078,0.0,btxrd-heuristic-001354,IMG003252.jpeg,0.0,0,320,masks/IMG003252.png,14bf4fc16d7e9f17cb073a83ba89ab04bd4c22a2b6f80f25bf73a67ce7a0a340,0,320,0,known_image_label_normal,0,0,0.0,0,0,0,,,,val,empty_by_image_gate,0.0,0,0,0,0,0
0,0,,,,,,ground_truth,,,,0.03708288446068764,0.0,btxrd-heuristic-001356,IMG003259.jpeg,0.0,0,320,masks/IMG003259.png,14bf4fc16d7e9f17cb073a83ba89ab04bd4c22a2b6f80f25bf73a67ce7a0a340,0,320,0,known_image_label_normal,0,0,0.0,0,0,0,,,,val,empty_by_image_gate,0.0,0,0,0,0,0
0,0,,,,,,ground_truth,,,,0.9534316062927246,0.0,btxrd-heuristic-001356,IMG003260.jpeg,0.0,0,320,masks/IMG003260.png,14bf4fc16d7e9f17cb073a83ba89ab04bd4c22a2b6f80f25bf73a67ce7a0a340,0,320,0,known_image_label_normal,0,0,0.0,0,0,0,,,,val,empty_by_image_gate,0.0,0,0,0,0,0
0,0,,,,,,ground_truth,,,,0.08511025458574295,0.0,btxrd-heuristic-001356,IMG003261.jpeg,0.0,0,320,masks/IMG003261.png,14bf4fc16d7e9f17cb073a83ba89ab04bd4c22a2b6f80f25bf73a67ce7a0a340,0,320,0,known_image_label_normal,0,0,0.0,0,0,0,,,,val,empty_by_image_gate,0.0,0,0,0,0,0
0,0,,,,,,ground_truth,,,,0.8814118504524231,0.0,btxrd-heuristic-001359,IMG003266.jpeg,0.0,0,320,masks/IMG003266.png,14bf4fc16d7e9f17cb073a83ba89ab04bd4c22a2b6f80f25bf73a67ce7a0a340,0,320,0,known_image_label_normal,0,0,0.0,0,0,0,,,,val,empty_by_image_gate,0.0,0,0,0,0,0
0,0,,,,,,ground_truth,,,,0.31385236978530884,0.0,btxrd-heuristic-001361,IMG003268.jpeg,0.0,0,320,masks/IMG003268.png,14bf4fc16d7e9f17cb073a83ba89ab04bd4c22a2b6f80f25bf73a67ce7a0a340,0,320,0,known_image_label_normal,0,0,0.0,0,0,0,,,,val,empty_by_image_gate,0.0,0,0,0,0,0
0,0,,,,,,ground_truth,,,,0.12403954565525055,0.0,btxrd-heuristic-001361,IMG003269.jpeg,0.0,0,320,masks/IMG003269.png,14bf4fc16d7e9f17cb073a83ba89ab04bd4c22a2b6f80f25bf73a67ce7a0a340,0,320,0,known_image_label_normal,0,0,0.0,0,0,0,,,,val,empty_by_image_gate,0.0,0,0,0,0,0
0,0,,,,,,ground_truth,,,,1.4007772733748425e-05,0.0,btxrd-heuristic-001365,IMG003281.jpeg,0.0,0,320,masks/IMG003281.png,14bf4fc16d7e9f17cb073a83ba89ab04bd4c22a2b6f80f25bf73a67ce7a0a340,0,320,0,known_image_label_normal,0,0,0.0,0,0,0,,,,val,empty_by_image_gate,0.0,0,0,0,0,0
0,0,,,,,,ground_truth,,,,0.09900352358818054,0.0,btxrd-heuristic-001365,IMG003282.jpeg,0.0,0,320,masks/IMG003282.png,14bf4fc16d7e9f17cb073a83ba89ab04bd4c22a2b6f80f25bf73a67ce7a0a340,0,320,0,known_image_label_normal,0,0,0.0,0,0,0,,,,val,empty_by_image_gate,0.0,0,0,0,0,0
0,0,,,,,,ground_truth,,,,0.00385572062805295,0.0,btxrd-heuristic-001366,IMG003283.jpeg,0.0,0,320,masks/IMG003283.png,14bf4fc16d7e9f17cb073a83ba89ab04bd4c22a2b6f80f25bf73a67ce7a0a340,0,320,0,known_image_label_normal,0,0,0.0,0,0,0,,,,val,empty_by_image_gate,0.0,0,0,0,0,0
0,0,,,,,,ground_truth,,,,0.0004624818975571543,0.0,btxrd-heuristic-001366,IMG003284.jpeg,0.0,0,320,masks/IMG003284.png,14bf4fc16d7e9f17cb073a83ba89ab04bd4c22a2b6f80f25bf73a67ce7a0a340,0,320,0,known_image_label_normal,0,0,0.0,0,0,0,,,,val,empty_by_image_gate,0.0,0,0,0,0,0
0,0,,,,,,ground_truth,,,,0.00034433644032105803,0.0,btxrd-heuristic-001366,IMG003285.jpeg,0.0,0,320,masks/IMG003285.png,14bf4fc16d7e9f17cb073a83ba89ab04bd4c22a2b6f80f25bf73a67ce7a0a340,0,320,0,known_image_label_normal,0,0,0.0,0,0,0,,,,val,empty_by_image_gate,0.0,0,0,0,0,0
0,0,,,,,,ground_truth,,,,0.00014477732474915683,0.0,btxrd-heuristic-001366,IMG003286.jpeg,0.0,0,320,masks/IMG003286.png,14bf4fc16d7e9f17cb073a83ba89ab04bd4c22a2b6f80f25bf73a67ce7a0a340,0,320,0,known_image_label_normal,0,0,0.0,0,0,0,,,,val,empty_by_image_gate,0.0,0,0,0,0,0
0,0,,,,,,ground_truth,,,,0.8928140997886658,0.0,btxrd-heuristic-001369,IMG003295.jpeg,0.0,0,320,masks/IMG003295.png,14bf4fc16d7e9f17cb073a83ba89ab04bd4c22a2b6f80f25bf73a67ce7a0a340,0,320,0,known_image_label_normal,0,0,0.0,0,0,0,,,,val,empty_by_image_gate,0.0,0,0,0,0,0
0,0,,,,,,ground_truth,,,,0.7741946578025818,0.0,btxrd-heuristic-001369,IMG003296.jpeg,0.0,0,320,masks/IMG003296.png,14bf4fc16d7e9f17cb073a83ba89ab04bd4c22a2b6f80f25bf73a67ce7a0a340,0,320,0,known_image_label_normal,0,0,0.0,0,0,0,,,,val,empty_by_image_gate,0.0,0,0,0,0,0
0,0,,,,,,ground_truth,,,,0.0043268934823572636,0.0,btxrd-heuristic-001369,IMG003297.jpeg,0.0,0,320,masks/IMG003297.png,14bf4fc16d7e9f17cb073a83ba89ab04bd4c22a2b6f80f25bf73a67ce7a0a340,0,320,0,known_image_label_normal,0,0,0.0,0,0,0,,,,val,empty_by_image_gate,0.0,0,0,0,0,0
0,0,,,,,,ground_truth,,,,0.9919692873954773,0.0,btxrd-heuristic-001377,IMG003317.jpeg,0.0,0,320,masks/IMG003317.png,14bf4fc16d7e9f17cb073a83ba89ab04bd4c22a2b6f80f25bf73a67ce7a0a340,0,320,0,known_image_label_normal,0,0,0.0,0,0,0,,,,val,empty_by_image_gate,0.0,0,0,0,0,0
0,0,,,,,,ground_truth,,,,0.9999973773956299,0.0,btxrd-heuristic-001377,IMG003318.jpeg,0.0,0,320,masks/IMG003318.png,14bf4fc16d7e9f17cb073a83ba89ab04bd4c22a2b6f80f25bf73a67ce7a0a340,0,320,0,known_image_label_normal,0,0,0.0,0,0,0,,,,val,empty_by_image_gate,0.0,0,0,0,0,0
0,0,,,,,,ground_truth,,,,0.003317986149340868,0.0,btxrd-heuristic-001378,IMG003319.jpeg,0.0,0,320,masks/IMG003319.png,14bf4fc16d7e9f17cb073a83ba89ab04bd4c22a2b6f80f25bf73a67ce7a0a340,0,320,0,known_image_label_normal,0,0,0.0,0,0,0,,,,val,empty_by_image_gate,0.0,0,0,0,0,0
0,0,,,,,,ground_truth,,,,0.0025418871082365513,0.0,btxrd-heuristic-001384,IMG003339.jpeg,0.0,0,320,masks/IMG003339.png,14bf4fc16d7e9f17cb073a83ba89ab04bd4c22a2b6f80f25bf73a67ce7a0a340,0,320,0,known_image_label_normal,0,0,0.0,0,0,0,,,,val,empty_by_image_gate,0.0,0,0,0,0,0
0,0,,,,,,ground_truth,,,,0.0016098776832222939,0.0,btxrd-heuristic-001384,IMG003340.jpeg,0.0,0,320,masks/IMG003340.png,14bf4fc16d7e9f17cb073a83ba89ab04bd4c22a2b6f80f25bf73a67ce7a0a340,0,320,0,known_image_label_normal,0,0,0.0,0,0,0,,,,val,empty_by_image_gate,0.0,0,0,0,0,0
0,0,,,,,,ground_truth,,,,0.0019127076957374811,0.0,btxrd-heuristic-001384,IMG003341.jpeg,0.0,0,320,masks/IMG003341.png,14bf4fc16d7e9f17cb073a83ba89ab04bd4c22a2b6f80f25bf73a67ce7a0a340,0,320,0,known_image_label_normal,0,0,0.0,0,0,0,,,,val,empty_by_image_gate,0.0,0,0,0,0,0
0,0,,,,,,ground_truth,,,,0.00010144577390747145,0.0,btxrd-heuristic-001393,IMG003369.jpeg,0.0,0,320,masks/IMG003369.png,14bf4fc16d7e9f17cb073a83ba89ab04bd4c22a2b6f80f25bf73a67ce7a0a340,0,320,0,known_image_label_normal,0,0,0.0,0,0,0,,,,val,empty_by_image_gate,0.0,0,0,0,0,0
0,0,,,,,,ground_truth,,,,2.9663704026461346e-06,0.0,btxrd-heuristic-001393,IMG003370.jpeg,0.0,0,320,masks/IMG003370.png,14bf4fc16d7e9f17cb073a83ba89ab04bd4c22a2b6f80f25bf73a67ce7a0a340,0,320,0,known_image_label_normal,0,0,0.0,0,0,0,,,,val,empty_by_image_gate,0.0,0,0,0,0,0
0,0,,,,,,ground_truth,,,,0.036016467958688736,0.0,btxrd-heuristic-001395,IMG003375.jpeg,0.0,0,320,masks/IMG003375.png,14bf4fc16d7e9f17cb073a83ba89ab04bd4c22a2b6f80f25bf73a67ce7a0a340,0,320,0,known_image_label_normal,0,0,0.0,0,0,0,,,,val,empty_by_image_gate,0.0,0,0,0,0,0
0,0,,,,,,ground_truth,,,,7.610929606016725e-05,0.0,btxrd-heuristic-001395,IMG003376.jpeg,0.0,0,320,masks/IMG003376.png,14bf4fc16d7e9f17cb073a83ba89ab04bd4c22a2b6f80f25bf73a67ce7a0a340,0,320,0,known_image_label_normal,0,0,0.0,0,0,0,,,,val,empty_by_image_gate,0.0,0,0,0,0,0
0,0,,,,,,ground_truth,,,,0.0006944517372176051,0.0,btxrd-heuristic-001402,IMG003401.jpeg,0.0,0,320,masks/IMG003401.png,14bf4fc16d7e9f17cb073a83ba89ab04bd4c22a2b6f80f25bf73a67ce7a0a340,0,320,0,known_image_label_normal,0,0,0.0,0,0,0,,,,val,empty_by_image_gate,0.0,0,0,0,0,0
0,0,,,,,,ground_truth,,,,0.004934492986649275,0.0,btxrd-heuristic-001402,IMG003402.jpeg,0.0,0,320,masks/IMG003402.png,14bf4fc16d7e9f17cb073a83ba89ab04bd4c22a2b6f80f25bf73a67ce7a0a340,0,320,0,known_image_label_normal,0,0,0.0,0,0,0,,,,val,empty_by_image_gate,0.0,0,0,0,0,0
0,0,,,,,,ground_truth,,,,0.9999847412109375,0.0,btxrd-heuristic-001404,IMG003413.jpeg,0.0,0,320,masks/IMG003413.png,14bf4fc16d7e9f17cb073a83ba89ab04bd4c22a2b6f80f25bf73a67ce7a0a340,0,320,0,known_image_label_normal,0,0,0.0,0,0,0,,,,val,empty_by_image_gate,0.0,0,0,0,0,0
0,0,,,,,,ground_truth,,,,0.9999045133590698,0.0,btxrd-heuristic-001404,IMG003414.jpeg,0.0,0,320,masks/IMG003414.png,14bf4fc16d7e9f17cb073a83ba89ab04bd4c22a2b6f80f25bf73a67ce7a0a340,0,320,0,known_image_label_normal,0,0,0.0,0,0,0,,,,val,empty_by_image_gate,0.0,0,0,0,0,0
0,0,,,,,,ground_truth,,,,0.22090648114681244,0.0,btxrd-heuristic-001404,IMG003415.jpeg,0.0,0,320,masks/IMG003415.png,14bf4fc16d7e9f17cb073a83ba89ab04bd4c22a2b6f80f25bf73a67ce7a0a340,0,320,0,known_image_label_normal,0,0,0.0,0,0,0,,,,val,empty_by_image_gate,0.0,0,0,0,0,0
0,0,,,,,,ground_truth,,,,0.012901865877211094,0.0,btxrd-heuristic-001404,IMG003416.jpeg,0.0,0,320,masks/IMG003416.png,14bf4fc16d7e9f17cb073a83ba89ab04bd4c22a2b6f80f25bf73a67ce7a0a340,0,320,0,known_image_label_normal,0,0,0.0,0,0,0,,,,val,empty_by_image_gate,0.0,0,0,0,0,0
0,0,,,,,,ground_truth,,,,0.47313404083251953,0.0,btxrd-heuristic-001404,IMG003417.jpeg,0.0,0,320,masks/IMG003417.png,14bf4fc16d7e9f17cb073a83ba89ab04bd4c22a2b6f80f25bf73a67ce7a0a340,0,320,0,known_image_label_normal,0,0,0.0,0,0,0,,,,val,empty_by_image_gate,0.0,0,0,0,0,0
0,0,,,,,,ground_truth,,,,7.106171324267052e-06,0.0,btxrd-heuristic-001407,IMG003428.jpeg,0.0,0,320,masks/IMG003428.png,14bf4fc16d7e9f17cb073a83ba89ab04bd4c22a2b6f80f25bf73a67ce7a0a340,0,320,0,known_image_label_normal,0,0,0.0,0,0,0,,,,val,empty_by_image_gate,0.0,0,0,0,0,0
0,0,,,,,,ground_truth,,,,0.810675859451294,0.0,btxrd-heuristic-001408,IMG003429.jpeg,0.0,0,320,masks/IMG003429.png,14bf4fc16d7e9f17cb073a83ba89ab04bd4c22a2b6f80f25bf73a67ce7a0a340,0,320,0,known_image_label_normal,0,0,0.0,0,0,0,,,,val,empty_by_image_gate,0.0,0,0,0,0,0
0,0,,,,,,ground_truth,,,,0.14636963605880737,0.0,btxrd-heuristic-001408,IMG003430.jpeg,0.0,0,320,masks/IMG003430.png,14bf4fc16d7e9f17cb073a83ba89ab04bd4c22a2b6f80f25bf73a67ce7a0a340,0,320,0,known_image_label_normal,0,0,0.0,0,0,0,,,,val,empty_by_image_gate,0.0,0,0,0,0,0
0,0,,,,,,ground_truth,,,,0.02569233998656273,0.0,btxrd-heuristic-001411,IMG003436.jpeg,0.0,0,320,masks/IMG003436.png,14bf4fc16d7e9f17cb073a83ba89ab04bd4c22a2b6f80f25bf73a67ce7a0a340,0,320,0,known_image_label_normal,0,0,0.0,0,0,0,,,,val,empty_by_image_gate,0.0,0,0,0,0,0
0,0,,,,,,ground_truth,,,,0.0010320658329874277,0.0,btxrd-heuristic-001411,IMG003437.jpeg,0.0,0,320,masks/IMG003437.png,14bf4fc16d7e9f17cb073a83ba89ab04bd4c22a2b6f80f25bf73a67ce7a0a340,0,320,0,known_image_label_normal,0,0,0.0,0,0,0,,,,val,empty_by_image_gate,0.0,0,0,0,0,0
0,0,,,,,,ground_truth,,,,0.32398721575737,0.0,btxrd-heuristic-001424,IMG003489.jpeg,0.0,0,320,masks/IMG003489.png,14bf4fc16d7e9f17cb073a83ba89ab04bd4c22a2b6f80f25bf73a67ce7a0a340,0,320,0,known_image_label_normal,0,0,0.0,0,0,0,,,,val,empty_by_image_gate,0.0,0,0,0,0,0
0,0,,,,,,ground_truth,,,,0.000917648256290704,0.0,btxrd-heuristic-001430,IMG003521.jpeg,0.0,0,320,masks/IMG003521.png,14bf4fc16d7e9f17cb073a83ba89ab04bd4c22a2b6f80f25bf73a67ce7a0a340,0,320,0,known_image_label_normal,0,0,0.0,0,0,0,,,,val,empty_by_image_gate,0.0,0,0,0,0,0
0,0,,,,,,ground_truth,,,,0.0010021427879109979,0.0,btxrd-heuristic-001438,IMG003582.jpeg,0.0,0,320,masks/IMG003582.png,14bf4fc16d7e9f17cb073a83ba89ab04bd4c22a2b6f80f25bf73a67ce7a0a340,0,320,0,known_image_label_normal,0,0,0.0,0,0,0,,,,val,empty_by_image_gate,0.0,0,0,0,0,0
0,0,,,,,,ground_truth,,,,0.9818244576454163,0.0,btxrd-heuristic-001439,IMG003583.jpeg,0.0,0,320,masks/IMG003583.png,14bf4fc16d7e9f17cb073a83ba89ab04bd4c22a2b6f80f25bf73a67ce7a0a340,0,320,0,known_image_label_normal,0,0,0.0,0,0,0,,,,val,empty_by_image_gate,0.0,0,0,0,0,0
0,0,,,,,,ground_truth,,,,0.674444317817688,0.0,btxrd-heuristic-001440,IMG003584.jpeg,0.0,0,320,masks/IMG003584.png,14bf4fc16d7e9f17cb073a83ba89ab04bd4c22a2b6f80f25bf73a67ce7a0a340,0,320,0,known_image_label_normal,0,0,0.0,0,0,0,,,,val,empty_by_image_gate,0.0,0,0,0,0,0
0,0,,,,,,ground_truth,,,,0.9408606290817261,0.0,btxrd-heuristic-001445,IMG003618.jpeg,0.0,0,320,masks/IMG003618.png,14bf4fc16d7e9f17cb073a83ba89ab04bd4c22a2b6f80f25bf73a67ce7a0a340,0,320,0,known_image_label_normal,0,0,0.0,0,0,0,,,,val,empty_by_image_gate,0.0,0,0,0,0,0
0,0,,,,,,ground_truth,,,,0.07075947523117065,0.0,btxrd-heuristic-001445,IMG003619.jpeg,0.0,0,320,masks/IMG003619.png,14bf4fc16d7e9f17cb073a83ba89ab04bd4c22a2b6f80f25bf73a67ce7a0a340,0,320,0,known_image_label_normal,0,0,0.0,0,0,0,,,,val,empty_by_image_gate,0.0,0,0,0,0,0
0,0,,,,,,ground_truth,,,,0.9715781807899475,0.0,btxrd-heuristic-001445,IMG003620.jpeg,0.0,0,320,masks/IMG003620.png,14bf4fc16d7e9f17cb073a83ba89ab04bd4c22a2b6f80f25bf73a67ce7a0a340,0,320,0,known_image_label_normal,0,0,0.0,0,0,0,,,,val,empty_by_image_gate,0.0,0,0,0,0,0
0,0,,,,,,ground_truth,,,,0.02989104948937893,0.0,btxrd-heuristic-001445,IMG003621.jpeg,0.0,0,320,masks/IMG003621.png,14bf4fc16d7e9f17cb073a83ba89ab04bd4c22a2b6f80f25bf73a67ce7a0a340,0,320,0,known_image_label_normal,0,0,0.0,0,0,0,,,,val,empty_by_image_gate,0.0,0,0,0,0,0
0,0,,,,,,ground_truth,,,,0.36756542325019836,0.0,btxrd-heuristic-001458,IMG003701.jpeg,0.0,0,320,masks/IMG003701.png,14bf4fc16d7e9f17cb073a83ba89ab04bd4c22a2b6f80f25bf73a67ce7a0a340,0,320,0,known_image_label_normal,0,0,0.0,0,0,0,,,,val,empty_by_image_gate,0.0,0,0,0,0,0
0,0,,,,,,ground_truth,,,,0.3460201919078827,0.0,btxrd-heuristic-001458,IMG003702.jpeg,0.0,0,320,masks/IMG003702.png,14bf4fc16d7e9f17cb073a83ba89ab04bd4c22a2b6f80f25bf73a67ce7a0a340,0,320,0,known_image_label_normal,0,0,0.0,0,0,0,,,,val,empty_by_image_gate,0.0,0,0,0,0,0
0,0,,,,,,ground_truth,,,,0.02011445164680481,0.0,btxrd-heuristic-001458,IMG003703.jpeg,0.0,0,320,masks/IMG003703.png,14bf4fc16d7e9f17cb073a83ba89ab04bd4c22a2b6f80f25bf73a67ce7a0a340,0,320,0,known_image_label_normal,0,0,0.0,0,0,0,,,,val,empty_by_image_gate,0.0,0,0,0,0,0
0,0,,,,,,ground_truth,,,,0.17313052713871002,0.0,btxrd-heuristic-001458,IMG003704.jpeg,0.0,0,320,masks/IMG003704.png,14bf4fc16d7e9f17cb073a83ba89ab04bd4c22a2b6f80f25bf73a67ce7a0a340,0,320,0,known_image_label_normal,0,0,0.0,0,0,0,,,,val,empty_by_image_gate,0.0,0,0,0,0,0
0,0,,,,,,ground_truth,,,,0.012138012796640396,0.0,btxrd-heuristic-001460,IMG003709.jpeg,0.0,0,320,masks/IMG003709.png,14bf4fc16d7e9f17cb073a83ba89ab04bd4c22a2b6f80f25bf73a67ce7a0a340,0,320,0,known_image_label_normal,0,0,0.0,0,0,0,,,,val,empty_by_image_gate,0.0,0,0,0,0,0
0,0,,,,,,ground_truth,,,,0.5214639902114868,0.0,btxrd-heuristic-001460,IMG003710.jpeg,0.0,0,320,masks/IMG003710.png,14bf4fc16d7e9f17cb073a83ba89ab04bd4c22a2b6f80f25bf73a67ce7a0a340,0,320,0,known_image_label_normal,0,0,0.0,0,0,0,,,,val,empty_by_image_gate,0.0,0,0,0,0,0
0,0,,,,,,ground_truth,,,,0.012681961059570312,0.0,btxrd-heuristic-001460,IMG003711.jpeg,0.0,0,320,masks/IMG003711.png,14bf4fc16d7e9f17cb073a83ba89ab04bd4c22a2b6f80f25bf73a67ce7a0a340,0,320,0,known_image_label_normal,0,0,0.0,0,0,0,,,,val,empty_by_image_gate,0.0,0,0,0,0,0
0,0,,,,,,ground_truth,,,,0.9996700286865234,0.0,btxrd-heuristic-001462,IMG003720.jpg,0.0,0,320,masks/IMG003720.png,14bf4fc16d7e9f17cb073a83ba89ab04bd4c22a2b6f80f25bf73a67ce7a0a340,0,320,0,known_image_label_normal,0,0,0.0,0,0,0,,,,val,empty_by_image_gate,0.0,0,0,0,0,0
0,0,,,,,,ground_truth,,,,0.9999734163284302,0.0,btxrd-heuristic-001474,IMG003740.jpg,0.0,0,320,masks/IMG003740.png,14bf4fc16d7e9f17cb073a83ba89ab04bd4c22a2b6f80f25bf73a67ce7a0a340,0,320,0,known_image_label_normal,0,0,0.0,0,0,0,,,,val,empty_by_image_gate,0.0,0,0,0,0,0
0,0,,,,,,ground_truth,,,,0.9994794726371765,0.0,btxrd-heuristic-001475,IMG003741.jpg,0.0,0,320,masks/IMG003741.png,14bf4fc16d7e9f17cb073a83ba89ab04bd4c22a2b6f80f25bf73a67ce7a0a340,0,320,0,known_image_label_normal,0,0,0.0,0,0,0,,,,val,empty_by_image_gate,0.0,0,0,0,0,0
0,0,,,,,,ground_truth,,,,0.999991774559021,0.0,btxrd-heuristic-001475,IMG003742.jpg,0.0,0,320,masks/IMG003742.png,14bf4fc16d7e9f17cb073a83ba89ab04bd4c22a2b6f80f25bf73a67ce7a0a340,0,320,0,known_image_label_normal,0,0,0.0,0,0,0,,,,val,empty_by_image_gate,0.0,0,0,0,0,0
0,0,,,,,,ground_truth,,,,0.9999735355377197,0.0,btxrd-heuristic-001475,IMG003743.jpg,0.0,0,320,masks/IMG003743.png,14bf4fc16d7e9f17cb073a83ba89ab04bd4c22a2b6f80f25bf73a67ce7a0a340,0,320,0,known_image_label_normal,0,0,0.0,0,0,0,,,,val,empty_by_image_gate,0.0,0,0,0,0,0
0,0,,,,,,ground_truth,,,,1.0,0.0,btxrd-heuristic-001475,IMG003744.jpg,0.0,0,320,masks/IMG003744.png,14bf4fc16d7e9f17cb073a83ba89ab04bd4c22a2b6f80f25bf73a67ce7a0a340,0,320,0,known_image_label_normal,0,0,0.0,0,0,0,,,,val,empty_by_image_gate,0.0,0,0,0,0,0
