arm,subgroup_field,subgroup_value,images,tumor_images,normal_images,main_population,mean_tumor_dice,median_tumor_dice,tumor_dice_iqr_low,tumor_dice_iqr_high,mean_tumor_iou,median_tumor_iou,mean_tumor_precision,mean_tumor_recall,mean_tumor_hd95_px_conditional_defined,mean_tumor_assd_px_conditional_defined,boundary_metric_definition,boundary_metric_eligible_tumor_images,boundary_metric_excluded_tumor_images,boundary_metric_zero_overlap_cases,tumor_non_empty_prediction_rate,tumor_empty_prediction_count,tumor_empty_prediction_rate,tumor_zero_overlap_count,tumor_zero_overlap_rate,tumor_overlap_detection_rate,lesion_any_overlap_recall,lesion_any_overlap_precision,gt_lesions,detected_lesions_any_overlap,predicted_lesions,multifocal_tumor_images,multifocal_tumor_image_rate,partial_multifocal_miss_images,partial_multifocal_miss_rate,missed_lesions_any_overlap,excess_predicted_lesions_any_overlap,mean_absolute_component_count_error,median_absolute_component_count_error,gt_component_count_histogram,normal_empty_prediction_rate,normal_specificity,normal_false_positive_case_rate,normal_mean_pred_area_ratio,normal_median_pred_area_ratio,normal_pred_area_ratio_iqr_low,normal_pred_area_ratio_iqr_high,normal_pred_area_ratio_p95,normal_pred_area_gt_0_1pct_rate,normal_pred_area_gt_1pct_rate,normal_pred_area_gt_5pct_rate,normal_false_positive_components,normal_mean_false_positive_components,normal_median_false_positive_components,normal_false_positive_components_iqr_low,normal_false_positive_components_iqr_high,macro_tumor_predicted_gt_area_ratio,median_tumor_predicted_gt_area_ratio,tumor_predicted_gt_area_ratio_iqr_low,tumor_predicted_gt_area_ratio_iqr_high,median_tumor_relative_area_difference,mean_tumor_relative_area_difference,tumor_relative_area_difference_iqr_low,tumor_relative_area_difference_iqr_high,micro_dice,micro_iou,pixel_specificity,pixel_precision,pixel_recall,tp_pixels,fp_pixels,fn_pixels,tn_pixels,lesion_one_to_one_iou10_recall,lesion_one_to_one_iou10_precision,lesion_one_to_one_iou10_f1,lesion_tp_one_to_one_iou10,lesion_one_to_one_iou25_recall,lesion_one_to_one_iou25_precision,lesion_one_to_one_iou25_f1,lesion_tp_one_to_one_iou25,lesion_one_to_one_iou50_recall,lesion_one_to_one_iou50_precision,lesion_one_to_one_iou50_f1,lesion_tp_one_to_one_iou50,lesion_matching_definition
known_binary_label,lesion_size,large_ge_5pct,18,18,0,tumor images only,0.38695777601745013,0.23193419259544074,0.07989563086426119,0.6958396610038948,0.30325659478544487,0.13136896751132424,0.7127977495161338,0.3596804955512101,423.6092846348248,184.28295385677833,conditional mean over tumor images with both GT and prediction non-empty; HD95=max of directed 95th percentiles and ASSD=mean of concatenated directed surface samples (MONAI symmetric convention); distances are pixels on the declared evaluation grid (not mm); empty-prediction cases are excluded; non-empty zero-overlap cases remain defined and are counted separately,18,0,1,1.0,0,0.0,1,0.05555555555555555,0.9444444444444444,0.425,0.5225225225225225,40,17,111,7,0.3888888888888889,7,1.0,23,53,5.833333333333333,2.5,"{'1': 11, '2': 1, '5': 1, '4': 3, '7': 1, '3': 1}",,,,,,,,,,,,0,,,,,0.5750347233313361,0.3822879949508,0.0650980633745234,0.8535978263540869,-0.6177120050492,-0.42496527666866396,-0.9349019366254766,-0.14640217364591307,0.5711576479919273,0.3997345453746043,0.9896324306066049,0.7874810728993151,0.4480711517213614,1454650,392569,1791821,37472526,0.375,0.13513513513513514,0.1986754966887417,15,0.225,0.08108108108108109,0.11920529801324503,9,0.125,0.04504504504504504,0.06622516556291391,5,"maximum-cardinality one-to-one connected-component matching at IoU thresholds 0.10, 0.25, 0.50"
known_binary_label,lesion_size,medium_1_to_5pct,72,72,0,tumor images only,0.4352205646091222,0.4989171254272931,0.12320209750227605,0.67939664259442,0.32352612322363067,0.3323738979675493,0.4888761979579654,0.545859155898392,320.73635506803106,166.45616469996335,conditional mean over tumor images with both GT and prediction non-empty; HD95=max of directed 95th percentiles and ASSD=mean of concatenated directed surface samples (MONAI symmetric convention); distances are pixels on the declared evaluation grid (not mm); empty-prediction cases are excluded; non-empty zero-overlap cases remain defined and are counted separately,72,0,13,1.0,0,0.0,13,0.18055555555555555,0.8194444444444444,0.7317073170731707,0.26043737574552683,82,60,503,7,0.09722222222222222,5,0.7142857142857143,22,372,5.930555555555555,2.0,"{'1': 65, '3': 3, '2': 4}",,,,,,,,,,,,0,,,,,1.6487445933174856,1.1017407207745462,0.40502169527032905,1.87172238957569,0.10174072077454607,0.6487445933174855,-0.594978304729671,0.8717223895756901,0.42550199548874895,0.2702461319541853,0.9792611559282924,0.36224972597153776,0.5155160284438312,2050332,3609664,1926910,170443624,0.6585365853658537,0.1073558648111332,0.18461538461538463,54,0.5853658536585366,0.09542743538767395,0.1641025641025641,48,0.24390243902439024,0.039761431411530816,0.06837606837606838,20,"maximum-cardinality one-to-one connected-component matching at IoU thresholds 0.10, 0.25, 0.50"
known_binary_label,lesion_size,normal,187,0,187,tumor images only,,,,,,,,,,,conditional mean over tumor images with both GT and prediction non-empty; HD95=max of directed 95th percentiles and ASSD=mean of concatenated directed surface samples (MONAI symmetric convention); distances are pixels on the declared evaluation grid (not mm); empty-prediction cases are excluded; non-empty zero-overlap cases remain defined and are counted separately,0,0,0,0.0,0,0.0,0,0.0,0.0,0.0,0.0,0,0,0,0,0.0,0,0.0,0,0,0.0,0.0,{},1.0,1.0,0.0,0.0,0.0,0.0,0.0,0.0,0.0,0.0,0.0,0,0.0,0.0,0.0,0.0,,,,,,,,,1.0,1.0,1.0,,,0,0,0,743059859,0.0,0.0,0.0,0,0.0,0.0,0.0,0,0.0,0.0,0.0,0,"maximum-cardinality one-to-one connected-component matching at IoU thresholds 0.10, 0.25, 0.50"
known_binary_label,lesion_size,small_lt_1pct,94,94,0,tumor images only,0.1567247985768522,0.00699599813960604,0.0,0.16801802120745984,0.11750736795500749,0.003510278979089548,0.14723315379819116,0.4691998346672255,531.306208473316,342.9542697530701,conditional mean over tumor images with both GT and prediction non-empty; HD95=max of directed 95th percentiles and ASSD=mean of concatenated directed surface samples (MONAI symmetric convention); distances are pixels on the declared evaluation grid (not mm); empty-prediction cases are excluded; non-empty zero-overlap cases remain defined and are counted separately,94,0,34,1.0,0,0.0,34,0.3617021276595745,0.6382978723404256,0.6095238095238096,0.06694560669456066,105,64,956,8,0.0851063829787234,2,0.25,41,892,9.074468085106384,3.0,"{'2': 6, '1': 86, '3': 1, '4': 1}",,,,,,,,,,,,0,,,,,87.154797064065,14.857440429021022,4.061150786026992,60.3985711450545,13.857440429021022,86.154797064065,3.061150786026993,59.3985711450545,0.03417040507558274,0.01738218061413229,0.9530352371367292,0.01763732568064258,0.5457791171778054,307874,17147947,256226,347975732,0.23809523809523808,0.02615062761506276,0.0471253534401508,25,0.13333333333333333,0.014644351464435146,0.02639019792648445,14,0.10476190476190476,0.011506276150627616,0.020735155513666354,11,"maximum-cardinality one-to-one connected-component matching at IoU thresholds 0.10, 0.25, 0.50"
known_binary_label,center,1,296,131,165,tumor images only,0.23984021127257274,0.04309987567343556,0.0,0.5185447172411118,0.18196314428456964,0.022024565861922914,0.26168218521604253,0.4673083795706479,486.09454466014023,295.0911564479423,conditional mean over tumor images with both GT and prediction non-empty; HD95=max of directed 95th percentiles and ASSD=mean of concatenated directed surface samples (MONAI symmetric convention); distances are pixels on the declared evaluation grid (not mm); empty-prediction cases are excluded; non-empty zero-overlap cases remain defined and are counted separately,131,0,40,1.0,0,0.0,40,0.3053435114503817,0.6946564885496184,0.6168831168831169,0.11937984496124031,154,95,1290,14,0.10687022900763359,7,0.5,59,1136,3.9054054054054053,0.0,"{'1': 117, '2': 9, '3': 2, '4': 2, '5': 1}",1.0,1.0,0.0,0.0,0.0,0.0,0.0,0.0,0.0,0.0,0.0,0,0.0,0.0,0.0,0.0,62.59274321901987,4.099102515484768,1.0550063999299133,30.49912583285723,3.099102515484768,61.59274321901987,0.05500639992991331,29.49912583285723,0.2090557163977349,0.11672932447526783,0.9841412230067269,0.1309231973680576,0.5184673446213779,2839066,18845907,2636816,1169512250,0.33766233766233766,0.040310077519379844,0.07202216066481995,52,0.2532467532467532,0.030232558139534883,0.054016620498614956,39,0.14935064935064934,0.017829457364341085,0.03185595567867036,23,"maximum-cardinality one-to-one connected-component matching at IoU thresholds 0.10, 0.25, 0.50"
known_binary_label,center,2,47,31,16,tumor images only,0.4813237718881924,0.5218353324793292,0.3154042463001204,0.7050195118703309,0.35616307527354796,0.3530292287087371,0.5911037212185059,0.601192610713563,345.2459205870468,163.10622259284185,conditional mean over tumor images with both GT and prediction non-empty; HD95=max of directed 95th percentiles and ASSD=mean of concatenated directed surface samples (MONAI symmetric convention); distances are pixels on the declared evaluation grid (not mm); empty-prediction cases are excluded; non-empty zero-overlap cases remain defined and are counted separately,31,0,2,1.0,0,0.0,2,0.06451612903225806,0.9354838709677419,0.6744186046511628,0.39779005524861877,43,29,181,4,0.12903225806451613,3,0.75,14,109,3.3617021276595747,0.0,"{'1': 27, '7': 1, '4': 1, '3': 1, '2': 1}",1.0,1.0,0.0,0.0,0.0,0.0,0.0,0.0,0.0,0.0,0.0,0,0.0,0.0,0.0,0.0,2.142943414579775,0.9652317334652812,0.43974189002302116,1.7409281868000743,-0.03476826653471879,1.1429434145797752,-0.5602581099769788,0.7409281868000743,0.35834846587876734,0.21828534157864954,0.9814415858405351,0.28756853507662594,0.4753466803505874,854082,2115930,942674,111898661,0.6511627906976745,0.15469613259668508,0.25,28,0.5116279069767442,0.12154696132596685,0.19642857142857142,22,0.20930232558139536,0.049723756906077346,0.08035714285714286,9,"maximum-cardinality one-to-one connected-component matching at IoU thresholds 0.10, 0.25, 0.50"
known_binary_label,center,3,28,22,6,tumor images only,0.3042339582342733,0.17710386957802693,0.01526657174497706,0.5590121221865578,0.2236347696023414,0.09788537508069539,0.4211263900099374,0.455751088520449,285.4436089154527,173.92745407042818,conditional mean over tumor images with both GT and prediction non-empty; HD95=max of directed 95th percentiles and ASSD=mean of concatenated directed surface samples (MONAI symmetric convention); distances are pixels on the declared evaluation grid (not mm); empty-prediction cases are excluded; non-empty zero-overlap cases remain defined and are counted separately,22,0,6,1.0,0,0.0,6,0.2727272727272727,0.7272727272727273,0.5666666666666667,0.2727272727272727,30,17,99,4,0.18181818181818182,4,1.0,13,72,2.5357142857142856,0.0,"{'1': 18, '4': 1, '3': 2, '2': 1}",1.0,1.0,0.0,0.0,0.0,0.0,0.0,0.0,0.0,0.0,0.0,0,0.0,0.0,0.0,0.0,2.5241160098798607,1.312744515006079,0.3133463616108757,2.931676452135912,0.31274451500607914,1.524116009879861,-0.6866536383891242,1.9316764521359122,0.2908265773918705,0.17015627176561224,0.9893766618442947,0.3885979918909531,0.2323637598874169,119708,188343,395467,17540830,0.4666666666666667,0.1414141414141414,0.21705426356589147,14,0.3333333333333333,0.10101010101010101,0.15503875968992248,10,0.13333333333333333,0.04040404040404041,0.06201550387596899,4,"maximum-cardinality one-to-one connected-component matching at IoU thresholds 0.10, 0.25, 0.50"
known_binary_label,anatomy,ankle-joint,1,1,0,tumor images only,0.556915905376805,0.556915905376805,0.556915905376805,0.556915905376805,0.3859206178294286,0.3859206178294286,0.44487456901676375,0.7443899799471624,307.20822841983573,108.5614314575732,conditional mean over tumor images with both GT and prediction non-empty; HD95=max of directed 95th percentiles and ASSD=mean of concatenated directed surface samples (MONAI symmetric convention); distances are pixels on the declared evaluation grid (not mm); empty-prediction cases are excluded; non-empty zero-overlap cases remain defined and are counted separately,1,0,0,1.0,0,0.0,0,0.0,1.0,1.0,0.2857142857142857,1,1,14,0,0.0,0,0.0,0,10,13.0,13.0,{'1': 1},,,,,,,,,,,,0,,,,,1.673258108667282,1.673258108667282,1.673258108667282,1.673258108667282,0.6732581086672821,0.6732581086672821,0.6732581086672821,0.6732581086672821,0.556915905376805,0.3859206178294286,0.9707406882877779,0.44487456901676375,0.7443899799471624,93546,116729,32122,3872736,1.0,0.07142857142857142,0.13333333333333333,1,1.0,0.07142857142857142,0.13333333333333333,1,0.0,0.0,0.0,0,"maximum-cardinality one-to-one connected-component matching at IoU thresholds 0.10, 0.25, 0.50"
known_binary_label,anatomy,femur,48,48,0,tumor images only,0.3815398585971672,0.37209804857735335,0.0,0.6978899400905645,0.29689256773673456,0.22965865804462132,0.4179626494423318,0.530156501041997,399.89557811432354,261.15499911040337,conditional mean over tumor images with both GT and prediction non-empty; HD95=max of directed 95th percentiles and ASSD=mean of concatenated directed surface samples (MONAI symmetric convention); distances are pixels on the declared evaluation grid (not mm); empty-prediction cases are excluded; non-empty zero-overlap cases remain defined and are counted separately,48,0,13,1.0,0,0.0,13,0.2708333333333333,0.7291666666666666,0.7,0.2629757785467128,50,35,289,2,0.041666666666666664,1,0.5,15,213,5.020833333333333,1.5,"{'1': 46, '2': 2}",,,,,,,,,,,,0,,,,,18.990187812300828,1.2220015619854272,0.7768411298692787,3.236401788049495,0.22200156198542723,17.990187812300828,-0.22315887013072136,2.236401788049495,0.2629633717100219,0.15138619844124737,0.9622240277606366,0.17117150475829052,0.5670451173083935,1003134,4857269,765921,123723644,0.6,0.10380622837370242,0.17699115044247787,30,0.5,0.08650519031141868,0.14749262536873156,25,0.3,0.05190311418685121,0.08849557522123894,15,"maximum-cardinality one-to-one connected-component matching at IoU thresholds 0.10, 0.25, 0.50"
known_binary_label,anatomy,fibula,12,12,0,tumor images only,0.11528078182680623,0.003467176972585015,0.0,0.10735393697856757,0.07580861851577848,0.0017396200568948201,0.08154107430731923,0.35538700843910576,635.8076667500424,407.0894556395608,conditional mean over tumor images with both GT and prediction non-empty; HD95=max of directed 95th percentiles and ASSD=mean of concatenated directed surface samples (MONAI symmetric convention); distances are pixels on the declared evaluation grid (not mm); empty-prediction cases are excluded; non-empty zero-overlap cases remain defined and are counted separately,12,0,6,1.0,0,0.0,6,0.5,0.5,0.46153846153846156,0.04316546762589928,13,6,139,1,0.08333333333333333,0,0.0,7,133,10.5,4.5,"{'1': 11, '2': 1}",,,,,,,,,,,,0,,,,,41.15049315005076,8.811035472816522,2.6321229395244092,69.29500074524663,7.811035472816522,40.15049315005076,1.6321229395244092,68.29500074524663,0.043702346514560765,0.02233931346628078,0.9685175684930489,0.022797557743977348,0.5263752640801821,32141,1377703,28920,42383307,0.3076923076923077,0.02877697841726619,0.05263157894736842,4,0.15384615384615385,0.014388489208633094,0.02631578947368421,2,0.0,0.0,0.0,0,"maximum-cardinality one-to-one connected-component matching at IoU thresholds 0.10, 0.25, 0.50"
known_binary_label,anatomy,foot,7,7,0,tumor images only,0.009672213917040845,0.0,0.0,0.0006620238031085126,0.00499894720570552,0.0,0.004998957390209369,0.26575230852797393,1023.7314820354562,706.4254310943908,conditional mean over tumor images with both GT and prediction non-empty; HD95=max of directed 95th percentiles and ASSD=mean of concatenated directed surface samples (MONAI symmetric convention); distances are pixels on the declared evaluation grid (not mm); empty-prediction cases are excluded; non-empty zero-overlap cases remain defined and are counted separately,7,0,5,1.0,0,0.0,5,0.7142857142857143,0.2857142857142857,0.25,0.011976047904191617,8,2,167,1,0.14285714285714285,0,0.0,6,165,22.714285714285715,1.0,"{'1': 6, '2': 1}",,,,,,,,,,,,0,,,,,212.45393459242334,29.12889904682752,10.59471108878558,65.68749406858667,28.12889904682752,211.45393459242334,9.59471108878558,64.68749406858667,0.01478568151416743,0.007447901909877821,0.8202747940046198,0.0074723232348136515,0.695017283534272,41218,5474871,18087,24987584,0.0,0.0,0.0,0,0.0,0.0,0.0,0,0.0,0.0,0.0,0,"maximum-cardinality one-to-one connected-component matching at IoU thresholds 0.10, 0.25, 0.50"
known_binary_label,anatomy,foot|tibia|fibula,1,1,0,tumor images only,0.36825143692481477,0.36825143692481477,0.36825143692481477,0.36825143692481477,0.22567903245510446,0.22567903245510446,0.9446054201465826,0.22870584351271048,94.57880305889893,37.69079525501893,conditional mean over tumor images with both GT and prediction non-empty; HD95=max of directed 95th percentiles and ASSD=mean of concatenated directed surface samples (MONAI symmetric convention); distances are pixels on the declared evaluation grid (not mm); empty-prediction cases are excluded; non-empty zero-overlap cases remain defined and are counted separately,1,0,0,1.0,0,0.0,0,0.0,1.0,1.0,1.0,1,1,1,0,0.0,0,0.0,0,0,0.0,0.0,{'1': 1},,,,,,,,,,,,0,,,,,0.24211786068009244,0.24211786068009244,0.24211786068009244,0.24211786068009244,-0.7578821393199076,-0.7578821393199076,-0.7578821393199076,-0.7578821393199076,0.36825143692481477,0.22567903245510446,0.9999467248747953,0.9446054201465826,0.22870584351271048,5542,325,18690,6100083,1.0,1.0,1.0,1,0.0,0.0,0.0,0,0.0,0.0,0.0,0,"maximum-cardinality one-to-one connected-component matching at IoU thresholds 0.10, 0.25, 0.50"
known_binary_label,anatomy,hand,8,8,0,tumor images only,0.17310050145830072,0.01956726929499746,0.0,0.21574484396895166,0.12317009332190276,0.009978894360721295,0.1436996793582683,0.37882916432530983,438.0547759781458,239.51339343420986,conditional mean over tumor images with both GT and prediction non-empty; HD95=max of directed 95th percentiles and ASSD=mean of concatenated directed surface samples (MONAI symmetric convention); distances are pixels on the declared evaluation grid (not mm); empty-prediction cases are excluded; non-empty zero-overlap cases remain defined and are counted separately,8,0,4,1.0,0,0.0,4,0.5,0.5,0.5,0.1320754716981132,8,4,53,0,0.0,0,0.0,4,46,5.625,4.5,{'1': 8},,,,,,,,,,,,0,,,,,14.129711096322172,4.560600229963313,1.3563324481122532,21.14429610762925,3.560600229963313,13.129711096322172,0.3563324481122532,20.14429610762925,0.2077327000353354,0.11590497691914088,0.9836197710982858,0.12421063803442237,0.634148788857894,63198,445599,36460,26757867,0.25,0.03773584905660377,0.06557377049180328,2,0.25,0.03773584905660377,0.06557377049180328,2,0.0,0.0,0.0,0,"maximum-cardinality one-to-one connected-component matching at IoU thresholds 0.10, 0.25, 0.50"
known_binary_label,anatomy,hip bone,10,10,0,tumor images only,0.11475995696141128,0.0,0.0,0.11686705103202841,0.07473538360345888,0.0,0.2418585727680739,0.11799558532726995,576.5580924889499,425.4865232737009,conditional mean over tumor images with both GT and prediction non-empty; HD95=max of directed 95th percentiles and ASSD=mean of concatenated directed surface samples (MONAI symmetric convention); distances are pixels on the declared evaluation grid (not mm); empty-prediction cases are excluded; non-empty zero-overlap cases remain defined and are counted separately,10,0,6,1.0,0,0.0,6,0.6,0.4,0.4,0.3170731707317073,10,4,82,0,0.0,0,0.0,6,56,7.2,0.5,{'1': 10},,,,,,,,,,,,0,,,,,0.931000270978827,0.3144688127490444,0.12741112877089486,1.5167231049676824,-0.6855311872509555,-0.06899972902117295,-0.8725888712291051,0.5167231049676823,0.1094960965842116,0.057919000530161587,0.9863206683727659,0.14008474103807772,0.08987184668815074,50254,308486,508920,22242762,0.2,0.024390243902439025,0.043478260869565216,2,0.2,0.024390243902439025,0.043478260869565216,2,0.0,0.0,0.0,0,"maximum-cardinality one-to-one connected-component matching at IoU thresholds 0.10, 0.25, 0.50"
known_binary_label,anatomy,hip-joint,2,2,0,tumor images only,0.9024603447079342,0.9024603447079342,0.8933882706864384,0.91153241872943,0.8227557711257605,0.8227557711257605,0.9821034960962289,0.8347946363865129,84.0216385423574,27.596415701272058,conditional mean over tumor images with both GT and prediction non-empty; HD95=max of directed 95th percentiles and ASSD=mean of concatenated directed surface samples (MONAI symmetric convention); distances are pixels on the declared evaluation grid (not mm); empty-prediction cases are excluded; non-empty zero-overlap cases remain defined and are counted separately,2,0,0,1.0,0,0.0,0,0.0,1.0,1.0,0.6666666666666666,2,2,3,0,0.0,0,0.0,0,1,0.5,0.5,{'1': 2},,,,,,,,,,,,0,,,,,0.8498927188601809,0.8498927188601809,0.846187611366275,0.8535978263540869,-0.15010728113981908,-0.15010728113981908,-0.1538123886337251,-0.14640217364591307,0.9018936727575412,0.8213172535143818,0.9989507186658033,0.9817025403507394,0.8340855341227736,600263,11188,119403,10651348,1.0,0.6666666666666666,0.8,2,1.0,0.6666666666666666,0.8,2,1.0,0.6666666666666666,0.8,2,"maximum-cardinality one-to-one connected-component matching at IoU thresholds 0.10, 0.25, 0.50"
known_binary_label,anatomy,humerus,25,25,0,tumor images only,0.43018158983953514,0.5497114706727129,0.07215912656083329,0.6983952558685891,0.3188697757928224,0.37903593633723026,0.45451670826010004,0.60586082954697,338.03297846490705,163.72067315468405,conditional mean over tumor images with both GT and prediction non-empty; HD95=max of directed 95th percentiles and ASSD=mean of concatenated directed surface samples (MONAI symmetric convention); distances are pixels on the declared evaluation grid (not mm); empty-prediction cases are excluded; non-empty zero-overlap cases remain defined and are counted separately,25,0,5,1.0,0,0.0,5,0.2,0.8,0.8,0.2605633802816901,25,20,142,0,0.0,0,0.0,5,105,4.68,3.0,{'1': 25},,,,,,,,,,,,0,,,,,44.18436632809351,1.7782500885582713,1.1007669414808887,4.5340386384544615,0.7782500885582714,43.18436632809351,0.10076694148088863,3.534038638454462,0.38181874491453605,0.2359554862686692,0.9709456641936444,0.2664757476522968,0.6732189764043095,949298,2613120,460790,87325952,0.72,0.1267605633802817,0.2155688622754491,18,0.6,0.1056338028169014,0.17964071856287425,15,0.32,0.056338028169014086,0.09580838323353294,8,"maximum-cardinality one-to-one connected-component matching at IoU thresholds 0.10, 0.25, 0.50"
known_binary_label,anatomy,knee-joint,2,2,0,tumor images only,0.6982443406888956,0.6982443406888956,0.617195683397078,0.7792929979807132,0.5605846682192149,0.5605846682192149,0.6811613804285196,0.8343562214844046,161.07614597243634,62.60805318050937,conditional mean over tumor images with both GT and prediction non-empty; HD95=max of directed 95th percentiles and ASSD=mean of concatenated directed surface samples (MONAI symmetric convention); distances are pixels on the declared evaluation grid (not mm); empty-prediction cases are excluded; non-empty zero-overlap cases remain defined and are counted separately,2,0,0,1.0,0,0.0,0,0.0,1.0,1.0,0.6666666666666666,2,2,3,0,0.0,0,0.0,0,1,0.5,0.5,{'1': 2},,,,,,,,,,,,0,,,,,1.573964531916133,1.573964531916133,1.177462822724492,1.9704662411077738,0.573964531916133,0.573964531916133,0.17746282272449213,0.9704662411077738,0.7023759678977645,0.5412784832289748,0.9801383949120354,0.6189638997154996,0.8117708549549978,324602,199826,75267,9861093,1.0,0.6666666666666666,0.8,2,1.0,0.6666666666666666,0.8,2,0.5,0.3333333333333333,0.4,1,"maximum-cardinality one-to-one connected-component matching at IoU thresholds 0.10, 0.25, 0.50"
known_binary_label,anatomy,radius,7,7,0,tumor images only,0.44083197424241316,0.3366108465202028,0.06745877875410587,0.8351321418504916,0.37199207363167847,0.20236445922231458,0.4548650232701699,0.6138002160752551,170.68104131624318,94.41846183685006,conditional mean over tumor images with both GT and prediction non-empty; HD95=max of directed 95th percentiles and ASSD=mean of concatenated directed surface samples (MONAI symmetric convention); distances are pixels on the declared evaluation grid (not mm); empty-prediction cases are excluded; non-empty zero-overlap cases remain defined and are counted separately,7,0,1,1.0,0,0.0,1,0.14285714285714285,0.8571428571428571,0.6666666666666666,0.11290322580645161,9,6,62,1,0.14285714285714285,1,1.0,3,55,7.571428571428571,0.0,"{'1': 6, '3': 1}",,,,,,,,,,,,0,,,,,80.95023494438543,0.9971807375800061,0.8088825076704471,95.67463638721519,-0.002819262419993904,79.95023494438543,-0.19111749232955283,94.67463638721519,0.09303324553768243,0.048785981884573434,0.9779558800439454,0.049701669203082346,0.7258775798200741,20575,393395,7770,17452407,0.5555555555555556,0.08064516129032258,0.14084507042253522,5,0.3333333333333333,0.04838709677419355,0.08450704225352113,3,0.3333333333333333,0.04838709677419355,0.08450704225352113,3,"maximum-cardinality one-to-one connected-component matching at IoU thresholds 0.10, 0.25, 0.50"
known_binary_label,anatomy,shoulder-joint,2,2,0,tumor images only,0.0,0.0,0.0,0.0,0.0,0.0,0.0,0.0,301.75586439167563,201.28625606204298,conditional mean over tumor images with both GT and prediction non-empty; HD95=max of directed 95th percentiles and ASSD=mean of concatenated directed surface samples (MONAI symmetric convention); distances are pixels on the declared evaluation grid (not mm); empty-prediction cases are excluded; non-empty zero-overlap cases remain defined and are counted separately,2,0,2,1.0,0,0.0,2,1.0,0.0,0.0,0.0,2,0,55,0,0.0,0,0.0,2,55,26.5,26.5,{'1': 2},,,,,,,,,,,,0,,,,,9.624681535030179,9.624681535030179,8.579599150158089,10.66976391990227,8.624681535030179,8.624681535030179,7.579599150158088,9.66976391990227,0.0,0.0,0.9349806580465435,0.0,0.0,0,80476,8136,1157248,0.0,0.0,0.0,0,0.0,0.0,0.0,0,0.0,0.0,0.0,0,"maximum-cardinality one-to-one connected-component matching at IoU thresholds 0.10, 0.25, 0.50"
known_binary_label,anatomy,tibia,40,40,0,tumor images only,0.2474607191913904,0.05821043683541634,0.00501613702968102,0.48834645758640416,0.17878666992437836,0.029987312909327095,0.2404770888764088,0.6093120094446502,413.3410807763511,226.88207983113315,conditional mean over tumor images with both GT and prediction non-empty; HD95=max of directed 95th percentiles and ASSD=mean of concatenated directed surface samples (MONAI symmetric convention); distances are pixels on the declared evaluation grid (not mm); empty-prediction cases are excluded; non-empty zero-overlap cases remain defined and are counted separately,40,0,5,1.0,0,0.0,5,0.125,0.875,0.7777777777777778,0.09647058823529411,45,35,425,4,0.1,2,0.5,10,384,9.55,5.5,"{'2': 3, '1': 36, '3': 1}",,,,,,,,,,,,0,,,,,83.34358424366717,11.695994834981057,1.8046189413529596,67.8772818029242,10.695994834981057,82.34358424366717,0.8046189413529597,66.8772818029242,0.14168021047060933,0.07624102765783336,0.9698612385128446,0.08042789214104894,0.5942477027427595,340807,3896616,232703,125392572,0.35555555555555557,0.03764705882352941,0.06808510638297872,16,0.3111111111111111,0.03294117647058824,0.059574468085106386,14,0.13333333333333333,0.01411764705882353,0.02553191489361702,6,"maximum-cardinality one-to-one connected-component matching at IoU thresholds 0.10, 0.25, 0.50"
known_binary_label,anatomy,tibia|femur,2,2,0,tumor images only,0.14935937060337248,0.14935937060337248,0.07532431396165028,0.22339442724509467,0.08766970729398799,0.08766970729398799,0.087671280716321,0.558641975308642,344.3725804171499,188.07490419799018,conditional mean over tumor images with both GT and prediction non-empty; HD95=max of directed 95th percentiles and ASSD=mean of concatenated directed surface samples (MONAI symmetric convention); distances are pixels on the declared evaluation grid (not mm); empty-prediction cases are excluded; non-empty zero-overlap cases remain defined and are counted separately,2,0,0,1.0,0,0.0,0,0.0,1.0,1.0,0.17647058823529413,3,3,17,1,0.5,0,0.0,0,14,7.0,7.0,"{'1': 1, '2': 1}",,,,,,,,,,,,0,,,,,93.33230607173559,93.33230607173559,49.528294498549876,137.1363176449213,92.33230607173559,92.33230607173559,48.528294498549876,136.1363176449213,0.10084084084084084,0.05309762499604693,0.9666287576168807,0.05327833088731109,0.9399580125962211,20148,358017,1287,10370292,0.3333333333333333,0.058823529411764705,0.1,1,0.0,0.0,0.0,0,0.0,0.0,0.0,0,"maximum-cardinality one-to-one connected-component matching at IoU thresholds 0.10, 0.25, 0.50"
known_binary_label,anatomy,tibia|fibula,2,2,0,tumor images only,0.26389249340907533,0.26389249340907533,0.22485652165467993,0.3029284651634708,0.1543367595571585,0.1543367595571585,0.43327184098392496,0.3103707268424832,323.5859612709045,130.75385502474288,conditional mean over tumor images with both GT and prediction non-empty; HD95=max of directed 95th percentiles and ASSD=mean of concatenated directed surface samples (MONAI symmetric convention); distances are pixels on the declared evaluation grid (not mm); empty-prediction cases are excluded; non-empty zero-overlap cases remain defined and are counted separately,2,0,0,1.0,0,0.0,0,0.0,1.0,0.6666666666666666,0.5,3,2,22,1,0.5,1,1.0,1,11,10.5,10.5,"{'1': 1, '2': 1}",,,,,,,,,,,,0,,,,,1.0845788288365872,1.0845788288365872,0.6321964129463278,1.5369612447268466,0.08457882883658718,0.08457882883658718,-0.36780358705367217,0.5369612447268466,0.26818102643579084,0.1548551150723651,0.9867718863480224,0.3169724867501425,0.23240674082503116,30023,64695,99160,4826025,0.6666666666666666,0.09090909090909091,0.16,2,0.3333333333333333,0.045454545454545456,0.08,1,0.0,0.0,0.0,0,"maximum-cardinality one-to-one connected-component matching at IoU thresholds 0.10, 0.25, 0.50"
known_binary_label,anatomy,tibia|fibula|femur,11,11,0,tumor images only,0.10240697932767678,0.08056763261264452,0.055590233614144696,0.129054796257507,0.05550460498521914,0.04197471814144175,0.5817566286722048,0.15799293295128478,677.0904119069681,305.1062162982625,conditional mean over tumor images with both GT and prediction non-empty; HD95=max of directed 95th percentiles and ASSD=mean of concatenated directed surface samples (MONAI symmetric convention); distances are pixels on the declared evaluation grid (not mm); empty-prediction cases are excluded; non-empty zero-overlap cases remain defined and are counted separately,11,0,1,1.0,0,0.0,1,0.09090909090909091,0.9090909090909091,0.34146341463414637,0.2054794520547945,41,14,73,11,1.0,9,0.8181818181818182,27,58,6.181818181818182,2.0,"{'2': 2, '4': 4, '5': 1, '3': 3, '7': 1}",,,,,,,,,,,,0,,,,,2.1116193701118378,0.08348638063416901,0.038598968415681015,0.26940985616045476,-0.916513619365831,1.1116193701118375,-0.961401031584319,-0.7305901438395452,0.13374145025799689,0.07166287344081326,0.9754469682557114,0.18958543929396895,0.10331047817496633,176108,752803,1528540,29907484,0.17073170731707318,0.0958904109589041,0.12280701754385964,7,0.024390243902439025,0.0136986301369863,0.017543859649122806,1,0.0,0.0,0.0,0,"maximum-cardinality one-to-one connected-component matching at IoU thresholds 0.10, 0.25, 0.50"
known_binary_label,anatomy,ulna,3,3,0,tumor images only,0.2827745054256772,0.11166710560969186,0.06133063283821698,0.4186646781051448,0.2113684631847902,0.05913528591352859,0.28858335158847637,0.6065011875056611,238.06673265384407,109.47344105162887,conditional mean over tumor images with both GT and prediction non-empty; HD95=max of directed 95th percentiles and ASSD=mean of concatenated directed surface samples (MONAI symmetric convention); distances are pixels on the declared evaluation grid (not mm); empty-prediction cases are excluded; non-empty zero-overlap cases remain defined and are counted separately,3,0,0,1.0,0,0.0,0,0.0,1.0,1.0,0.7058823529411765,3,3,17,0,0.0,0,0.0,0,5,4.666666666666667,1.0,{'1': 3},,,,,,,,,,,,0,,,,,15.0493372906756,16.910377358490567,8.869298143805608,22.159896471453074,15.910377358490566,14.0493372906756,7.869298143805608,21.159896471453074,0.42589222579962027,0.27056103322783365,0.9782889568287443,0.31594391219371915,0.6532084030652691,59327,128450,31497,5787894,0.3333333333333333,0.058823529411764705,0.1,1,0.3333333333333333,0.058823529411764705,0.1,1,0.3333333333333333,0.058823529411764705,0.1,1,"maximum-cardinality one-to-one connected-component matching at IoU thresholds 0.10, 0.25, 0.50"
known_binary_label,anatomy,ulna|radius,1,1,0,tumor images only,0.06918694976696012,0.06918694976696012,0.06918694976696012,0.06918694976696012,0.03583306512176805,0.03583306512176805,0.03646089187271437,0.6754297269969667,227.1079038695043,122.46540931058344,conditional mean over tumor images with both GT and prediction non-empty; HD95=max of directed 95th percentiles and ASSD=mean of concatenated directed surface samples (MONAI symmetric convention); distances are pixels on the declared evaluation grid (not mm); empty-prediction cases are excluded; non-empty zero-overlap cases remain defined and are counted separately,1,0,0,1.0,0,0.0,0,0.0,1.0,1.0,0.16666666666666666,1,1,6,0,0.0,0,0.0,0,5,5.0,5.0,{'1': 1},,,,,,,,,,,,0,,,,,18.524772497472195,18.524772497472195,18.524772497472195,18.524772497472195,17.524772497472195,17.524772497472195,17.524772497472195,17.524772497472195,0.06918694976696012,0.03583306512176805,0.9776699483523476,0.03646089187271437,0.6754297269969667,2672,70612,1284,3091584,0.0,0.0,0.0,0,0.0,0.0,0.0,0,0.0,0.0,0.0,0,"maximum-cardinality one-to-one connected-component matching at IoU thresholds 0.10, 0.25, 0.50"
known_binary_label,anatomy,unknown,187,0,187,tumor images only,,,,,,,,,,,conditional mean over tumor images with both GT and prediction non-empty; HD95=max of directed 95th percentiles and ASSD=mean of concatenated directed surface samples (MONAI symmetric convention); distances are pixels on the declared evaluation grid (not mm); empty-prediction cases are excluded; non-empty zero-overlap cases remain defined and are counted separately,0,0,0,0.0,0,0.0,0,0.0,0.0,0.0,0.0,0,0,0,0,0.0,0,0.0,0,0,0.0,0.0,{},1.0,1.0,0.0,0.0,0.0,0.0,0.0,0.0,0.0,0.0,0.0,0,0.0,0.0,0.0,0.0,,,,,,,,,1.0,1.0,1.0,,,0,0,0,743059859,0.0,0.0,0.0,0,0.0,0.0,0.0,0,0.0,0.0,0.0,0,"maximum-cardinality one-to-one connected-component matching at IoU thresholds 0.10, 0.25, 0.50"
known_binary_label,view,frontal,231,132,99,tumor images only,0.2708343221933584,0.08553448454885744,0.0,0.5536213909807749,0.20502253499784054,0.04467799699682028,0.3179045333350742,0.48574656391174037,463.4240897143537,280.16273384764577,conditional mean over tumor images with both GT and prediction non-empty; HD95=max of directed 95th percentiles and ASSD=mean of concatenated directed surface samples (MONAI symmetric convention); distances are pixels on the declared evaluation grid (not mm); empty-prediction cases are excluded; non-empty zero-overlap cases remain defined and are counted separately,132,0,36,1.0,0,0.0,36,0.2727272727272727,0.7272727272727273,0.5988023952095808,0.13725490196078433,167,100,1122,17,0.12878787878787878,10,0.5882352941176471,67,968,4.307359307359308,0.0,"{'1': 115, '2': 9, '4': 4, '5': 1, '3': 2, '7': 1}",1.0,1.0,0.0,0.0,0.0,0.0,0.0,0.0,0.0,0.0,0.0,0,0.0,0.0,0.0,0.0,45.790275712329326,2.607938360563526,0.841555886646884,21.14429610762925,1.607938360563526,44.790275712329326,-0.158444113353116,20.14429610762925,0.2578997349934145,0.1480395475357095,0.9860292635527826,0.1802765730167282,0.4529151046758649,2518304,11450810,3041908,808177421,0.38323353293413176,0.0570409982174688,0.09930178432893716,64,0.2754491017964072,0.040998217468805706,0.07137315748642359,46,0.16766467065868262,0.024955436720142603,0.04344453064391001,28,"maximum-cardinality one-to-one connected-component matching at IoU thresholds 0.10, 0.25, 0.50"
known_binary_label,view,lateral,112,41,71,tumor images only,0.3293826150607007,0.3419644369178662,0.010994160066742094,0.556915905376805,0.2407997186598294,0.20624674435944315,0.38552642779537205,0.5146439579004232,378.11622789512705,193.03298788702853,conditional mean over tumor images with both GT and prediction non-empty; HD95=max of directed 95th percentiles and ASSD=mean of concatenated directed surface samples (MONAI symmetric convention); distances are pixels on the declared evaluation grid (not mm); empty-prediction cases are excluded; non-empty zero-overlap cases remain defined and are counted separately,41,0,7,1.0,0,0.0,7,0.17073170731707318,0.8292682926829268,0.7142857142857143,0.22137404580152673,49,35,393,5,0.12195121951219512,4,0.8,14,306,3.0892857142857144,0.0,"{'1': 36, '3': 3, '2': 2}",1.0,1.0,0.0,0.0,0.0,0.0,0.0,0.0,0.0,0.0,0.0,0,0.0,0.0,0.0,0.0,54.92449016318201,1.7614838070059484,0.8548609339117121,7.0352467270896275,0.7614838070059484,53.92449016318201,-0.14513906608828783,6.0352467270896275,0.127837435865267,0.06828329885142762,0.9766923129640641,0.0739636084796396,0.4706531151898823,740784,9274736,833165,388651321,0.4897959183673469,0.061068702290076333,0.1085972850678733,24,0.40816326530612246,0.05089058524173028,0.09049773755656108,20,0.10204081632653061,0.01272264631043257,0.02262443438914027,5,"maximum-cardinality one-to-one connected-component matching at IoU thresholds 0.10, 0.25, 0.50"
known_binary_label,view,oblique,28,11,17,tumor images only,0.3434939944893603,0.3257754323022048,0.0,0.6565877483246552,0.26022082556746917,0.19458287650752518,0.3726709328594396,0.4238130811871029,362.3657362565348,240.34591030459475,conditional mean over tumor images with both GT and prediction non-empty; HD95=max of directed 95th percentiles and ASSD=mean of concatenated directed surface samples (MONAI symmetric convention); distances are pixels on the declared evaluation grid (not mm); empty-prediction cases are excluded; non-empty zero-overlap cases remain defined and are counted separately,11,0,5,1.0,0,0.0,5,0.45454545454545453,0.5454545454545454,0.5454545454545454,0.21818181818181817,11,6,55,0,0.0,0,0.0,5,43,1.5714285714285714,0.0,{'1': 11},1.0,1.0,0.0,0.0,0.0,0.0,0.0,0.0,0.0,0.0,0.0,0,0.0,0.0,0.0,0.0,2.3082426402728085,1.466443304366035,0.8975498207067514,2.2154775482701012,0.466443304366035,1.3082426402728087,-0.10245017929324857,1.2154775482701015,0.67861480073576,0.5135631919546392,0.9958591535701268,0.5659923017328256,0.8471908599683011,553768,424634,99884,102122999,0.5454545454545454,0.10909090909090909,0.18181818181818182,6,0.45454545454545453,0.09090909090909091,0.15151515151515152,5,0.2727272727272727,0.05454545454545454,0.09090909090909091,3,"maximum-cardinality one-to-one connected-component matching at IoU thresholds 0.10, 0.25, 0.50"
known_binary_label,tumor_type_name,giant cell tumor,9,9,0,tumor images only,0.503575803984059,0.606371892213786,0.4688283444588758,0.7256622506005977,0.37959148283948163,0.4351030872770003,0.4388143059975244,0.6707332551479775,331.2457288144454,164.38490817632717,conditional mean over tumor images with both GT and prediction non-empty; HD95=max of directed 95th percentiles and ASSD=mean of concatenated directed surface samples (MONAI symmetric convention); distances are pixels on the declared evaluation grid (not mm); empty-prediction cases are excluded; non-empty zero-overlap cases remain defined and are counted separately,9,0,2,1.0,0,0.0,2,0.2222222222222222,0.7777777777777778,0.7777777777777778,0.25,9,7,76,0,0.0,0,0.0,2,57,7.444444444444445,6.0,{'1': 9},,,,,,,,,,,,0,,,,,8.60243816082913,2.0581694383893803,1.0333900781469914,3.2368825185564374,1.05816943838938,7.602438160829132,0.03339007814699141,2.2368825185564374,0.5299981619577775,0.3605425165070811,0.9801544201911488,0.39522525124459695,0.8042494695633984,403689,617726,98256,30508903,0.7777777777777778,0.09210526315789473,0.16470588235294117,7,0.7777777777777778,0.09210526315789473,0.16470588235294117,7,0.3333333333333333,0.039473684210526314,0.07058823529411765,3,"maximum-cardinality one-to-one connected-component matching at IoU thresholds 0.10, 0.25, 0.50"
known_binary_label,tumor_type_name,multiple osteochondromas,26,26,0,tumor images only,0.20869151549006412,0.10998469553511245,0.0618333060506069,0.24730835806125184,0.1435319695942216,0.05828554568746283,0.5177286470731264,0.25824224136143675,505.38527633371535,255.2866500799996,conditional mean over tumor images with both GT and prediction non-empty; HD95=max of directed 95th percentiles and ASSD=mean of concatenated directed surface samples (MONAI symmetric convention); distances are pixels on the declared evaluation grid (not mm); empty-prediction cases are excluded; non-empty zero-overlap cases remain defined and are counted separately,26,0,4,1.0,0,0.0,4,0.15384615384615385,0.8461538461538461,0.4126984126984127,0.2616279069767442,63,26,172,16,0.6153846153846154,13,0.8125,37,127,5.730769230769231,2.0,"{'3': 5, '1': 10, '2': 5, '4': 4, '5': 1, '7': 1}",,,,,,,,,,,,0,,,,,2.723958477016362,0.21281299366327303,0.05201293675286604,1.7671994808330516,-0.787187006336727,1.7239584770163623,-0.947987063247134,0.7671994808330516,0.18682302683960741,0.10303628912404082,0.9830977006481909,0.24880493681567256,0.1495638952175146,367098,1108347,2087358,64465394,0.2698412698412698,0.09883720930232558,0.14468085106382977,17,0.1111111111111111,0.040697674418604654,0.059574468085106386,7,0.047619047619047616,0.01744186046511628,0.02553191489361702,3,"maximum-cardinality one-to-one connected-component matching at IoU thresholds 0.10, 0.25, 0.50"
known_binary_label,tumor_type_name,normal,187,0,187,tumor images only,,,,,,,,,,,conditional mean over tumor images with both GT and prediction non-empty; HD95=max of directed 95th percentiles and ASSD=mean of concatenated directed surface samples (MONAI symmetric convention); distances are pixels on the declared evaluation grid (not mm); empty-prediction cases are excluded; non-empty zero-overlap cases remain defined and are counted separately,0,0,0,0.0,0,0.0,0,0.0,0.0,0.0,0.0,0,0,0,0,0.0,0,0.0,0,0,0.0,0.0,{},1.0,1.0,0.0,0.0,0.0,0.0,0.0,0.0,0.0,0.0,0.0,0,0.0,0.0,0.0,0.0,,,,,,,,,1.0,1.0,1.0,,,0,0,0,743059859,0.0,0.0,0.0,0,0.0,0.0,0.0,0,0.0,0.0,0.0,0,"maximum-cardinality one-to-one connected-component matching at IoU thresholds 0.10, 0.25, 0.50"
known_binary_label,tumor_type_name,osteochondroma,75,75,0,tumor images only,0.19176432971946775,0.01759616719186145,0.0,0.2645735485612137,0.1473638128869904,0.008876176942684739,0.18741522829263535,0.5119111227723735,428.78276900722216,250.72024571764234,conditional mean over tumor images with both GT and prediction non-empty; HD95=max of directed 95th percentiles and ASSD=mean of concatenated directed surface samples (MONAI symmetric convention); distances are pixels on the declared evaluation grid (not mm); empty-prediction cases are excluded; non-empty zero-overlap cases remain defined and are counted separately,75,0,22,1.0,0,0.0,22,0.29333333333333333,0.7066666666666667,0.6666666666666666,0.0811965811965812,81,54,702,6,0.08,1,0.16666666666666666,27,645,8.306666666666667,3.0,"{'2': 6, '1': 69}",,,,,,,,,,,,0,,,,,88.677969188912,18.772572402044293,2.4908901679355417,70.79912964118935,17.772572402044293,87.677969188912,1.4908901679355417,69.79912964118935,0.054597296943961315,0.028064779008579697,0.9571680674718581,0.028511221972722146,0.6418726993984389,329920,11241664,184076,251218219,0.2839506172839506,0.03276353276353276,0.05874840357598978,23,0.19753086419753085,0.022792022792022793,0.04086845466155811,16,0.13580246913580246,0.01566951566951567,0.0280970625798212,11,"maximum-cardinality one-to-one connected-component matching at IoU thresholds 0.10, 0.25, 0.50"
known_binary_label,tumor_type_name,osteofibroma,4,4,0,tumor images only,0.208340579675813,0.03607956328041664,0.0,0.24442014295622966,0.16297494854601774,0.018715011066267412,0.18660164504142418,0.4554340622929092,485.6242876796945,367.2944193359214,conditional mean over tumor images with both GT and prediction non-empty; HD95=max of directed 95th percentiles and ASSD=mean of concatenated directed surface samples (MONAI symmetric convention); distances are pixels on the declared evaluation grid (not mm); empty-prediction cases are excluded; non-empty zero-overlap cases remain defined and are counted separately,4,0,2,1.0,0,0.0,2,0.5,0.5,0.5,0.18181818181818182,4,2,11,0,0.0,0,0.0,2,9,1.75,1.0,{'1': 4},,,,,,,,,,,,0,,,,,8.7523377062045,3.566891680020721,2.239569972601766,10.079659413623455,2.5668916800207215,7.7523377062045,1.2395699726017666,9.079659413623455,0.04825419327576454,0.024723605455954967,0.9900158148777235,0.029031385059497938,0.14282256112321473,3540,118397,21246,11740057,0.25,0.09090909090909091,0.13333333333333333,1,0.25,0.09090909090909091,0.13333333333333333,1,0.25,0.09090909090909091,0.13333333333333333,1,"maximum-cardinality one-to-one connected-component matching at IoU thresholds 0.10, 0.25, 0.50"
known_binary_label,tumor_type_name,osteosarcoma,30,30,0,tumor images only,0.46906715755073414,0.5282068468878457,0.21973188453101822,0.6758294500933762,0.3520727398315496,0.3592415689749969,0.4994170923721557,0.5675448138800331,240.90568834102663,91.45158937352572,conditional mean over tumor images with both GT and prediction non-empty; HD95=max of directed 95th percentiles and ASSD=mean of concatenated directed surface samples (MONAI symmetric convention); distances are pixels on the declared evaluation grid (not mm); empty-prediction cases are excluded; non-empty zero-overlap cases remain defined and are counted separately,30,0,5,1.0,0,0.0,5,0.16666666666666666,0.8333333333333334,0.8333333333333334,0.25675675675675674,30,25,296,0,0.0,0,0.0,5,220,8.866666666666667,5.0,{'1': 30},,,,,,,,,,,,0,,,,,1.2100468718294144,1.1940990402954297,0.5728955887152166,1.8025121319883881,0.1940990402954297,0.21004687182941453,-0.4271044112847834,0.8025121319883882,0.5984899071981198,0.42703217784299136,0.9833613001666834,0.5603667659561343,0.6421789331321468,1108248,869471,617514,51386475,0.7333333333333333,0.07432432432432433,0.13496932515337423,22,0.7333333333333333,0.07432432432432433,0.13496932515337423,22,0.26666666666666666,0.02702702702702703,0.049079754601226995,8,"maximum-cardinality one-to-one connected-component matching at IoU thresholds 0.10, 0.25, 0.50"
known_binary_label,tumor_type_name,other bt,11,11,0,tumor images only,0.11897623654108608,0.0,0.0,0.14871474194340845,0.08188258868945751,0.0,0.08868712479326378,0.23376548541141257,728.9450334713448,591.5893999977253,conditional mean over tumor images with both GT and prediction non-empty; HD95=max of directed 95th percentiles and ASSD=mean of concatenated directed surface samples (MONAI symmetric convention); distances are pixels on the declared evaluation grid (not mm); empty-prediction cases are excluded; non-empty zero-overlap cases remain defined and are counted separately,11,0,8,1.0,0,0.0,8,0.7272727272727273,0.2727272727272727,0.2727272727272727,0.10344827586206896,11,3,29,0,0.0,0,0.0,8,26,1.6363636363636365,0.0,{'1': 11},,,,,,,,,,,,0,,,,,4.172866518099137,3.781001800275336,1.4713967736406386,5.460189510730133,2.781001800275336,3.172866518099137,0.4713967736406385,4.460189510730133,0.18329016869727083,0.10089127363054826,0.9832130994030446,0.11647266033257792,0.4299310890194306,76115,577386,100925,33817647,0.2727272727272727,0.10344827586206896,0.15,3,0.09090909090909091,0.034482758620689655,0.05,1,0.09090909090909091,0.034482758620689655,0.05,1,"maximum-cardinality one-to-one connected-component matching at IoU thresholds 0.10, 0.25, 0.50"
known_binary_label,tumor_type_name,other mt,4,4,0,tumor images only,0.37370821622212874,0.38247524550987466,0.24433157422665358,0.5118518875053498,0.26265346591650424,0.23797827862315574,0.6450054618080524,0.36385795314822006,586.2642927053971,396.7904275402642,conditional mean over tumor images with both GT and prediction non-empty; HD95=max of directed 95th percentiles and ASSD=mean of concatenated directed surface samples (MONAI symmetric convention); distances are pixels on the declared evaluation grid (not mm); empty-prediction cases are excluded; non-empty zero-overlap cases remain defined and are counted separately,4,0,1,1.0,0,0.0,1,0.25,0.75,0.75,0.35294117647058826,4,3,17,0,0.0,0,0.0,1,11,3.25,1.5,{'1': 4},,,,,,,,,,,,0,,,,,0.6269152832609365,0.3144688127490444,0.2597727516430999,0.6816113443668811,-0.6855311872509555,-0.3730847167390634,-0.7402272483569001,-0.3183886556331189,0.16726375611260408,0.09126449955385989,0.9903319744006359,0.2729709365527634,0.12057243898845062,47459,126402,346155,12947829,0.75,0.17647058823529413,0.2857142857142857,3,0.5,0.11764705882352941,0.19047619047619047,2,0.25,0.058823529411764705,0.09523809523809523,1,"maximum-cardinality one-to-one connected-component matching at IoU thresholds 0.10, 0.25, 0.50"
known_binary_label,tumor_type_name,simple bone cyst,20,20,0,tumor images only,0.3612745765300262,0.3690587911339157,0.03265591865663092,0.5894811378731691,0.26398729097903784,0.22723179211158215,0.36735213040562426,0.5889518155143999,602.5153863931565,401.11810211056115,conditional mean over tumor images with both GT and prediction non-empty; HD95=max of directed 95th percentiles and ASSD=mean of concatenated directed surface samples (MONAI symmetric convention); distances are pixels on the declared evaluation grid (not mm); empty-prediction cases are excluded; non-empty zero-overlap cases remain defined and are counted separately,20,0,4,1.0,0,0.0,4,0.2,0.8,0.8,0.14979757085020243,20,16,247,0,0.0,0,0.0,4,210,11.35,2.0,{'1': 20},,,,,,,,,,,,0,,,,,69.81388421602955,1.7313015394243745,1.02641606367018,5.432361769674897,0.7313015394243745,68.81388421602955,0.026416063670180144,4.432361769674897,0.12434867142195023,0.06629626174509749,0.9244588220477421,0.06922623848056761,0.6103452545968036,458376,6163044,292635,75422181,0.65,0.05263157894736842,0.09737827715355805,13,0.5,0.04048582995951417,0.0749063670411985,10,0.25,0.020242914979757085,0.03745318352059925,5,"maximum-cardinality one-to-one connected-component matching at IoU thresholds 0.10, 0.25, 0.50"
known_binary_label,tumor_type_name,synovial osteochondroma,5,5,0,tumor images only,0.751665055234093,0.8603416552725308,0.556915905376805,0.8843161966649425,0.6305202993038759,0.7549119078123958,0.7542808644132523,0.8165383391377995,159.48075948988463,57.79407384422721,conditional mean over tumor images with both GT and prediction non-empty; HD95=max of directed 95th percentiles and ASSD=mean of concatenated directed surface samples (MONAI symmetric convention); distances are pixels on the declared evaluation grid (not mm); empty-prediction cases are excluded; non-empty zero-overlap cases remain defined and are counted separately,5,0,0,1.0,0,0.0,0,0.0,1.0,1.0,0.4,5,5,20,0,0.0,0,0.0,0,12,3.0,1.0,{'1': 5},,,,,,,,,,,,0,,,,,1.304194522043982,0.8573029338479929,0.8424825038723689,1.673258108667282,-0.14269706615200703,0.304194522043982,-0.15751749612763113,0.6732581086672821,0.7860059420604726,0.6474545216428281,0.9867379896831293,0.7565337992532801,0.8178674481189011,1018411,327743,226792,24385177,1.0,0.25,0.4,5,1.0,0.25,0.4,5,0.6,0.15,0.24,3,"maximum-cardinality one-to-one connected-component matching at IoU thresholds 0.10, 0.25, 0.50"
binary_predicted_gate,lesion_size,large_ge_5pct,18,18,0,tumor images only,0.38695777601745013,0.23193419259544074,0.07989563086426119,0.6958396610038948,0.30325659478544487,0.13136896751132424,0.7127977495161338,0.3596804955512101,423.6092846348248,184.28295385677833,conditional mean over tumor images with both GT and prediction non-empty; HD95=max of directed 95th percentiles and ASSD=mean of concatenated directed surface samples (MONAI symmetric convention); distances are pixels on the declared evaluation grid (not mm); empty-prediction cases are excluded; non-empty zero-overlap cases remain defined and are counted separately,18,0,1,1.0,0,0.0,1,0.05555555555555555,0.9444444444444444,0.425,0.5225225225225225,40,17,111,7,0.3888888888888889,7,1.0,23,53,5.833333333333333,2.5,"{'1': 11, '2': 1, '5': 1, '4': 3, '7': 1, '3': 1}",,,,,,,,,,,,0,,,,,0.5750347233313361,0.3822879949508,0.0650980633745234,0.8535978263540869,-0.6177120050492,-0.42496527666866396,-0.9349019366254766,-0.14640217364591307,0.5711576479919273,0.3997345453746043,0.9896324306066049,0.7874810728993151,0.4480711517213614,1454650,392569,1791821,37472526,0.375,0.13513513513513514,0.1986754966887417,15,0.225,0.08108108108108109,0.11920529801324503,9,0.125,0.04504504504504504,0.06622516556291391,5,"maximum-cardinality one-to-one connected-component matching at IoU thresholds 0.10, 0.25, 0.50"
binary_predicted_gate,lesion_size,medium_1_to_5pct,72,72,0,tumor images only,0.38927059232173195,0.47251183199089575,0.0,0.6655398363641768,0.29158475834600533,0.30935135843490486,0.4425117179977604,0.47086340328911763,254.72683652427827,116.03907578187902,conditional mean over tumor images with both GT and prediction non-empty; HD95=max of directed 95th percentiles and ASSD=mean of concatenated directed surface samples (MONAI symmetric convention); distances are pixels on the declared evaluation grid (not mm); empty-prediction cases are excluded; non-empty zero-overlap cases remain defined and are counted separately,61,11,20,0.8472222222222222,11,0.1527777777777778,20,0.2777777777777778,0.7222222222222222,0.6463414634146342,0.2772511848341232,82,53,422,7,0.09722222222222222,5,0.7142857142857143,29,305,5.111111111111111,1.0,"{'1': 65, '3': 3, '2': 4}",,,,,,,,,,,,0,,,,,1.0785020087759247,0.909307253697261,0.15057046157309836,1.7656753773940292,-0.09069274630273909,0.07850200877592467,-0.8494295384269017,0.7656753773940291,0.44385714206893506,0.28522904552545736,0.9888218256468674,0.4647545340201443,0.42475816156019675,1689366,1945598,2287876,172107690,0.5853658536585366,0.11374407582938388,0.19047619047619047,48,0.5121951219512195,0.0995260663507109,0.16666666666666666,42,0.23170731707317074,0.045023696682464455,0.07539682539682539,19,"maximum-cardinality one-to-one connected-component matching at IoU thresholds 0.10, 0.25, 0.50"
binary_predicted_gate,lesion_size,normal,187,0,187,tumor images only,,,,,,,,,,,conditional mean over tumor images with both GT and prediction non-empty; HD95=max of directed 95th percentiles and ASSD=mean of concatenated directed surface samples (MONAI symmetric convention); distances are pixels on the declared evaluation grid (not mm); empty-prediction cases are excluded; non-empty zero-overlap cases remain defined and are counted separately,0,0,0,0.0,0,0.0,0,0.0,0.0,0.0,0.0,0,0,148,0,0.0,0,0.0,0,148,0.7914438502673797,0.0,{},0.7967914438502673,0.7967914438502673,0.20320855614973263,0.008555384656342906,0.0,0.0,0.0,0.040898460680772936,0.20320855614973263,0.11764705882352941,0.03208556149732621,148,0.7914438502673797,0.0,0.0,0.0,,,,,,,,,0.0,0.0,0.9958979482432249,0.0,,0,3048070,0,740011789,0.0,0.0,0.0,0,0.0,0.0,0.0,0,0.0,0.0,0.0,0,"maximum-cardinality one-to-one connected-component matching at IoU thresholds 0.10, 0.25, 0.50"
binary_predicted_gate,lesion_size,small_lt_1pct,94,94,0,tumor images only,0.12161532791912086,0.0,0.0,0.06496183992725255,0.09400385446763793,0.0,0.11377221819379552,0.3224315800226077,508.2830072706436,336.88969573549934,conditional mean over tumor images with both GT and prediction non-empty; HD95=max of directed 95th percentiles and ASSD=mean of concatenated directed surface samples (MONAI symmetric convention); distances are pixels on the declared evaluation grid (not mm); empty-prediction cases are excluded; non-empty zero-overlap cases remain defined and are counted separately,63,31,52,0.6702127659574468,31,0.32978723404255317,52,0.5531914893617021,0.44680851063829785,0.4380952380952381,0.0756578947368421,105,46,608,8,0.0851063829787234,1,0.125,59,562,6.138297872340425,1.0,"{'2': 6, '1': 86, '3': 1, '4': 1}",,,,,,,,,,,,0,,,,,43.767597872185,3.126323524719449,0.0,19.556067382495407,2.126323524719449,42.767597872185,-1.0,18.556067382495407,0.04166759967432808,0.021277082311153474,0.9775925050316991,0.022238308100255413,0.3298723630561957,186081,8181507,378019,356942172,0.17142857142857143,0.029605263157894735,0.05049088359046283,18,0.11428571428571428,0.019736842105263157,0.033660589060308554,12,0.09523809523809523,0.01644736842105263,0.028050490883590462,10,"maximum-cardinality one-to-one connected-component matching at IoU thresholds 0.10, 0.25, 0.50"
binary_predicted_gate,center,1,296,131,165,tumor images only,0.21102323946880722,0.005365269930947897,0.0,0.4761986886084411,0.16169281178570535,0.0026898508534252573,0.23387177149904978,0.362627246406236,445.5152446363127,264.31013418459975,conditional mean over tumor images with both GT and prediction non-empty; HD95=max of directed 95th percentiles and ASSD=mean of concatenated directed surface samples (MONAI symmetric convention); distances are pixels on the declared evaluation grid (not mm); empty-prediction cases are excluded; non-empty zero-overlap cases remain defined and are counted separately,97,34,58,0.7404580152671756,34,0.2595419847328244,58,0.44274809160305345,0.5572519083969466,0.5,0.13260219341974078,154,77,1003,14,0.10687022900763359,6,0.42857142857142855,77,870,3.199324324324324,0.0,"{'1': 117, '2': 9, '3': 2, '4': 2, '5': 1}",0.8363636363636363,0.8363636363636363,0.16363636363636364,0.004571712270673469,0.0,0.0,0.0,0.04032958856210028,0.16363636363636364,0.09090909090909091,0.030303030303030304,93,0.5636363636363636,0.0,0.0,0.0,31.48588097936184,1.1841348537431828,0.0,11.23073173818529,0.18413485374318295,30.48588097936184,-1.0,10.23073173818529,0.2538445507021638,0.14537339777179614,0.9895445544537126,0.17317281266330914,0.4752266392884288,2602285,12424814,2873597,1175933343,0.2922077922077922,0.0448654037886341,0.07778738115816768,45,0.23376623376623376,0.03589232303090728,0.06222990492653414,36,0.13636363636363635,0.020937188434695914,0.036300777873811585,21,"maximum-cardinality one-to-one connected-component matching at IoU thresholds 0.10, 0.25, 0.50"
binary_predicted_gate,center,2,47,31,16,tumor images only,0.3899152254293033,0.47718349928876247,0.0,0.7050195118703309,0.2963664629622401,0.3133558764735554,0.49947771131457397,0.42433191136118,247.4084992867861,93.697418173804,conditional mean over tumor images with both GT and prediction non-empty; HD95=max of directed 95th percentiles and ASSD=mean of concatenated directed surface samples (MONAI symmetric convention); distances are pixels on the declared evaluation grid (not mm); empty-prediction cases are excluded; non-empty zero-overlap cases remain defined and are counted separately,23,8,9,0.7419354838709677,8,0.25806451612903225,9,0.2903225806451613,0.7096774193548387,0.5116279069767442,0.40939597315436244,43,22,149,4,0.12903225806451613,3,0.75,21,88,3.021276595744681,1.0,"{'1': 27, '7': 1, '4': 1, '3': 1, '2': 1}",0.6875,0.6875,0.3125,0.004611329928439727,0.0,0.0,0.0035719426683585073,0.020086002519960205,0.3125,0.1875,0.0,17,1.0625,0.0,0.0,1.0,0.708903520111688,0.5971464921846601,0.010421293607134315,1.0643571897095558,-0.40285350781533985,-0.29109647988831194,-0.9895787063928656,0.0643571897095557,0.39050678533987704,0.24262717095228045,0.9937764544539742,0.46149631283491654,0.338445509573921,608104,709575,1188652,113305016,0.5116279069767442,0.1476510067114094,0.22916666666666666,22,0.3953488372093023,0.11409395973154363,0.17708333333333334,17,0.20930232558139536,0.06040268456375839,0.09375,9,"maximum-cardinality one-to-one connected-component matching at IoU thresholds 0.10, 0.25, 0.50"
binary_predicted_gate,center,3,28,22,6,tumor images only,0.3042339582342733,0.17710386957802693,0.01526657174497706,0.5590121221865578,0.2236347696023414,0.09788537508069539,0.4211263900099374,0.455751088520449,285.4436089154527,173.92745407042818,conditional mean over tumor images with both GT and prediction non-empty; HD95=max of directed 95th percentiles and ASSD=mean of concatenated directed surface samples (MONAI symmetric convention); distances are pixels on the declared evaluation grid (not mm); empty-prediction cases are excluded; non-empty zero-overlap cases remain defined and are counted separately,22,0,6,1.0,0,0.0,6,0.2727272727272727,0.7272727272727273,0.5666666666666667,0.19708029197080293,30,17,137,4,0.18181818181818182,4,1.0,13,110,3.892857142857143,1.0,"{'1': 18, '4': 1, '3': 2, '2': 1}",0.0,0.0,1.0,0.12862385453666092,0.026382739794839252,0.008514766780832374,0.04516794279744625,0.5086701299152778,1.0,0.6666666666666666,0.16666666666666666,38,6.333333333333333,2.0,1.25,2.75,2.5241160098798607,1.312744515006079,0.3133463616108757,2.931676452135912,0.31274451500607914,1.524116009879861,-0.6866536383891242,1.9316764521359122,0.22412233977821422,0.12620370467987307,0.9755569535025689,0.21644550440004123,0.2323637598874169,119708,433355,395467,17295818,0.4666666666666667,0.10218978102189781,0.16766467065868262,14,0.3333333333333333,0.072992700729927,0.11976047904191617,10,0.13333333333333333,0.029197080291970802,0.04790419161676647,4,"maximum-cardinality one-to-one connected-component matching at IoU thresholds 0.10, 0.25, 0.50"
binary_predicted_gate,anatomy,ankle-joint,1,1,0,tumor images only,0.0,0.0,0.0,0.0,0.0,0.0,0.0,0.0,,,conditional mean over tumor images with both GT and prediction non-empty; HD95=max of directed 95th percentiles and ASSD=mean of concatenated directed surface samples (MONAI symmetric convention); distances are pixels on the declared evaluation grid (not mm); empty-prediction cases are excluded; non-empty zero-overlap cases remain defined and are counted separately,0,1,1,0.0,1,1.0,1,1.0,0.0,0.0,0.0,1,0,0,0,0.0,0,0.0,1,0,1.0,1.0,{'1': 1},,,,,,,,,,,,0,,,,,0.0,0.0,0.0,0.0,-1.0,-1.0,-1.0,-1.0,0.0,0.0,1.0,,0.0,0,0,125668,3989465,0.0,0.0,0.0,0,0.0,0.0,0.0,0,0.0,0.0,0.0,0,"maximum-cardinality one-to-one connected-component matching at IoU thresholds 0.10, 0.25, 0.50"
binary_predicted_gate,anatomy,femur,48,48,0,tumor images only,0.3357652202808456,0.2232662235562467,0.0,0.6508149929511866,0.2619275158335792,0.1256613016022845,0.378996193656792,0.4309135149104655,375.155841256898,239.18424746002466,conditional mean over tumor images with both GT and prediction non-empty; HD95=max of directed 95th percentiles and ASSD=mean of concatenated directed surface samples (MONAI symmetric convention); distances are pixels on the declared evaluation grid (not mm); empty-prediction cases are excluded; non-empty zero-overlap cases remain defined and are counted separately,41,7,18,0.8541666666666666,7,0.14583333333333334,18,0.375,0.625,0.6,0.2591240875912409,50,30,274,2,0.041666666666666664,1,0.5,20,203,5.0,1.0,"{'1': 46, '2': 2}",,,,,,,,,,,,0,,,,,15.199588470587,0.9405424392222084,0.1334166131850351,2.1372586268695066,-0.059457560777791615,14.199588470587,-0.8665833868149649,1.1372586268695066,0.2661143138823958,0.15347858051603183,0.9691274396223956,0.1815863727134294,0.4978725929945649,880764,3969622,888291,124611291,0.52,0.0948905109489051,0.16049382716049382,26,0.46,0.08394160583941605,0.1419753086419753,23,0.26,0.04744525547445255,0.08024691358024691,13,"maximum-cardinality one-to-one connected-component matching at IoU thresholds 0.10, 0.25, 0.50"
binary_predicted_gate,anatomy,fibula,12,12,0,tumor images only,0.07123322184747684,0.0,0.0,0.027207221942011518,0.04611475431790846,0.0,0.051788003395421646,0.24062723688034263,696.0700976196744,430.63207351409517,conditional mean over tumor images with both GT and prediction non-empty; HD95=max of directed 95th percentiles and ASSD=mean of concatenated directed surface samples (MONAI symmetric convention); distances are pixels on the declared evaluation grid (not mm); empty-prediction cases are excluded; non-empty zero-overlap cases remain defined and are counted separately,7,5,8,0.5833333333333334,5,0.4166666666666667,8,0.6666666666666666,0.3333333333333333,0.3076923076923077,0.037383177570093455,13,4,107,1,0.08333333333333333,0,0.0,9,103,8.833333333333334,1.5,"{'1': 11, '2': 1}",,,,,,,,,,,,0,,,,,25.482708177957505,1.9106659051286077,0.0,11.229489872999386,0.9106659051286077,24.482708177957505,-1.0,10.229489872999386,0.021071169746039415,0.010647765308131522,0.9810844402357258,0.011303969766897428,0.15499254843517138,9464,827764,51597,42933246,0.23076923076923078,0.028037383177570093,0.05,3,0.07692307692307693,0.009345794392523364,0.016666666666666666,1,0.0,0.0,0.0,0,"maximum-cardinality one-to-one connected-component matching at IoU thresholds 0.10, 0.25, 0.50"
binary_predicted_gate,anatomy,foot,7,7,0,tumor images only,0.0,0.0,0.0,0.0,0.0,0.0,0.0,0.0,836.5740396948419,720.6378086923852,conditional mean over tumor images with both GT and prediction non-empty; HD95=max of directed 95th percentiles and ASSD=mean of concatenated directed surface samples (MONAI symmetric convention); distances are pixels on the declared evaluation grid (not mm); empty-prediction cases are excluded; non-empty zero-overlap cases remain defined and are counted separately,3,4,7,0.42857142857142855,4,0.5714285714285714,7,1.0,0.0,0.0,0.0,8,0,4,1,0.14285714285714285,0,0.0,8,4,0.8571428571428571,1.0,"{'1': 6, '2': 1}",,,,,,,,,,,,0,,,,,11.572986397098452,0.0,0.0,10.59471108878558,-1.0,10.572986397098452,-1.0,9.59471108878558,0.0,0.0,0.995050398925497,0.0,0.0,0,150777,59305,30311678,0.0,0.0,0.0,0,0.0,0.0,0.0,0,0.0,0.0,0.0,0,"maximum-cardinality one-to-one connected-component matching at IoU thresholds 0.10, 0.25, 0.50"
binary_predicted_gate,anatomy,foot|tibia|fibula,1,1,0,tumor images only,0.0,0.0,0.0,0.0,0.0,0.0,0.0,0.0,,,conditional mean over tumor images with both GT and prediction non-empty; HD95=max of directed 95th percentiles and ASSD=mean of concatenated directed surface samples (MONAI symmetric convention); distances are pixels on the declared evaluation grid (not mm); empty-prediction cases are excluded; non-empty zero-overlap cases remain defined and are counted separately,0,1,1,0.0,1,1.0,1,1.0,0.0,0.0,0.0,1,0,0,0,0.0,0,0.0,1,0,1.0,1.0,{'1': 1},,,,,,,,,,,,0,,,,,0.0,0.0,0.0,0.0,-1.0,-1.0,-1.0,-1.0,0.0,0.0,1.0,,0.0,0,0,24232,6100408,0.0,0.0,0.0,0,0.0,0.0,0.0,0,0.0,0.0,0.0,0,"maximum-cardinality one-to-one connected-component matching at IoU thresholds 0.10, 0.25, 0.50"
binary_predicted_gate,anatomy,hand,8,8,0,tumor images only,0.15751670564863385,0.0,0.0,0.1515929730534465,0.1150905284786638,0.0,0.13554886224121634,0.2017389745877372,444.1588829697871,267.5620977107592,conditional mean over tumor images with both GT and prediction non-empty; HD95=max of directed 95th percentiles and ASSD=mean of concatenated directed surface samples (MONAI symmetric convention); distances are pixels on the declared evaluation grid (not mm); empty-prediction cases are excluded; non-empty zero-overlap cases remain defined and are counted separately,6,2,6,0.75,2,0.25,6,0.75,0.25,0.25,0.12195121951219512,8,2,41,0,0.0,0,0.0,6,36,4.625,2.5,{'1': 8},,,,,,,,,,,,0,,,,,8.760057104265268,1.2462215918584714,0.42635212888377444,3.3093848341763463,0.24622159185847142,7.760057104265266,-0.5736478711162256,2.3093848341763463,0.22284386359828368,0.12539352003672855,0.985728068621844,0.1361291959076689,0.6138995364145378,61180,388246,38478,26815220,0.25,0.04878048780487805,0.08163265306122448,2,0.25,0.04878048780487805,0.08163265306122448,2,0.0,0.0,0.0,0,"maximum-cardinality one-to-one connected-component matching at IoU thresholds 0.10, 0.25, 0.50"
binary_predicted_gate,anatomy,hip bone,10,10,0,tumor images only,0.11475995696141128,0.0,0.0,0.11686705103202841,0.07473538360345888,0.0,0.2418585727680739,0.11799558532726995,432.94297976427646,315.13139682067373,conditional mean over tumor images with both GT and prediction non-empty; HD95=max of directed 95th percentiles and ASSD=mean of concatenated directed surface samples (MONAI symmetric convention); distances are pixels on the declared evaluation grid (not mm); empty-prediction cases are excluded; non-empty zero-overlap cases remain defined and are counted separately,7,3,6,0.7,3,0.3,6,0.6,0.4,0.4,0.4406779661016949,10,4,59,0,0.0,0,0.0,6,33,5.5,1.0,{'1': 10},,,,,,,,,,,,0,,,,,0.8796496210552757,0.22619644305204734,0.021078735275883446,1.5167231049676824,-0.7738035569479527,-0.12035037894472433,-0.9789212647241166,0.5167231049676823,0.12356315480185981,0.06584988731065569,0.9909545582577071,0.19766362492133419,0.08987184668815074,50254,203986,508920,22347262,0.2,0.03389830508474576,0.057971014492753624,2,0.2,0.03389830508474576,0.057971014492753624,2,0.0,0.0,0.0,0,"maximum-cardinality one-to-one connected-component matching at IoU thresholds 0.10, 0.25, 0.50"
binary_predicted_gate,anatomy,hip-joint,2,2,0,tumor images only,0.9024603447079342,0.9024603447079342,0.8933882706864384,0.91153241872943,0.8227557711257605,0.8227557711257605,0.9821034960962289,0.8347946363865129,84.0216385423574,27.596415701272058,conditional mean over tumor images with both GT and prediction non-empty; HD95=max of directed 95th percentiles and ASSD=mean of concatenated directed surface samples (MONAI symmetric convention); distances are pixels on the declared evaluation grid (not mm); empty-prediction cases are excluded; non-empty zero-overlap cases remain defined and are counted separately,2,0,0,1.0,0,0.0,0,0.0,1.0,1.0,0.6666666666666666,2,2,3,0,0.0,0,0.0,0,1,0.5,0.5,{'1': 2},,,,,,,,,,,,0,,,,,0.8498927188601809,0.8498927188601809,0.846187611366275,0.8535978263540869,-0.15010728113981908,-0.15010728113981908,-0.1538123886337251,-0.14640217364591307,0.9018936727575412,0.8213172535143818,0.9989507186658033,0.9817025403507394,0.8340855341227736,600263,11188,119403,10651348,1.0,0.6666666666666666,0.8,2,1.0,0.6666666666666666,0.8,2,1.0,0.6666666666666666,0.8,2,"maximum-cardinality one-to-one connected-component matching at IoU thresholds 0.10, 0.25, 0.50"
binary_predicted_gate,anatomy,humerus,25,25,0,tumor images only,0.41502595906233775,0.5497114706727129,0.0,0.6983952558685891,0.3101400136726777,0.37903593633723026,0.44551572456421257,0.499574246453365,269.3263203954995,108.05419740306125,conditional mean over tumor images with both GT and prediction non-empty; HD95=max of directed 95th percentiles and ASSD=mean of concatenated directed surface samples (MONAI symmetric convention); distances are pixels on the declared evaluation grid (not mm); empty-prediction cases are excluded; non-empty zero-overlap cases remain defined and are counted separately,19,6,8,0.76,6,0.24,8,0.32,0.68,0.68,0.25757575757575757,25,17,132,0,0.0,0,0.0,8,98,4.76,3.0,{'1': 25},,,,,,,,,,,,0,,,,,1.8998158758912331,1.1007669414808887,0.12664031451189597,1.7782500885582713,0.10076694148088863,0.8998158758912329,-0.873359685488104,0.7782500885582714,0.5873911417256474,0.415820089393469,0.9912179547505227,0.5366440869468805,0.6487382347768367,914778,789849,495310,89149223,0.68,0.12878787878787878,0.21656050955414013,17,0.6,0.11363636363636363,0.1910828025477707,15,0.32,0.06060606060606061,0.10191082802547771,8,"maximum-cardinality one-to-one connected-component matching at IoU thresholds 0.10, 0.25, 0.50"
binary_predicted_gate,anatomy,knee-joint,2,2,0,tumor images only,0.6982443406888956,0.6982443406888956,0.617195683397078,0.7792929979807132,0.5605846682192149,0.5605846682192149,0.6811613804285196,0.8343562214844046,161.07614597243634,62.60805318050937,conditional mean over tumor images with both GT and prediction non-empty; HD95=max of directed 95th percentiles and ASSD=mean of concatenated directed surface samples (MONAI symmetric convention); distances are pixels on the declared evaluation grid (not mm); empty-prediction cases are excluded; non-empty zero-overlap cases remain defined and are counted separately,2,0,0,1.0,0,0.0,0,0.0,1.0,1.0,0.6666666666666666,2,2,3,0,0.0,0,0.0,0,1,0.5,0.5,{'1': 2},,,,,,,,,,,,0,,,,,1.573964531916133,1.573964531916133,1.177462822724492,1.9704662411077738,0.573964531916133,0.573964531916133,0.17746282272449213,0.9704662411077738,0.7023759678977645,0.5412784832289748,0.9801383949120354,0.6189638997154996,0.8117708549549978,324602,199826,75267,9861093,1.0,0.6666666666666666,0.8,2,1.0,0.6666666666666666,0.8,2,0.5,0.3333333333333333,0.4,1,"maximum-cardinality one-to-one connected-component matching at IoU thresholds 0.10, 0.25, 0.50"
binary_predicted_gate,anatomy,radius,7,7,0,tumor images only,0.39274471045381276,0.13009370233166268,0.0024119275882745284,0.8351321418504916,0.3430828651713478,0.06957231091947326,0.4247108806882816,0.4951497232776813,137.80815671362336,70.77590043901738,conditional mean over tumor images with both GT and prediction non-empty; HD95=max of directed 95th percentiles and ASSD=mean of concatenated directed surface samples (MONAI symmetric convention); distances are pixels on the declared evaluation grid (not mm); empty-prediction cases are excluded; non-empty zero-overlap cases remain defined and are counted separately,5,2,2,0.7142857142857143,2,0.2857142857142857,2,0.2857142857142857,0.7142857142857143,0.5555555555555556,0.1,9,5,60,1,0.14285714285714285,1,1.0,4,54,7.857142857142857,1.0,"{'1': 6, '3': 1}",,,,,,,,,,,,0,,,,,53.61462454803821,0.7562189054726368,0.37512007684918347,0.9293634237241318,-0.24378109452736318,52.61462454803821,-0.6248799231508165,-0.07063657627586818,0.10612051697962906,0.056033405468011825,0.9832036128160562,0.057787878502117064,0.6485799964720409,18384,299745,9961,17546057,0.4444444444444444,0.06666666666666667,0.11594202898550725,4,0.3333333333333333,0.05,0.08695652173913043,3,0.3333333333333333,0.05,0.08695652173913043,3,"maximum-cardinality one-to-one connected-component matching at IoU thresholds 0.10, 0.25, 0.50"
binary_predicted_gate,anatomy,shoulder-joint,2,2,0,tumor images only,0.0,0.0,0.0,0.0,0.0,0.0,0.0,0.0,301.75586439167563,201.28625606204298,conditional mean over tumor images with both GT and prediction non-empty; HD95=max of directed 95th percentiles and ASSD=mean of concatenated directed surface samples (MONAI symmetric convention); distances are pixels on the declared evaluation grid (not mm); empty-prediction cases are excluded; non-empty zero-overlap cases remain defined and are counted separately,2,0,2,1.0,0,0.0,2,1.0,0.0,0.0,0.0,2,0,55,0,0.0,0,0.0,2,55,26.5,26.5,{'1': 2},,,,,,,,,,,,0,,,,,9.624681535030179,9.624681535030179,8.579599150158089,10.66976391990227,8.624681535030179,8.624681535030179,7.579599150158088,9.66976391990227,0.0,0.0,0.9349806580465435,0.0,0.0,0,80476,8136,1157248,0.0,0.0,0.0,0,0.0,0.0,0.0,0,0.0,0.0,0.0,0,"maximum-cardinality one-to-one connected-component matching at IoU thresholds 0.10, 0.25, 0.50"
binary_predicted_gate,anatomy,tibia,40,40,0,tumor images only,0.19621346755551347,0.023673744369904635,0.0,0.3894710323246847,0.1452211107848897,0.011985481861871818,0.18221806495146806,0.47637880935805665,348.3037680777694,185.8876151715263,conditional mean over tumor images with both GT and prediction non-empty; HD95=max of directed 95th percentiles and ASSD=mean of concatenated directed surface samples (MONAI symmetric convention); distances are pixels on the declared evaluation grid (not mm); empty-prediction cases are excluded; non-empty zero-overlap cases remain defined and are counted separately,29,11,13,0.725,11,0.275,13,0.325,0.675,0.6,0.10820895522388059,45,27,268,4,0.1,1,0.25,18,239,6.325,1.5,"{'2': 3, '1': 36, '3': 1}",,,,,,,,,,,,0,,,,,57.10667883855389,2.368556344889016,0.0,31.575506188563406,1.3685563448890161,56.10667883855389,-1.0,30.575506188563406,0.12226534257858836,0.06511321612739925,0.9828012068572973,0.0757061836900623,0.3175707485484124,182130,2223618,391380,127065570,0.26666666666666666,0.04477611940298507,0.07667731629392971,12,0.2222222222222222,0.03731343283582089,0.06389776357827476,10,0.13333333333333333,0.022388059701492536,0.038338658146964855,6,"maximum-cardinality one-to-one connected-component matching at IoU thresholds 0.10, 0.25, 0.50"
binary_predicted_gate,anatomy,tibia|femur,2,2,0,tumor images only,0.14935937060337248,0.14935937060337248,0.07532431396165028,0.22339442724509467,0.08766970729398799,0.08766970729398799,0.087671280716321,0.558641975308642,344.3725804171499,188.07490419799018,conditional mean over tumor images with both GT and prediction non-empty; HD95=max of directed 95th percentiles and ASSD=mean of concatenated directed surface samples (MONAI symmetric convention); distances are pixels on the declared evaluation grid (not mm); empty-prediction cases are excluded; non-empty zero-overlap cases remain defined and are counted separately,2,0,0,1.0,0,0.0,0,0.0,1.0,1.0,0.17647058823529413,3,3,17,1,0.5,0,0.0,0,14,7.0,7.0,"{'1': 1, '2': 1}",,,,,,,,,,,,0,,,,,93.33230607173559,93.33230607173559,49.528294498549876,137.1363176449213,92.33230607173559,92.33230607173559,48.528294498549876,136.1363176449213,0.10084084084084084,0.05309762499604693,0.9666287576168807,0.05327833088731109,0.9399580125962211,20148,358017,1287,10370292,0.3333333333333333,0.058823529411764705,0.1,1,0.0,0.0,0.0,0,0.0,0.0,0.0,0,"maximum-cardinality one-to-one connected-component matching at IoU thresholds 0.10, 0.25, 0.50"
binary_predicted_gate,anatomy,tibia|fibula,2,2,0,tumor images only,0.26389249340907533,0.26389249340907533,0.22485652165467993,0.3029284651634708,0.1543367595571585,0.1543367595571585,0.43327184098392496,0.3103707268424832,323.5859612709045,130.75385502474288,conditional mean over tumor images with both GT and prediction non-empty; HD95=max of directed 95th percentiles and ASSD=mean of concatenated directed surface samples (MONAI symmetric convention); distances are pixels on the declared evaluation grid (not mm); empty-prediction cases are excluded; non-empty zero-overlap cases remain defined and are counted separately,2,0,0,1.0,0,0.0,0,0.0,1.0,0.6666666666666666,0.5,3,2,22,1,0.5,1,1.0,1,11,10.5,10.5,"{'1': 1, '2': 1}",,,,,,,,,,,,0,,,,,1.0845788288365872,1.0845788288365872,0.6321964129463278,1.5369612447268466,0.08457882883658718,0.08457882883658718,-0.36780358705367217,0.5369612447268466,0.26818102643579084,0.1548551150723651,0.9867718863480224,0.3169724867501425,0.23240674082503116,30023,64695,99160,4826025,0.6666666666666666,0.09090909090909091,0.16,2,0.3333333333333333,0.045454545454545456,0.08,1,0.0,0.0,0.0,0,"maximum-cardinality one-to-one connected-component matching at IoU thresholds 0.10, 0.25, 0.50"
binary_predicted_gate,anatomy,tibia|fibula|femur,11,11,0,tumor images only,0.10240697932767678,0.08056763261264452,0.055590233614144696,0.129054796257507,0.05550460498521914,0.04197471814144175,0.5817566286722048,0.15799293295128478,677.0904119069681,305.1062162982625,conditional mean over tumor images with both GT and prediction non-empty; HD95=max of directed 95th percentiles and ASSD=mean of concatenated directed surface samples (MONAI symmetric convention); distances are pixels on the declared evaluation grid (not mm); empty-prediction cases are excluded; non-empty zero-overlap cases remain defined and are counted separately,11,0,1,1.0,0,0.0,1,0.09090909090909091,0.9090909090909091,0.34146341463414637,0.2054794520547945,41,14,73,11,1.0,9,0.8181818181818182,27,58,6.181818181818182,2.0,"{'2': 2, '4': 4, '5': 1, '3': 3, '7': 1}",,,,,,,,,,,,0,,,,,2.1116193701118378,0.08348638063416901,0.038598968415681015,0.26940985616045476,-0.916513619365831,1.1116193701118375,-0.961401031584319,-0.7305901438395452,0.13374145025799689,0.07166287344081326,0.9754469682557114,0.18958543929396895,0.10331047817496633,176108,752803,1528540,29907484,0.17073170731707318,0.0958904109589041,0.12280701754385964,7,0.024390243902439025,0.0136986301369863,0.017543859649122806,1,0.0,0.0,0.0,0,"maximum-cardinality one-to-one connected-component matching at IoU thresholds 0.10, 0.25, 0.50"
binary_predicted_gate,anatomy,ulna,3,3,0,tumor images only,0.2827745054256772,0.11166710560969186,0.06133063283821698,0.4186646781051448,0.2113684631847902,0.05913528591352859,0.28858335158847637,0.6065011875056611,238.06673265384407,109.47344105162887,conditional mean over tumor images with both GT and prediction non-empty; HD95=max of directed 95th percentiles and ASSD=mean of concatenated directed surface samples (MONAI symmetric convention); distances are pixels on the declared evaluation grid (not mm); empty-prediction cases are excluded; non-empty zero-overlap cases remain defined and are counted separately,3,0,0,1.0,0,0.0,0,0.0,1.0,1.0,0.7058823529411765,3,3,17,0,0.0,0,0.0,0,5,4.666666666666667,1.0,{'1': 3},,,,,,,,,,,,0,,,,,15.0493372906756,16.910377358490567,8.869298143805608,22.159896471453074,15.910377358490566,14.0493372906756,7.869298143805608,21.159896471453074,0.42589222579962027,0.27056103322783365,0.9782889568287443,0.31594391219371915,0.6532084030652691,59327,128450,31497,5787894,0.3333333333333333,0.058823529411764705,0.1,1,0.3333333333333333,0.058823529411764705,0.1,1,0.3333333333333333,0.058823529411764705,0.1,1,"maximum-cardinality one-to-one connected-component matching at IoU thresholds 0.10, 0.25, 0.50"
binary_predicted_gate,anatomy,ulna|radius,1,1,0,tumor images only,0.06918694976696012,0.06918694976696012,0.06918694976696012,0.06918694976696012,0.03583306512176805,0.03583306512176805,0.03646089187271437,0.6754297269969667,227.1079038695043,122.46540931058344,conditional mean over tumor images with both GT and prediction non-empty; HD95=max of directed 95th percentiles and ASSD=mean of concatenated directed surface samples (MONAI symmetric convention); distances are pixels on the declared evaluation grid (not mm); empty-prediction cases are excluded; non-empty zero-overlap cases remain defined and are counted separately,1,0,0,1.0,0,0.0,0,0.0,1.0,1.0,0.16666666666666666,1,1,6,0,0.0,0,0.0,0,5,5.0,5.0,{'1': 1},,,,,,,,,,,,0,,,,,18.524772497472195,18.524772497472195,18.524772497472195,18.524772497472195,17.524772497472195,17.524772497472195,17.524772497472195,17.524772497472195,0.06918694976696012,0.03583306512176805,0.9776699483523476,0.03646089187271437,0.6754297269969667,2672,70612,1284,3091584,0.0,0.0,0.0,0,0.0,0.0,0.0,0,0.0,0.0,0.0,0,"maximum-cardinality one-to-one connected-component matching at IoU thresholds 0.10, 0.25, 0.50"
binary_predicted_gate,anatomy,unknown,187,0,187,tumor images only,,,,,,,,,,,conditional mean over tumor images with both GT and prediction non-empty; HD95=max of directed 95th percentiles and ASSD=mean of concatenated directed surface samples (MONAI symmetric convention); distances are pixels on the declared evaluation grid (not mm); empty-prediction cases are excluded; non-empty zero-overlap cases remain defined and are counted separately,0,0,0,0.0,0,0.0,0,0.0,0.0,0.0,0.0,0,0,148,0,0.0,0,0.0,0,148,0.7914438502673797,0.0,{},0.7967914438502673,0.7967914438502673,0.20320855614973263,0.008555384656342906,0.0,0.0,0.0,0.040898460680772936,0.20320855614973263,0.11764705882352941,0.03208556149732621,148,0.7914438502673797,0.0,0.0,0.0,,,,,,,,,0.0,0.0,0.9958979482432249,0.0,,0,3048070,0,740011789,0.0,0.0,0.0,0,0.0,0.0,0.0,0,0.0,0.0,0.0,0,"maximum-cardinality one-to-one connected-component matching at IoU thresholds 0.10, 0.25, 0.50"
binary_predicted_gate,view,frontal,231,132,99,tumor images only,0.24406365221803553,0.04439322036038497,0.0,0.5309347155592357,0.1862057185524975,0.0227016513308173,0.297505929320675,0.3934532968558118,420.88134798941206,243.80401702182647,conditional mean over tumor images with both GT and prediction non-empty; HD95=max of directed 95th percentiles and ASSD=mean of concatenated directed surface samples (MONAI symmetric convention); distances are pixels on the declared evaluation grid (not mm); empty-prediction cases are excluded; non-empty zero-overlap cases remain defined and are counted separately,106,26,50,0.803030303030303,26,0.19696969696969696,50,0.3787878787878788,0.6212121212121212,0.5149700598802395,0.13725490196078433,167,86,1020,17,0.12878787878787878,10,0.5882352941176471,81,880,4.108225108225108,1.0,"{'1': 115, '2': 9, '4': 4, '5': 1, '3': 2, '7': 1}",0.7878787878787878,0.7878787878787878,0.21212121212121213,0.010297444647351108,0.0,0.0,0.0,0.028422048826696154,0.21212121212121213,0.10101010101010101,0.030303030303030304,93,0.9393939393939394,0.0,0.0,0.0,27.125130252403185,1.080445205755435,0.05852555833855068,8.079548903837305,0.08044520575543493,26.125130252403185,-0.9414744416614493,7.079548903837304,0.28088630469040277,0.163390184987048,0.9894111834222558,0.21139850780837774,0.4184246931591817,2326530,8678893,3233682,810949338,0.3413173652694611,0.05588235294117647,0.09604043807919124,57,0.25748502994011974,0.04215686274509804,0.07245155855096883,43,0.15568862275449102,0.025490196078431372,0.04380791912384162,26,"maximum-cardinality one-to-one connected-component matching at IoU thresholds 0.10, 0.25, 0.50"
binary_predicted_gate,view,lateral,112,41,71,tumor images only,0.2543835953100611,0.04309987567343556,0.0,0.5361470261052603,0.19140243163015927,0.022024565861922914,0.2930641162332439,0.34359032684970936,263.4275049503524,125.29987223155766,conditional mean over tumor images with both GT and prediction non-empty; HD95=max of directed 95th percentiles and ASSD=mean of concatenated directed surface samples (MONAI symmetric convention); distances are pixels on the declared evaluation grid (not mm); empty-prediction cases are excluded; non-empty zero-overlap cases remain defined and are counted separately,25,16,18,0.6097560975609756,16,0.3902439024390244,18,0.43902439024390244,0.5609756097560976,0.4897959183673469,0.3612565445026178,49,24,191,5,0.12195121951219512,3,0.6,25,122,1.625,0.0,"{'1': 36, '3': 3, '2': 2}",0.8309859154929577,0.8309859154929577,0.16901408450704225,0.005504016827189741,0.0,0.0,0.0,0.04561998516299387,0.16901408450704225,0.1267605633802817,0.028169014084507043,32,0.4507042253521127,0.0,0.0,0.0,14.542661153097534,0.4092644042271441,0.0,1.7317567567567567,-0.590735595772856,13.542661153097534,-1.0,0.7317567567567568,0.15346434240570733,0.08310933058592762,0.9903545220714209,0.1048974973332469,0.28577736635685147,449799,3838187,1124150,394087870,0.3673469387755102,0.09424083769633508,0.15,18,0.30612244897959184,0.07853403141361257,0.125,15,0.10204081632653061,0.02617801047120419,0.041666666666666664,5,"maximum-cardinality one-to-one connected-component matching at IoU thresholds 0.10, 0.25, 0.50"
binary_predicted_gate,view,oblique,28,11,17,tumor images only,0.3434939944893603,0.3257754323022048,0.0,0.6565877483246552,0.26022082556746917,0.19458287650752518,0.3726709328594396,0.4238130811871029,362.3657362565348,240.34591030459475,conditional mean over tumor images with both GT and prediction non-empty; HD95=max of directed 95th percentiles and ASSD=mean of concatenated directed surface samples (MONAI symmetric convention); distances are pixels on the declared evaluation grid (not mm); empty-prediction cases are excluded; non-empty zero-overlap cases remain defined and are counted separately,11,0,5,1.0,0,0.0,5,0.45454545454545453,0.5454545454545454,0.5454545454545454,0.15384615384615385,11,6,78,0,0.0,0,0.0,5,66,2.392857142857143,0.0,{'1': 11},0.7058823529411765,0.7058823529411765,0.29411764705882354,0.011154395053993672,0.0,0.0,0.0012546125461254613,0.059019527660720446,0.29411764705882354,0.17647058823529413,0.058823529411764705,23,1.3529411764705883,0.0,0.0,1.0,2.3082426402728085,1.466443304366035,0.8975498207067514,2.2154775482701012,0.466443304366035,1.3082426402728087,-0.10245017929324857,1.2154775482701015,0.4904759964642591,0.3249209653608838,0.9897543807763949,0.3451489374432821,0.8471908599683011,553768,1050664,99884,101496969,0.5454545454545454,0.07692307692307693,0.1348314606741573,6,0.45454545454545453,0.0641025641025641,0.11235955056179775,5,0.2727272727272727,0.038461538461538464,0.06741573033707865,3,"maximum-cardinality one-to-one connected-component matching at IoU thresholds 0.10, 0.25, 0.50"
binary_predicted_gate,tumor_type_name,giant cell tumor,9,9,0,tumor images only,0.3917531918381486,0.606371892213786,0.0,0.7256622506005977,0.30472693471995177,0.4351030872770003,0.3637998269953673,0.44984362694844054,370.7721435289413,189.1639875411857,conditional mean over tumor images with both GT and prediction non-empty; HD95=max of directed 95th percentiles and ASSD=mean of concatenated directed surface samples (MONAI symmetric convention); distances are pixels on the declared evaluation grid (not mm); empty-prediction cases are excluded; non-empty zero-overlap cases remain defined and are counted separately,7,2,4,0.7777777777777778,2,0.2222222222222222,4,0.4444444444444444,0.5555555555555556,0.5555555555555556,0.2833333333333333,9,5,60,0,0.0,0,0.0,4,43,6.111111111111111,4.0,{'1': 9},,,,,,,,,,,,0,,,,,7.942657520295537,1.0333900781469914,0.8282189291206487,2.0581694383893803,0.03339007814699141,6.942657520295537,-0.17178107087935132,1.05816943838938,0.4988469839112571,0.33230921735813707,0.9854666562190207,0.41212185007725766,0.631800296845272,317129,452374,184816,30674255,0.5555555555555556,0.08333333333333333,0.14492753623188406,5,0.5555555555555556,0.08333333333333333,0.14492753623188406,5,0.3333333333333333,0.05,0.08695652173913043,3,"maximum-cardinality one-to-one connected-component matching at IoU thresholds 0.10, 0.25, 0.50"
binary_predicted_gate,tumor_type_name,multiple osteochondromas,26,26,0,tumor images only,0.19206129240592887,0.08641467312456022,0.04314155841684978,0.22087310214086756,0.13357779322957958,0.04516827379470603,0.4797973157058617,0.24406766556026802,526.886174820619,270.106179488052,conditional mean over tumor images with both GT and prediction non-empty; HD95=max of directed 95th percentiles and ASSD=mean of concatenated directed surface samples (MONAI symmetric convention); distances are pixels on the declared evaluation grid (not mm); empty-prediction cases are excluded; non-empty zero-overlap cases remain defined and are counted separately,24,2,6,0.9230769230769231,2,0.07692307692307693,6,0.23076923076923078,0.7692307692307693,0.38095238095238093,0.2654320987654321,63,24,162,16,0.6153846153846154,12,0.75,39,119,5.653846153846154,2.0,"{'3': 5, '1': 10, '2': 5, '4': 4, '5': 1, '7': 1}",,,,,,,,,,,,0,,,,,2.585391235916705,0.16631386479881627,0.04250314119457864,1.074870390505668,-0.8336861352011837,1.585391235916705,-0.9574968588054213,0.074870390505668,0.18484098030794274,0.10183183858971272,0.9834205432933893,0.24909795914984376,0.1469372439351123,360651,1087177,2093805,64486564,0.25396825396825395,0.09876543209876543,0.14222222222222222,16,0.1111111111111111,0.043209876543209874,0.06222222222222222,7,0.047619047619047616,0.018518518518518517,0.02666666666666667,3,"maximum-cardinality one-to-one connected-component matching at IoU thresholds 0.10, 0.25, 0.50"
binary_predicted_gate,tumor_type_name,normal,187,0,187,tumor images only,,,,,,,,,,,conditional mean over tumor images with both GT and prediction non-empty; HD95=max of directed 95th percentiles and ASSD=mean of concatenated directed surface samples (MONAI symmetric convention); distances are pixels on the declared evaluation grid (not mm); empty-prediction cases are excluded; non-empty zero-overlap cases remain defined and are counted separately,0,0,0,0.0,0,0.0,0,0.0,0.0,0.0,0.0,0,0,148,0,0.0,0,0.0,0,148,0.7914438502673797,0.0,{},0.7967914438502673,0.7967914438502673,0.20320855614973263,0.008555384656342906,0.0,0.0,0.0,0.040898460680772936,0.20320855614973263,0.11764705882352941,0.03208556149732621,148,0.7914438502673797,0.0,0.0,0.0,,,,,,,,,0.0,0.0,0.9958979482432249,0.0,,0,3048070,0,740011789,0.0,0.0,0.0,0,0.0,0.0,0.0,0,0.0,0.0,0.0,0,"maximum-cardinality one-to-one connected-component matching at IoU thresholds 0.10, 0.25, 0.50"
binary_predicted_gate,tumor_type_name,osteochondroma,75,75,0,tumor images only,0.16240133334388546,0.003590880807427367,0.0,0.12274910658257097,0.12650640333274407,0.0017986698081601943,0.15531690491756414,0.39270146714191223,392.26338831018006,225.7771337833528,conditional mean over tumor images with both GT and prediction non-empty; HD95=max of directed 95th percentiles and ASSD=mean of concatenated directed surface samples (MONAI symmetric convention); distances are pixels on the declared evaluation grid (not mm); empty-prediction cases are excluded; non-empty zero-overlap cases remain defined and are counted separately,53,22,34,0.7066666666666667,22,0.29333333333333333,34,0.4533333333333333,0.5466666666666666,0.5185185185185185,0.08379888268156424,81,42,537,6,0.08,1,0.16666666666666666,39,492,6.773333333333333,1.0,"{'2': 6, '1': 69}",,,,,,,,,,,,0,,,,,52.41217586498158,2.0895750535004587,0.0,28.00297368816155,1.0895750535004585,51.41217586498158,-1.0,27.00297368816155,0.06861003553016858,0.03552365746551971,0.9741905851569704,0.03681220788786307,0.5036887446594915,258894,6773936,255102,255685947,0.2345679012345679,0.035381750465549346,0.061488673139158574,19,0.1728395061728395,0.0260707635009311,0.045307443365695796,14,0.12345679012345678,0.0186219739292365,0.032362459546925564,10,"maximum-cardinality one-to-one connected-component matching at IoU thresholds 0.10, 0.25, 0.50"
binary_predicted_gate,tumor_type_name,osteofibroma,4,4,0,tumor images only,0.19030079803560468,0.0,0.0,0.19030079803560468,0.15361744301288405,0.0,0.17724413950829046,0.20543406229290923,21.470910553583888,4.57505980247878,conditional mean over tumor images with both GT and prediction non-empty; HD95=max of directed 95th percentiles and ASSD=mean of concatenated directed surface samples (MONAI symmetric convention); distances are pixels on the declared evaluation grid (not mm); empty-prediction cases are excluded; non-empty zero-overlap cases remain defined and are counted separately,1,3,3,0.25,3,0.75,3,0.75,0.25,0.25,1.0,4,1,1,0,0.0,0,0.0,3,0,0.75,1.0,{'1': 4},,,,,,,,,,,,0,,,,,0.2897614314115308,0.0,0.0,0.2897614314115308,-1.0,-0.7102385685884692,-1.0,-0.7102385685884691,0.09346146598831731,0.04902154576003163,0.9999570770355056,0.7089765580331618,0.05002824174937465,1240,509,23546,11857945,0.25,1.0,0.4,1,0.25,1.0,0.4,1,0.25,1.0,0.4,1,"maximum-cardinality one-to-one connected-component matching at IoU thresholds 0.10, 0.25, 0.50"
binary_predicted_gate,tumor_type_name,osteosarcoma,30,30,0,tumor images only,0.4553213168002291,0.5282068468878457,0.12114337791496957,0.6758294500933762,0.34341462303629416,0.3592415689749969,0.47935174579407974,0.5570912758262484,210.08924911380038,75.50052873461605,conditional mean over tumor images with both GT and prediction non-empty; HD95=max of directed 95th percentiles and ASSD=mean of concatenated directed surface samples (MONAI symmetric convention); distances are pixels on the declared evaluation grid (not mm); empty-prediction cases are excluded; non-empty zero-overlap cases remain defined and are counted separately,27,3,6,0.9,3,0.1,6,0.2,0.8,0.8,0.2795275590551181,30,24,254,0,0.0,0,0.0,6,183,7.666666666666667,2.5,{'1': 30},,,,,,,,,,,,0,,,,,1.1871496297811739,1.1940990402954297,0.5728955887152166,1.8025121319883881,0.1940990402954297,0.18714962978117397,-0.4271044112847834,0.8025121319883882,0.586081976215187,0.41450916273515437,0.9839730965735459,0.5592093040146906,0.6156677456103449,1062496,837501,663266,51418445,0.7,0.08267716535433071,0.14788732394366197,21,0.7,0.08267716535433071,0.14788732394366197,21,0.26666666666666666,0.031496062992125984,0.056338028169014086,8,"maximum-cardinality one-to-one connected-component matching at IoU thresholds 0.10, 0.25, 0.50"
binary_predicted_gate,tumor_type_name,other bt,11,11,0,tumor images only,0.11897623654108608,0.0,0.0,0.14871474194340845,0.08188258868945751,0.0,0.08868712479326378,0.23376548541141257,709.933990306923,576.8394258150619,conditional mean over tumor images with both GT and prediction non-empty; HD95=max of directed 95th percentiles and ASSD=mean of concatenated directed surface samples (MONAI symmetric convention); distances are pixels on the declared evaluation grid (not mm); empty-prediction cases are excluded; non-empty zero-overlap cases remain defined and are counted separately,10,1,8,0.9090909090909091,1,0.09090909090909091,8,0.7272727272727273,0.2727272727272727,0.2727272727272727,0.13636363636363635,11,3,22,0,0.0,0,0.0,8,19,1.1818181818181819,0.0,{'1': 11},,,,,,,,,,,,0,,,,,3.394177993508973,3.360441767068273,0.9110238701645011,5.093044474066633,2.360441767068273,2.3941779935089733,-0.0889761298354988,4.093044474066633,0.19507138179940312,0.10807706179199336,0.9846714495084218,0.12615585547807956,0.4299310890194306,76115,527226,100925,33867807,0.2727272727272727,0.13636363636363635,0.18181818181818182,3,0.09090909090909091,0.045454545454545456,0.06060606060606061,1,0.09090909090909091,0.045454545454545456,0.06060606060606061,1,"maximum-cardinality one-to-one connected-component matching at IoU thresholds 0.10, 0.25, 0.50"
binary_predicted_gate,tumor_type_name,other mt,4,4,0,tumor images only,0.37370821622212874,0.38247524550987466,0.24433157422665358,0.5118518875053498,0.26265346591650424,0.23797827862315574,0.6450054618080524,0.36385795314822006,102.84116134858145,36.17795665678599,conditional mean over tumor images with both GT and prediction non-empty; HD95=max of directed 95th percentiles and ASSD=mean of concatenated directed surface samples (MONAI symmetric convention); distances are pixels on the declared evaluation grid (not mm); empty-prediction cases are excluded; non-empty zero-overlap cases remain defined and are counted separately,3,1,1,0.75,1,0.25,1,0.25,0.75,0.75,0.375,4,3,16,0,0.0,0,0.0,1,10,3.5,2.0,{'1': 4},,,,,,,,,,,,0,,,,,0.5400242970711109,0.23817182254741354,0.1462274732670306,0.6319686463514939,-0.7618281774525865,-0.45997570292888906,-0.8537725267329694,-0.36803135364850614,0.2042600259957133,0.11374699508428145,0.9981934692755543,0.6677030867497679,0.12057243898845062,47459,23619,346155,13050612,0.75,0.1875,0.3,3,0.5,0.125,0.2,2,0.25,0.0625,0.1,1,"maximum-cardinality one-to-one connected-component matching at IoU thresholds 0.10, 0.25, 0.50"
binary_predicted_gate,tumor_type_name,simple bone cyst,20,20,0,tumor images only,0.2649633788101925,0.02154993783671778,0.0,0.5309347155592357,0.1975313329761778,0.011012282930961457,0.3008228136177376,0.2969196052148844,427.8893258346639,288.17053160863014,conditional mean over tumor images with both GT and prediction non-empty; HD95=max of directed 95th percentiles and ASSD=mean of concatenated directed surface samples (MONAI symmetric convention); distances are pixels on the declared evaluation grid (not mm); empty-prediction cases are excluded; non-empty zero-overlap cases remain defined and are counted separately,13,7,10,0.65,7,0.35,10,0.5,0.5,0.5,0.37349397590361444,20,10,83,0,0.0,0,0.0,10,52,3.85,1.0,{'1': 20},,,,,,,,,,,,0,,,,,2.571119285479555,0.6197878163618494,0.0,1.6443575652184763,-0.3802121836381506,1.5711192854795548,-1.0,0.6443575652184763,0.34328322684866197,0.2072069483522418,0.9925682867210331,0.3168755900969618,0.3744925174198514,281248,606318,469763,80978907,0.45,0.10843373493975904,0.17475728155339806,9,0.4,0.0963855421686747,0.1553398058252427,8,0.2,0.04819277108433735,0.07766990291262135,4,"maximum-cardinality one-to-one connected-component matching at IoU thresholds 0.10, 0.25, 0.50"
binary_predicted_gate,tumor_type_name,synovial osteochondroma,5,5,0,tumor images only,0.640281874158732,0.8603416552725308,0.5361470261052603,0.8843161966649425,0.5533361757379902,0.7549119078123958,0.6653059506098995,0.667660343148367,122.54889225739686,45.10223444089072,conditional mean over tumor images with both GT and prediction non-empty; HD95=max of directed 95th percentiles and ASSD=mean of concatenated directed surface samples (MONAI symmetric convention); distances are pixels on the declared evaluation grid (not mm); empty-prediction cases are excluded; non-empty zero-overlap cases remain defined and are counted separately,4,1,1,0.8,1,0.2,1,0.2,0.8,0.8,0.6666666666666666,5,4,6,0,0.0,0,0.0,1,2,0.6,1.0,{'1': 5},,,,,,,,,,,,0,,,,,0.9695429003105256,0.8424825038723689,0.7809611135328514,0.8573029338479929,-0.15751749612763113,-0.030457099689474455,-0.21903888646714867,-0.14269706615200703,0.7768443085958401,0.6351148214860834,0.991461389427069,0.8142284521502731,0.7427423480348184,924865,211014,320338,24501906,0.8,0.6666666666666666,0.7272727272727273,4,0.8,0.6666666666666666,0.7272727272727273,4,0.6,0.5,0.5454545454545454,3,"maximum-cardinality one-to-one connected-component matching at IoU thresholds 0.10, 0.25, 0.50"
ten_class_predicted_gate,lesion_size,large_ge_5pct,18,18,0,tumor images only,0.3021257546305217,0.1429596768087857,0.04314155841684978,0.5709042906631687,0.23170148201830537,0.07703178822816018,0.6241360765612964,0.27805963983546433,461.57954554807236,202.9422367550762,conditional mean over tumor images with both GT and prediction non-empty; HD95=max of directed 95th percentiles and ASSD=mean of concatenated directed surface samples (MONAI symmetric convention); distances are pixels on the declared evaluation grid (not mm); empty-prediction cases are excluded; non-empty zero-overlap cases remain defined and are counted separately,16,2,3,0.8888888888888888,2,0.1111111111111111,3,0.16666666666666666,0.8333333333333334,0.375,0.5047619047619047,40,15,105,7,0.3888888888888889,7,1.0,25,52,5.722222222222222,2.0,"{'1': 11, '2': 1, '5': 1, '4': 3, '7': 1, '3': 1}",,,,,,,,,,,,0,,,,,0.47040678926473034,0.1681609295940088,0.043293597259310146,0.8164044752236993,-0.8318390704059913,-0.5295932107352695,-0.9567064027406899,-0.18359552477630064,0.4777326268879184,0.3138296434162252,0.990014788025753,0.7505314775934853,0.3503789191401987,1137495,378091,2108976,37487004,0.325,0.12380952380952381,0.1793103448275862,13,0.175,0.06666666666666667,0.09655172413793103,7,0.1,0.0380952380952381,0.05517241379310345,4,"maximum-cardinality one-to-one connected-component matching at IoU thresholds 0.10, 0.25, 0.50"
ten_class_predicted_gate,lesion_size,medium_1_to_5pct,72,72,0,tumor images only,0.403172511084749,0.49314991423100063,0.0,0.67939664259442,0.30277442431763046,0.32728023332091993,0.44686950433262024,0.4954856373657069,286.24962347004777,141.74790708993268,conditional mean over tumor images with both GT and prediction non-empty; HD95=max of directed 95th percentiles and ASSD=mean of concatenated directed surface samples (MONAI symmetric convention); distances are pixels on the declared evaluation grid (not mm); empty-prediction cases are excluded; non-empty zero-overlap cases remain defined and are counted separately,65,7,19,0.9027777777777778,7,0.09722222222222222,19,0.2638888888888889,0.7361111111111112,0.6585365853658537,0.2595936794582393,82,54,443,7,0.09722222222222222,5,0.7142857142857143,28,328,5.291666666666667,1.0,"{'1': 65, '3': 3, '2': 4}",,,,,,,,,,,,0,,,,,1.140521388669067,0.9812062355226436,0.17021745921677806,1.7877346264976706,-0.018793764477356346,0.14052138866906708,-0.8297825407832219,0.7877346264976706,0.45530352047768996,0.2947527404338297,0.9874352962524903,0.4537915408081354,0.4568256093041359,1816906,2186928,2160336,171866360,0.5975609756097561,0.11060948081264109,0.18666666666666668,49,0.5365853658536586,0.09932279909706546,0.1676190476190476,44,0.24390243902439024,0.045146726862302484,0.0761904761904762,20,"maximum-cardinality one-to-one connected-component matching at IoU thresholds 0.10, 0.25, 0.50"
ten_class_predicted_gate,lesion_size,normal,187,0,187,tumor images only,,,,,,,,,,,conditional mean over tumor images with both GT and prediction non-empty; HD95=max of directed 95th percentiles and ASSD=mean of concatenated directed surface samples (MONAI symmetric convention); distances are pixels on the declared evaluation grid (not mm); empty-prediction cases are excluded; non-empty zero-overlap cases remain defined and are counted separately,0,0,0,0.0,0,0.0,0,0.0,0.0,0.0,0.0,0,0,115,0,0.0,0,0.0,0,115,0.6149732620320856,0.0,{},0.8556149732620321,0.8556149732620321,0.1443850267379679,0.010486753263566014,0.0,0.0,0.0,0.03225796776059864,0.1443850267379679,0.0748663101604278,0.026737967914438502,115,0.6149732620320856,0.0,0.0,0.0,,,,,,,,,0.0,0.0,0.9896954142963602,0.0,,0,7656924,0,735402935,0.0,0.0,0.0,0,0.0,0.0,0.0,0,0.0,0.0,0.0,0,"maximum-cardinality one-to-one connected-component matching at IoU thresholds 0.10, 0.25, 0.50"
ten_class_predicted_gate,lesion_size,small_lt_1pct,94,94,0,tumor images only,0.09856961859986983,0.0,0.0,0.04543788981770664,0.07320966782168685,0.0,0.09691206271191272,0.3076494296942276,449.7345903065361,279.755673566914,conditional mean over tumor images with both GT and prediction non-empty; HD95=max of directed 95th percentiles and ASSD=mean of concatenated directed surface samples (MONAI symmetric convention); distances are pixels on the declared evaluation grid (not mm); empty-prediction cases are excluded; non-empty zero-overlap cases remain defined and are counted separately,60,34,53,0.6382978723404256,34,0.3617021276595745,53,0.5638297872340425,0.43617021276595747,0.42857142857142855,0.07462686567164178,105,45,603,8,0.0851063829787234,1,0.125,60,558,6.127659574468085,1.0,"{'2': 6, '1': 86, '3': 1, '4': 1}",,,,,,,,,,,,0,,,,,49.09158572837933,2.4908901679355417,0.0,19.556067382495407,1.4908901679355417,48.09158572837933,-1.0,18.556067382495407,0.033923199175380656,0.01725425942727795,0.9777552005877986,0.01811828055131198,0.26568693494061335,149874,8122103,414226,357001576,0.1523809523809524,0.026533996683250415,0.04519774011299435,16,0.08571428571428572,0.014925373134328358,0.025423728813559324,9,0.06666666666666667,0.011608623548922056,0.01977401129943503,7,"maximum-cardinality one-to-one connected-component matching at IoU thresholds 0.10, 0.25, 0.50"
ten_class_predicted_gate,center,1,296,131,165,tumor images only,0.20590812883939844,0.005365269930947897,0.0,0.41804580080892184,0.15586587181545536,0.0026898508534252573,0.23164751985954413,0.3658450882671067,414.497237439866,235.11871654023255,conditional mean over tumor images with both GT and prediction non-empty; HD95=max of directed 95th percentiles and ASSD=mean of concatenated directed surface samples (MONAI symmetric convention); distances are pixels on the declared evaluation grid (not mm); empty-prediction cases are excluded; non-empty zero-overlap cases remain defined and are counted separately,99,32,57,0.7557251908396947,32,0.24427480916030533,57,0.4351145038167939,0.5648854961832062,0.5064935064935064,0.13267326732673268,154,78,1010,14,0.10687022900763359,6,0.42857142857142855,76,876,3.2027027027027026,0.0,"{'1': 117, '2': 9, '3': 2, '4': 2, '5': 1}",0.8666666666666667,0.8666666666666667,0.13333333333333333,0.007521238517482913,0.0,0.0,0.0,0.029340460309703366,0.13333333333333333,0.06666666666666667,0.024242424242424242,80,0.48484848484848486,0.0,0.0,0.0,35.3317536640756,1.1841348537431828,0.05142694387616229,10.539871189338683,0.18413485374318295,34.3317536640756,-0.9485730561238377,9.539871189338683,0.1878346567934295,0.10365205222447411,0.9854378851206893,0.12006766501100817,0.4312156470866246,2361286,17305008,3114596,1171053149,0.2922077922077922,0.04455445544554455,0.07731958762886598,45,0.22727272727272727,0.034653465346534656,0.06013745704467354,35,0.12987012987012986,0.019801980198019802,0.03436426116838488,20,"maximum-cardinality one-to-one connected-component matching at IoU thresholds 0.10, 0.25, 0.50"
ten_class_predicted_gate,center,2,47,31,16,tumor images only,0.34923612138278365,0.41434073977150987,0.0,0.6775053186207043,0.2621990204971879,0.2613050295003507,0.439263176167292,0.4022126302373363,270.57422288482485,102.25944265293917,conditional mean over tumor images with both GT and prediction non-empty; HD95=max of directed 95th percentiles and ASSD=mean of concatenated directed surface samples (MONAI symmetric convention); distances are pixels on the declared evaluation grid (not mm); empty-prediction cases are excluded; non-empty zero-overlap cases remain defined and are counted separately,21,10,11,0.6774193548387096,10,0.3225806451612903,11,0.3548387096774194,0.6451612903225806,0.46511627906976744,0.4274193548387097,43,20,124,4,0.12903225806451613,3,0.75,23,71,2.574468085106383,1.0,"{'1': 27, '7': 1, '4': 1, '3': 1, '2': 1}",0.9375,0.9375,0.0625,0.00014148941187567797,0.0,0.0,0.0,0.0005659576475027119,0.0625,0.0,0.0,1,0.0625,0.0,0.0,0.0,0.7213769088058054,0.28103294746215496,0.0,1.3512206120867074,-0.7189670525378451,-0.2786230911941946,-1.0,0.35122061208670735,0.4104588900960159,0.2582247716265794,0.994546654120787,0.5011072935338872,0.347582532074472,624521,621761,1172235,113392830,0.46511627906976744,0.16129032258064516,0.23952095808383234,20,0.37209302325581395,0.12903225806451613,0.19161676646706588,16,0.18604651162790697,0.06451612903225806,0.09580838323353294,8,"maximum-cardinality one-to-one connected-component matching at IoU thresholds 0.10, 0.25, 0.50"
ten_class_predicted_gate,center,3,28,22,6,tumor images only,0.26963381313689055,0.12088040397067726,0.0,0.48811064713035396,0.1957043254181807,0.06435379841650092,0.3889001828266119,0.4183994408308292,298.0137374088751,181.9918537974734,conditional mean over tumor images with both GT and prediction non-empty; HD95=max of directed 95th percentiles and ASSD=mean of concatenated directed surface samples (MONAI symmetric convention); distances are pixels on the declared evaluation grid (not mm); empty-prediction cases are excluded; non-empty zero-overlap cases remain defined and are counted separately,21,1,7,0.9545454545454546,1,0.045454545454545456,7,0.3181818181818182,0.6818181818181818,0.5333333333333333,0.19696969696969696,30,16,132,4,0.18181818181818182,4,1.0,14,106,3.7857142857142856,1.0,"{'1': 18, '4': 1, '3': 2, '2': 1}",0.3333333333333333,0.3333333333333333,0.6666666666666666,0.11962577905202558,0.009455543154761903,0.0006919642857142857,0.03150249510892555,0.5058215657904663,0.6666666666666666,0.5,0.16666666666666666,34,5.666666666666667,1.0,0.25,2.5,2.4714321132595822,1.2318120209730206,0.18925380312982093,2.931676452135912,0.23181202097302053,1.4714321132595827,-0.8107461968701791,1.9316764521359122,0.2254557911163552,0.12704997147306243,0.9764638203936529,0.2211275886849154,0.22995681079244917,118468,417277,396707,17311896,0.43333333333333335,0.09848484848484848,0.16049382716049382,13,0.3,0.06818181818181818,0.1111111111111111,9,0.1,0.022727272727272728,0.037037037037037035,3,"maximum-cardinality one-to-one connected-component matching at IoU thresholds 0.10, 0.25, 0.50"
ten_class_predicted_gate,anatomy,ankle-joint,1,1,0,tumor images only,0.0,0.0,0.0,0.0,0.0,0.0,0.0,0.0,,,conditional mean over tumor images with both GT and prediction non-empty; HD95=max of directed 95th percentiles and ASSD=mean of concatenated directed surface samples (MONAI symmetric convention); distances are pixels on the declared evaluation grid (not mm); empty-prediction cases are excluded; non-empty zero-overlap cases remain defined and are counted separately,0,1,1,0.0,1,1.0,1,1.0,0.0,0.0,0.0,1,0,0,0,0.0,0,0.0,1,0,1.0,1.0,{'1': 1},,,,,,,,,,,,0,,,,,0.0,0.0,0.0,0.0,-1.0,-1.0,-1.0,-1.0,0.0,0.0,1.0,,0.0,0,0,125668,3989465,0.0,0.0,0.0,0,0.0,0.0,0.0,0,0.0,0.0,0.0,0,"maximum-cardinality one-to-one connected-component matching at IoU thresholds 0.10, 0.25, 0.50"
ten_class_predicted_gate,anatomy,femur,48,48,0,tumor images only,0.3204444371550851,0.2232662235562467,0.0,0.6216141207595748,0.2452570381236625,0.1256613016022845,0.3570267146025133,0.44120564083201524,284.61706392758435,158.8601311905965,conditional mean over tumor images with both GT and prediction non-empty; HD95=max of directed 95th percentiles and ASSD=mean of concatenated directed surface samples (MONAI symmetric convention); distances are pixels on the declared evaluation grid (not mm); empty-prediction cases are excluded; non-empty zero-overlap cases remain defined and are counted separately,39,9,18,0.8125,9,0.1875,18,0.375,0.625,0.6,0.26492537313432835,50,30,268,2,0.041666666666666664,1,0.5,20,197,4.958333333333333,1.0,"{'1': 46, '2': 2}",,,,,,,,,,,,0,,,,,15.593601975390362,0.909307253697261,0.04813460572643255,1.972571231026364,-0.09069274630273909,14.593601975390362,-0.9518653942735675,0.9725712310263639,0.3082527109529965,0.18220966745372572,0.9739200016413011,0.21773119909749789,0.5276031553569561,933359,3353390,835696,125227523,0.52,0.09701492537313433,0.16352201257861634,26,0.44,0.08208955223880597,0.13836477987421383,22,0.24,0.04477611940298507,0.07547169811320754,12,"maximum-cardinality one-to-one connected-component matching at IoU thresholds 0.10, 0.25, 0.50"
ten_class_predicted_gate,anatomy,fibula,12,12,0,tumor images only,0.07123322184747684,0.0,0.0,0.027207221942011518,0.04611475431790846,0.0,0.051788003395421646,0.24062723688034263,676.1777308507652,395.7024220195575,conditional mean over tumor images with both GT and prediction non-empty; HD95=max of directed 95th percentiles and ASSD=mean of concatenated directed surface samples (MONAI symmetric convention); distances are pixels on the declared evaluation grid (not mm); empty-prediction cases are excluded; non-empty zero-overlap cases remain defined and are counted separately,7,5,8,0.5833333333333334,5,0.4166666666666667,8,0.6666666666666666,0.3333333333333333,0.3076923076923077,0.037383177570093455,13,4,107,1,0.08333333333333333,0,0.0,9,103,8.666666666666666,1.0,"{'1': 11, '2': 1}",,,,,,,,,,,,0,,,,,24.38396945086274,1.9106659051286077,0.0,11.229489872999386,0.9106659051286077,23.383969450862736,-1.0,10.229489872999386,0.018049701523849482,0.00910704044280386,0.9776482535480785,0.009582836758643944,0.15499254843517138,9464,978135,51597,42782875,0.23076923076923078,0.028037383177570093,0.05,3,0.07692307692307693,0.009345794392523364,0.016666666666666666,1,0.0,0.0,0.0,0,"maximum-cardinality one-to-one connected-component matching at IoU thresholds 0.10, 0.25, 0.50"
ten_class_predicted_gate,anatomy,foot,7,7,0,tumor images only,0.0,0.0,0.0,0.0,0.0,0.0,0.0,0.0,836.5740396948419,720.6378086923852,conditional mean over tumor images with both GT and prediction non-empty; HD95=max of directed 95th percentiles and ASSD=mean of concatenated directed surface samples (MONAI symmetric convention); distances are pixels on the declared evaluation grid (not mm); empty-prediction cases are excluded; non-empty zero-overlap cases remain defined and are counted separately,3,4,7,0.42857142857142855,4,0.5714285714285714,7,1.0,0.0,0.0,0.0,8,0,4,1,0.14285714285714285,0,0.0,8,4,0.8571428571428571,1.0,"{'1': 6, '2': 1}",,,,,,,,,,,,0,,,,,11.572986397098452,0.0,0.0,10.59471108878558,-1.0,10.572986397098452,-1.0,9.59471108878558,0.0,0.0,0.995050398925497,0.0,0.0,0,150777,59305,30311678,0.0,0.0,0.0,0,0.0,0.0,0.0,0,0.0,0.0,0.0,0,"maximum-cardinality one-to-one connected-component matching at IoU thresholds 0.10, 0.25, 0.50"
ten_class_predicted_gate,anatomy,foot|tibia|fibula,1,1,0,tumor images only,0.36825143692481477,0.36825143692481477,0.36825143692481477,0.36825143692481477,0.22567903245510446,0.22567903245510446,0.9446054201465826,0.22870584351271048,94.57880305889893,37.69079525501893,conditional mean over tumor images with both GT and prediction non-empty; HD95=max of directed 95th percentiles and ASSD=mean of concatenated directed surface samples (MONAI symmetric convention); distances are pixels on the declared evaluation grid (not mm); empty-prediction cases are excluded; non-empty zero-overlap cases remain defined and are counted separately,1,0,0,1.0,0,0.0,0,0.0,1.0,1.0,1.0,1,1,1,0,0.0,0,0.0,0,0,0.0,0.0,{'1': 1},,,,,,,,,,,,0,,,,,0.24211786068009244,0.24211786068009244,0.24211786068009244,0.24211786068009244,-0.7578821393199076,-0.7578821393199076,-0.7578821393199076,-0.7578821393199076,0.36825143692481477,0.22567903245510446,0.9999467248747953,0.9446054201465826,0.22870584351271048,5542,325,18690,6100083,1.0,1.0,1.0,1,0.0,0.0,0.0,0,0.0,0.0,0.0,0,"maximum-cardinality one-to-one connected-component matching at IoU thresholds 0.10, 0.25, 0.50"
ten_class_predicted_gate,anatomy,hand,8,8,0,tumor images only,0.08172021912191059,0.0,0.0,0.0,0.060702642569038755,0.0,0.060712755703116635,0.12495713830855519,499.26043604914975,311.6090934711536,conditional mean over tumor images with both GT and prediction non-empty; HD95=max of directed 95th percentiles and ASSD=mean of concatenated directed surface samples (MONAI symmetric convention); distances are pixels on the declared evaluation grid (not mm); empty-prediction cases are excluded; non-empty zero-overlap cases remain defined and are counted separately,5,3,7,0.625,3,0.375,7,0.875,0.125,0.125,0.027777777777777776,8,1,36,0,0.0,0,0.0,7,35,4.25,1.0,{'1': 8},,,,,,,,,,,,0,,,,,8.631807119346403,1.0174564047722003,0.0,3.3093848341763463,0.01745640477220045,7.631807119346403,-1.0,2.3093848341763463,0.15848392833567607,0.08606165907226733,0.9862298796778323,0.0982523290243374,0.40955066326837786,40815,374595,58843,26828871,0.125,0.027777777777777776,0.045454545454545456,1,0.125,0.027777777777777776,0.045454545454545456,1,0.0,0.0,0.0,0,"maximum-cardinality one-to-one connected-component matching at IoU thresholds 0.10, 0.25, 0.50"
ten_class_predicted_gate,anatomy,hip bone,10,10,0,tumor images only,0.11475995696141128,0.0,0.0,0.11686705103202841,0.07473538360345888,0.0,0.2418585727680739,0.11799558532726995,576.5580924889499,425.4865232737009,conditional mean over tumor images with both GT and prediction non-empty; HD95=max of directed 95th percentiles and ASSD=mean of concatenated directed surface samples (MONAI symmetric convention); distances are pixels on the declared evaluation grid (not mm); empty-prediction cases are excluded; non-empty zero-overlap cases remain defined and are counted separately,10,0,6,1.0,0,0.0,6,0.6,0.4,0.4,0.3170731707317073,10,4,82,0,0.0,0,0.0,6,56,7.2,0.5,{'1': 10},,,,,,,,,,,,0,,,,,0.931000270978827,0.3144688127490444,0.12741112877089486,1.5167231049676824,-0.6855311872509555,-0.06899972902117295,-0.8725888712291051,0.5167231049676823,0.1094960965842116,0.057919000530161587,0.9863206683727659,0.14008474103807772,0.08987184668815074,50254,308486,508920,22242762,0.2,0.024390243902439025,0.043478260869565216,2,0.2,0.024390243902439025,0.043478260869565216,2,0.0,0.0,0.0,0,"maximum-cardinality one-to-one connected-component matching at IoU thresholds 0.10, 0.25, 0.50"
ten_class_predicted_gate,anatomy,hip-joint,2,2,0,tumor images only,0.44215809833247127,0.44215809833247127,0.22107904916623564,0.6632371474987069,0.3963112998600054,0.3963112998600054,0.48349286565509153,0.4073342800615284,97.0,32.50256897054026,conditional mean over tumor images with both GT and prediction non-empty; HD95=max of directed 95th percentiles and ASSD=mean of concatenated directed surface samples (MONAI symmetric convention); distances are pixels on the declared evaluation grid (not mm); empty-prediction cases are excluded; non-empty zero-overlap cases remain defined and are counted separately,1,1,1,0.5,1,0.5,1,0.5,0.5,0.5,0.5,2,1,2,0,0.0,0,0.0,1,1,1.0,1.0,{'1': 2},,,,,,,,,,,,0,,,,,0.42124125193618445,0.42124125193618445,0.21062062596809222,0.6318618779042766,-0.5787587480638156,-0.5787587480638156,-0.7893793740319077,-0.3681381220957234,0.5872723754233188,0.4157010631113644,0.9990282799514112,0.9669857313101831,0.42168589317822436,303473,10361,416193,10652175,0.5,0.5,0.5,1,0.5,0.5,0.5,1,0.5,0.5,0.5,1,"maximum-cardinality one-to-one connected-component matching at IoU thresholds 0.10, 0.25, 0.50"
ten_class_predicted_gate,anatomy,humerus,25,25,0,tumor images only,0.4019949417702495,0.5497114706727129,0.0,0.6983952558685891,0.3023566986123767,0.37903593633723026,0.4055822037255523,0.49178840931884027,278.9892174873249,112.3094174191284,conditional mean over tumor images with both GT and prediction non-empty; HD95=max of directed 95th percentiles and ASSD=mean of concatenated directed surface samples (MONAI symmetric convention); distances are pixels on the declared evaluation grid (not mm); empty-prediction cases are excluded; non-empty zero-overlap cases remain defined and are counted separately,18,7,9,0.72,7,0.28,9,0.36,0.64,0.64,0.234375,25,16,128,0,0.0,0,0.0,9,98,4.68,3.0,{'1': 25},,,,,,,,,,,,0,,,,,1.8920170773169915,1.1007669414808887,0.0,1.7782500885582713,0.10076694148088863,0.8920170773169913,-1.0,0.7782500885582714,0.5838430869682348,0.4122728785176215,0.991218099292819,0.5345157516626837,0.643200282535558,906969,789836,503119,89149236,0.64,0.125,0.20915032679738563,16,0.6,0.1171875,0.19607843137254902,15,0.32,0.0625,0.10457516339869281,8,"maximum-cardinality one-to-one connected-component matching at IoU thresholds 0.10, 0.25, 0.50"
ten_class_predicted_gate,anatomy,knee-joint,2,2,0,tumor images only,0.6982443406888956,0.6982443406888956,0.617195683397078,0.7792929979807132,0.5605846682192149,0.5605846682192149,0.6811613804285196,0.8343562214844046,161.07614597243634,62.60805318050937,conditional mean over tumor images with both GT and prediction non-empty; HD95=max of directed 95th percentiles and ASSD=mean of concatenated directed surface samples (MONAI symmetric convention); distances are pixels on the declared evaluation grid (not mm); empty-prediction cases are excluded; non-empty zero-overlap cases remain defined and are counted separately,2,0,0,1.0,0,0.0,0,0.0,1.0,1.0,0.6666666666666666,2,2,3,0,0.0,0,0.0,0,1,0.5,0.5,{'1': 2},,,,,,,,,,,,0,,,,,1.573964531916133,1.573964531916133,1.177462822724492,1.9704662411077738,0.573964531916133,0.573964531916133,0.17746282272449213,0.9704662411077738,0.7023759678977645,0.5412784832289748,0.9801383949120354,0.6189638997154996,0.8117708549549978,324602,199826,75267,9861093,1.0,0.6666666666666666,0.8,2,1.0,0.6666666666666666,0.8,2,0.5,0.3333333333333333,0.4,1,"maximum-cardinality one-to-one connected-component matching at IoU thresholds 0.10, 0.25, 0.50"
ten_class_predicted_gate,anatomy,radius,7,7,0,tumor images only,0.39274471045381276,0.13009370233166268,0.0024119275882745284,0.8351321418504916,0.3430828651713478,0.06957231091947326,0.4247108806882816,0.4951497232776813,183.73593380764189,105.16530981242225,conditional mean over tumor images with both GT and prediction non-empty; HD95=max of directed 95th percentiles and ASSD=mean of concatenated directed surface samples (MONAI symmetric convention); distances are pixels on the declared evaluation grid (not mm); empty-prediction cases are excluded; non-empty zero-overlap cases remain defined and are counted separately,6,1,2,0.8571428571428571,1,0.14285714285714285,2,0.2857142857142857,0.7142857142857143,0.5555555555555556,0.09836065573770492,9,5,61,1,0.14285714285714285,1,1.0,4,55,7.714285714285714,1.0,"{'1': 6, '3': 1}",,,,,,,,,,,,0,,,,,80.38812078863974,0.8615461098682575,0.7532295295855018,94.20582721089527,-0.13845389013174247,79.38812078863974,-0.24677047041449812,93.20582721089527,0.08512391910819915,0.04445400929994124,0.978414755470222,0.04555117817587155,0.6485799964720409,18384,385206,9961,17460596,0.4444444444444444,0.06557377049180328,0.11428571428571428,4,0.3333333333333333,0.04918032786885246,0.08571428571428572,3,0.3333333333333333,0.04918032786885246,0.08571428571428572,3,"maximum-cardinality one-to-one connected-component matching at IoU thresholds 0.10, 0.25, 0.50"
ten_class_predicted_gate,anatomy,shoulder-joint,2,2,0,tumor images only,0.0,0.0,0.0,0.0,0.0,0.0,0.0,0.0,301.75586439167563,201.28625606204298,conditional mean over tumor images with both GT and prediction non-empty; HD95=max of directed 95th percentiles and ASSD=mean of concatenated directed surface samples (MONAI symmetric convention); distances are pixels on the declared evaluation grid (not mm); empty-prediction cases are excluded; non-empty zero-overlap cases remain defined and are counted separately,2,0,2,1.0,0,0.0,2,1.0,0.0,0.0,0.0,2,0,55,0,0.0,0,0.0,2,55,26.5,26.5,{'1': 2},,,,,,,,,,,,0,,,,,9.624681535030179,9.624681535030179,8.579599150158089,10.66976391990227,8.624681535030179,8.624681535030179,7.579599150158088,9.66976391990227,0.0,0.0,0.9349806580465435,0.0,0.0,0,80476,8136,1157248,0.0,0.0,0.0,0,0.0,0.0,0.0,0,0.0,0.0,0.0,0,"maximum-cardinality one-to-one connected-component matching at IoU thresholds 0.10, 0.25, 0.50"
ten_class_predicted_gate,anatomy,tibia,40,40,0,tumor images only,0.19183828116122217,0.023673744369904635,0.0,0.3894710323246847,0.14009069952188682,0.011985481861871818,0.18251476411027015,0.4977587284396245,332.1827280740149,162.68633038246756,conditional mean over tumor images with both GT and prediction non-empty; HD95=max of directed 95th percentiles and ASSD=mean of concatenated directed surface samples (MONAI symmetric convention); distances are pixels on the declared evaluation grid (not mm); empty-prediction cases are excluded; non-empty zero-overlap cases remain defined and are counted separately,29,11,12,0.725,11,0.275,12,0.3,0.7,0.6222222222222222,0.1111111111111111,45,28,270,4,0.1,1,0.25,17,240,6.375,1.5,"{'2': 3, '1': 36, '3': 1}",,,,,,,,,,,,0,,,,,65.03021946792244,2.7966742643082743,0.0,34.37578080679536,1.796674264308274,64.03021946792244,-1.0,33.37578080679536,0.13535809245264163,0.07259200380768219,0.9785325513839565,0.08053743745902517,0.42390193719377167,243112,2775509,330398,126513679,0.26666666666666666,0.044444444444444446,0.0761904761904762,12,0.2222222222222222,0.037037037037037035,0.06349206349206349,10,0.1111111111111111,0.018518518518518517,0.031746031746031744,5,"maximum-cardinality one-to-one connected-component matching at IoU thresholds 0.10, 0.25, 0.50"
ten_class_predicted_gate,anatomy,tibia|femur,2,2,0,tumor images only,0.0006446286599640365,0.0006446286599640365,0.00032231432998201825,0.0009669429899460547,0.0003225222370595025,0.0003225222370595025,0.00032409565939251964,0.05864197530864197,459.4208284627643,268.73520818467625,conditional mean over tumor images with both GT and prediction non-empty; HD95=max of directed 95th percentiles and ASSD=mean of concatenated directed surface samples (MONAI symmetric convention); distances are pixels on the declared evaluation grid (not mm); empty-prediction cases are excluded; non-empty zero-overlap cases remain defined and are counted separately,1,1,1,0.5,1,0.5,1,0.5,0.5,0.6666666666666666,0.125,3,2,16,1,0.5,0,0.0,1,14,7.5,7.5,"{'1': 1, '2': 1}",,,,,,,,,,,,0,,,,,90.4701646090535,90.4701646090535,45.23508230452675,135.70524691358025,89.4701646090535,89.4701646090535,44.23508230452675,134.70524691358025,0.0011989651038051365,0.0005998421468034728,0.9754257637433821,0.0006481913187850393,0.007977606717984604,171,263640,21264,10464669,0.0,0.0,0.0,0,0.0,0.0,0.0,0,0.0,0.0,0.0,0,"maximum-cardinality one-to-one connected-component matching at IoU thresholds 0.10, 0.25, 0.50"
ten_class_predicted_gate,anatomy,tibia|fibula,2,2,0,tumor images only,0.26389249340907533,0.26389249340907533,0.22485652165467993,0.3029284651634708,0.1543367595571585,0.1543367595571585,0.43327184098392496,0.3103707268424832,323.5859612709045,130.75385502474288,conditional mean over tumor images with both GT and prediction non-empty; HD95=max of directed 95th percentiles and ASSD=mean of concatenated directed surface samples (MONAI symmetric convention); distances are pixels on the declared evaluation grid (not mm); empty-prediction cases are excluded; non-empty zero-overlap cases remain defined and are counted separately,2,0,0,1.0,0,0.0,0,0.0,1.0,0.6666666666666666,0.5,3,2,22,1,0.5,1,1.0,1,11,10.5,10.5,"{'1': 1, '2': 1}",,,,,,,,,,,,0,,,,,1.0845788288365872,1.0845788288365872,0.6321964129463278,1.5369612447268466,0.08457882883658718,0.08457882883658718,-0.36780358705367217,0.5369612447268466,0.26818102643579084,0.1548551150723651,0.9867718863480224,0.3169724867501425,0.23240674082503116,30023,64695,99160,4826025,0.6666666666666666,0.09090909090909091,0.16,2,0.3333333333333333,0.045454545454545456,0.08,1,0.0,0.0,0.0,0,"maximum-cardinality one-to-one connected-component matching at IoU thresholds 0.10, 0.25, 0.50"
ten_class_predicted_gate,anatomy,tibia|fibula|femur,11,11,0,tumor images only,0.10240697932767678,0.08056763261264452,0.055590233614144696,0.129054796257507,0.05550460498521914,0.04197471814144175,0.5817566286722048,0.15799293295128478,677.0904119069681,305.1062162982625,conditional mean over tumor images with both GT and prediction non-empty; HD95=max of directed 95th percentiles and ASSD=mean of concatenated directed surface samples (MONAI symmetric convention); distances are pixels on the declared evaluation grid (not mm); empty-prediction cases are excluded; non-empty zero-overlap cases remain defined and are counted separately,11,0,1,1.0,0,0.0,1,0.09090909090909091,0.9090909090909091,0.34146341463414637,0.2054794520547945,41,14,73,11,1.0,9,0.8181818181818182,27,58,6.181818181818182,2.0,"{'2': 2, '4': 4, '5': 1, '3': 3, '7': 1}",,,,,,,,,,,,0,,,,,2.1116193701118378,0.08348638063416901,0.038598968415681015,0.26940985616045476,-0.916513619365831,1.1116193701118375,-0.961401031584319,-0.7305901438395452,0.13374145025799689,0.07166287344081326,0.9754469682557114,0.18958543929396895,0.10331047817496633,176108,752803,1528540,29907484,0.17073170731707318,0.0958904109589041,0.12280701754385964,7,0.024390243902439025,0.0136986301369863,0.017543859649122806,1,0.0,0.0,0.0,0,"maximum-cardinality one-to-one connected-component matching at IoU thresholds 0.10, 0.25, 0.50"
ten_class_predicted_gate,anatomy,ulna,3,3,0,tumor images only,0.2827745054256772,0.11166710560969186,0.06133063283821698,0.4186646781051448,0.2113684631847902,0.05913528591352859,0.28858335158847637,0.6065011875056611,238.06673265384407,109.47344105162887,conditional mean over tumor images with both GT and prediction non-empty; HD95=max of directed 95th percentiles and ASSD=mean of concatenated directed surface samples (MONAI symmetric convention); distances are pixels on the declared evaluation grid (not mm); empty-prediction cases are excluded; non-empty zero-overlap cases remain defined and are counted separately,3,0,0,1.0,0,0.0,0,0.0,1.0,1.0,0.7058823529411765,3,3,17,0,0.0,0,0.0,0,5,4.666666666666667,1.0,{'1': 3},,,,,,,,,,,,0,,,,,15.0493372906756,16.910377358490567,8.869298143805608,22.159896471453074,15.910377358490566,14.0493372906756,7.869298143805608,21.159896471453074,0.42589222579962027,0.27056103322783365,0.9782889568287443,0.31594391219371915,0.6532084030652691,59327,128450,31497,5787894,0.3333333333333333,0.058823529411764705,0.1,1,0.3333333333333333,0.058823529411764705,0.1,1,0.3333333333333333,0.058823529411764705,0.1,1,"maximum-cardinality one-to-one connected-component matching at IoU thresholds 0.10, 0.25, 0.50"
ten_class_predicted_gate,anatomy,ulna|radius,1,1,0,tumor images only,0.06918694976696012,0.06918694976696012,0.06918694976696012,0.06918694976696012,0.03583306512176805,0.03583306512176805,0.03646089187271437,0.6754297269969667,227.1079038695043,122.46540931058344,conditional mean over tumor images with both GT and prediction non-empty; HD95=max of directed 95th percentiles and ASSD=mean of concatenated directed surface samples (MONAI symmetric convention); distances are pixels on the declared evaluation grid (not mm); empty-prediction cases are excluded; non-empty zero-overlap cases remain defined and are counted separately,1,0,0,1.0,0,0.0,0,0.0,1.0,1.0,0.16666666666666666,1,1,6,0,0.0,0,0.0,0,5,5.0,5.0,{'1': 1},,,,,,,,,,,,0,,,,,18.524772497472195,18.524772497472195,18.524772497472195,18.524772497472195,17.524772497472195,17.524772497472195,17.524772497472195,17.524772497472195,0.06918694976696012,0.03583306512176805,0.9776699483523476,0.03646089187271437,0.6754297269969667,2672,70612,1284,3091584,0.0,0.0,0.0,0,0.0,0.0,0.0,0,0.0,0.0,0.0,0,"maximum-cardinality one-to-one connected-component matching at IoU thresholds 0.10, 0.25, 0.50"
ten_class_predicted_gate,anatomy,unknown,187,0,187,tumor images only,,,,,,,,,,,conditional mean over tumor images with both GT and prediction non-empty; HD95=max of directed 95th percentiles and ASSD=mean of concatenated directed surface samples (MONAI symmetric convention); distances are pixels on the declared evaluation grid (not mm); empty-prediction cases are excluded; non-empty zero-overlap cases remain defined and are counted separately,0,0,0,0.0,0,0.0,0,0.0,0.0,0.0,0.0,0,0,115,0,0.0,0,0.0,0,115,0.6149732620320856,0.0,{},0.8556149732620321,0.8556149732620321,0.1443850267379679,0.010486753263566014,0.0,0.0,0.0,0.03225796776059864,0.1443850267379679,0.0748663101604278,0.026737967914438502,115,0.6149732620320856,0.0,0.0,0.0,,,,,,,,,0.0,0.0,0.9896954142963602,0.0,,0,7656924,0,735402935,0.0,0.0,0.0,0,0.0,0.0,0.0,0,0.0,0.0,0.0,0,"maximum-cardinality one-to-one connected-component matching at IoU thresholds 0.10, 0.25, 0.50"
ten_class_predicted_gate,view,frontal,231,132,99,tumor images only,0.23470243167279936,0.04156061629270713,0.0,0.5038378311552363,0.17759552270507148,0.021221440248801383,0.2845641939360955,0.39202727764560447,396.5303500592207,219.0219903541338,conditional mean over tumor images with both GT and prediction non-empty; HD95=max of directed 95th percentiles and ASSD=mean of concatenated directed surface samples (MONAI symmetric convention); distances are pixels on the declared evaluation grid (not mm); empty-prediction cases are excluded; non-empty zero-overlap cases remain defined and are counted separately,106,26,51,0.803030303030303,26,0.19696969696969696,51,0.38636363636363635,0.6136363636363636,0.5089820359281437,0.13508260447035958,167,85,1029,17,0.12878787878787878,10,0.5882352941176471,82,890,4.138528138528138,1.0,"{'1': 115, '2': 9, '4': 4, '5': 1, '3': 2, '7': 1}",0.8181818181818182,0.8181818181818182,0.18181818181818182,0.01748418175770271,0.0,0.0,0.0,0.03330266179086362,0.18181818181818182,0.09090909090909091,0.030303030303030304,87,0.8787878787878788,0.0,0.0,0.0,30.12538195156884,1.080445205755435,0.0567855535289291,7.317475012023102,0.08044520575543493,29.125381951568844,-0.9432144464710709,6.317475012023102,0.1934321409651248,0.10707161648965806,0.9830851482713264,0.13044495429531236,0.37404509036705796,2079770,13863890,3480442,805764341,0.33532934131736525,0.05442176870748299,0.09364548494983277,56,0.24550898203592814,0.03984450923226433,0.06856187290969899,41,0.1497005988023952,0.024295432458697766,0.04180602006688963,25,"maximum-cardinality one-to-one connected-component matching at IoU thresholds 0.10, 0.25, 0.50"
ten_class_predicted_gate,view,lateral,112,41,71,tumor images only,0.22680119614509286,0.01759616719186145,0.0,0.5044225099346238,0.16443021464959473,0.008876176942684739,0.28915296938828927,0.3264435898710207,282.1091056143113,136.6941763666725,conditional mean over tumor images with both GT and prediction non-empty; HD95=max of directed 95th percentiles and ASSD=mean of concatenated directed surface samples (MONAI symmetric convention); distances are pixels on the declared evaluation grid (not mm); empty-prediction cases are excluded; non-empty zero-overlap cases remain defined and are counted separately,25,16,18,0.6097560975609756,16,0.3902439024390244,18,0.43902439024390244,0.5609756097560976,0.4897959183673469,0.3793103448275862,49,24,174,5,0.12195121951219512,3,0.6,25,108,1.4732142857142858,0.0,"{'1': 36, '3': 3, '2': 2}",0.9014084507042254,0.9014084507042254,0.09859154929577464,0.002435024510537782,0.0,0.0,0.0,0.011046195241768246,0.09859154929577464,0.056338028169014086,0.014084507042253521,16,0.22535211267605634,0.0,0.0,0.0,17.157263511533206,0.24211786068009244,0.0,1.7614838070059484,-0.7578821393199076,16.157263511533206,-1.0,0.7614838070059484,0.16212670822267597,0.08821430125136134,0.9903226669069324,0.11053379341152568,0.3040416176127689,478546,3850863,1095403,394075194,0.3469387755102041,0.09770114942528736,0.15246636771300448,17,0.2857142857142857,0.08045977011494253,0.12556053811659193,14,0.061224489795918366,0.017241379310344827,0.026905829596412557,3,"maximum-cardinality one-to-one connected-component matching at IoU thresholds 0.10, 0.25, 0.50"
ten_class_predicted_gate,view,oblique,28,11,17,tumor images only,0.31387804609825076,0.0,0.0,0.6565877483246552,0.24253147315769416,0.0,0.2819129309533937,0.4061179967904556,389.062892607924,261.23447762366897,conditional mean over tumor images with both GT and prediction non-empty; HD95=max of directed 95th percentiles and ASSD=mean of concatenated directed surface samples (MONAI symmetric convention); distances are pixels on the declared evaluation grid (not mm); empty-prediction cases are excluded; non-empty zero-overlap cases remain defined and are counted separately,10,1,6,0.9090909090909091,1,0.09090909090909091,6,0.5454545454545454,0.45454545454545453,0.45454545454545453,0.12698412698412698,11,5,63,0,0.0,0,0.0,6,55,1.9285714285714286,0.0,{'1': 11},0.8823529411764706,0.8823529411764706,0.11764705882352941,0.0033648309427114324,0.0,0.0,0.0,0.012463003739250245,0.11764705882352941,0.058823529411764705,0.058823529411764705,12,0.7058823529411765,0.0,0.0,0.0,2.2905180980586226,1.466443304366035,0.8975498207067514,2.2154775482701012,0.466443304366035,1.290518098058623,-0.10245017929324857,1.2154775482701015,0.5970340706783953,0.4255513681412687,0.9938634078467711,0.46454632708559523,0.8352441360234498,545959,629293,107693,101918340,0.45454545454545453,0.07936507936507936,0.13513513513513514,5,0.45454545454545453,0.07936507936507936,0.13513513513513514,5,0.2727272727272727,0.047619047619047616,0.08108108108108109,3,"maximum-cardinality one-to-one connected-component matching at IoU thresholds 0.10, 0.25, 0.50"
ten_class_predicted_gate,tumor_type_name,giant cell tumor,9,9,0,tumor images only,0.3841091110204299,0.5375751648543182,0.0,0.7256622506005977,0.2972256644206067,0.36759165458289467,0.33820066611760485,0.4921288108530619,377.8228521428094,193.7631900807483,conditional mean over tumor images with both GT and prediction non-empty; HD95=max of directed 95th percentiles and ASSD=mean of concatenated directed surface samples (MONAI symmetric convention); distances are pixels on the declared evaluation grid (not mm); empty-prediction cases are excluded; non-empty zero-overlap cases remain defined and are counted separately,7,2,4,0.7777777777777778,2,0.2222222222222222,4,0.4444444444444444,0.5555555555555556,0.5555555555555556,0.25,9,5,56,0,0.0,0,0.0,4,42,5.666666666666667,1.0,{'1': 9},,,,,,,,,,,,0,,,,,8.128784561061648,1.5767646508144542,0.8282189291206487,2.7011432462459233,0.5767646508144543,7.12878456106165,-0.17178107087935132,1.7011432462459233,0.507546615260933,0.34007535541866857,0.9828460062283005,0.39750650792629877,0.7018318740101007,352281,533946,149664,30592683,0.5555555555555556,0.08928571428571429,0.15384615384615385,5,0.5555555555555556,0.08928571428571429,0.15384615384615385,5,0.3333333333333333,0.05357142857142857,0.09230769230769231,3,"maximum-cardinality one-to-one connected-component matching at IoU thresholds 0.10, 0.25, 0.50"
ten_class_predicted_gate,tumor_type_name,multiple osteochondromas,26,26,0,tumor images only,0.20622480921072942,0.10998469553511245,0.05285220693126292,0.24730835806125184,0.14225775601631435,0.05828554568746283,0.5161282934038073,0.2528640441569107,509.5938799501502,260.8095641187307,conditional mean over tumor images with both GT and prediction non-empty; HD95=max of directed 95th percentiles and ASSD=mean of concatenated directed surface samples (MONAI symmetric convention); distances are pixels on the declared evaluation grid (not mm); empty-prediction cases are excluded; non-empty zero-overlap cases remain defined and are counted separately,25,1,5,0.9615384615384616,1,0.038461538461538464,5,0.19230769230769232,0.8076923076923077,0.3968253968253968,0.26993865030674846,63,25,163,16,0.6153846153846154,12,0.75,38,119,5.615384615384615,2.0,"{'3': 5, '1': 10, '2': 5, '4': 4, '5': 1, '7': 1}",,,,,,,,,,,,0,,,,,2.5947034613274775,0.18166106185126107,0.04517439584879622,1.074870390505668,-0.8183389381487389,1.5947034613274778,-0.9548256041512038,0.074870390505668,0.18739961685206125,0.10338716608158538,0.9834155870411603,0.25190497318901145,0.1491951780761195,366193,1087502,2088263,64486239,0.2698412698412698,0.10429447852760736,0.1504424778761062,17,0.1111111111111111,0.04294478527607362,0.061946902654867256,7,0.047619047619047616,0.018404907975460124,0.02654867256637168,3,"maximum-cardinality one-to-one connected-component matching at IoU thresholds 0.10, 0.25, 0.50"
ten_class_predicted_gate,tumor_type_name,normal,187,0,187,tumor images only,,,,,,,,,,,conditional mean over tumor images with both GT and prediction non-empty; HD95=max of directed 95th percentiles and ASSD=mean of concatenated directed surface samples (MONAI symmetric convention); distances are pixels on the declared evaluation grid (not mm); empty-prediction cases are excluded; non-empty zero-overlap cases remain defined and are counted separately,0,0,0,0.0,0,0.0,0,0.0,0.0,0.0,0.0,0,0,115,0,0.0,0,0.0,0,115,0.6149732620320856,0.0,{},0.8556149732620321,0.8556149732620321,0.1443850267379679,0.010486753263566014,0.0,0.0,0.0,0.03225796776059864,0.1443850267379679,0.0748663101604278,0.026737967914438502,115,0.6149732620320856,0.0,0.0,0.0,,,,,,,,,0.0,0.0,0.9896954142963602,0.0,,0,7656924,0,735402935,0.0,0.0,0.0,0,0.0,0.0,0.0,0,0.0,0.0,0.0,0,"maximum-cardinality one-to-one connected-component matching at IoU thresholds 0.10, 0.25, 0.50"
ten_class_predicted_gate,tumor_type_name,osteochondroma,75,75,0,tumor images only,0.15714232806078618,0.0038565593647194936,0.0,0.12274910658257097,0.12002102392809207,0.0019320051285954324,0.1552838530500174,0.3981098238043534,369.050728206776,203.72773654504343,conditional mean over tumor images with both GT and prediction non-empty; HD95=max of directed 95th percentiles and ASSD=mean of concatenated directed surface samples (MONAI symmetric convention); distances are pixels on the declared evaluation grid (not mm); empty-prediction cases are excluded; non-empty zero-overlap cases remain defined and are counted separately,54,21,33,0.72,21,0.28,33,0.44,0.56,0.5308641975308642,0.08550185873605948,81,43,538,6,0.08,1,0.16666666666666666,38,492,6.733333333333333,1.0,"{'2': 6, '1': 69}",,,,,,,,,,,,0,,,,,59.64089424593366,2.892205282370625,0.0,40.1550298216832,1.8922052823706248,58.64089424593366,-1.0,39.1550298216832,0.0652418284119128,0.03372092149292283,0.9725566211579847,0.034867599544044135,0.5062626946513202,260217,7202786,253779,255257097,0.2345679012345679,0.03531598513011153,0.061389337641357025,19,0.1728395061728395,0.026022304832713755,0.045234248788368334,14,0.1111111111111111,0.016728624535315983,0.029079159935379646,9,"maximum-cardinality one-to-one connected-component matching at IoU thresholds 0.10, 0.25, 0.50"
ten_class_predicted_gate,tumor_type_name,osteofibroma,4,4,0,tumor images only,0.0,0.0,0.0,0.0,0.0,0.0,0.0,0.0,,,conditional mean over tumor images with both GT and prediction non-empty; HD95=max of directed 95th percentiles and ASSD=mean of concatenated directed surface samples (MONAI symmetric convention); distances are pixels on the declared evaluation grid (not mm); empty-prediction cases are excluded; non-empty zero-overlap cases remain defined and are counted separately,0,4,4,0.0,4,1.0,4,1.0,0.0,0.0,0.0,4,0,0,0,0.0,0,0.0,4,0,1.0,1.0,{'1': 4},,,,,,,,,,,,0,,,,,0.0,0.0,0.0,0.0,-1.0,-1.0,-1.0,-1.0,0.0,0.0,1.0,,0.0,0,0,24786,11858454,0.0,0.0,0.0,0,0.0,0.0,0.0,0,0.0,0.0,0.0,0,"maximum-cardinality one-to-one connected-component matching at IoU thresholds 0.10, 0.25, 0.50"
ten_class_predicted_gate,tumor_type_name,osteosarcoma,30,30,0,tumor images only,0.4394152001572703,0.5282068468878457,0.028108255816360048,0.6758294500933762,0.33296942715384237,0.3592415689749969,0.45808024982695145,0.5443890766259576,224.4479544045775,91.31334690923246,conditional mean over tumor images with both GT and prediction non-empty; HD95=max of directed 95th percentiles and ASSD=mean of concatenated directed surface samples (MONAI symmetric convention); distances are pixels on the declared evaluation grid (not mm); empty-prediction cases are excluded; non-empty zero-overlap cases remain defined and are counted separately,28,2,7,0.9333333333333333,2,0.06666666666666667,7,0.23333333333333334,0.7666666666666667,0.7666666666666667,0.2545454545454545,30,23,275,0,0.0,0,0.0,7,205,8.3,4.0,{'1': 30},,,,,,,,,,,,0,,,,,1.1727761651908921,1.1940990402954297,0.26997656571523465,1.8025121319883881,0.1940990402954297,0.1727761651908923,-0.7300234342847653,0.8025121319883882,0.5807649245027757,0.40920981628029923,0.9841222470644776,0.5575910591171092,0.6059485606937689,1045723,829707,680039,51426239,0.6666666666666666,0.07272727272727272,0.13114754098360656,20,0.6666666666666666,0.07272727272727272,0.13114754098360656,20,0.26666666666666666,0.02909090909090909,0.05245901639344262,8,"maximum-cardinality one-to-one connected-component matching at IoU thresholds 0.10, 0.25, 0.50"
ten_class_predicted_gate,tumor_type_name,other bt,11,11,0,tumor images only,0.09193719255137546,0.0,0.0,0.0,0.06600128231547052,0.0,0.07280581841927679,0.14285639450232165,596.4935500863692,489.4980816171716,conditional mean over tumor images with both GT and prediction non-empty; HD95=max of directed 95th percentiles and ASSD=mean of concatenated directed surface samples (MONAI symmetric convention); distances are pixels on the declared evaluation grid (not mm); empty-prediction cases are excluded; non-empty zero-overlap cases remain defined and are counted separately,8,3,9,0.7272727272727273,3,0.2727272727272727,9,0.8181818181818182,0.18181818181818182,0.18181818181818182,0.1111111111111111,11,2,18,0,0.0,0,0.0,9,16,1.1818181818181819,0.0,{'1': 11},,,,,,,,,,,,0,,,,,1.8968234392398473,1.3858631487089985,0.07927358863008291,3.5707217836718046,0.3858631487089985,0.8968234392398474,-0.9207264113699172,2.5707217836718046,0.28295933385753747,0.16479477710521526,0.9952430922220659,0.2554607011540282,0.3170921825576141,56138,163614,120902,34231419,0.18181818181818182,0.1111111111111111,0.13793103448275862,2,0.09090909090909091,0.05555555555555555,0.06896551724137931,1,0.09090909090909091,0.05555555555555555,0.06896551724137931,1,"maximum-cardinality one-to-one connected-component matching at IoU thresholds 0.10, 0.25, 0.50"
ten_class_predicted_gate,tumor_type_name,other mt,4,4,0,tumor images only,0.2922643581465776,0.21958752935877224,0.0,0.5118518875053498,0.21400774678962298,0.14068684036939313,0.3954209565664263,0.31519647105744014,749.8876660263151,518.5671576824014,conditional mean over tumor images with both GT and prediction non-empty; HD95=max of directed 95th percentiles and ASSD=mean of concatenated directed surface samples (MONAI symmetric convention); distances are pixels on the declared evaluation grid (not mm); empty-prediction cases are excluded; non-empty zero-overlap cases remain defined and are counted separately,3,1,2,0.75,1,0.25,2,0.5,0.5,0.5,0.15384615384615385,4,2,13,0,0.0,0,0.0,2,11,2.75,0.5,{'1': 4},,,,,,,,,,,,0,,,,,0.5781727921719263,0.3144688127490444,0.2110302605540897,0.6816113443668811,-0.6855311872509555,-0.4218272078280736,-0.7889697394459103,-0.3183886556331189,0.1416949431165383,0.07624956009869174,0.9903329687229788,0.23879931823246345,0.1007332056278486,39650,126389,353964,12947842,0.5,0.15384615384615385,0.23529411764705882,2,0.5,0.15384615384615385,0.23529411764705882,2,0.25,0.07692307692307693,0.11764705882352941,1,"maximum-cardinality one-to-one connected-component matching at IoU thresholds 0.10, 0.25, 0.50"
ten_class_predicted_gate,tumor_type_name,simple bone cyst,20,20,0,tumor images only,0.2742049726602501,0.13275914298076885,0.0,0.5309347155592357,0.19959323641092674,0.0735743649122872,0.29775465834047693,0.35449825209585073,302.84007475016637,167.84403393855294,conditional mean over tumor images with both GT and prediction non-empty; HD95=max of directed 95th percentiles and ASSD=mean of concatenated directed surface samples (MONAI symmetric convention); distances are pixels on the declared evaluation grid (not mm); empty-prediction cases are excluded; non-empty zero-overlap cases remain defined and are counted separately,13,7,9,0.65,7,0.35,9,0.45,0.55,0.55,0.3855421686746988,20,11,83,0,0.0,0,0.0,9,51,3.85,1.0,{'1': 20},,,,,,,,,,,,0,,,,,1.4577027822871935,0.6197878163618494,0.0,1.7078272648574262,-0.3802121836381506,0.4577027822871938,-1.0,0.7078272648574261,0.4341439024390244,0.2772565774819665,0.9934670646553956,0.40045264902040406,0.47402501428074956,355998,532991,395013,81052234,0.5,0.12048192771084337,0.1941747572815534,10,0.4,0.0963855421686747,0.1553398058252427,8,0.2,0.04819277108433735,0.07766990291262135,4,"maximum-cardinality one-to-one connected-component matching at IoU thresholds 0.10, 0.25, 0.50"
ten_class_predicted_gate,tumor_type_name,synovial osteochondroma,5,5,0,tumor images only,0.4561609756085468,0.5361470261052603,0.0,0.8603416552725308,0.38275838723168815,0.3662574286260341,0.46586169843344444,0.4966762006183732,139.7174306482909,52.572891777186335,conditional mean over tumor images with both GT and prediction non-empty; HD95=max of directed 95th percentiles and ASSD=mean of concatenated directed surface samples (MONAI symmetric convention); distances are pixels on the declared evaluation grid (not mm); empty-prediction cases are excluded; non-empty zero-overlap cases remain defined and are counted separately,3,2,2,0.6,2,0.4,2,0.4,0.6,0.6,0.6,5,3,5,0,0.0,0,0.0,2,2,0.8,1.0,{'1': 5},,,,,,,,,,,,0,,,,,0.7980823135409271,0.7809611135328514,0.0,0.8424825038723689,-0.21903888646714867,-0.20191768645907304,-1.0,-0.15751749612763113,0.6029138958417828,0.4315509932045706,0.9914948537040544,0.7492585850247298,0.5043956688186585,628075,210187,617128,24502733,0.6,0.6,0.6,3,0.6,0.6,0.6,3,0.4,0.4,0.4,2,"maximum-cardinality one-to-one connected-component matching at IoU thresholds 0.10, 0.25, 0.50"
label_free_rich_gallery_student,lesion_size,large_ge_5pct,18,18,0,tumor images only,0.2857097566850422,0.24646719401525208,0.20179958480266488,0.29612747101223486,0.17611675469186205,0.1405626454984087,0.1794767326379208,0.9593569804311605,702.2808250086016,310.1845658051937,conditional mean over tumor images with both GT and prediction non-empty; HD95=max of directed 95th percentiles and ASSD=mean of concatenated directed surface samples (MONAI symmetric convention); distances are pixels on the declared evaluation grid (not mm); empty-prediction cases are excluded; non-empty zero-overlap cases remain defined and are counted separately,18,0,0,1.0,0,0.0,0,0.0,1.0,0.925,0.6666666666666666,40,37,33,7,0.3888888888888889,1,0.14285714285714285,3,11,1.1666666666666667,1.0,"{'1': 11, '2': 1, '5': 1, '4': 3, '7': 1, '3': 1}",,,,,,,,,,,,0,,,,,7.341861760286187,6.9574154394039045,4.695130676807542,8.964092367651805,5.9574154394039045,6.341861760286187,3.6951306768075427,7.964092367651804,0.23338955330190048,0.13211149845633455,0.4719506183729369,0.13311989070220417,0.9457709617612479,3070418,19994640,176053,17870455,0.425,0.5151515151515151,0.4657534246575342,17,0.075,0.09090909090909091,0.0821917808219178,3,0.0,0.0,0.0,0,"maximum-cardinality one-to-one connected-component matching at IoU thresholds 0.10, 0.25, 0.50"
label_free_rich_gallery_student,lesion_size,medium_1_to_5pct,72,72,0,tumor images only,0.09903675501548892,0.07313831277427835,0.0507871986045703,0.12147340153801087,0.05476879323503195,0.03795722793468287,0.05729139035053669,0.9143948141804688,961.8076009893308,451.358428930928,conditional mean over tumor images with both GT and prediction non-empty; HD95=max of directed 95th percentiles and ASSD=mean of concatenated directed surface samples (MONAI symmetric convention); distances are pixels on the declared evaluation grid (not mm); empty-prediction cases are excluded; non-empty zero-overlap cases remain defined and are counted separately,72,0,2,1.0,0,0.0,2,0.027777777777777776,0.9722222222222222,0.9512195121951219,0.4897959183673469,82,78,147,7,0.09722222222222222,0,0.0,4,75,1.0694444444444444,1.0,"{'1': 65, '3': 3, '2': 4}",,,,,,,,,,,,0,,,,,25.428633562201405,22.425510088660403,13.142888943256722,35.33479592142058,21.425510088660403,24.428633562201405,12.142888943256722,34.33479592142058,0.08372324431200351,0.04369058073865982,0.5586312394167469,0.04393368186384689,0.8875879315364767,3530152,76821684,447090,97231604,0.10975609756097561,0.061224489795918366,0.07860262008733625,9,0.036585365853658534,0.02040816326530612,0.026200873362445413,3,0.012195121951219513,0.006802721088435374,0.008733624454148471,1,"maximum-cardinality one-to-one connected-component matching at IoU thresholds 0.10, 0.25, 0.50"
label_free_rich_gallery_student,lesion_size,normal,187,0,187,tumor images only,,,,,,,,,,,conditional mean over tumor images with both GT and prediction non-empty; HD95=max of directed 95th percentiles and ASSD=mean of concatenated directed surface samples (MONAI symmetric convention); distances are pixels on the declared evaluation grid (not mm); empty-prediction cases are excluded; non-empty zero-overlap cases remain defined and are counted separately,0,0,0,0.0,0,0.0,0,0.0,0.0,0.0,0.0,0,0,373,0,0.0,0,0.0,0,373,1.9946524064171123,2.0,{},0.0481283422459893,0.0481283422459893,0.9518716577540107,0.24828926119094588,0.16498582815948679,0.06685627660065069,0.38982494250399075,0.6852404590359731,0.9411764705882353,0.893048128342246,0.7700534759358288,373,1.9946524064171123,2.0,1.0,3.0,,,,,,,,,0.0,0.0,0.7878830364862974,0.0,,0,157615601,0,585444258,0.0,0.0,0.0,0,0.0,0.0,0.0,0,0.0,0.0,0.0,0,"maximum-cardinality one-to-one connected-component matching at IoU thresholds 0.10, 0.25, 0.50"
label_free_rich_gallery_student,lesion_size,small_lt_1pct,94,94,0,tumor images only,0.009421434932849897,0.003414817003568599,0.0006396428129806374,0.008886473600686876,0.004830613241545606,0.001710333320926159,0.004835931612441342,0.7361429152787597,1319.680129904942,732.4482788155709,conditional mean over tumor images with both GT and prediction non-empty; HD95=max of directed 95th percentiles and ASSD=mean of concatenated directed surface samples (MONAI symmetric convention); distances are pixels on the declared evaluation grid (not mm); empty-prediction cases are excluded; non-empty zero-overlap cases remain defined and are counted separately,90,4,20,0.9574468085106383,4,0.0425531914893617,20,0.2127659574468085,0.7872340425531915,0.7619047619047619,0.41208791208791207,105,80,182,8,0.0851063829787234,2,0.25,25,107,1.053191489361702,1.0,"{'2': 6, '1': 86, '3': 1, '4': 1}",,,,,,,,,,,,0,,,,,612.1102062582313,273.147985804665,96.29363225013361,663.4202987253836,272.147985804665,611.1102062582313,95.29363225013361,662.4202987253836,0.006083310780336278,0.003050935283919527,0.6558225000794867,0.003055267163765974,0.6827229214678249,385124,125667355,178976,239456324,0.009523809523809525,0.005494505494505495,0.006968641114982578,1,0.0,0.0,0.0,0,0.0,0.0,0.0,0,"maximum-cardinality one-to-one connected-component matching at IoU thresholds 0.10, 0.25, 0.50"
label_free_rich_gallery_student,center,1,296,131,165,tumor images only,0.057810928738429156,0.008581821807167435,0.002033273062522213,0.062460950284262746,0.033570426818101295,0.004309402164318519,0.03482534343940862,0.8324970373295989,1242.5139144688683,653.7900287723169,conditional mean over tumor images with both GT and prediction non-empty; HD95=max of directed 95th percentiles and ASSD=mean of concatenated directed surface samples (MONAI symmetric convention); distances are pixels on the declared evaluation grid (not mm); empty-prediction cases are excluded; non-empty zero-overlap cases remain defined and are counted separately,128,3,17,0.9770992366412213,3,0.022900763358778626,17,0.1297709923664122,0.8702290076335878,0.8571428571428571,0.20530973451327433,154,132,565,14,0.10687022900763359,2,0.14285714285714285,22,449,1.5168918918918919,1.0,"{'1': 117, '2': 9, '3': 2, '4': 2, '5': 1}",0.05454545454545454,0.05454545454545454,0.9454545454545454,0.21471707795614797,0.14314907628426038,0.04840785588641789,0.34216112786363445,0.6628559855338806,0.9333333333333333,0.8787878787878788,0.7393939393939394,329,1.993939393939394,2.0,1.0,3.0,439.63662903304726,112.70020703933747,23.939112867372607,521.8152656018593,111.70020703933747,438.63662903304726,22.939112867372607,520.8152656018593,0.031023300019935043,0.015756052380025188,0.7254766897687058,0.015767911306836548,0.9544411293011792,5226407,326232015,249475,862126142,0.09090909090909091,0.024778761061946902,0.03894297635605007,14,0.025974025974025976,0.007079646017699115,0.011126564673157162,4,0.006493506493506494,0.0017699115044247787,0.0027816411682892906,1,"maximum-cardinality one-to-one connected-component matching at IoU thresholds 0.10, 0.25, 0.50"
label_free_rich_gallery_student,center,2,47,31,16,tumor images only,0.1050760472377582,0.07412230373512461,0.04381615500753594,0.1358430630197746,0.05870292438794405,0.03848754460310766,0.06041061704430677,0.7999889579953986,1005.3631601080501,486.729288442885,conditional mean over tumor images with both GT and prediction non-empty; HD95=max of directed 95th percentiles and ASSD=mean of concatenated directed surface samples (MONAI symmetric convention); distances are pixels on the declared evaluation grid (not mm); empty-prediction cases are excluded; non-empty zero-overlap cases remain defined and are counted separately,30,1,2,0.967741935483871,1,0.03225806451612903,2,0.06451612903225806,0.9354838709677419,0.8837209302325582,0.34782608695652173,43,38,92,4,0.12903225806451613,1,0.25,5,60,1.425531914893617,1.0,"{'1': 27, '7': 1, '4': 1, '3': 1, '2': 1}",0.0,0.0,1.0,0.4823422271233489,0.5240383723050279,0.12941432166147598,0.6889904829442824,0.8896000041167857,1.0,1.0,1.0,24,1.5,1.0,1.0,2.0,23.786715601362783,15.828832864090094,9.736488786825085,35.20100240819495,14.828832864090094,22.786715601362783,8.736488786825085,34.20100240819495,0.0528119701749035,0.027122172777349737,0.5868446171069456,0.027385606615647595,0.7381870437610895,1326342,47105742,470414,66908849,0.18604651162790697,0.08695652173913043,0.11851851851851852,8,0.0,0.0,0.0,0,0.0,0.0,0.0,0,"maximum-cardinality one-to-one connected-component matching at IoU thresholds 0.10, 0.25, 0.50"
label_free_rich_gallery_student,center,3,28,22,6,tumor images only,0.10583853345586948,0.06879136322639672,0.023111242255512667,0.12706899101258107,0.061364353312889544,0.035621248804812405,0.06251317024339374,0.8384325780419665,520.8971798897642,259.74871930811804,conditional mean over tumor images with both GT and prediction non-empty; HD95=max of directed 95th percentiles and ASSD=mean of concatenated directed surface samples (MONAI symmetric convention); distances are pixels on the declared evaluation grid (not mm); empty-prediction cases are excluded; non-empty zero-overlap cases remain defined and are counted separately,22,0,3,1.0,0,0.0,3,0.13636363636363635,0.8636363636363636,0.8333333333333334,0.2692307692307692,30,25,78,4,0.18181818181818182,0,0.0,5,57,1.9285714285714286,1.0,"{'1': 18, '4': 1, '3': 2, '2': 1}",0.0,0.0,1.0,0.5473830576614783,0.5679038808165251,0.48727023777929435,0.5931966206032936,0.6263197530612454,1.0,1.0,1.0,20,3.3333333333333335,2.5,1.25,3.75,53.25399679390714,21.63335068977419,13.8870540692721,35.30708927572011,20.63335068977419,52.25399679390714,12.8870540692721,34.30708927572011,0.11231259346249885,0.05949745337789201,0.6186216356510256,0.06017748636869328,0.8403843354200029,432945,6761523,82230,10967650,0.16666666666666666,0.0641025641025641,0.09259259259259259,5,0.06666666666666667,0.02564102564102564,0.037037037037037035,2,0.0,0.0,0.0,0,"maximum-cardinality one-to-one connected-component matching at IoU thresholds 0.10, 0.25, 0.50"
label_free_rich_gallery_student,anatomy,ankle-joint,1,1,0,tumor images only,0.5525228323688652,0.5525228323688652,0.5525228323688652,0.5525228323688652,0.3817143680912737,0.3817143680912737,0.5195478658173384,0.5899672152019607,1216.572254166663,376.42425918737314,conditional mean over tumor images with both GT and prediction non-empty; HD95=max of directed 95th percentiles and ASSD=mean of concatenated directed surface samples (MONAI symmetric convention); distances are pixels on the declared evaluation grid (not mm); empty-prediction cases are excluded; non-empty zero-overlap cases remain defined and are counted separately,1,0,0,1.0,0,0.0,0,0.0,1.0,1.0,0.5,1,1,4,0,0.0,0,0.0,0,2,3.0,3.0,{'1': 1},,,,,,,,,,,,0,,,,,1.1355396759716077,1.1355396759716077,1.1355396759716077,1.1355396759716077,0.13553967597160774,0.13553967597160774,0.13553967597160774,0.13553967597160774,0.5525228323688652,0.3817143680912737,0.9828144876568663,0.5195478658173384,0.5899672152019607,74140,68561,51528,3920904,1.0,0.25,0.4,1,1.0,0.25,0.4,1,1.0,0.25,0.4,1,"maximum-cardinality one-to-one connected-component matching at IoU thresholds 0.10, 0.25, 0.50"
label_free_rich_gallery_student,anatomy,femur,48,48,0,tumor images only,0.06595149586736217,0.052591291530340936,0.012001624497681381,0.07816779231934906,0.03553783639939882,0.02700604080735104,0.035570306318721955,0.8800870750005307,1072.9199597399365,568.776199753003,conditional mean over tumor images with both GT and prediction non-empty; HD95=max of directed 95th percentiles and ASSD=mean of concatenated directed surface samples (MONAI symmetric convention); distances are pixels on the declared evaluation grid (not mm); empty-prediction cases are excluded; non-empty zero-overlap cases remain defined and are counted separately,47,1,4,0.9791666666666666,1,0.020833333333333332,4,0.08333333333333333,0.9166666666666666,0.92,0.5294117647058824,50,46,85,2,0.041666666666666664,0,0.0,4,40,0.7708333333333334,0.0,"{'1': 46, '2': 2}",,,,,,,,,,,,0,,,,,123.84073534736471,35.84794958014706,20.664637089358916,121.0690184498879,34.84794958014706,122.84073534736471,19.664637089358916,120.0690184498879,0.04609136284024222,0.023589313217449913,0.4810659650550156,0.0236422374121205,0.9133283023987383,1615728,66725012,153327,61855901,0.06,0.03529411764705882,0.044444444444444446,3,0.0,0.0,0.0,0,0.0,0.0,0.0,0,"maximum-cardinality one-to-one connected-component matching at IoU thresholds 0.10, 0.25, 0.50"
label_free_rich_gallery_student,anatomy,fibula,12,12,0,tumor images only,0.005088495306301334,0.002261351941958558,0.0004234895539243365,0.008197047380080775,0.002561482596744273,0.001132024663584327,0.002575131247942595,0.5169956882163148,1216.4099876649018,690.1549616141959,conditional mean over tumor images with both GT and prediction non-empty; HD95=max of directed 95th percentiles and ASSD=mean of concatenated directed surface samples (MONAI symmetric convention); distances are pixels on the declared evaluation grid (not mm); empty-prediction cases are excluded; non-empty zero-overlap cases remain defined and are counted separately,11,1,3,0.9166666666666666,1,0.08333333333333333,3,0.25,0.75,0.6923076923076923,0.32142857142857145,13,9,28,1,0.08333333333333333,1,1.0,4,19,1.4166666666666667,1.0,"{'1': 11, '2': 1}",,,,,,,,,,,,0,,,,,389.10258242352734,251.01979593664657,81.65699129225438,653.5069745042276,250.01979593664657,388.10258242352734,80.65699129225438,652.5069745042276,0.0035646298722076673,0.001785497254528953,0.7094013140921565,0.0017908575134420281,0.37364275069193104,22815,12716892,38246,31044118,0.07692307692307693,0.03571428571428571,0.04878048780487805,1,0.0,0.0,0.0,0,0.0,0.0,0.0,0,"maximum-cardinality one-to-one connected-component matching at IoU thresholds 0.10, 0.25, 0.50"
label_free_rich_gallery_student,anatomy,foot,7,7,0,tumor images only,0.0037002801764239044,0.0,0.0,0.002853035021388227,0.0018655595109591857,0.0,0.0019492043718698923,0.3083136378983456,1369.8997688973193,892.8472687539878,conditional mean over tumor images with both GT and prediction non-empty; HD95=max of directed 95th percentiles and ASSD=mean of concatenated directed surface samples (MONAI symmetric convention); distances are pixels on the declared evaluation grid (not mm); empty-prediction cases are excluded; non-empty zero-overlap cases remain defined and are counted separately,6,1,4,0.8571428571428571,1,0.14285714285714285,4,0.5714285714285714,0.42857142857142855,0.375,0.25,8,3,12,1,0.14285714285714285,0,0.0,5,9,1.1428571428571428,0.0,"{'1': 6, '2': 1}",,,,,,,,,,,,0,,,,,300.6072828934902,84.94893674657997,14.702055660013265,350.61668262934563,83.94893674657997,299.6072828934902,13.702055660013265,349.61668262934563,0.0047041796940529654,0.0023576352168831055,0.8898878964285708,0.002393576127052258,0.13570525250822021,8048,3354285,51257,27108170,0.0,0.0,0.0,0,0.0,0.0,0.0,0,0.0,0.0,0.0,0,"maximum-cardinality one-to-one connected-component matching at IoU thresholds 0.10, 0.25, 0.50"
label_free_rich_gallery_student,anatomy,foot|tibia|fibula,1,1,0,tumor images only,0.0,0.0,0.0,0.0,0.0,0.0,0.0,0.0,455.96123444756773,182.8235045177014,conditional mean over tumor images with both GT and prediction non-empty; HD95=max of directed 95th percentiles and ASSD=mean of concatenated directed surface samples (MONAI symmetric convention); distances are pixels on the declared evaluation grid (not mm); empty-prediction cases are excluded; non-empty zero-overlap cases remain defined and are counted separately,1,0,1,1.0,0,0.0,1,1.0,0.0,0.0,0.0,1,0,2,0,0.0,0,0.0,1,2,1.0,1.0,{'1': 1},,,,,,,,,,,,0,,,,,0.527855727963024,0.527855727963024,0.527855727963024,0.527855727963024,-0.4721442720369759,-0.4721442720369759,-0.4721442720369759,-0.4721442720369759,0.0,0.0,0.9979032549954036,0.0,0.0,0,12791,24232,6087617,0.0,0.0,0.0,0,0.0,0.0,0.0,0,0.0,0.0,0.0,0,"maximum-cardinality one-to-one connected-component matching at IoU thresholds 0.10, 0.25, 0.50"
label_free_rich_gallery_student,anatomy,hand,8,8,0,tumor images only,0.04215972022830375,0.017070933947734446,0.003295928820058352,0.026392341416171732,0.02304472678228819,0.008609017511678953,0.023044743969595587,0.8748024105907923,858.9380641658441,454.5713707713398,conditional mean over tumor images with both GT and prediction non-empty; HD95=max of directed 95th percentiles and ASSD=mean of concatenated directed surface samples (MONAI symmetric convention); distances are pixels on the declared evaluation grid (not mm); empty-prediction cases are excluded; non-empty zero-overlap cases remain defined and are counted separately,8,0,1,1.0,0,0.0,1,0.125,0.875,0.875,0.5384615384615384,8,7,13,0,0.0,0,0.0,1,6,0.625,0.5,{'1': 8},,,,,,,,,,,,0,,,,,300.436683300838,109.91758030291315,31.07913580533904,216.10828989144147,108.91758030291315,299.436683300838,30.07913580533904,215.10828989144147,0.023420944705690293,0.01184923246199376,0.8211823081661727,0.01194751793620597,0.5902285817495836,58821,4864461,40837,22339005,0.125,0.07692307692307693,0.09523809523809523,1,0.0,0.0,0.0,0,0.0,0.0,0.0,0,"maximum-cardinality one-to-one connected-component matching at IoU thresholds 0.10, 0.25, 0.50"
label_free_rich_gallery_student,anatomy,hip bone,10,10,0,tumor images only,0.08425821511116718,0.07102121340425854,0.034795257100513594,0.11466926400688388,0.04542141145691935,0.036821206710706905,0.04542141145691935,1.0,940.7108703564414,533.3701247381579,conditional mean over tumor images with both GT and prediction non-empty; HD95=max of directed 95th percentiles and ASSD=mean of concatenated directed surface samples (MONAI symmetric convention); distances are pixels on the declared evaluation grid (not mm); empty-prediction cases are excluded; non-empty zero-overlap cases remain defined and are counted separately,10,0,0,1.0,0,0.0,0,0.0,1.0,1.0,0.5263157894736842,10,10,19,0,0.0,0,0.0,0,9,0.9,0.5,{'1': 10},,,,,,,,,,,,0,,,,,94.19800156548739,27.224241831888083,16.85513576820708,56.57157610906073,26.224241831888083,93.19800156548739,15.85513576820708,55.57157610906073,0.05950644494235285,0.030665623592130434,0.2162127346566363,0.030665623592130434,1.0,559174,17675381,0,4875867,0.1,0.05263157894736842,0.06896551724137931,1,0.0,0.0,0.0,0,0.0,0.0,0.0,0,"maximum-cardinality one-to-one connected-component matching at IoU thresholds 0.10, 0.25, 0.50"
label_free_rich_gallery_student,anatomy,hip-joint,2,2,0,tumor images only,0.15196187221279722,0.15196187221279722,0.13148602110797827,0.17243772331761617,0.08276043883626291,0.08276043883626291,0.08276043883626291,1.0,1442.9665144533533,829.295230182075,conditional mean over tumor images with both GT and prediction non-empty; HD95=max of directed 95th percentiles and ASSD=mean of concatenated directed surface samples (MONAI symmetric convention); distances are pixels on the declared evaluation grid (not mm); empty-prediction cases are excluded; non-empty zero-overlap cases remain defined and are counted separately,2,0,0,1.0,0,0.0,0,0.0,1.0,1.0,0.6666666666666666,2,2,3,0,0.0,0,0.0,0,1,0.5,0.5,{'1': 2},,,,,,,,,,,,0,,,,,13.19185206609589,13.19185206609589,11.279594434786418,15.104109697405365,12.19185206609589,12.19185206609589,10.279594434786418,14.104109697405365,0.14227682740305636,0.0765866677564048,0.18620795277971394,0.0765866677564048,1.0,719666,8677087,0,1985449,0.5,0.3333333333333333,0.4,1,0.0,0.0,0.0,0,0.0,0.0,0.0,0,"maximum-cardinality one-to-one connected-component matching at IoU thresholds 0.10, 0.25, 0.50"
label_free_rich_gallery_student,anatomy,humerus,25,25,0,tumor images only,0.11345151248671112,0.09834900716758779,0.04553528561845882,0.15463120531728763,0.06383140321921087,0.051717695590978004,0.06477607368944346,0.8195888611556512,1085.863259537736,486.12385122559954,conditional mean over tumor images with both GT and prediction non-empty; HD95=max of directed 95th percentiles and ASSD=mean of concatenated directed surface samples (MONAI symmetric convention); distances are pixels on the declared evaluation grid (not mm); empty-prediction cases are excluded; non-empty zero-overlap cases remain defined and are counted separately,24,1,3,0.96,1,0.04,3,0.12,0.88,0.88,0.44,25,22,50,0,0.0,0,0.0,3,28,1.08,1.0,{'1': 25},,,,,,,,,,,,0,,,,,99.86002756328,18.545509104748522,11.747786043216436,29.48952676493406,17.545509104748522,98.86002756328,10.747786043216436,28.48952676493406,0.10253252302804308,0.054036511440853766,0.736802999257097,0.0541547365635853,0.9611683809804779,1355332,23671694,54756,66267378,0.28,0.14,0.18666666666666668,7,0.08,0.04,0.05333333333333334,2,0.0,0.0,0.0,0,"maximum-cardinality one-to-one connected-component matching at IoU thresholds 0.10, 0.25, 0.50"
label_free_rich_gallery_student,anatomy,knee-joint,2,2,0,tumor images only,0.18082717251386302,0.18082717251386302,0.14545729456860923,0.2161970504591168,0.1010656823418002,0.1010656823418002,0.1010656823418002,1.0,1090.1668278858374,526.5232048476835,conditional mean over tumor images with both GT and prediction non-empty; HD95=max of directed 95th percentiles and ASSD=mean of concatenated directed surface samples (MONAI symmetric convention); distances are pixels on the declared evaluation grid (not mm); empty-prediction cases are excluded; non-empty zero-overlap cases remain defined and are counted separately,2,0,0,1.0,0,0.0,0,0.0,1.0,1.0,1.0,2,2,2,0,0.0,0,0.0,0,0,0.0,0.0,{'1': 2},,,,,,,,,,,,0,,,,,12.058775617031301,12.058775617031301,9.504473112226925,14.613078121835677,11.058775617031301,11.058775617031301,8.504473112226925,13.613078121835677,0.17593320795452222,0.09645107773560949,0.627672879584857,0.09645107773560949,1.0,399869,3745953,0,6314966,0.5,0.5,0.5,1,0.0,0.0,0.0,0,0.0,0.0,0.0,0,"maximum-cardinality one-to-one connected-component matching at IoU thresholds 0.10, 0.25, 0.50"
label_free_rich_gallery_student,anatomy,radius,7,7,0,tumor images only,0.04510121969062022,0.007113826346783658,0.0011516907412100715,0.08870144971057137,0.023850874291502698,0.003569609966104136,0.023850874291502698,0.8571428571428571,876.9662214865837,454.6868565909779,conditional mean over tumor images with both GT and prediction non-empty; HD95=max of directed 95th percentiles and ASSD=mean of concatenated directed surface samples (MONAI symmetric convention); distances are pixels on the declared evaluation grid (not mm); empty-prediction cases are excluded; non-empty zero-overlap cases remain defined and are counted separately,7,0,1,1.0,0,0.0,1,0.14285714285714285,0.8571428571428571,0.8888888888888888,0.35294117647058826,9,8,17,1,0.14285714285714285,0,0.0,1,11,1.1428571428571428,1.0,"{'1': 6, '3': 1}",,,,,,,,,,,,0,,,,,733.480471287647,194.4529946929492,24.568155180045395,720.5110241408772,193.4529946929492,732.480471287647,23.568155180045395,719.5110241408772,0.01271546095586315,0.006398409843201998,0.7764531961074095,0.006402613746827895,0.9069324395837008,25707,3989372,2638,13856430,0.0,0.0,0.0,0,0.0,0.0,0.0,0,0.0,0.0,0.0,0,"maximum-cardinality one-to-one connected-component matching at IoU thresholds 0.10, 0.25, 0.50"
label_free_rich_gallery_student,anatomy,shoulder-joint,2,2,0,tumor images only,0.01611324776093436,0.01611324776093436,0.015904638950298602,0.01632185657157012,0.008122104851790091,0.008122104851790091,0.008122104851790091,1.0,565.0641328481956,369.8765671197606,conditional mean over tumor images with both GT and prediction non-empty; HD95=max of directed 95th percentiles and ASSD=mean of concatenated directed surface samples (MONAI symmetric convention); distances are pixels on the declared evaluation grid (not mm); empty-prediction cases are excluded; non-empty zero-overlap cases remain defined and are counted separately,2,0,0,1.0,0,0.0,0,0.0,1.0,1.0,1.0,2,2,2,0,0.0,0,0.0,0,0,0.0,0.0,{'1': 2},,,,,,,,,,,,0,,,,,123.20474176257243,123.20474176257243,121.59673549103545,124.8127480341094,122.20474176257243,122.20474176257243,120.59673549103545,123.8127480341094,0.016049426552568972,0.008089630239467373,0.19400771092747657,0.008089630239467373,1.0,8136,997596,0,240128,0.0,0.0,0.0,0,0.0,0.0,0.0,0,0.0,0.0,0.0,0,"maximum-cardinality one-to-one connected-component matching at IoU thresholds 0.10, 0.25, 0.50"
label_free_rich_gallery_student,anatomy,tibia,40,40,0,tumor images only,0.022825253804452026,0.0037435460372924273,0.001926978468897177,0.03253395037870306,0.011919084541781694,0.001875283461586072,0.0123783012475801,0.8837357326116979,1371.421893975331,714.340285622208,conditional mean over tumor images with both GT and prediction non-empty; HD95=max of directed 95th percentiles and ASSD=mean of concatenated directed surface samples (MONAI symmetric convention); distances are pixels on the declared evaluation grid (not mm); empty-prediction cases are excluded; non-empty zero-overlap cases remain defined and are counted separately,40,0,3,1.0,0,0.0,3,0.075,0.925,0.8666666666666667,0.4175824175824176,45,39,91,4,0.1,1,0.25,6,53,1.25,1.0,"{'2': 3, '1': 36, '3': 1}",,,,,,,,,,,,0,,,,,820.0682757723678,383.87031523812504,52.391890827039774,833.3766242830441,382.87031523812504,819.0682757723678,51.391890827039774,832.3766242830441,0.015042154567923948,0.007578072553298805,0.5623207178004707,0.007596724166998083,0.7552928458091402,433168,56587199,140342,72701989,0.022222222222222223,0.01098901098901099,0.014705882352941176,1,0.0,0.0,0.0,0,0.0,0.0,0.0,0,"maximum-cardinality one-to-one connected-component matching at IoU thresholds 0.10, 0.25, 0.50"
label_free_rich_gallery_student,anatomy,tibia|femur,2,2,0,tumor images only,0.0006053884555161975,0.0006053884555161975,0.00030269422775809873,0.0009080826832742962,0.000302877586352311,0.000302877586352311,0.000302877586352311,0.5,1395.654268407016,811.7006188914413,conditional mean over tumor images with both GT and prediction non-empty; HD95=max of directed 95th percentiles and ASSD=mean of concatenated directed surface samples (MONAI symmetric convention); distances are pixels on the declared evaluation grid (not mm); empty-prediction cases are excluded; non-empty zero-overlap cases remain defined and are counted separately,2,0,1,1.0,0,0.0,1,0.5,0.5,0.6666666666666666,0.5,3,2,2,1,0.5,0,0.0,1,1,0.5,0.5,"{'1': 1, '2': 1}",,,,,,,,,,,,0,,,,,857.554515110072,857.554515110072,460.91579186949764,1254.1932383506464,856.554515110072,856.554515110072,459.91579186949764,1253.1932383506464,0.0007854733756580293,0.0003928909905353153,0.6560951031518574,0.000395017469634048,0.06801959412176348,1458,3689518,19977,7038791,0.0,0.0,0.0,0,0.0,0.0,0.0,0,0.0,0.0,0.0,0,"maximum-cardinality one-to-one connected-component matching at IoU thresholds 0.10, 0.25, 0.50"
label_free_rich_gallery_student,anatomy,tibia|fibula,2,2,0,tumor images only,0.10204740182576189,0.10204740182576189,0.08018067491094438,0.1239141287405794,0.05432689619662562,0.05432689619662562,0.05432689619662562,1.0,1453.1071670246106,579.5009264646785,conditional mean over tumor images with both GT and prediction non-empty; HD95=max of directed 95th percentiles and ASSD=mean of concatenated directed surface samples (MONAI symmetric convention); distances are pixels on the declared evaluation grid (not mm); empty-prediction cases are excluded; non-empty zero-overlap cases remain defined and are counted separately,2,0,0,1.0,0,0.0,0,0.0,1.0,1.0,0.6666666666666666,3,3,3,1,0.5,0,0.0,0,1,1.0,1.0,"{'1': 1, '2': 1}",,,,,,,,,,,,0,,,,,23.008167219338443,23.008167219338443,17.86369487689791,28.152639561778976,22.008167219338443,22.008167219338443,16.86369487689791,27.152639561778976,0.0999380720167132,0.05259727093357784,0.5242224048810809,0.05259727093357784,1.0,129183,2326895,0,2563825,0.0,0.0,0.0,0,0.0,0.0,0.0,0,0.0,0.0,0.0,0,"maximum-cardinality one-to-one connected-component matching at IoU thresholds 0.10, 0.25, 0.50"
label_free_rich_gallery_student,anatomy,tibia|fibula|femur,11,11,0,tumor images only,0.26252865097597494,0.24182512136342146,0.06432212143691653,0.41831753177812747,0.17102969761677625,0.1375432696154497,0.17652784334669055,0.8425841497964445,714.7084436710884,277.1460805538302,conditional mean over tumor images with both GT and prediction non-empty; HD95=max of directed 95th percentiles and ASSD=mean of concatenated directed surface samples (MONAI symmetric convention); distances are pixels on the declared evaluation grid (not mm); empty-prediction cases are excluded; non-empty zero-overlap cases remain defined and are counted separately,11,0,1,1.0,0,0.0,1,0.09090909090909091,0.9090909090909091,0.8536585365853658,0.7368421052631579,41,35,19,11,1.0,1,0.09090909090909091,6,5,2.0,2.0,"{'2': 2, '4': 4, '5': 1, '3': 3, '7': 1}",,,,,,,,,,,,0,,,,,13.87976717498912,4.358563851929049,2.308227938131431,18.96318415919162,3.3585638519290493,12.87976717498912,1.3082279381314308,17.96318415919162,0.2156928942301343,0.12088327930357616,0.6563688722157102,0.12314670602916333,0.8680202599011644,1479669,10535829,224979,20124458,0.21951219512195122,0.47368421052631576,0.3,9,0.07317073170731707,0.15789473684210525,0.1,3,0.0,0.0,0.0,0,"maximum-cardinality one-to-one connected-component matching at IoU thresholds 0.10, 0.25, 0.50"
label_free_rich_gallery_student,anatomy,ulna,3,3,0,tumor images only,0.10274128509215401,0.014091372357867683,0.009295546293150766,0.15186206752401407,0.05956337699977405,0.007095680114244912,0.05956337699977405,1.0,809.246893817423,478.96568602547876,conditional mean over tumor images with both GT and prediction non-empty; HD95=max of directed 95th percentiles and ASSD=mean of concatenated directed surface samples (MONAI symmetric convention); distances are pixels on the declared evaluation grid (not mm); empty-prediction cases are excluded; non-empty zero-overlap cases remain defined and are counted separately,3,0,0,1.0,0,0.0,0,0.0,1.0,1.0,0.5,3,3,6,0,0.0,0,0.0,0,3,1.0,1.0,{'1': 3},,,,,,,,,,,,0,,,,,196.76939722609333,140.9308176100629,73.41805687810101,292.2014477660704,139.9308176100629,195.76939722609333,72.41805687810101,291.2014477660704,0.08136524910851103,0.042407888771275964,0.6533580535546952,0.042407888771275964,1.0,90824,2050853,0,3865491,0.3333333333333333,0.16666666666666666,0.2222222222222222,1,0.0,0.0,0.0,0,0.0,0.0,0.0,0,"maximum-cardinality one-to-one connected-component matching at IoU thresholds 0.10, 0.25, 0.50"
label_free_rich_gallery_student,anatomy,ulna|radius,1,1,0,tumor images only,0.009862729552786545,0.009862729552786545,0.009862729552786545,0.009862729552786545,0.004955803651961276,0.004955803651961276,0.004955803651961276,1.0,1444.3116004539354,647.9957153737092,conditional mean over tumor images with both GT and prediction non-empty; HD95=max of directed 95th percentiles and ASSD=mean of concatenated directed surface samples (MONAI symmetric convention); distances are pixels on the declared evaluation grid (not mm); empty-prediction cases are excluded; non-empty zero-overlap cases remain defined and are counted separately,1,0,0,1.0,0,0.0,0,0.0,1.0,1.0,0.25,1,1,4,0,0.0,0,0.0,0,3,3.0,3.0,{'1': 1},,,,,,,,,,,,0,,,,,201.783619817998,201.783619817998,201.783619817998,201.783619817998,200.783619817998,200.783619817998,200.783619817998,200.783619817998,0.009862729552786545,0.004955803651961276,0.7488137990181507,0.004955803651961276,1.0,3956,794300,0,2367896,0.0,0.0,0.0,0,0.0,0.0,0.0,0,0.0,0.0,0.0,0,"maximum-cardinality one-to-one connected-component matching at IoU thresholds 0.10, 0.25, 0.50"
label_free_rich_gallery_student,anatomy,unknown,187,0,187,tumor images only,,,,,,,,,,,conditional mean over tumor images with both GT and prediction non-empty; HD95=max of directed 95th percentiles and ASSD=mean of concatenated directed surface samples (MONAI symmetric convention); distances are pixels on the declared evaluation grid (not mm); empty-prediction cases are excluded; non-empty zero-overlap cases remain defined and are counted separately,0,0,0,0.0,0,0.0,0,0.0,0.0,0.0,0.0,0,0,373,0,0.0,0,0.0,0,373,1.9946524064171123,2.0,{},0.0481283422459893,0.0481283422459893,0.9518716577540107,0.24828926119094588,0.16498582815948679,0.06685627660065069,0.38982494250399075,0.6852404590359731,0.9411764705882353,0.893048128342246,0.7700534759358288,373,1.9946524064171123,2.0,1.0,3.0,,,,,,,,,0.0,0.0,0.7878830364862974,0.0,,0,157615601,0,585444258,0.0,0.0,0.0,0,0.0,0.0,0.0,0,0.0,0.0,0.0,0,"maximum-cardinality one-to-one connected-component matching at IoU thresholds 0.10, 0.25, 0.50"
label_free_rich_gallery_student,view,frontal,231,132,99,tumor images only,0.06287983447008114,0.024275488897430343,0.003208777243867431,0.07717020623895288,0.03522356719359363,0.012288008477986608,0.035847950918453254,0.8739173113914199,1157.8644580102548,598.175371661874,conditional mean over tumor images with both GT and prediction non-empty; HD95=max of directed 95th percentiles and ASSD=mean of concatenated directed surface samples (MONAI symmetric convention); distances are pixels on the declared evaluation grid (not mm); empty-prediction cases are excluded; non-empty zero-overlap cases remain defined and are counted separately,130,2,10,0.9848484848484849,2,0.015151515151515152,10,0.07575757575757576,0.9242424242424242,0.9101796407185628,0.267223382045929,167,152,479,17,0.12878787878787878,3,0.17647058823529413,15,351,1.5497835497835497,1.0,"{'1': 115, '2': 9, '4': 4, '5': 1, '3': 2, '7': 1}",0.04040404040404041,0.04040404040404041,0.9595959595959596,0.2842070647328632,0.18724001741977145,0.07516426098049675,0.44213667763795306,0.8403466896171162,0.9494949494949495,0.9292929292929293,0.8080808080808081,215,2.1717171717171717,2.0,1.0,3.0,404.6295751919931,52.61088553467627,19.953734890863785,491.7507895838062,51.61088553467627,403.6295751919931,18.953734890863785,490.7507895838062,0.03505496368702865,0.017840175190246485,0.6564662887996595,0.017867415938993565,0.9212691890165339,5122452,281569928,437760,538058303,0.10778443113772455,0.037578288100208766,0.05572755417956656,18,0.017964071856287425,0.006263048016701462,0.009287925696594427,3,0.0,0.0,0.0,0,"maximum-cardinality one-to-one connected-component matching at IoU thresholds 0.10, 0.25, 0.50"
label_free_rich_gallery_student,view,lateral,112,41,71,tumor images only,0.08995366124810686,0.020974391333225224,0.0017375803952112156,0.11008741662335546,0.05485064511973443,0.010598342558768202,0.058757666352127744,0.6815902732022101,1026.0393545201696,548.3898195190775,conditional mean over tumor images with both GT and prediction non-empty; HD95=max of directed 95th percentiles and ASSD=mean of concatenated directed surface samples (MONAI symmetric convention); distances are pixels on the declared evaluation grid (not mm); empty-prediction cases are excluded; non-empty zero-overlap cases remain defined and are counted separately,39,2,10,0.9512195121951219,2,0.04878048780487805,10,0.24390243902439024,0.7560975609756098,0.6938775510204082,0.14953271028037382,49,34,214,5,0.12195121951219512,0,0.0,15,182,1.6160714285714286,1.0,"{'1': 36, '3': 3, '2': 2}",0.056338028169014086,0.056338028169014086,0.9436619718309859,0.2132065348434374,0.14412611335566228,0.038377856676276544,0.3632391359712158,0.6142030722287999,0.9295774647887324,0.8450704225352113,0.6901408450704225,131,1.8450704225352113,1.0,1.0,3.0,138.70690769242188,26.408990591241725,7.725191530433733,94.3543761163562,25.408990591241725,137.70690769242188,6.725191530433733,93.3543761163562,0.029866927903131436,0.015159853070911203,0.8016672931775363,0.01522674955115638,0.7753129230997955,1220303,78921752,353646,319004305,0.14285714285714285,0.03271028037383177,0.053231939163498096,7,0.04081632653061224,0.009345794392523364,0.015209125475285171,2,0.02040816326530612,0.004672897196261682,0.0076045627376425855,1,"maximum-cardinality one-to-one connected-component matching at IoU thresholds 0.10, 0.25, 0.50"
label_free_rich_gallery_student,view,oblique,28,11,17,tumor images only,0.10643623671916017,0.0535722898991902,0.031043518013983515,0.12767323652032456,0.06083136569251225,0.02752339047640026,0.06083136569251225,0.8181818181818182,920.4090404737916,441.0429894212763,conditional mean over tumor images with both GT and prediction non-empty; HD95=max of directed 95th percentiles and ASSD=mean of concatenated directed surface samples (MONAI symmetric convention); distances are pixels on the declared evaluation grid (not mm); empty-prediction cases are excluded; non-empty zero-overlap cases remain defined and are counted separately,11,0,2,1.0,0,0.0,2,0.18181818181818182,0.8181818181818182,0.8181818181818182,0.21428571428571427,11,9,42,0,0.0,0,0.0,2,33,1.1071428571428572,1.0,{'1': 11},0.058823529411764705,0.058823529411764705,0.9411764705882353,0.18564285060408,0.13672582444268827,0.09951711433380932,0.31409060862444793,0.3734214696724338,0.9411764705882353,0.8823529411764706,0.8823529411764706,27,1.588235294117647,1.0,1.0,2.0,36.662488700455405,20.682582582582583,14.81462176553655,40.8928830001085,19.682582582582583,35.662488700455405,13.814621765536549,39.8928830001085,0.06151292819702996,0.03173244180566927,0.8087951966672893,0.03174922899583068,0.9836105450606745,642939,19607600,10713,82940033,0.18181818181818182,0.047619047619047616,0.07547169811320754,2,0.09090909090909091,0.023809523809523808,0.03773584905660377,1,0.0,0.0,0.0,0,"maximum-cardinality one-to-one connected-component matching at IoU thresholds 0.10, 0.25, 0.50"
label_free_rich_gallery_student,tumor_type_name,giant cell tumor,9,9,0,tumor images only,0.11911507695727355,0.11884365458686469,0.018466171238746436,0.15025848142164783,0.06599942017035237,0.06317585185125296,0.0660046827799467,0.8879175227219908,843.5663803461827,417.2062282133733,conditional mean over tumor images with both GT and prediction non-empty; HD95=max of directed 95th percentiles and ASSD=mean of concatenated directed surface samples (MONAI symmetric convention); distances are pixels on the declared evaluation grid (not mm); empty-prediction cases are excluded; non-empty zero-overlap cases remain defined and are counted separately,9,0,1,1.0,0,0.0,1,0.1111111111111111,0.8888888888888888,0.8888888888888888,0.32,9,8,25,0,0.0,0,0.0,1,17,1.7777777777777777,1.0,{'1': 9},,,,,,,,,,,,0,,,,,32.9393681509012,12.310396731534244,7.725191530433733,19.33574163684213,11.310396731534244,31.939368150901203,6.725191530433733,18.33574163684213,0.11167362534759083,0.0591389427413717,0.7657152016043883,0.05945159129786207,0.9183376664774029,460955,7292496,40990,23834133,0.3333333333333333,0.12,0.17647058823529413,3,0.1111111111111111,0.04,0.058823529411764705,1,0.0,0.0,0.0,0,"maximum-cardinality one-to-one connected-component matching at IoU thresholds 0.10, 0.25, 0.50"
label_free_rich_gallery_student,tumor_type_name,multiple osteochondromas,26,26,0,tumor images only,0.16703618472947263,0.09827988316132248,0.05473970352661393,0.2487882303411674,0.10311882506493972,0.05183777981308253,0.10550475406258678,0.8350445399052489,838.9486840401385,355.66180940324455,conditional mean over tumor images with both GT and prediction non-empty; HD95=max of directed 95th percentiles and ASSD=mean of concatenated directed surface samples (MONAI symmetric convention); distances are pixels on the declared evaluation grid (not mm); empty-prediction cases are excluded; non-empty zero-overlap cases remain defined and are counted separately,26,0,3,1.0,0,0.0,3,0.11538461538461539,0.8846153846153846,0.8412698412698413,0.5714285714285714,63,53,49,16,0.6153846153846154,1,0.0625,10,21,1.3076923076923077,1.0,"{'3': 5, '1': 10, '2': 5, '4': 4, '5': 1, '7': 1}",,,,,,,,,,,,0,,,,,32.851653644724976,12.730906303612763,4.755154810635568,33.34149956044064,11.730906303612763,31.851653644724973,3.7551548106355677,32.34149956044064,0.15182747439001534,0.08215005487104353,0.6330642322206385,0.08301471217615677,0.887477714002614,2178275,24061351,276181,41512390,0.19047619047619047,0.24489795918367346,0.21428571428571427,12,0.047619047619047616,0.061224489795918366,0.05357142857142857,3,0.0,0.0,0.0,0,"maximum-cardinality one-to-one connected-component matching at IoU thresholds 0.10, 0.25, 0.50"
label_free_rich_gallery_student,tumor_type_name,normal,187,0,187,tumor images only,,,,,,,,,,,conditional mean over tumor images with both GT and prediction non-empty; HD95=max of directed 95th percentiles and ASSD=mean of concatenated directed surface samples (MONAI symmetric convention); distances are pixels on the declared evaluation grid (not mm); empty-prediction cases are excluded; non-empty zero-overlap cases remain defined and are counted separately,0,0,0,0.0,0,0.0,0,0.0,0.0,0.0,0.0,0,0,373,0,0.0,0,0.0,0,373,1.9946524064171123,2.0,{},0.0481283422459893,0.0481283422459893,0.9518716577540107,0.24828926119094588,0.16498582815948679,0.06685627660065069,0.38982494250399075,0.6852404590359731,0.9411764705882353,0.893048128342246,0.7700534759358288,373,1.9946524064171123,2.0,1.0,3.0,,,,,,,,,0.0,0.0,0.7878830364862974,0.0,,0,157615601,0,585444258,0.0,0.0,0.0,0,0.0,0.0,0.0,0,0.0,0.0,0.0,0,"maximum-cardinality one-to-one connected-component matching at IoU thresholds 0.10, 0.25, 0.50"
label_free_rich_gallery_student,tumor_type_name,osteochondroma,75,75,0,tumor images only,0.011437570127888328,0.0037068477983576683,0.001267615804509486,0.00913735997701303,0.005861620360992335,0.001856865457996244,0.005865472034681399,0.8378301889825667,1298.281266338151,705.7740124734285,conditional mean over tumor images with both GT and prediction non-empty; HD95=max of directed 95th percentiles and ASSD=mean of concatenated directed surface samples (MONAI symmetric convention); distances are pixels on the declared evaluation grid (not mm); empty-prediction cases are excluded; non-empty zero-overlap cases remain defined and are counted separately,73,2,9,0.9733333333333334,2,0.02666666666666667,9,0.12,0.88,0.8518518518518519,0.5037593984962406,81,69,133,6,0.08,2,0.3333333333333333,12,66,0.8266666666666667,0.0,"{'2': 6, '1': 69}",,,,,,,,,,,,0,,,,,721.9924089837176,480.31543116490167,119.91093538075037,824.2660996174261,479.31543116490167,720.9924089837176,118.91093538075037,823.2660996174261,0.00910659350659846,0.0045741240977024865,0.6148666003939353,0.004576344025876547,0.9041179308788395,464713,101082067,49283,161377816,0.0,0.0,0.0,0,0.0,0.0,0.0,0,0.0,0.0,0.0,0,"maximum-cardinality one-to-one connected-component matching at IoU thresholds 0.10, 0.25, 0.50"
label_free_rich_gallery_student,tumor_type_name,osteofibroma,4,4,0,tumor images only,0.043849006086134665,0.02936827161281104,0.006741018148895017,0.06647625955005068,0.022991480428377863,0.015011535363232794,0.023006878554961536,0.56278748850046,1006.6368821329405,450.4230813690502,conditional mean over tumor images with both GT and prediction non-empty; HD95=max of directed 95th percentiles and ASSD=mean of concatenated directed surface samples (MONAI symmetric convention); distances are pixels on the declared evaluation grid (not mm); empty-prediction cases are excluded; non-empty zero-overlap cases remain defined and are counted separately,4,0,1,1.0,0,0.0,1,0.25,0.75,0.75,0.3333333333333333,4,3,9,0,0.0,0,0.0,1,6,1.25,1.0,{'1': 4},,,,,,,,,,,,0,,,,,44.13493262366167,47.04383317886452,33.437629593103786,57.74113620942239,46.04383317886452,43.13493262366167,32.437629593103786,56.74113620942239,0.04251504296868863,0.02171921823254582,0.9180347623729029,0.021787788210903453,0.8734366174453321,21649,971981,3137,10886473,0.0,0.0,0.0,0,0.0,0.0,0.0,0,0.0,0.0,0.0,0,"maximum-cardinality one-to-one connected-component matching at IoU thresholds 0.10, 0.25, 0.50"
label_free_rich_gallery_student,tumor_type_name,osteosarcoma,30,30,0,tumor images only,0.13237478085055454,0.10130515467589407,0.06676540525683816,0.16600342164264326,0.07384555708264666,0.05335545744848097,0.07521811649346703,0.9626591460900149,751.4902539140096,353.6982877031221,conditional mean over tumor images with both GT and prediction non-empty; HD95=max of directed 95th percentiles and ASSD=mean of concatenated directed surface samples (MONAI symmetric convention); distances are pixels on the declared evaluation grid (not mm); empty-prediction cases are excluded; non-empty zero-overlap cases remain defined and are counted separately,30,0,0,1.0,0,0.0,0,0.0,1.0,1.0,0.5263157894736842,30,30,57,0,0.0,0,0.0,0,27,0.9,0.5,{'1': 30},,,,,,,,,,,,0,,,,,21.167645968215474,17.449215367867687,10.912973897165756,28.977449090961038,16.449215367867687,20.167645968215474,9.912973897165756,27.977449090961038,0.13908454479572752,0.07473985151058903,0.6319712210357842,0.07531268918541349,0.9076321068606216,1566357,19231692,159405,33024254,0.23333333333333334,0.12280701754385964,0.16091954022988506,7,0.03333333333333333,0.017543859649122806,0.022988505747126436,1,0.0,0.0,0.0,0,"maximum-cardinality one-to-one connected-component matching at IoU thresholds 0.10, 0.25, 0.50"
label_free_rich_gallery_student,tumor_type_name,other bt,11,11,0,tumor images only,0.030420034556200973,0.012913451900888091,0.001920670920859446,0.05403014247872433,0.015740921658004618,0.006498686186186186,0.015754845477342124,0.6454675683823553,1176.1773936768031,657.8416485705768,conditional mean over tumor images with both GT and prediction non-empty; HD95=max of directed 95th percentiles and ASSD=mean of concatenated directed surface samples (MONAI symmetric convention); distances are pixels on the declared evaluation grid (not mm); empty-prediction cases are excluded; non-empty zero-overlap cases remain defined and are counted separately,11,0,3,1.0,0,0.0,3,0.2727272727272727,0.7272727272727273,0.7272727272727273,0.26666666666666666,11,8,30,0,0.0,0,0.0,3,22,1.7272727272727273,1.0,{'1': 11},,,,,,,,,,,,0,,,,,117.50116400910935,44.62158469945355,27.46040722486476,146.43670226041448,43.62158469945355,116.50116400910935,26.46040722486476,145.43670226041448,0.013288417449447346,0.00668864950814229,0.4608457564207018,0.006707214910692593,0.7072977858111161,125220,18544228,51820,15850805,0.09090909090909091,0.03333333333333333,0.04878048780487805,1,0.0,0.0,0.0,0,0.0,0.0,0.0,0,"maximum-cardinality one-to-one connected-component matching at IoU thresholds 0.10, 0.25, 0.50"
label_free_rich_gallery_student,tumor_type_name,other mt,4,4,0,tumor images only,0.07569762602295467,0.07731356237041184,0.06212038285352953,0.090890805539837,0.03946567319468974,0.04023750209009025,0.03946567319468974,1.0,1289.7630696732592,610.4322015039297,conditional mean over tumor images with both GT and prediction non-empty; HD95=max of directed 95th percentiles and ASSD=mean of concatenated directed surface samples (MONAI symmetric convention); distances are pixels on the declared evaluation grid (not mm); empty-prediction cases are excluded; non-empty zero-overlap cases remain defined and are counted separately,4,0,0,1.0,0,0.0,0,0.0,1.0,1.0,0.3076923076923077,4,4,13,0,0.0,0,0.0,0,9,2.25,2.0,{'1': 4},,,,,,,,,,,,0,,,,,27.99213080573956,25.279349927305105,21.117626038368517,32.15385469467615,24.279349927305105,26.99213080573956,20.117626038368517,31.15385469467615,0.0792593860435146,0.04126501281203721,0.3005269678958556,0.04126501281203721,1.0,393614,9145072,0,3929159,0.0,0.0,0.0,0,0.0,0.0,0.0,0,0.0,0.0,0.0,0,"maximum-cardinality one-to-one connected-component matching at IoU thresholds 0.10, 0.25, 0.50"
label_free_rich_gallery_student,tumor_type_name,simple bone cyst,20,20,0,tumor images only,0.0442045677033544,0.03375731209456122,4.035922841915405e-05,0.05783529431821498,0.023255725306397752,0.017186735228094097,0.023306280040798828,0.6470785792560503,1418.4455815584556,794.401062547105,conditional mean over tumor images with both GT and prediction non-empty; HD95=max of directed 95th percentiles and ASSD=mean of concatenated directed surface samples (MONAI symmetric convention); distances are pixels on the declared evaluation grid (not mm); empty-prediction cases are excluded; non-empty zero-overlap cases remain defined and are counted separately,18,2,5,0.9,2,0.1,5,0.25,0.75,0.75,0.40540540540540543,20,15,37,0,0.0,0,0.0,5,22,1.05,0.0,{'1': 20},,,,,,,,,,,,0,,,,,96.68296513155579,35.469379039152564,15.26956144672408,79.50146103122898,34.469379039152564,95.68296513155579,14.26956144672408,78.50146103122898,0.03750461600187744,0.01911067730792345,0.6364146694453561,0.019217953773764666,0.7739380648219534,581236,29663191,169775,51922034,0.05,0.02702702702702703,0.03508771929824561,1,0.0,0.0,0.0,0,0.0,0.0,0.0,0,"maximum-cardinality one-to-one connected-component matching at IoU thresholds 0.10, 0.25, 0.50"
label_free_rich_gallery_student,tumor_type_name,synovial osteochondroma,5,5,0,tumor images only,0.24362018436443714,0.19291357442243512,0.11101017000315934,0.25156692840437056,0.14987332208947995,0.10675392814196907,0.1774400216346929,0.9179934430403922,1256.5677877690089,617.6122258493781,conditional mean over tumor images with both GT and prediction non-empty; HD95=max of directed 95th percentiles and ASSD=mean of concatenated directed surface samples (MONAI symmetric convention); distances are pixels on the declared evaluation grid (not mm); empty-prediction cases are excluded; non-empty zero-overlap cases remain defined and are counted separately,5,0,0,1.0,0,0.0,0,0.0,1.0,1.0,0.6666666666666666,5,5,9,0,0.0,0,0.0,0,3,0.8,0.0,{'1': 5},,,,,,,,,,,,0,,,,,10.3273590084452,9.367336803476944,6.95017060742255,17.01636732871484,8.367336803476944,9.3273590084452,5.95017060742255,16.01636732871484,0.1598977500989754,0.08689612227123572,0.4945315648656654,0.0872233048131437,0.9586187954895707,1193675,12491601,51528,12221319,0.6,0.3333333333333333,0.42857142857142855,3,0.2,0.1111111111111111,0.14285714285714285,1,0.2,0.1111111111111111,0.14285714285714285,1,"maximum-cardinality one-to-one connected-component matching at IoU thresholds 0.10, 0.25, 0.50"
