above_threshold_candidates,box_prompt_calls,cam_max,cam_mean,cam_min,cam_nonzero_ratio,cam_std,cam_target_protocol,classifier_causal_score_max,classifier_causal_score_mean,classifier_causal_score_min,classifier_confidence,final_area_ratio,group_id,image_name,mask_area_ratio,mask_foreground_pixels,mask_height,mask_path,mask_sha256,mask_unique_values,mask_width,morphology_components,reason,sam_candidate_count,sam_prompt_calls,selected_area_ratio,selected_candidates,selected_class,selected_components,selection_score_max,selection_score_mean,selection_score_min,split,status,support_area_ratio,true_tumor,true_tumor_type,unique_negative_prompt_points,unique_positive_prompt_points,unique_prompt_points
17,6,1.0,0.11207202821969986,0.0,0.999990234375,0.16469219326972961,ground_truth,,,,0.9602217078208923,0.09697265625,btxrd-heuristic-000001,IMG000001.jpeg,0.09697265625,9930,320,masks/IMG000001.png,655fd94471d12ff66aa304a9d803342242e0384b13806a0d8737c522cfd53e85,0|255,320,3,,27,9,0.097841796875,3,0,3,0.683560311794281,0.4432353377342224,0.04359870404005051,val,ok,0.15,1,9,12,5,17
14,6,1.0,0.09007826447486877,0.0,0.999990234375,0.1512340009212494,ground_truth,,,,0.04949028789997101,0.05884765625,btxrd-heuristic-000006,IMG000010.jpeg,0.05884765625,6026,320,masks/IMG000010.png,9ecc7ab49dd45aa159562c8387c3c9c8e5fe0af493d66d551cd54d8f3007740d,0|255,320,3,,27,9,0.060751953125,3,0,3,0.6042704582214355,0.4285307228565216,0.285007506608963,val,ok,0.15,1,8,12,5,17
21,6,1.0,0.14887142181396484,0.0,0.999990234375,0.21514847874641418,ground_truth,,,,0.999578058719635,0.138759765625,btxrd-heuristic-000009,IMG000017.jpeg,0.138759765625,14209,320,masks/IMG000017.png,557ccdd4563994c09277aa4a871089fd60ea4d740acea4ec1e11eefe2357c906,0|255,320,3,,27,9,0.13955078125,3,0,3,0.80870121717453,0.5507681369781494,0.28491124510765076,val,ok,0.15,1,8,12,5,17
20,6,1.0,0.11855266243219376,0.0,0.999990234375,0.17534592747688293,ground_truth,,,,0.9998819828033447,0.063740234375,btxrd-heuristic-000009,IMG000018.jpeg,0.063740234375,6527,320,masks/IMG000018.png,737b5644706d3a307c5174754cafffbef5f85db6744319ce723bc27889bd2fc2,0|255,320,3,,27,9,0.063974609375,3,0,3,0.7547456622123718,0.4958988428115845,0.3067697286605835,val,ok,0.15,1,8,12,5,17
16,6,1.0,0.09704283624887466,0.0,0.999990234375,0.15374630689620972,ground_truth,,,,0.9999382495880127,0.074775390625,btxrd-heuristic-000017,IMG000033.jpeg,0.074775390625,7657,320,masks/IMG000033.png,af11441ab5aa0f97a2a5a53e1d12960e2bff2568e2cf6705f5c2c1b75f11a7f6,0|255,320,3,,27,9,0.074775390625,3,0,3,0.5941823720932007,0.40595585107803345,0.25575685501098633,val,ok,0.15,1,8,12,5,17
12,6,1.0,0.09673643112182617,0.0,0.999990234375,0.1633218228816986,ground_truth,,,,0.9998831748962402,0.06537109375,btxrd-heuristic-000017,IMG000034.jpeg,0.06537109375,6694,320,masks/IMG000034.png,3231c58c33014271f915860dc9a6dc6275bcec76e6bb4b08b19cc6f12bf2eba0,0|255,320,3,,27,9,0.06537109375,3,0,3,0.6699356436729431,0.41100212931632996,0.25515061616897583,val,ok,0.15,1,8,12,5,17
47,10,1.0,0.2499413639307022,0.0,0.999990234375,0.2470339685678482,ground_truth,,,,0.7239019870758057,0.065439453125,btxrd-heuristic-000025,IMG000048.jpeg,0.065439453125,6701,320,masks/IMG000048.png,76302b94794145125edb5e092984a788887a28d502f157a21d36a57efdc99199,0|255,320,6,,51,17,0.06552734375,3,0,3,0.7608811855316162,0.6066384315490723,0.23714999854564667,val,ok,0.15,1,8,23,15,38
59,12,1.0,0.2707078456878662,0.0,0.9999609375,0.22486647963523865,ground_truth,,,,0.9926896691322327,0.080302734375,btxrd-heuristic-000025,IMG000049.jpeg,0.080302734375,8223,320,masks/IMG000049.png,a10617a10fc0c9fcdb16fb74667587f84d8e2fb82f867b43b56d1c3c36a7dbec,0|255,320,7,,60,20,0.080380859375,3,0,3,0.7612399458885193,0.6423434615135193,0.35116028785705566,val,ok,0.15,1,8,23,13,36
14,12,1.0,0.1458980143070221,0.0,0.999990234375,0.16348916292190552,ground_truth,,,,0.9893770217895508,0.1233984375,btxrd-heuristic-000026,IMG000050.jpeg,0.1233984375,12636,320,masks/IMG000050.png,b32f60762e0611d81f352e97f8ed93a2087dd8516788547cc45b34de55f5f282,0|255,320,6,,54,18,0.12455078125,3,0,3,0.6115367412567139,0.2576247751712799,0.006081961095333099,val,ok,0.15,1,8,21,13,34
42,12,1.0,0.179781973361969,0.0,0.999990234375,0.22076572477817535,ground_truth,,,,0.9983990788459778,0.101884765625,btxrd-heuristic-000029,IMG000055.jpeg,0.101884765625,10433,320,masks/IMG000055.png,43972fe90d117bd38079f4896f35b368b3d85339195e0c7b0cc0c2e83ebd777e,0|255,320,6,,54,18,0.102119140625,3,0,3,0.7547881603240967,0.49910545349121094,0.16636689007282257,val,ok,0.15,1,8,22,10,32
26,6,0.9999999403953552,0.11584636569023132,0.0,0.999990234375,0.1883217692375183,ground_truth,,,,0.9999196529388428,0.057705078125,btxrd-heuristic-000029,IMG000056.jpeg,0.057705078125,5909,320,masks/IMG000056.png,067834c22da137849b76e7dbf715bb201b2b14b4c919962840759a4a5d44cb28,0|255,320,3,,27,9,0.057802734375,3,0,3,0.7667829990386963,0.5910816788673401,0.35588836669921875,val,ok,0.15,1,8,12,5,17
27,12,1.0,0.16411864757537842,0.0,0.999990234375,0.18132545053958893,ground_truth,,,,0.9998279809951782,0.07876953125,btxrd-heuristic-000037,IMG000071.jpeg,0.07876953125,8066,320,masks/IMG000071.png,a2dc7b938b8509f4f9a13c166982ef35cc86069fae30d9be413e9d2d298daab7,0|255,320,6,,54,18,0.07896484375,3,0,3,0.7033863067626953,0.36026132106781006,0.0003315047943033278,val,ok,0.15,1,8,22,11,33
24,6,1.0,0.13292637467384338,0.0,0.999990234375,0.1911928504705429,ground_truth,,,,0.9999973773956299,0.002021484375,btxrd-heuristic-000039,IMG000076.jpeg,0.002021484375,207,320,masks/IMG000076.png,f4fcf12c48738b408310d0d6ae8706d3e8cf6d606df880f7010b8c354f8d85cc,0|255,320,3,,27,9,0.0022265625,3,0,3,0.7536299824714661,0.5774706602096558,0.30711036920547485,val,ok,0.15,1,8,12,5,17
23,6,1.0,0.11583025008440018,0.0,0.999990234375,0.1659095585346222,ground_truth,,,,0.9263429641723633,0.039697265625,btxrd-heuristic-000063,IMG000125.jpeg,0.039697265625,4065,320,masks/IMG000125.png,939219279b29a9a99b098a9e3d64a9f0029b31068ff5ec8c9cacd23b745e1aad,0|255,320,3,,27,9,0.03998046875,3,0,3,0.638296902179718,0.5081928968429565,0.357205331325531,val,ok,0.15,1,8,12,5,17
17,6,1.0,0.10208097100257874,0.0,0.999990234375,0.16897371411323547,ground_truth,,,,0.9999635219573975,0.1362890625,btxrd-heuristic-000063,IMG000126.jpeg,0.1362890625,13956,320,masks/IMG000126.png,065a9c7e45b1505b0b1d6c64f7672a0243c4b650286c44a459c942866d647147,0|255,320,3,,27,9,0.136328125,3,0,3,0.5784215927124023,0.4295504093170166,0.2680788040161133,val,ok,0.15,1,8,12,5,17
16,6,1.0,0.12423746287822723,0.0,0.9999609375,0.16457107663154602,ground_truth,,,,0.9999998807907104,0.061611328125,btxrd-heuristic-000069,IMG000137.jpeg,0.061611328125,6309,320,masks/IMG000137.png,0df4aa0d844b2feda44951461ca9b7c511c8b19022d90abc6a6511c1ed564121,0|255,320,3,,27,9,0.062265625,3,0,3,0.6988438963890076,0.44657233357429504,0.08887267857789993,val,ok,0.15,1,8,12,5,17
31,10,1.0,0.1513230949640274,0.0,0.999990234375,0.1840803176164627,ground_truth,,,,0.9999997615814209,0.057109375,btxrd-heuristic-000069,IMG000138.jpeg,0.057109375,5848,320,masks/IMG000138.png,5720eadf69b9c85f6440c63217aa05885e67e297f05dac5598b5f76a585f8bb2,0|255,320,5,,45,15,0.057119140625,3,0,3,0.6835843324661255,0.44896936416625977,0.1482021063566208,val,ok,0.15,1,8,18,10,28
44,12,1.0,0.1768869161605835,0.0,0.999990234375,0.18183699250221252,ground_truth,,,,0.9999896287918091,0.06400390625,btxrd-heuristic-000073,IMG000144.jpeg,0.06400390625,6554,320,masks/IMG000144.png,9bde690ac9b6fdc58138b5f517767c77bd18bf3848845abf53a7b5d69cab1e85,0|255,320,6,,54,18,0.06404296875,3,0,3,0.7227786183357239,0.5102275013923645,0.3310531973838806,val,ok,0.15,1,8,24,10,34
58,14,1.0,0.26380977034568787,0.0,0.999990234375,0.23227600753307343,ground_truth,,,,0.9998369216918945,0.08419921875,btxrd-heuristic-000078,IMG000152.jpeg,0.08419921875,8622,320,masks/IMG000152.png,68396829510ecfffc1eb12ebebfb513268230fd1283a42675a1db1e8f6308787,0|255,320,7,,63,21,0.084853515625,3,0,3,0.7674529552459717,0.5778798460960388,0.2106030285358429,val,ok,0.15,1,8,27,15,42
32,8,1.0,0.25984665751457214,0.0,0.999990234375,0.23549135029315948,ground_truth,,,,0.05815567448735237,0.14275390625,btxrd-heuristic-000082,IMG000160.jpeg,0.14275390625,14618,320,masks/IMG000160.png,4d090cf54b75e9d6f143ab2ac3ecf621eb6b2a83f4ca215d42b07103b5bf89f1,0|255,320,4,,36,12,0.14296875,3,0,3,0.7929970622062683,0.593474268913269,0.22167576849460602,val,ok,0.15,1,8,15,10,25
22,6,0.9999999403953552,0.15277278423309326,0.0,0.999990234375,0.18795013427734375,ground_truth,,,,0.9988754391670227,0.107958984375,btxrd-heuristic-000082,IMG000161.jpeg,0.107958984375,11055,320,masks/IMG000161.png,be830b8cae0291de0b595be7c777d233d68926b334ba0763f541f6f06b77c60e,0|255,320,3,,27,9,0.108203125,3,0,3,0.6864902377128601,0.5009495615959167,0.24701127409934998,val,ok,0.15,1,8,12,5,17
24,6,1.0,0.15131625533103943,0.0,0.999990234375,0.1735547035932541,ground_truth,,,,0.9999998807907104,0.03646484375,btxrd-heuristic-000098,IMG000200.jpeg,0.03646484375,3734,320,masks/IMG000200.png,4c400b2979fe0a006baea00ba2c7195edb8d99a0abc91688b8e377c8dac34fb3,0|255,320,3,,27,9,0.037099609375,3,0,3,0.6903074979782104,0.5298500657081604,0.37592557072639465,val,ok,0.15,1,8,12,5,17
27,6,1.0,0.1715794950723648,0.0,0.999990234375,0.20228862762451172,ground_truth,,,,0.9999997615814209,0.054091796875,btxrd-heuristic-000098,IMG000201.jpeg,0.054091796875,5539,320,masks/IMG000201.png,0602f3b935a4c181dd6df8a58ee4b70afb8e3a7c1c8c6ece0dfa44232c8259d0,0|255,320,3,,27,9,0.054150390625,3,0,3,0.7835454940795898,0.5940714478492737,0.4290676414966583,val,ok,0.15,1,8,12,5,17
23,6,1.0,0.14568112790584564,0.0,0.9999609375,0.1875147670507431,ground_truth,,,,0.9999926090240479,0.013515625,btxrd-heuristic-000099,IMG000202.jpeg,0.013515625,1384,320,masks/IMG000202.png,63823971ad566e2401df116cca652e666e4fdbfd616c90560833bd93d58fc21e,0|255,320,3,,27,9,0.01373046875,3,0,3,0.7697755694389343,0.5682823061943054,0.22176961600780487,val,ok,0.149755859375,1,8,12,5,17
12,8,1.0,0.09377545118331909,0.0,0.999990234375,0.14171336591243744,ground_truth,,,,0.9811962842941284,0.078740234375,btxrd-heuristic-000109,IMG000222.jpeg,0.078740234375,8063,320,masks/IMG000222.png,2fe159eba87a5757226c6ae8e38a5fc1dcf35f10c5d5d8e8cd576c5a54a4e97e,0|255,320,4,,36,12,0.079033203125,3,0,3,0.6440759301185608,0.3239685595035553,0.021871395409107208,val,ok,0.15,1,6,15,10,25
58,14,1.0,0.3087448477745056,0.0,0.999990234375,0.2269156575202942,ground_truth,,,,0.0006491541280411184,0.017216796875,btxrd-heuristic-000120,IMG000244.jpeg,0.017216796875,1763,320,masks/IMG000244.png,297584acded2066464e10e460ae625def6e4fa50100627811c9a662ca6c23bb5,0|255,320,7,,63,21,0.017216796875,3,0,3,0.7527098059654236,0.5942245125770569,0.22464905679225922,val,ok,0.15,1,1,22,19,41
25,6,1.0,0.09065093845129013,0.0,0.999990234375,0.15888625383377075,ground_truth,,,,0.9887111186981201,0.036640625,btxrd-heuristic-000121,IMG000245.jpeg,0.036640625,3752,320,masks/IMG000245.png,75a109920d1a1689be1ae179c958122d7e16dc8f1539dd2fa7466967f00b44fa,0|255,320,3,,27,9,0.036640625,3,0,3,0.7759048938751221,0.5936992764472961,0.15948443114757538,val,ok,0.15,1,3,12,5,17
27,6,0.9999999403953552,0.14443998038768768,0.0,0.999990234375,0.18140001595020294,ground_truth,,,,0.9747086763381958,0.061298828125,btxrd-heuristic-000128,IMG000260.jpeg,0.061298828125,6277,320,masks/IMG000260.png,5db79554adf5f82f839f8ff6ca7eea984f67fb62242769612d48cf70860b2d0d,0|255,320,3,,27,9,0.061748046875,3,0,3,0.744635820388794,0.5494678020477295,0.415115624666214,val,ok,0.15,1,1,12,5,17
26,12,1.0,0.15341340005397797,0.0,0.999990234375,0.17065879702568054,ground_truth,,,,0.9999910593032837,0.063056640625,btxrd-heuristic-000137,IMG000275.jpeg,0.063056640625,6457,320,masks/IMG000275.png,818a6444db4091ec97f3fcdae61a191925407c4ac81e31635c04230e707c3c0f,0|255,320,6,,54,18,0.065576171875,3,0,3,0.6369113922119141,0.38748517632484436,0.040407340973615646,val,ok,0.15,1,1,24,10,34
27,6,1.0,0.10164505988359451,0.0,0.999990234375,0.16609200835227966,ground_truth,,,,0.9836837649345398,0.048525390625,btxrd-heuristic-000140,IMG000279.jpeg,0.048525390625,4969,320,masks/IMG000279.png,66ff0f96dc41511599e5e6bbc61e52ab2518be1426ea16e69521cc3f67812d03,0|255,320,3,,27,9,0.049365234375,3,0,3,0.6471957564353943,0.5336044430732727,0.4054732620716095,val,ok,0.15,1,1,12,5,17
9,6,1.0,0.10616777092218399,0.0,0.999990234375,0.16038043797016144,ground_truth,,,,0.9999074935913086,0.0817578125,btxrd-heuristic-000145,IMG000285.jpeg,0.0817578125,8372,320,masks/IMG000285.png,63c5174b9ead74eb6b95869b00477823e672ca683a0496ccf3e7988c3d9046ca,0|255,320,3,,27,9,0.083291015625,2,0,2,0.5381929278373718,0.3599144518375397,0.0198962464928627,val,ok,0.15,1,1,12,5,17
45,10,1.0,0.2546422481536865,0.0,0.999990234375,0.20697185397148132,ground_truth,,,,0.0033542008604854345,0.109384765625,btxrd-heuristic-000150,IMG000292.jpeg,0.109384765625,11201,320,masks/IMG000292.png,a6b5de7e45f65f861650ad867a71a26dd564e842a0e34d8d48e7f9f8dec65cdc,0|255,320,5,,45,15,0.109521484375,3,0,3,0.7889348268508911,0.6591268181800842,0.4597214162349701,val,ok,0.149912109375,1,1,17,13,30
9,10,0.9999999403953552,0.11646918952465057,0.0,0.999990234375,0.1581748127937317,ground_truth,,,,0.8342620730400085,0.106025390625,btxrd-heuristic-000156,IMG000300.jpeg,0.106025390625,10857,320,masks/IMG000300.png,d3b2c93951f68e2fd0ccabaf8d23e3725a3eb84dd09fc9844188c0cb3e61f3f0,0|255,320,5,,45,15,0.10615234375,3,0,3,0.5600600838661194,0.32907378673553467,0.1431610882282257,val,ok,0.15,1,2,18,10,28
42,12,1.0,0.1539427936077118,0.0,0.999990234375,0.18644820153713226,ground_truth,,,,0.973990261554718,0.067412109375,btxrd-heuristic-000160,IMG000306.jpeg,0.067412109375,6903,320,masks/IMG000306.png,bf8d47e388fe3fcda1335b62ca1ad5b1ab5ebe6b99f89d3b8492e19a82cbb77d,0|255,320,6,,54,18,0.067490234375,3,0,3,0.7417855858802795,0.4683409035205841,0.17352771759033203,val,ok,0.15,1,1,23,10,33
27,6,0.9999999403953552,0.25735145807266235,0.0,0.9999609375,0.2366335093975067,ground_truth,,,,0.0010076228063553572,0.099228515625,btxrd-heuristic-000167,IMG000320.jpeg,0.099228515625,10161,320,masks/IMG000320.png,914f6c29c0525f29e6993f004102548e0ffc74cad497ce46e64e3ecdfcbeeb9e,0|255,320,3,,27,9,0.099267578125,3,0,3,0.7997230887413025,0.6943293213844299,0.6058485507965088,val,ok,0.15,1,1,12,5,17
18,8,1.0,0.14889481663703918,0.0,0.999990234375,0.17902566492557526,ground_truth,,,,0.999884843826294,0.151103515625,btxrd-heuristic-000172,IMG000327.jpeg,0.151103515625,15473,320,masks/IMG000327.png,370b6aeb876e0603042d06ce2dc4ea1aa07d7919692330d8ff5fd09d0cfe0c72,0|255,320,4,,36,12,0.151171875,3,0,3,0.6015097498893738,0.4138471484184265,0.1616087257862091,val,ok,0.15,1,1,16,10,26
9,6,1.0,0.09886540472507477,0.0,0.999990234375,0.15224409103393555,ground_truth,,,,0.9999842643737793,0.00412109375,btxrd-heuristic-000173,IMG000328.jpeg,0.00412109375,422,320,masks/IMG000328.png,aa69da71c159e04a93d17de3a661a71b8538f901d2c8886d30ed40c8e79c0ac3,0|255,320,3,,27,9,0.00412109375,3,0,3,0.7590217590332031,0.4523598253726959,0.22674480080604553,val,ok,0.15,1,1,12,5,17
23,8,0.9999999403953552,0.18954263627529144,0.0,0.999990234375,0.17193925380706787,ground_truth,,,,7.134930638130754e-05,0.13814453125,btxrd-heuristic-000180,IMG000337.jpeg,0.13814453125,14146,320,masks/IMG000337.png,460f3fff071c9115f9561a49036a87cd5f519cbbd55b7b8203ee47ebf646038c,0|255,320,4,,36,12,0.13970703125,3,0,3,0.7728269696235657,0.4307059943675995,0.0017589039634913206,val,ok,0.15,1,1,14,10,24
79,18,1.0,0.3608766198158264,0.0,0.999990234375,0.2527599334716797,ground_truth,,,,0.0013489003758877516,0.128818359375,btxrd-heuristic-000181,IMG000338.jpeg,0.128818359375,13191,320,masks/IMG000338.png,31e231fdbb93cbb43ff97c8b7f98269ea8181ed05dc5ad87ce9c6151f99e2d8d,0|255,320,9,,81,27,0.129033203125,3,0,3,0.820925772190094,0.6579466462135315,0.24087217450141907,val,ok,0.1491796875,1,1,22,23,45
19,6,1.0,0.08553692698478699,0.0,0.999990234375,0.16082176566123962,ground_truth,,,,0.46885085105895996,0.076826171875,btxrd-heuristic-000183,IMG000340.jpeg,0.076826171875,7867,320,masks/IMG000340.png,5636e3e7f34589374989a4465d406372bc1b85394766f63bd7c813f05437d762,0|255,320,3,,27,9,0.07685546875,3,0,3,0.7314311861991882,0.4745308458805084,0.16528476774692535,val,ok,0.15,1,1,12,5,17
45,14,1.0,0.24352222681045532,0.0,0.999990234375,0.19725297391414642,ground_truth,,,,0.005661021918058395,0.09111328125,btxrd-heuristic-000203,IMG000372.jpeg,0.09111328125,9330,320,masks/IMG000372.png,e8ea202d8fc96346a872acbeb25fd80a5db7ae4aea0ec7541a1215c0ebf602e9,0|255,320,7,,60,20,0.091328125,3,0,3,0.7919477224349976,0.48406922817230225,0.015209512785077095,val,ok,0.149599609375,1,1,20,16,36
16,6,1.0,0.10817155241966248,0.0,0.999990234375,0.16069243848323822,ground_truth,,,,0.9977733492851257,0.136396484375,btxrd-heuristic-000208,IMG000378.jpeg,0.136396484375,13967,320,masks/IMG000378.png,b27f64e434e8744d15fad0e129fd89ba7d0ab5087331ae747534a72d83bce3d2,0|255,320,3,,27,9,0.13685546875,3,0,3,0.6522659063339233,0.425187349319458,0.01932765357196331,val,ok,0.15,1,1,12,5,17
48,12,1.0,0.19079750776290894,0.0,0.999990234375,0.22226770222187042,ground_truth,,,,0.7091168165206909,0.034150390625,btxrd-heuristic-000223,IMG000408.jpeg,0.034150390625,3497,320,masks/IMG000408.png,801125dff4976c9989f9119594777465a74805196a85352efd3ddcb60ebeac6a,0|255,320,6,,54,18,0.035703125,3,0,3,0.700788140296936,0.5110505223274231,0.2458794116973877,val,ok,0.15,1,1,22,10,32
41,10,1.0,0.22275173664093018,0.0,0.999990234375,0.23099367320537567,ground_truth,,,,0.00010441496124258265,0.114501953125,btxrd-heuristic-000228,IMG000414.jpeg,0.114501953125,11725,320,masks/IMG000414.png,6a7bf8b93843f00496ad2a399bf97a707937e29f0bb6728843ba28370a687643,0|255,320,5,,45,15,0.11451171875,3,0,3,0.7821989059448242,0.6235176920890808,0.09790978580713272,val,ok,0.15,1,1,17,8,25
40,12,0.9999999403953552,0.16436311602592468,0.0,0.999990234375,0.194356769323349,ground_truth,,,,0.9999951124191284,0.038701171875,btxrd-heuristic-000229,IMG000415.jpeg,0.038701171875,3963,320,masks/IMG000415.png,2ed1580bc122aeec97ae37dec053af1f55f3ff6ec05163cd94b0149389024942,0|255,320,6,,54,18,0.0387890625,3,0,3,0.729714035987854,0.5197029709815979,0.05466434732079506,val,ok,0.15,1,4,23,10,33
42,16,1.0,0.25947949290275574,0.0,0.9999609375,0.1752946376800537,ground_truth,,,,0.0001464639644837007,0.057060546875,btxrd-heuristic-000230,IMG000416.jpeg,0.057060546875,5843,320,masks/IMG000416.png,1e444545700b13e8688bd1d4fece98731f52d86f9e5c783c2f5bc0f9faeb4922,0|255,320,8,,72,24,0.057060546875,3,0,3,0.7118877172470093,0.40913522243499756,0.043235696852207184,val,ok,0.14314453125,1,1,32,15,47
9,10,1.0,0.11759989708662033,0.0,0.999990234375,0.14703147113323212,ground_truth,,,,0.000572879274841398,0.0012109375,btxrd-heuristic-000233,IMG000420.jpeg,0.0012109375,124,320,masks/IMG000420.png,21174d277f6e20bd8f3601831342d057451e80b509ddcb78a438cd79d5035af1,0|255,320,5,,45,15,0.0012109375,3,0,3,0.6956859827041626,0.27503490447998047,0.0022487470414489508,val,ok,0.15,1,1,19,10,29
75,18,0.9999999403953552,0.33677756786346436,0.0,0.999990234375,0.22258514165878296,ground_truth,,,,5.317503382684663e-05,0.04958984375,btxrd-heuristic-000244,IMG000439.jpeg,0.04958984375,5078,320,masks/IMG000439.png,5531ac701263c5d1e75b2b4a370c61ceabdd8cb1be93038b7ea594169eeddfdf,0|255,320,9,,81,27,0.04984375,3,0,3,0.7638810276985168,0.6301988363265991,0.19231358170509338,val,ok,0.15,1,1,27,24,51
13,12,1.0,0.17039558291435242,0.0,0.9999609375,0.14608128368854523,ground_truth,,,,0.04354490712285042,0.0529296875,btxrd-heuristic-000260,IMG000467.jpeg,0.0529296875,5420,320,masks/IMG000467.png,2f30ec2f05d230a3ad7431b38b22a58d5ad1b0caf67700483033cc7587818cc8,0|255,320,6,,54,18,0.0529296875,3,0,3,0.549577534198761,0.24868597090244293,0.0012880188878625631,val,ok,0.15,1,3,23,11,34
23,6,1.0,0.09541425853967667,0.0,0.999990234375,0.17100012302398682,ground_truth,,,,0.999402642250061,0.061943359375,btxrd-heuristic-000267,IMG000478.jpeg,0.061943359375,6343,320,masks/IMG000478.png,607cfa5dec6b5583db8b42abd97a01c5d574b1edbd6be13ad32d47ef9319ff65,0|255,320,3,,27,9,0.06572265625,3,0,3,0.6610713601112366,0.47912725806236267,0.2796202003955841,val,ok,0.15,1,2,12,5,17
3,6,1.0,0.10292837023735046,0.0,0.999990234375,0.14123600721359253,ground_truth,,,,0.9990129470825195,0.110048828125,btxrd-heuristic-000269,IMG000481.jpeg,0.110048828125,11269,320,masks/IMG000481.png,4bbaf703990fc51100d5ebd5e36c7bf2123a85b1a973b5b1a1f4e01eacff6f79,0|255,320,3,,27,9,0.1105078125,2,0,2,0.42857274413108826,0.31282705068588257,0.05320809409022331,val,ok,0.15,1,1,12,5,17
51,18,0.9999999403953552,0.24078816175460815,0.0,0.999990234375,0.1642257273197174,ground_truth,,,,0.20908722281455994,0.050087890625,btxrd-heuristic-000278,IMG000496.jpeg,0.050087890625,5129,320,masks/IMG000496.png,10c1d257bac264a6d16e37b0280e42a955a2ae75c7492d7655f7f35aaa7bd24b,0|255,320,9,,81,27,0.050185546875,3,0,3,0.6874468922615051,0.4472385346889496,0.07368328422307968,val,ok,0.14990234375,1,3,34,15,49
35,12,1.0,0.16361869871616364,0.0,0.999990234375,0.16785357892513275,ground_truth,,,,0.9984388947486877,0.079794921875,btxrd-heuristic-000287,IMG000513.jpeg,0.079794921875,8171,320,masks/IMG000513.png,96d9bf140ad28b2ade8484d23d686ff46168dd9e7d76d8c5620b6e9cb74fac6e,0|255,320,6,,54,18,0.0798046875,3,0,3,0.6495346426963806,0.43432480096817017,0.27248021960258484,val,ok,0.15,1,7,24,10,34
13,6,1.0,0.09984943270683289,0.0,0.999990234375,0.1556638479232788,ground_truth,,,,0.9367724657058716,0.093466796875,btxrd-heuristic-000302,IMG000542.jpeg,0.093466796875,9571,320,masks/IMG000542.png,7720da8c14d8b7d396bdf0796b65da517cfcbdb48f91cdab02a11ba2c2e50758,0|255,320,3,,27,9,0.094599609375,3,0,3,0.6118075847625732,0.4130103290081024,0.2932049632072449,val,ok,0.15,1,1,12,5,17
22,6,1.0,0.10321235656738281,0.0,0.999990234375,0.1687157303094864,ground_truth,,,,0.999984860420227,0.0,btxrd-heuristic-000305,IMG000548.jpeg,0.0,0,320,masks/IMG000548.png,14bf4fc16d7e9f17cb073a83ba89ab04bd4c22a2b6f80f25bf73a67ce7a0a340,0,320,3,no_candidate_survived_or_postprocess_empty,27,9,0.00037109375,3,0,3,0.7132675051689148,0.5135279297828674,0.28098058700561523,val,empty_after_localization,0.15,1,5,12,5,17
20,6,1.0,0.08217397332191467,0.0,0.999990234375,0.1507207602262497,ground_truth,,,,0.9998832941055298,0.06439453125,btxrd-heuristic-000305,IMG000549.jpeg,0.06439453125,6594,320,masks/IMG000549.png,5e7fcee14ff0aa097a618f663edc84b63db113d401b5ee11a6017d5d38657f9f,0|255,320,3,,27,9,0.066748046875,3,0,3,0.6742254495620728,0.4846252501010895,0.3183131515979767,val,ok,0.15,1,5,12,5,17
36,8,1.0,0.12753376364707947,0.0,0.999990234375,0.20334802567958832,ground_truth,,,,0.9994215965270996,0.06966796875,btxrd-heuristic-000308,IMG000555.jpeg,0.06966796875,7134,320,masks/IMG000555.png,2fcee44d188d08396973c9ddb364c2821a34bb49a3307b685163605cb44d5adf,0|255,320,4,,36,12,0.0698046875,3,0,3,0.8160609006881714,0.6729849576950073,0.5877735018730164,val,ok,0.15,1,4,16,6,22
23,6,1.0,0.11566103994846344,0.0,0.999990234375,0.18202781677246094,ground_truth,,,,0.9998704195022583,0.0899609375,btxrd-heuristic-000308,IMG000556.jpeg,0.0899609375,9212,320,masks/IMG000556.png,a7f1b0a7217de32a4f3798c7dd7cda5ed5d798ce9bcb13106d70a38d465a8901,0|255,320,3,,27,9,0.09146484375,3,0,3,0.742997407913208,0.5131601095199585,0.16809464991092682,val,ok,0.149521484375,1,4,12,5,17
26,8,1.0,0.12054005265235901,0.0,0.999990234375,0.1857898086309433,ground_truth,,,,0.9545186758041382,0.063046875,btxrd-heuristic-000311,IMG000562.jpeg,0.063046875,6456,320,masks/IMG000562.png,7671f176719fd7c09100d4712878397996094b7e56cf4a0b4ede1eae88babd4e,0|255,320,4,,36,12,0.063046875,3,0,3,0.6609349846839905,0.43206870555877686,0.0008521877462044358,val,ok,0.14994140625,1,7,13,8,21
26,6,0.9999999403953552,0.11321146786212921,0.0,0.999990234375,0.19320258498191833,ground_truth,,,,0.9982376098632812,0.110302734375,btxrd-heuristic-000320,IMG000576.jpeg,0.110302734375,11295,320,masks/IMG000576.png,c98ff5ace2b682d759074771dbb60c7a3f0a72dc166373f66ec3643fc2df5fb6,0|255,320,3,,27,9,0.110830078125,3,0,3,0.7682934999465942,0.5571030974388123,0.3563024699687958,val,ok,0.15,1,5,12,5,17
27,6,1.0,0.10576766729354858,0.0,0.9999609375,0.19143949449062347,ground_truth,,,,0.9999262094497681,0.125400390625,btxrd-heuristic-000324,IMG000582.jpeg,0.125400390625,12841,320,masks/IMG000582.png,1876c74373445cc4c1dc87bfcd95163976223f0e7ae7adf7c24b9203aba38880,0|255,320,3,,27,9,0.125458984375,3,0,3,0.774269700050354,0.6200858354568481,0.47594305872917175,val,ok,0.15,1,3,12,5,17
74,18,1.0,0.4156228005886078,0.0,0.999990234375,0.1770530492067337,ground_truth,,,,7.368627848336473e-05,0.032646484375,btxrd-heuristic-000341,IMG000612.jpeg,0.032646484375,3343,320,masks/IMG000612.png,67227e56070291082310c01f0d71c31936090a864a067609f100ac0b897d0223,0|255,320,9,,81,27,0.032666015625,3,0,3,0.7522670030593872,0.5958552956581116,0.2592814564704895,val,ok,0.146708984375,1,7,28,21,49
76,18,1.0,0.3135327100753784,0.0,0.999990234375,0.20221249759197235,ground_truth,,,,3.691897290991619e-05,0.064970703125,btxrd-heuristic-000349,IMG000628.jpeg,0.064970703125,6653,320,masks/IMG000628.png,73c6fc8a38d4e95e0c340b367346783cbaf9cd1f084d850050493fb22506b690,0|255,320,9,,81,27,0.065,3,0,3,0.7513703107833862,0.586659848690033,0.2310912311077118,val,ok,0.149052734375,1,3,28,16,44
17,12,1.0,0.11436416953802109,0.0,0.999990234375,0.1557965725660324,ground_truth,,,,0.99785977602005,0.04173828125,btxrd-heuristic-000354,IMG000636.jpeg,0.04173828125,4274,320,masks/IMG000636.png,9870f045841c88ecad0613c882ba146185deb71c26b098865feda6567a100dd9,0|255,320,6,,54,18,0.043466796875,3,0,3,0.6120054125785828,0.2978895604610443,0.008378722704946995,val,ok,0.15,1,3,20,10,30
17,14,1.0,0.20119844377040863,0.0,0.999990234375,0.15740172564983368,ground_truth,,,,0.41636553406715393,0.020009765625,btxrd-heuristic-000358,IMG000641.jpeg,0.020009765625,2049,320,masks/IMG000641.png,8998b094e66c1e03ea96f67ad7c58d08f4b2d09a41968d1c551006c212998e82,0|255,320,7,,63,21,0.02025390625,3,0,3,0.7166405320167542,0.32038310170173645,0.0,val,ok,0.15,1,1,28,13,41
26,6,1.0,0.08397125452756882,0.0,0.999990234375,0.15328556299209595,ground_truth,,,,0.9993103742599487,0.04255859375,btxrd-heuristic-000359,IMG000642.jpeg,0.04255859375,4358,320,masks/IMG000642.png,939c781fb5bff4bed49c8cd1f93cb9325d49f1a45c8b9b41b86d72ea52c8aa9d,0|255,320,3,,27,9,0.0426171875,3,0,3,0.7157711386680603,0.5416939854621887,0.361427366733551,val,ok,0.15,1,3,12,5,17
24,8,0.9999999403953552,0.12743420898914337,0.0,0.999990234375,0.190364271402359,ground_truth,,,,0.9999978542327881,0.02396484375,btxrd-heuristic-000370,IMG000660.jpeg,0.02396484375,2454,320,masks/IMG000660.png,cf31fbe0d1035a5282664432cf08ca26e152f31057d7e18cbd8e182b67f07df1,0|255,320,4,,36,12,0.024453125,3,0,3,0.7799173593521118,0.4535216689109802,0.04423435032367706,val,ok,0.15,1,2,13,8,21
29,16,1.0,0.22682027518749237,0.0,0.999990234375,0.18603980541229248,ground_truth,,,,0.6802482604980469,0.0541796875,btxrd-heuristic-000377,IMG000672.jpeg,0.0541796875,5548,320,masks/IMG000672.png,4664ac961637cfe7861911baa2f44682afdbb147feb90249c014da6650710f45,0|255,320,8,,72,24,0.054736328125,3,0,3,0.6544338464736938,0.3227654695510864,0.0167532991617918,val,ok,0.15,1,1,25,17,42
14,6,1.0,0.10550336539745331,0.0,0.999990234375,0.16652777791023254,ground_truth,,,,0.9999521970748901,0.10615234375,btxrd-heuristic-000383,IMG000681.jpeg,0.10615234375,10870,320,masks/IMG000681.png,f9cda195b93fca5d1fb14925bb0ed9aa436104285511e2e653320bbd23f332b6,0|255,320,3,,27,9,0.10626953125,3,0,3,0.5697065591812134,0.3916511833667755,0.14303648471832275,val,ok,0.15,1,1,12,5,17
21,10,1.0,0.23431511223316193,0.0,0.999990234375,0.1542672961950302,ground_truth,,,,0.00023190387582872063,0.0524609375,btxrd-heuristic-000384,IMG000682.jpeg,0.0524609375,5372,320,masks/IMG000682.png,1af66e111a7cbdffe37232116f41bb55e1c703bcdc08498ef4bafb7740353af3,0|255,320,5,,45,15,0.0526953125,3,0,3,0.7280635833740234,0.413349449634552,0.20898115634918213,val,ok,0.15,1,1,20,10,30
17,6,0.9999999403953552,0.1526767760515213,0.0,0.999990234375,0.1792534738779068,ground_truth,,,,0.22838513553142548,0.1045703125,btxrd-heuristic-000394,IMG000699.jpeg,0.1045703125,10708,320,masks/IMG000699.png,5741cf03c9ca5d7591fd6eaa5cb4af6fafcd847987b96cb64fc8cbb27c7580fa,0|255,320,3,,27,9,0.1045703125,3,0,3,0.7505449652671814,0.4545356333255768,0.31660962104797363,val,ok,0.15,1,1,12,5,17
29,8,1.0,0.17828743159770966,0.0,0.999990234375,0.18796658515930176,ground_truth,,,,0.19272054731845856,0.0225,btxrd-heuristic-000411,IMG000727.jpeg,0.0225,2304,320,masks/IMG000727.png,b5e102176c81b814360f552f4b46fc3fe364fe193b5870dd25858368dece9beb,0|255,320,5,,42,14,0.0228125,3,0,3,0.7511008381843567,0.49841853976249695,0.2322542369365692,val,ok,0.15,1,1,17,10,27
19,14,1.0,0.12247437238693237,0.0,0.999990234375,0.17015887796878815,ground_truth,,,,0.9999760389328003,0.09578125,btxrd-heuristic-000422,IMG000747.jpeg,0.09578125,9808,320,masks/IMG000747.png,12f89ba51346009e8c6cbc68b645a0f341f565b179b257253343ad9dfe4c953f,0|255,320,7,,63,21,0.098388671875,3,0,3,0.6179262399673462,0.22666634619235992,0.0002009289019042626,val,ok,0.15,1,1,22,15,37
7,6,1.0,0.11060387641191483,0.0,0.999990234375,0.15933172404766083,ground_truth,,,,0.999880313873291,0.037314453125,btxrd-heuristic-000424,IMG000749.jpeg,0.037314453125,3821,320,masks/IMG000749.png,4c0da846e93dab9733b68585ad3c73b72c7038a44ced31a0cec8c7baacab2320,0|255,320,3,,27,9,0.037509765625,2,0,2,0.6030426025390625,0.3526073694229126,0.06894392520189285,val,ok,0.150009765625,1,1,12,5,17
51,12,0.9999999403953552,0.28050175309181213,0.0,0.999990234375,0.20577387511730194,ground_truth,,,,0.0070188771933317184,0.01869140625,btxrd-heuristic-000425,IMG000750.jpeg,0.01869140625,1914,320,masks/IMG000750.png,8c5303c9383418ef9e16fde07503eb4810b1ba33919dcfe95bd9119545d11514,0|255,320,7,,60,20,0.018857421875,3,0,3,0.7542705535888672,0.5692023038864136,0.21221576631069183,val,ok,0.15,1,1,24,15,39
25,6,1.0,0.1275048851966858,0.0,0.999990234375,0.2080041915178299,ground_truth,,,,0.9996911287307739,0.122880859375,btxrd-heuristic-000426,IMG000751.jpeg,0.122880859375,12583,320,masks/IMG000751.png,307f4c97d868b4977769fdcef6a16ec9f733c851c0546417381c9fec4ea68beb,0|255,320,3,,27,9,0.123203125,3,0,3,0.7965707778930664,0.5264318585395813,0.3448505699634552,val,ok,0.15,1,1,12,5,17
6,6,1.0,0.10728184878826141,0.0,0.999990234375,0.15609274804592133,ground_truth,,,,0.9999750852584839,0.003662109375,btxrd-heuristic-000434,IMG000762.jpeg,0.003662109375,375,320,masks/IMG000762.png,67d559e3bf18e859953c05dccce415129d06d2b98974c609188b54f95cbc432f,0|255,320,3,,27,9,0.003876953125,1,0,1,0.5534491539001465,0.3422229290008545,0.12245524674654007,val,ok,0.15,1,1,12,5,17
17,8,1.0,0.14238311350345612,0.0,0.999990234375,0.17278587818145752,ground_truth,,,,0.9256179332733154,0.107685546875,btxrd-heuristic-000435,IMG000763.jpeg,0.107685546875,11027,320,masks/IMG000763.png,7a5975ad980758a763a27cd4840ff796bfb17ad473ecaa7ca42ac2bc36195d5b,0|255,320,4,,36,12,0.10775390625,3,0,3,0.5990974307060242,0.3996281623840332,0.1307574361562729,val,ok,0.15,1,1,14,10,24
51,14,0.9999999403953552,0.22526201605796814,0.0,0.999990234375,0.19653186202049255,ground_truth,,,,0.99894779920578,0.073203125,btxrd-heuristic-000452,IMG000793.jpeg,0.073203125,7496,320,masks/IMG000793.png,c8c1b93b559454bad29fa36fa07e4ba59bf5062ed76ea533853c15daf94699b7,0|255,320,7,,63,21,0.07328125,3,0,3,0.7518050074577332,0.5153299570083618,0.036485932767391205,val,ok,0.15,1,3,26,12,38
49,14,1.0,0.3179917633533478,0.0,0.999990234375,0.22450339794158936,ground_truth,,,,0.999998927116394,0.07181640625,btxrd-heuristic-000452,IMG000794.jpeg,0.07181640625,7354,320,masks/IMG000794.png,b710250548feee16a34d62147a3deb48aad05bf2c4d7fa68f78b0a76a95cb85e,0|255,320,7,,63,21,0.07193359375,3,0,3,0.7485833168029785,0.5744807124137878,0.2512693405151367,val,ok,0.146240234375,1,3,23,15,38
34,8,1.0,0.18733786046504974,0.0,0.999990234375,0.21689201891422272,ground_truth,,,,0.9999704360961914,0.11341796875,btxrd-heuristic-000476,IMG000838.jpeg,0.11341796875,11614,320,masks/IMG000838.png,09fa69c83d3617f6a02a0d5e0e55a490756bff99ee4e6c6c0c83d05206af4456,0|255,320,4,,36,12,0.113486328125,3,0,3,0.7800586223602295,0.5901492238044739,0.3796900808811188,val,ok,0.15,1,7,16,10,26
43,10,1.0,0.24302373826503754,0.0,0.999990234375,0.2314108908176422,ground_truth,,,,0.964000940322876,0.051552734375,btxrd-heuristic-000501,IMG000876.jpeg,0.051552734375,5279,320,masks/IMG000876.png,5842ceb7cade48ef9af99f5b6602151a6a67bef302cce60a8267cfdd52b2abb2,0|255,320,5,,45,15,0.051552734375,3,0,3,0.7895264029502869,0.6466344594955444,0.2764875888824463,val,ok,0.15,1,1,16,12,28
39,12,0.9999999403953552,0.21456916630268097,0.0,0.999990234375,0.2244948148727417,ground_truth,,,,0.9998648166656494,0.0744140625,btxrd-heuristic-000513,IMG000895.jpeg,0.0744140625,7620,320,masks/IMG000895.png,45d8a1226940fb5fd519c18e16806cf0f372015413f62e9747aaef6139e1876f,0|255,320,6,,54,18,0.074462890625,3,0,3,0.7792627811431885,0.5045985579490662,0.1400802880525589,val,ok,0.15,1,1,21,10,31
27,6,1.0,0.18731123208999634,0.0,0.999990234375,0.19696632027626038,ground_truth,,,,0.9999693632125854,0.058857421875,btxrd-heuristic-000516,IMG000899.jpeg,0.058857421875,6027,320,masks/IMG000899.png,8561ffe1f69e845d68fc198509803f9ad07ed9ec81540aa5f60014856dd566eb,0|255,320,3,,27,9,0.062119140625,3,0,3,0.7760773301124573,0.6388054490089417,0.5212370157241821,val,ok,0.15,1,1,12,5,17
27,6,1.0,0.14542999863624573,0.0,0.999990234375,0.21235044300556183,ground_truth,,,,0.9999511241912842,0.1019921875,btxrd-heuristic-000518,IMG000901.jpeg,0.1019921875,10444,320,masks/IMG000901.png,a59af65ee88ed497d4fc938aa3537db6a3c6a1ab2152a1758d1ec138fba20246,0|255,320,3,,27,9,0.1019921875,3,0,3,0.7719961404800415,0.6058162450790405,0.49813374876976013,val,ok,0.15,1,1,12,5,17
9,6,0.9999999403953552,0.12282752990722656,0.0,0.999990234375,0.1579606682062149,ground_truth,,,,0.9999133348464966,0.133271484375,btxrd-heuristic-000519,IMG000902.jpeg,0.133271484375,13647,320,masks/IMG000902.png,993ef18988e5a5d988701160d64b0ef71a5f6a4790cbd0550c5ecc96e567ae9d,0|255,320,3,,27,9,0.142451171875,3,0,3,0.5474420785903931,0.3701346218585968,0.09456251561641693,val,ok,0.15,1,1,12,5,17
7,6,1.0,0.13314762711524963,0.0,0.999990234375,0.16932405531406403,ground_truth,,,,0.9999850988388062,0.1094921875,btxrd-heuristic-000521,IMG000905.jpeg,0.1094921875,11212,320,masks/IMG000905.png,fe0c968b9ab32814068ecf4453853f8d16cbd21ad5172059db19192b4cebc355,0|255,320,3,,27,9,0.109716796875,2,0,2,0.6194956302642822,0.3940364718437195,0.2265939861536026,val,ok,0.15,1,1,12,5,17
19,6,1.0,0.09557786583900452,0.0,0.999990234375,0.17030714452266693,ground_truth,,,,0.9998179078102112,0.0117578125,btxrd-heuristic-000527,IMG000917.jpeg,0.0117578125,1204,320,masks/IMG000917.png,9e15849916182c7c7b22fb916a89f6ff9070325a0d4a758e9dceca381ce43554,0|255,320,3,,27,9,0.012919921875,3,0,3,0.7423452734947205,0.47877299785614014,0.28421446681022644,val,ok,0.15,1,1,12,5,17
27,10,1.0,0.11771934479475021,0.0,0.999990234375,0.19568893313407898,ground_truth,,,,0.9874234795570374,0.10859375,btxrd-heuristic-000528,IMG000918.jpeg,0.10859375,11120,320,masks/IMG000918.png,4e251df252c2a50619e705b28fb5842daf14ae713e35377f5f2026e663e7c830,0|255,320,5,,45,15,0.10859375,3,0,3,0.7747257947921753,0.42884257435798645,0.006547572556883097,val,ok,0.149912109375,1,1,20,11,31
25,10,1.0,0.14413146674633026,0.0,0.999990234375,0.17440184950828552,ground_truth,,,,0.999660849571228,0.02748046875,btxrd-heuristic-000533,IMG000924.jpeg,0.02748046875,2814,320,masks/IMG000924.png,e165f8e912575295231e835009fcd9dce2ba2b04b6858ffee6056224f9891f7e,0|255,320,5,,45,15,0.02748046875,3,0,3,0.752298891544342,0.39790642261505127,0.07780759781599045,val,ok,0.15,1,1,20,10,30
23,6,1.0,0.10799704492092133,0.0,0.999990234375,0.16836756467819214,ground_truth,,,,0.9764022827148438,0.0745703125,btxrd-heuristic-000536,IMG000928.jpeg,0.0745703125,7636,320,masks/IMG000928.png,3d00781532c8f5922ac45bd5d33fed56fb6ac2bb0c5301392e901c6617046ee0,0|255,320,3,,27,9,0.07525390625,3,0,3,0.6800636649131775,0.48245862126350403,0.20866288244724274,val,ok,0.15,1,1,12,5,17
35,10,1.0,0.17538577318191528,0.0,0.999990234375,0.20042316615581512,ground_truth,,,,0.9894212484359741,0.12662109375,btxrd-heuristic-000538,IMG000930.jpeg,0.12662109375,12966,320,masks/IMG000930.png,9e61712c1ef951e0f5ad8a08f4ccdb29059fb77f3a094ccfdd0e6a0ee1e7451b,0|255,320,5,,45,15,0.126669921875,3,0,3,0.7062729597091675,0.489660382270813,0.06951169669628143,val,ok,0.15,1,1,15,10,25
26,6,1.0,0.11860376596450806,0.0,0.999990234375,0.17599071562290192,ground_truth,,,,0.9994780421257019,0.091015625,btxrd-heuristic-000539,IMG000931.jpeg,0.091015625,9320,320,masks/IMG000931.png,6ce24428b4765b89baf072421b32d7f64908141394f467ff5bc09ef3164e7679,0|255,320,3,,27,9,0.0911328125,3,0,3,0.694679319858551,0.5480251908302307,0.38685211539268494,val,ok,0.15,1,1,12,5,17
23,6,1.0,0.13576185703277588,0.0,0.999990234375,0.18089106678962708,ground_truth,,,,0.9999533891677856,0.069091796875,btxrd-heuristic-000540,IMG000932.jpeg,0.069091796875,7075,320,masks/IMG000932.png,c879786dea0b2d7f8cac894c737bfafa621f2f8d56696c033c42fc34f854cdd7,0|255,320,3,,27,9,0.0784375,3,0,3,0.6152967214584351,0.44036152958869934,0.03231389448046684,val,ok,0.15,1,1,12,5,17
24,8,1.0,0.10885333269834518,0.0,0.999990234375,0.17821596562862396,ground_truth,,,,0.9998735189437866,0.038701171875,btxrd-heuristic-000547,IMG000944.jpeg,0.038701171875,3963,320,masks/IMG000944.png,9059d3a42bd934a1632e80822381fbb407de7d8223659c851851f0659538a590,0|255,320,4,,36,12,0.03880859375,3,0,3,0.732575535774231,0.441543847322464,0.001251273904927075,val,ok,0.15,1,2,13,8,21
35,8,1.0,0.16069941222667694,0.0,0.999990234375,0.22774337232112885,ground_truth,,,,0.9996812343597412,0.090888671875,btxrd-heuristic-000561,IMG000963.jpeg,0.090888671875,9307,320,masks/IMG000963.png,719bd50d9efbce8f2a2cf1ac36b5734f47f53120387335b40c5518c5f8f8e674,0|255,320,4,,36,12,0.090927734375,3,0,3,0.7844250798225403,0.6562450528144836,0.3705916702747345,val,ok,0.15,1,2,14,10,24
51,16,1.0,0.20537538826465607,0.0,0.999990234375,0.20403021574020386,ground_truth,,,,0.9984475374221802,0.082470703125,btxrd-heuristic-000566,IMG000969.jpeg,0.082470703125,8445,320,masks/IMG000969.png,255463cfd258571c8fef9e9720508e552ab1936b96b8904642322a2a6e365d3b,0|255,320,8,,72,24,0.082822265625,3,0,3,0.7253904938697815,0.49264970421791077,0.16566260159015656,val,ok,0.15,1,2,31,15,46
47,14,0.9999999403953552,0.1834019273519516,0.0,0.999990234375,0.20100632309913635,ground_truth,,,,0.999821126461029,0.02533203125,btxrd-heuristic-000568,IMG000971.jpeg,0.02533203125,2594,320,masks/IMG000971.png,6d2b2345c57c40e41add4d086069f32e1ef74d1ff3bed62bcbd54cbf1dfddb46,0|255,320,7,,63,21,0.025751953125,3,0,3,0.7563756108283997,0.5040056705474854,0.21807369589805603,val,ok,0.150009765625,1,2,21,15,36
9,6,0.9999999403953552,0.12738056480884552,0.0,0.999990234375,0.1660902202129364,ground_truth,,,,0.9999997615814209,0.082138671875,btxrd-heuristic-000581,IMG000993.jpeg,0.082138671875,8411,320,masks/IMG000993.png,4b8d5f0fd543db775ccb3d119162bb89abc6b415e132f7e01ea22564fa6ce0ef,0|255,320,3,,27,9,0.082138671875,2,0,2,0.6300982236862183,0.38052743673324585,0.03457089513540268,val,ok,0.15,1,1,12,5,17
40,12,1.0,0.18677765130996704,0.0,0.999990234375,0.1952374428510666,ground_truth,,,,0.9999957084655762,0.05654296875,btxrd-heuristic-000583,IMG000996.jpeg,0.05654296875,5790,320,masks/IMG000996.png,2f2906bf81d66a849a818150fbfc15790029689c47a72fca4bb0d0340131fe62,0|255,320,6,,54,18,0.058720703125,3,0,3,0.7493975162506104,0.5018967390060425,0.19751349091529846,val,ok,0.15,1,1,23,10,33
36,8,1.0,0.14137528836727142,0.0,0.999990234375,0.215980663895607,ground_truth,,,,0.9999881982803345,0.11548828125,btxrd-heuristic-000591,IMG001006.jpeg,0.11548828125,11826,320,masks/IMG001006.png,a7328324741716545e27bdd85f56ceacb049f20d277c837ad4733ac809a1f790,0|255,320,4,,36,12,0.11556640625,3,0,3,0.77593594789505,0.6345107555389404,0.46946975588798523,val,ok,0.15,1,2,16,10,26
33,6,1.0,0.1904178112745285,0.0,0.999990234375,0.2417609840631485,ground_truth,,,,0.9999974966049194,0.116318359375,btxrd-heuristic-000592,IMG001007.jpeg,0.116318359375,11911,320,masks/IMG001007.png,3ffa6093c8981890bd5d7993fb966086babba234618f78583618a15117438265,0|255,320,4,,33,11,0.116318359375,3,0,3,0.7725186944007874,0.6523691415786743,0.4554825723171234,val,ok,0.15,1,2,15,10,25
31,12,1.0,0.12228965759277344,0.0,0.999990234375,0.17689788341522217,ground_truth,,,,0.842609167098999,0.040234375,btxrd-heuristic-000600,IMG001024.jpeg,0.040234375,4120,320,masks/IMG001024.png,66ca51cd0602d5f0ecf05b4f2a5938f0470d09d7a38347a429348daf5740d6df,0|255,320,6,,54,18,0.040390625,3,0,3,0.6679359674453735,0.4370708465576172,0.2371547967195511,val,ok,0.15,1,1,24,10,34
32,10,1.0,0.2202853411436081,0.0,0.999990234375,0.1966574490070343,ground_truth,,,,0.9786189198493958,0.05677734375,btxrd-heuristic-000605,IMG001030.jpeg,0.05677734375,5814,320,masks/IMG001030.png,2cbb8df3f50bf2cdae20b288668c8cd3ce98af2140bc170ade342eb7c3d98b5c,0|255,320,6,,51,17,0.056953125,3,0,3,0.731938898563385,0.4428512752056122,0.0015442498261108994,val,ok,0.14958984375,1,7,24,13,37
79,18,1.0,0.3036631643772125,0.0,0.999990234375,0.23148854076862335,ground_truth,,,,0.997708797454834,0.122412109375,btxrd-heuristic-000620,IMG001056.jpeg,0.122412109375,12535,320,masks/IMG001056.png,2749466df3a3b644133e91d965bb963443b75331b474cb3284abdf117ffde0a2,0|255,320,9,,81,27,0.12255859375,3,0,3,0.7853635549545288,0.6685527563095093,0.05754603073000908,val,ok,0.15,1,7,34,17,51
17,8,1.0,0.14519000053405762,0.0,0.999990234375,0.16123515367507935,ground_truth,,,,0.9974527955055237,0.0660546875,btxrd-heuristic-000622,IMG001059.jpeg,0.0660546875,6764,320,masks/IMG001059.png,b958c08a3cd4c2f28d1514782a8245e1dcd5ef02f38e35ca9a408a6f8cddbba4,0|255,320,4,,36,12,0.067783203125,3,0,3,0.6355699896812439,0.3497130870819092,0.0032907098066061735,val,ok,0.15,1,1,16,10,26
10,10,1.0,0.15175572037696838,0.0,0.999990234375,0.18472523987293243,ground_truth,,,,0.9999990463256836,0.16607421875,btxrd-heuristic-000623,IMG001060.jpeg,0.16607421875,17006,320,masks/IMG001060.png,d9f72b69e497d5fa180bd7bd88e5408535bb9d1f01105f48ab6c6b911b059d6e,0|255,320,5,,45,15,0.16607421875,3,0,3,0.5818999409675598,0.3022426664829254,0.024781696498394012,val,ok,0.15,1,1,17,10,27
25,6,1.0,0.2162528932094574,0.0,0.999990234375,0.23679739236831665,ground_truth,,,,0.9999948740005493,0.128759765625,btxrd-heuristic-000639,IMG001092.jpeg,0.128759765625,13185,320,masks/IMG001092.png,2bea9a0ddcf0e993e48b613786f8b9725139e23388e3c97a7ca89ca36cf1dc32,0|255,320,3,,27,9,0.128974609375,3,0,3,0.7810218930244446,0.577799916267395,0.32464295625686646,val,ok,0.15,1,2,12,5,17
22,6,1.0,0.1453930139541626,0.0,0.999990234375,0.2059459090232849,ground_truth,,,,0.9999896287918091,0.1058203125,btxrd-heuristic-000641,IMG001094.jpeg,0.1058203125,10836,320,masks/IMG001094.png,dec326d20df401a0173cbd59ada5693bc8189493c5d2e810380c0228125e2516,0|255,320,3,,27,9,0.106484375,3,0,3,0.7787353992462158,0.519357442855835,0.2689337432384491,val,ok,0.15,1,2,12,5,17
34,8,1.0,0.1986861675977707,0.0,0.999990234375,0.25615671277046204,ground_truth,,,,0.9986937642097473,0.1278515625,btxrd-heuristic-000644,IMG001098.jpeg,0.1278515625,13092,320,masks/IMG001098.png,47387746b7f22b33708384b08b3822322672445b0327bebf3701710231bfce68,0|255,320,4,,36,12,0.128154296875,3,0,3,0.782859206199646,0.6425938010215759,0.24158161878585815,val,ok,0.15,1,1,14,10,24
27,6,1.0,0.1336587369441986,0.0,0.999990234375,0.2030758112668991,ground_truth,,,,0.9999927282333374,0.12013671875,btxrd-heuristic-000649,IMG001106.jpeg,0.12013671875,12302,320,masks/IMG001106.png,e8a532c492c57e95dcade771aff9f96b3a5e29d6b4d69d994dc45f609d238d9a,0|255,320,3,,27,9,0.123447265625,3,0,3,0.7065460681915283,0.585418164730072,0.44797202944755554,val,ok,0.15,1,2,12,5,17
28,8,1.0,0.1643880009651184,0.0,0.999990234375,0.19317615032196045,ground_truth,,,,0.9911295175552368,0.126513671875,btxrd-heuristic-000669,IMG001136.jpeg,0.126513671875,12955,320,masks/IMG001136.png,81a518a4c831e9f9223d410fa8fd603ebbd9923341d9516a1176d19afab14992,0|255,320,4,,36,12,0.126630859375,3,0,3,0.7243812680244446,0.4561298191547394,0.019975805655121803,val,ok,0.15,1,1,16,7,23
19,14,1.0,0.19748644530773163,0.0,0.999990234375,0.19051826000213623,ground_truth,,,,0.9999884366989136,0.05408203125,btxrd-heuristic-000672,IMG001140.jpeg,0.05408203125,5538,320,masks/IMG001140.png,37a556bf29c8b0c12bd9ddbe3b5970f3f02e29d230b50688ff074137b4ceae28,0|255,320,7,,63,21,0.054384765625,3,0,3,0.7248284220695496,0.27810952067375183,0.005176317412406206,val,ok,0.15,1,1,25,15,40
25,6,1.0,0.16113390028476715,0.0,0.999990234375,0.19123515486717224,ground_truth,,,,0.9999885559082031,0.08697265625,btxrd-heuristic-000673,IMG001141.jpeg,0.08697265625,8906,320,masks/IMG001141.png,c4cec2dcdf1c34b8b141055f405a988c5ddc7920cbf7ed13618eb07d980e3a09,0|255,320,3,,27,9,0.087119140625,3,0,3,0.6732070446014404,0.5224928259849548,0.09782980382442474,val,ok,0.15,1,1,12,5,17
21,12,1.0,0.1248905286192894,0.0,0.999990234375,0.17192330956459045,ground_truth,,,,0.9994391798973083,0.046171875,btxrd-heuristic-000693,IMG001174.jpeg,0.046171875,4728,320,masks/IMG001174.png,90c7e348a468269eb5d9d3a6a66b26de4a8ac1fa445ebc7ce54ba56ff8f4d131,0|255,320,6,,54,18,0.047587890625,3,0,3,0.6726720333099365,0.32300278544425964,0.03724425286054611,val,ok,0.15,1,2,24,10,34
27,6,1.0,0.11608830094337463,0.0,0.999990234375,0.18119284510612488,ground_truth,,,,0.9999978542327881,0.03955078125,btxrd-heuristic-000702,IMG001190.jpeg,0.03955078125,4050,320,masks/IMG001190.png,7e8c618bcfd898b8a97c7c74dd3e2dfee5de319896a6c0eb9149736ad1743efc,0|255,320,3,,27,9,0.039560546875,3,0,3,0.7164074182510376,0.5555665493011475,0.41873899102211,val,ok,0.15,1,6,12,5,17
27,6,1.0,0.14706671237945557,0.0,0.999990234375,0.2002377063035965,ground_truth,,,,0.9999604225158691,0.03537109375,btxrd-heuristic-000702,IMG001191.jpeg,0.03537109375,3622,320,masks/IMG001191.png,a52ef2455f76b100845ee7170c17fe16bc06ec36ae161b79684826640844e8e3,0|255,320,3,,27,9,0.035986328125,3,0,3,0.7248462438583374,0.563499391078949,0.4287639558315277,val,ok,0.15,1,6,12,5,17
25,6,1.0,0.10091163963079453,0.0,0.999990234375,0.17564362287521362,ground_truth,,,,0.9999594688415527,0.021826171875,btxrd-heuristic-000707,IMG001202.jpeg,0.021826171875,2235,320,masks/IMG001202.png,b7edd43fa187e1559ad689090fb9aa4f04eecd6d42319056f7bb1b990a2a4110,0|255,320,3,,27,9,0.022353515625,3,0,3,0.7295405864715576,0.5387888550758362,0.2985777258872986,val,ok,0.15,1,1,12,5,17
23,8,1.0,0.12135401368141174,0.0,0.999990234375,0.16140446066856384,ground_truth,,,,0.9996552467346191,0.05345703125,btxrd-heuristic-000710,IMG001206.jpeg,0.05345703125,5474,320,masks/IMG001206.png,2c61f51996e802ab4bc9c0f809965b7fd0e40884a6a0689586ee97e5e1beda2a,0|255,320,4,,36,12,0.053564453125,3,0,3,0.6241602897644043,0.38507577776908875,0.0011891721514984965,val,ok,0.15,1,1,15,6,21
24,6,1.0,0.11281999945640564,0.0,0.999990234375,0.18195556104183197,ground_truth,,,,0.9998739957809448,0.053310546875,btxrd-heuristic-000715,IMG001215.jpeg,0.053310546875,5459,320,masks/IMG001215.png,32866a44311c9ef38dbb86e49fb8396003c9a94b86f0bbcf0898536b88cb9a63,0|255,320,3,,27,9,0.0533203125,3,0,3,0.787150502204895,0.5989513993263245,0.046938538551330566,val,ok,0.15,1,6,12,5,17
27,6,1.0,0.13050663471221924,0.0,0.999990234375,0.19451791048049927,ground_truth,,,,1.0,0.068837890625,btxrd-heuristic-000715,IMG001216.jpeg,0.068837890625,7049,320,masks/IMG001216.png,1d8a84219dc7f39f36b93cc1193641a1e8951a16ee1911ea7e3c11e219bb8082,0|255,320,3,,27,9,0.06900390625,3,0,3,0.7771376371383667,0.6568645238876343,0.5273696780204773,val,ok,0.15,1,6,12,5,17
26,8,0.9999999403953552,0.1821403056383133,0.0,0.999990234375,0.20372262597084045,ground_truth,,,,0.9999946355819702,0.1101171875,btxrd-heuristic-000717,IMG001219.jpeg,0.1101171875,11276,320,masks/IMG001219.png,f3de62984a99cb93381a806caafd14622c12e4a15bd9f6e6c2469c428aa7775e,0|255,320,4,,36,12,0.110517578125,3,0,3,0.7543816566467285,0.5078436136245728,0.29611462354660034,val,ok,0.15,1,1,15,10,25
11,6,1.0,0.09630656242370605,0.0,0.999990234375,0.140288308262825,ground_truth,,,,0.9693349003791809,0.075859375,btxrd-heuristic-000724,IMG001231.jpeg,0.075859375,7768,320,masks/IMG001231.png,b23dae289afc87de20fa1de9a3b165a8affea5410a3088c4bfc05911875f0e37,0|255,320,3,,27,9,0.075966796875,3,0,3,0.5292485356330872,0.362881064414978,0.22423289716243744,val,ok,0.15,1,1,12,5,17
17,6,1.0,0.15039725601673126,0.0,0.999990234375,0.18275414407253265,ground_truth,,,,0.9988213181495667,0.049814453125,btxrd-heuristic-000727,IMG001235.jpeg,0.049814453125,5101,320,masks/IMG001235.png,4c3875e6db00f955d66825a43a4eeabaf013a582f1bd51c5bf65907a57adcba7,0|255,320,3,,27,9,0.051025390625,3,0,3,0.6904134154319763,0.4644354283809662,0.24656029045581818,val,ok,0.15,1,1,12,5,17
43,10,1.0,0.17261621356010437,0.0,0.999990234375,0.24353595077991486,ground_truth,,,,0.9999994039535522,0.1066796875,btxrd-heuristic-000732,IMG001245.jpeg,0.1066796875,10924,320,masks/IMG001245.png,b2cb9660405130e7775757eb670b142a285154655ab44dc22a838dbdd0d220ba,0|255,320,5,,45,15,0.106884765625,3,0,3,0.8140517473220825,0.6326634287834167,0.277175635099411,val,ok,0.15,1,2,19,10,29
26,6,1.0,0.11774251610040665,0.0,0.999990234375,0.1944543421268463,ground_truth,,,,0.9982587695121765,0.12787109375,btxrd-heuristic-000735,IMG001248.jpeg,0.12787109375,13094,320,masks/IMG001248.png,3a6ced8dbc383e92afac934c58131c3c9fbc7a4f71a3b6b4c2b6404aebad005e,0|255,320,3,,27,9,0.12787109375,3,0,3,0.7460572123527527,0.5886912941932678,0.36909547448158264,val,ok,0.15,1,1,12,5,17
31,8,1.0,0.13954611122608185,0.0,0.999990234375,0.19492588937282562,ground_truth,,,,0.9998897314071655,0.050234375,btxrd-heuristic-000738,IMG001251.jpeg,0.050234375,5144,320,masks/IMG001251.png,c8edf6ab89cdba3f4488e6bd5209021926023ecbad979d32d015bdbbc7b56af4,0|255,320,4,,36,12,0.05033203125,3,0,3,0.7252260446548462,0.5356525182723999,0.2888365685939789,val,ok,0.15,1,1,14,10,24
27,6,1.0,0.15428943932056427,0.0,0.999990234375,0.21572178602218628,ground_truth,,,,0.999893069267273,0.094873046875,btxrd-heuristic-000745,IMG001259.jpeg,0.094873046875,9715,320,masks/IMG001259.png,dca74570080905ea0a2e21de4ce0bc3d1ae5d114629e966897b3372ca17f32d3,0|255,320,3,,27,9,0.095146484375,3,0,3,0.769201934337616,0.6141079068183899,0.41078412532806396,val,ok,0.15,1,1,12,5,17
27,8,1.0,0.11514986306428909,0.0,0.999990234375,0.17843565344810486,ground_truth,,,,0.04737667366862297,0.036416015625,btxrd-heuristic-000753,IMG001272.jpeg,0.036416015625,3729,320,masks/IMG001272.png,626e8056e22d67016d59e954a78b6c8015631ccc73c021c2aa352c7a8ecebfae,0|255,320,4,,36,12,0.036474609375,3,0,3,0.7605659365653992,0.5292229056358337,0.004163921345025301,val,ok,0.14970703125,1,1,13,10,23
34,8,1.0,0.14983835816383362,0.0,0.999990234375,0.20098714530467987,ground_truth,,,,0.9998134970664978,0.006611328125,btxrd-heuristic-000760,IMG001280.jpeg,0.006611328125,677,320,masks/IMG001280.png,b094057a66d97ea3c95c31f5446666dc13822bedcfeaaa889c84d05e14910fd7,0|255,320,4,,36,12,0.006630859375,3,0,3,0.7584213018417358,0.5987612009048462,0.2865807116031647,val,ok,0.15,1,2,14,8,22
25,8,1.0,0.12906694412231445,0.0,0.999990234375,0.17401957511901855,ground_truth,,,,0.9999998807907104,0.00955078125,btxrd-heuristic-000783,IMG001315.jpeg,0.00955078125,978,320,masks/IMG001315.png,31a48845ded558662b43c9af8bfa4c2c0bb9e4b68cfb65802994d7740dccc2b6,0|255,320,4,,36,12,0.00955078125,3,0,3,0.7648070454597473,0.4613935649394989,0.005989586468786001,val,ok,0.15,1,1,14,8,22
24,6,1.0,0.14234837889671326,0.0,0.9999609375,0.1807532012462616,ground_truth,,,,0.9999288320541382,0.0517578125,btxrd-heuristic-000808,IMG001352.jpeg,0.0517578125,5300,320,masks/IMG001352.png,2a7eb25263d55a4569cb9af2ff910c86c7b4c9fd50d960da27ae9ded90bbcf33,0|255,320,3,,27,9,0.05203125,3,0,3,0.6617068648338318,0.479292094707489,0.39509105682373047,val,ok,0.14982421875,1,8,12,5,17
17,6,1.0,0.10361544787883759,0.0,0.999990234375,0.14333152770996094,ground_truth,,,,0.9964908957481384,0.03416015625,btxrd-heuristic-000809,IMG001353.jpeg,0.03416015625,3498,320,masks/IMG001353.png,3d3e47de3420f109c59d7976bce830eebdb1aa224a433c079f724f868ea0d1b7,0|255,320,3,,27,9,0.035107421875,3,0,3,0.6043347716331482,0.44106078147888184,0.2122269570827484,val,ok,0.149794921875,1,3,12,5,17
17,6,1.0,0.21692880988121033,0.0,0.999990234375,0.2030005007982254,ground_truth,,,,0.7381492257118225,0.15259765625,btxrd-heuristic-000821,IMG001371.jpeg,0.15259765625,15626,320,masks/IMG001371.png,3f3132f8aba3d58a7e3bc5f7571e25cef371dd691998f30b93b791c288f17649,0|255,320,3,,27,9,0.1526953125,3,0,3,0.7104591131210327,0.49561750888824463,0.17917606234550476,val,ok,0.15,1,3,12,5,17
37,18,0.9999999403953552,0.2043580859899521,0.0,0.9999609375,0.17688442766666412,ground_truth,,,,0.9777127504348755,0.04833984375,btxrd-heuristic-000826,IMG001379.jpeg,0.04833984375,4950,320,masks/IMG001379.png,02c7e86624e12dcaab982ae6d06b7fbf065621d82458ddd42ff87955036e45f2,0|255,320,9,,81,27,0.048544921875,3,0,3,0.6866695880889893,0.40216201543807983,0.1171596571803093,val,ok,0.14189453125,1,9,35,19,54
59,16,1.0,0.25864577293395996,0.0,0.999990234375,0.20624159276485443,ground_truth,,,,0.9999990463256836,0.10203125,btxrd-heuristic-000833,IMG001391.jpeg,0.10203125,10448,320,masks/IMG001391.png,a8c8483b0fab6e9f940f1f98a579a8521c4d128beebb48da054ea8dc95a34fc4,0|255,320,8,,72,24,0.1022265625,3,0,3,0.731769323348999,0.5197629928588867,0.16389583051204681,val,ok,0.15,1,2,30,15,45
33,14,1.0,0.21992777287960052,0.0,0.999990234375,0.17168360948562622,ground_truth,,,,0.00022619354422204196,0.03642578125,btxrd-heuristic-000836,IMG001394.jpeg,0.03642578125,3730,320,masks/IMG001394.png,cf1945c81dfba3e4c5746021741d2631d5f6982eef0418f69ea59310b2c0480b,0|255,320,7,,63,21,0.03685546875,3,0,3,0.7348601818084717,0.41251620650291443,0.0009057176648639143,val,ok,0.15,1,1,25,11,36
22,6,1.0,0.08483944833278656,0.0,0.999990234375,0.14987517893314362,ground_truth,,,,0.9988219141960144,0.066123046875,btxrd-heuristic-000840,IMG001402.jpeg,0.066123046875,6771,320,masks/IMG001402.png,e392a9ae9c2cda73e14c6d8efc22e9c918d8c86a903a44e579815ccd9c87cb79,0|255,320,3,,27,9,0.066181640625,3,0,3,0.5127402544021606,0.4201768636703491,0.07390809059143066,val,ok,0.15,1,8,12,5,17
14,6,1.0,0.09749117493629456,0.0,0.999990234375,0.15346261858940125,ground_truth,,,,0.9879108667373657,0.112890625,btxrd-heuristic-000842,IMG001405.jpeg,0.112890625,11560,320,masks/IMG001405.png,e5f35add6e4fb5bad6d2c3a055a30b6709171d35138de03cf8961240d59fb360,0|255,320,3,,27,9,0.112890625,3,0,3,0.7039797306060791,0.4169139862060547,0.05617867782711983,val,ok,0.15,1,3,12,5,17
19,6,1.0,0.08333694189786911,0.0,0.9999609375,0.1502915620803833,ground_truth,,,,0.999589741230011,0.004970703125,btxrd-heuristic-000868,IMG001448.jpeg,0.004970703125,509,320,masks/IMG001448.png,1ffc4e93f55bf2111293f1ef442fa422303e2944ce022aa079dfeb2a86efc0ed,0|255,320,3,,27,9,0.004970703125,3,0,3,0.7615660429000854,0.5054321885108948,0.30043405294418335,val,ok,0.15,1,1,12,5,17
22,8,1.0,0.12196306884288788,0.0,0.999990234375,0.17784351110458374,ground_truth,,,,0.9999154806137085,0.056767578125,btxrd-heuristic-000871,IMG001453.jpeg,0.056767578125,5813,320,masks/IMG001453.png,7562c52f3a737d7145682ec68565ea6d630a1ad4dc591deb890747444f3f2f6e,0|255,320,4,,36,12,0.0653125,3,0,3,0.7035653591156006,0.3909183442592621,0.001893619424663484,val,ok,0.15,1,9,13,10,23
26,6,1.0,0.14032050967216492,0.0,0.999990234375,0.18668684363365173,ground_truth,,,,0.9951476454734802,0.100869140625,btxrd-heuristic-000872,IMG001454.jpeg,0.100869140625,10329,320,masks/IMG001454.png,6b1008945fbd3848f8e389da37fe71edf40fd2fe347e7e11ebc539e36642b476,0|255,320,3,,27,9,0.1013671875,3,0,3,0.7119460701942444,0.5184617638587952,0.38768577575683594,val,ok,0.15,1,1,12,5,17
25,6,1.0,0.1300894021987915,0.0,0.999990234375,0.1725109964609146,ground_truth,,,,0.9999998807907104,0.069482421875,btxrd-heuristic-000873,IMG001455.jpeg,0.069482421875,7115,320,masks/IMG001455.png,5d2008229af30fc7336284952c8f34991587ad0c3f19303c9fa54c409e00fb7e,0|255,320,3,,27,9,0.069482421875,3,0,3,0.7392167448997498,0.5337498188018799,0.2800634801387787,val,ok,0.15,1,3,12,5,17
16,6,1.0,0.10859013348817825,0.0,0.999990234375,0.1530376374721527,ground_truth,,,,0.8921208381652832,0.01009765625,btxrd-heuristic-000880,IMG001468.jpeg,0.01009765625,1034,320,masks/IMG001468.png,bcd09b5a5ee298f0935dc02b35e4585b98f583225b0e3895c15b3cd826b0bdcf,0|255,320,3,,27,9,0.01009765625,3,0,3,0.6424630284309387,0.48438313603401184,0.23088137805461884,val,ok,0.15,1,1,12,5,17
6,10,0.9999999403953552,0.1172357052564621,0.0,0.9999609375,0.13993380963802338,ground_truth,,,,0.3070838749408722,0.037060546875,btxrd-heuristic-000883,IMG001473.jpeg,0.037060546875,3795,320,masks/IMG001473.png,4df23da00f44135d6b440311556b8a4e7697862ef45b2aab036a6a2215139983,0|255,320,5,,45,15,0.03744140625,2,0,2,0.5226641297340393,0.2370169460773468,0.0055707176215946674,val,ok,0.15,1,3,19,10,29
33,10,1.0,0.19321565330028534,0.0,0.999990234375,0.18373557925224304,ground_truth,,,,0.00147054938133806,0.05064453125,btxrd-heuristic-000885,IMG001476.jpeg,0.05064453125,5186,320,masks/IMG001476.png,e24507a9287d156d775e726ae727f118f9c6c31783c4ee37e4220628111c4a56,0|255,320,5,,45,15,0.05123046875,3,0,3,0.6677259206771851,0.48757481575012207,0.24416443705558777,val,ok,0.15,1,3,19,10,29
27,6,1.0,0.24864505231380463,0.0,0.999990234375,0.2104913592338562,ground_truth,,,,0.7103657126426697,0.142578125,btxrd-heuristic-000889,IMG001483.jpeg,0.142578125,14600,320,masks/IMG001483.png,3949dc4c22c77283b595602b50dde0ac9dc286448e2788dd6c6427177d42b4b5,0|255,320,3,,27,9,0.142578125,3,0,3,0.7839311361312866,0.6465075016021729,0.4199467897415161,val,ok,0.15,1,8,12,5,17
22,6,1.0,0.16349048912525177,0.0,0.999990234375,0.18423472344875336,ground_truth,,,,0.9998317956924438,0.080048828125,btxrd-heuristic-000893,IMG001490.jpeg,0.080048828125,8197,320,masks/IMG001490.png,e6041d9bd34fb256ae97ef50bd67ef04be4e013efc5b9614941881bbe62a9df5,0|255,320,3,,27,9,0.08025390625,3,0,3,0.7434748411178589,0.5126960277557373,0.3355366289615631,val,ok,0.15,1,3,12,5,17
25,6,1.0,0.14098574221134186,0.0,0.999990234375,0.16844984889030457,ground_truth,,,,0.999996542930603,0.0048046875,btxrd-heuristic-000893,IMG001491.jpeg,0.0048046875,492,320,masks/IMG001491.png,fec63e0c3a6322602bdc9f1ec635b29e2164d7fc8d4a417359ab9f36d97c0c23,0|255,320,3,,27,9,0.00662109375,3,0,3,0.7571307420730591,0.5535776615142822,0.3685370683670044,val,ok,0.15,1,3,12,5,17
64,16,1.0,0.23376381397247314,0.0,0.999990234375,0.22641801834106445,ground_truth,,,,0.9999998807907104,0.069912109375,btxrd-heuristic-000907,IMG001517.jpeg,0.069912109375,7159,320,masks/IMG001517.png,b8c40b66f99a2be739e94af616945778377ab1ba77084eb4d5ffaef067c6b9d6,0|255,320,8,,72,24,0.070078125,3,0,3,0.7634854912757874,0.5618994235992432,0.20536333322525024,val,ok,0.14998046875,1,2,29,15,44
22,6,1.0,0.08058153092861176,0.0,0.999990234375,0.15273135900497437,ground_truth,,,,0.1867201030254364,0.067998046875,btxrd-heuristic-000916,IMG001538.jpeg,0.067998046875,6963,320,masks/IMG001538.png,52e7200a92f7fb47213c16b4686e0985a779fa174e6c6674f5f1616a851f3261,0|255,320,3,,27,9,0.069267578125,3,0,3,0.614564836025238,0.4523289203643799,0.12525629997253418,val,ok,0.15,1,4,12,5,17
9,6,1.0,0.07095392048358917,0.0,0.999990234375,0.13935773074626923,ground_truth,,,,0.6634484529495239,0.0,btxrd-heuristic-000916,IMG001539.jpeg,0.0,0,320,masks/IMG001539.png,14bf4fc16d7e9f17cb073a83ba89ab04bd4c22a2b6f80f25bf73a67ce7a0a340,0,320,3,no_candidate_survived_or_postprocess_empty,27,9,0.1184375,3,0,3,0.4724677801132202,0.3632597327232361,0.13900640606880188,val,empty_after_localization,0.15,1,4,12,5,17
22,6,1.0,0.13979174196720123,0.0,0.999990234375,0.19102716445922852,ground_truth,,,,0.9995623230934143,0.131142578125,btxrd-heuristic-000922,IMG001551.jpeg,0.131142578125,13429,320,masks/IMG001551.png,0c0db6001ebf1b2f7dd62f081e13153b0414f1a0badd7d5db70919daee60690c,0|255,320,3,,27,9,0.131171875,3,0,3,0.7133699059486389,0.4602098762989044,0.17889384925365448,val,ok,0.150009765625,1,4,12,5,17
22,8,0.9999999403953552,0.16506214439868927,0.0,0.999990234375,0.1796262264251709,ground_truth,,,,0.9999997615814209,0.013046875,btxrd-heuristic-000930,IMG001563.jpeg,0.013046875,1336,320,masks/IMG001563.png,0750b013130c2d79b1a9319de988c103397ea7c4acde19255e3229676721f746,0|255,320,4,,36,12,0.013115234375,3,0,3,0.7456571459770203,0.47731414437294006,0.05784057453274727,val,ok,0.15,1,2,13,6,19
59,16,1.0,0.2315887063741684,0.0,0.999990234375,0.23265455663204193,ground_truth,,,,0.9986756443977356,0.05318359375,btxrd-heuristic-000940,IMG001580.jpeg,0.05318359375,5446,320,masks/IMG001580.png,e22a6a388fcfac5da60131ab44d6405c8048da1d908d9f7a99a09fc7b3799fd8,0|255,320,8,,72,24,0.0533203125,3,0,3,0.7687997817993164,0.5580317974090576,0.1619473546743393,val,ok,0.149677734375,1,4,27,15,42
26,6,1.0,0.0835159569978714,0.0,0.999990234375,0.16446232795715332,ground_truth,,,,0.83054119348526,0.031875,btxrd-heuristic-000940,IMG001581.jpeg,0.031875,3264,320,masks/IMG001581.png,ff74139f371902c870694f3c1adccd108366310095c9593096092cb093f8fa2b,0|255,320,3,,27,9,0.03638671875,3,0,3,0.7732437252998352,0.5892395973205566,0.033522531390190125,val,ok,0.15,1,4,12,5,17
21,8,1.0,0.12925490736961365,0.0,0.999990234375,0.1826629638671875,ground_truth,,,,0.9982985854148865,0.058720703125,btxrd-heuristic-000951,IMG001601.jpeg,0.058720703125,6013,320,masks/IMG001601.png,0c7c120f0b36f37ba7bf296a6732f78bd30c415b2a61cebac991e69a206602f6,0|255,320,4,,36,12,0.058720703125,3,0,3,0.6947499513626099,0.44220268726348877,0.11158083379268646,val,ok,0.15,1,3,15,6,21
43,18,1.0,0.210952490568161,0.0,0.999990234375,0.17600539326667786,ground_truth,,,,0.9912149906158447,0.056826171875,btxrd-heuristic-000955,IMG001606.jpeg,0.056826171875,5819,320,masks/IMG001606.png,a750507261a77853768040b62a3d36b9017f79c1d73e5b4f74bfa01014b208b7,0|255,320,9,,81,27,0.056904296875,3,0,3,0.7193560600280762,0.4318137466907501,0.15141716599464417,val,ok,0.15,1,2,33,15,48
36,12,1.0,0.14798115193843842,0.0,0.999990234375,0.16260316967964172,ground_truth,,,,0.9999428987503052,0.00486328125,btxrd-heuristic-000956,IMG001607.jpeg,0.00486328125,498,320,masks/IMG001607.png,a68b66c1214f4dde8eea69a322b88cabdedaf42897b40c616be2e7dc40bacdff,0|255,320,6,,54,18,0.004931640625,3,0,3,0.7568203210830688,0.49171313643455505,0.16395214200019836,val,ok,0.15,1,1,24,10,34
23,6,0.9999999403953552,0.14411088824272156,0.0,0.9999609375,0.18837738037109375,ground_truth,,,,0.9999977350234985,0.055107421875,btxrd-heuristic-000959,IMG001612.jpeg,0.055107421875,5643,320,masks/IMG001612.png,0f7157dc99962029b10204d47020fdfd3b918f89c29a8a3d85b51797257ad6f8,0|255,320,3,,27,9,0.055341796875,3,0,3,0.7954212427139282,0.5447540283203125,0.3059711158275604,val,ok,0.15,1,3,12,5,17
31,8,1.0,0.13877783715724945,0.0,0.999990234375,0.19010458886623383,ground_truth,,,,0.9999935626983643,0.06025390625,btxrd-heuristic-000962,IMG001617.jpeg,0.06025390625,6170,320,masks/IMG001617.png,c51834795e72adfd04d9e83af1b8e7b2d0de315a378c1c9189c2a1721e3624f3,0|255,320,4,,36,12,0.06099609375,3,0,3,0.7417812347412109,0.5145962834358215,0.10212313383817673,val,ok,0.15,1,8,15,6,21
58,14,0.9999999403953552,0.30745285749435425,0.0,0.999990234375,0.21091067790985107,ground_truth,,,,0.00042445867438800633,0.087060546875,btxrd-heuristic-000972,IMG001632.jpeg,0.087060546875,8915,320,masks/IMG001632.png,05aaad94636a3cf8a4947b27027f359f10faa2c91498a775c57567127c10e95c,0|255,320,7,,63,21,0.087265625,3,0,3,0.7545515298843384,0.6134136915206909,0.22335733473300934,val,ok,0.15,1,3,18,16,34
32,8,1.0,0.19322320818901062,0.0,0.999990234375,0.2309819608926773,ground_truth,,,,0.9999998807907104,0.0558203125,btxrd-heuristic-000978,IMG001638.jpeg,0.0558203125,5716,320,masks/IMG001638.png,b88f7576d02bd71a4c02005dfb59e62c00a8f2b8b6d7b14001bf39d13e68efe7,0|255,320,4,,36,12,0.0561328125,3,0,3,0.733079195022583,0.5658516883850098,0.29170238971710205,val,ok,0.1495703125,1,2,16,10,26
71,18,0.9999999403953552,0.2601575255393982,0.0,0.999990234375,0.20889103412628174,ground_truth,,,,1.0,0.040419921875,btxrd-heuristic-000981,IMG001642.jpeg,0.040419921875,4139,320,masks/IMG001642.png,79e61ed5b1a97c478dca682798f9f21d6693348d5319cb74f95264501859a4b1,0|255,320,9,,81,27,0.040537109375,3,0,3,0.7504364848136902,0.5341495275497437,0.22862020134925842,val,ok,0.148564453125,1,2,32,15,47
8,10,1.0,0.1454419493675232,0.0,0.999990234375,0.1851392388343811,ground_truth,,,,1.0,0.12234375,btxrd-heuristic-000982,IMG001643.jpeg,0.12234375,12528,320,masks/IMG001643.png,1261f57dcf82fdd21cac0178a52a2fa0a389ec897639b2143ef864f0faece9ab,0|255,320,5,,42,14,0.1234375,3,0,3,0.5689581632614136,0.25355884432792664,0.004476409405469894,val,ok,0.15,1,2,16,7,23
40,10,1.0,0.21158039569854736,0.0,0.999990234375,0.2581114172935486,ground_truth,,,,1.0,0.0874609375,btxrd-heuristic-000993,IMG001661.jpeg,0.0874609375,8956,320,masks/IMG001661.png,f5101834631840057a242cd088b156daeacf1ab41d2388daa6669a1a4e2254ec,0|255,320,5,,45,15,0.088876953125,3,0,3,0.8046886920928955,0.6284069418907166,0.3612048029899597,val,ok,0.15,1,2,18,16,34
34,8,1.0,0.1608843058347702,0.0,0.999990234375,0.19796866178512573,ground_truth,,,,0.9999991655349731,0.1148828125,btxrd-heuristic-000997,IMG001666.jpeg,0.1148828125,11764,320,masks/IMG001666.png,c70f61cd8ec657f8a62f0421b3e0b0c5e63f897b42955ef6b4a82fa4c742c9af,0|255,320,4,,36,12,0.1148828125,3,0,3,0.7518126964569092,0.5716818571090698,0.38552141189575195,val,ok,0.15,1,2,15,10,25
23,14,1.0,0.16199636459350586,0.0,0.999990234375,0.1602000892162323,ground_truth,,,,0.9999966621398926,0.026748046875,btxrd-heuristic-001029,IMG001716.jpeg,0.026748046875,2739,320,masks/IMG001716.png,80566bac87d31271ca515eae51b3407941cc6d99c72833bf90945b2512612f49,0|255,320,7,,63,21,0.02681640625,3,0,3,0.6508609652519226,0.28292566537857056,0.006173274014145136,val,ok,0.15,1,9,24,17,41
22,8,1.0,0.0778050348162651,0.0,0.999990234375,0.14969615638256073,ground_truth,,,,0.9621886610984802,0.03849609375,btxrd-heuristic-001031,IMG001719.jpeg,0.03849609375,3942,320,masks/IMG001719.png,8bf583d54c89e3c17cc04b91f2fc0907b45c10eb30ab2adedb2050bb5717761f,0|255,320,4,,36,12,0.038701171875,3,0,3,0.6299293041229248,0.3641420900821686,0.0006642090738750994,val,ok,0.15,1,5,13,8,21
54,16,1.0,0.1973758488893509,0.0,0.999990234375,0.20117907226085663,ground_truth,,,,0.9999951124191284,0.04666015625,btxrd-heuristic-001033,IMG001723.jpeg,0.04666015625,4778,320,masks/IMG001723.png,fb8a696b9bfb5ed50d2b64ea96af826cda4e5aabcd58fc4b51db72a6d93ed120,0|255,320,8,,72,24,0.046787109375,3,0,3,0.744040846824646,0.4823251962661743,0.007177636958658695,val,ok,0.15,1,1,31,17,48
17,12,1.0,0.13405084609985352,0.0,0.999990234375,0.16942624747753143,ground_truth,,,,0.9999997615814209,0.030283203125,btxrd-heuristic-001047,IMG001744.jpeg,0.030283203125,3101,320,masks/IMG001744.png,c2b54d1ed57c7bafb55eed3dccc68bf4fc71df241e708440fda9b2d2fa4daa78,0|255,320,6,,54,18,0.030341796875,3,0,3,0.5495433807373047,0.309926837682724,0.03156696632504463,val,ok,0.15,1,4,23,14,37
20,12,1.0,0.11820536851882935,0.0,0.999990234375,0.1762247532606125,ground_truth,,,,0.9777888655662537,0.0859765625,btxrd-heuristic-001056,IMG001759.jpeg,0.0859765625,8804,320,masks/IMG001759.png,41162870a8f30b1a7d71632978f375e8d43843ff7efabaa4ac680c579c2792e8,0|255,320,6,,54,18,0.086015625,3,0,3,0.527671754360199,0.3156326115131378,0.05280550569295883,val,ok,0.15,1,1,20,16,36
23,6,0.9999999403953552,0.20583564043045044,0.0,0.9999609375,0.21746966242790222,ground_truth,,,,0.9999923706054688,0.074599609375,btxrd-heuristic-001057,IMG001760.jpeg,0.074599609375,7639,320,masks/IMG001760.png,e94b3f8feac39fb8fea13d69e5adc96f5c494014df4f96917b87c6cf77b04989,0|255,320,3,,27,9,0.074912109375,3,0,3,0.7845174074172974,0.5947318077087402,0.21505579352378845,val,ok,0.149970703125,1,8,12,8,20
27,6,1.0,0.1751832365989685,0.0,0.999990234375,0.2246820330619812,ground_truth,,,,0.9999997615814209,0.094736328125,btxrd-heuristic-001057,IMG001761.jpeg,0.094736328125,9701,320,masks/IMG001761.png,85f94447c3edb8e0b8857ff5b87e6c0b747ff3df0d2e97d4d1c53610b9549818,0|255,320,3,,27,9,0.094736328125,3,0,3,0.7529550790786743,0.6152005195617676,0.4547889232635498,val,ok,0.15,1,8,12,5,17
27,6,1.0,0.21341648697853088,0.0,0.999990234375,0.22897833585739136,ground_truth,,,,0.04974643886089325,0.07537109375,btxrd-heuristic-001069,IMG001781.jpeg,0.07537109375,7718,320,masks/IMG001781.png,bb1bb6a4f7362281630851eea3e58707d02b7d9bc0a50bf4cc27f0610d19d6fe,0|255,320,3,,27,9,0.0765234375,3,0,3,0.7460108995437622,0.5776439309120178,0.41413286328315735,val,ok,0.15,1,7,12,9,21
34,8,1.0,0.2192520648241043,0.0,0.999990234375,0.2360977977514267,ground_truth,,,,0.999998927116394,0.0759765625,btxrd-heuristic-001070,IMG001782.jpeg,0.0759765625,7780,320,masks/IMG001782.png,1267302b5f664c1d2ce142e9353570698da9a790102986ad157d0a15ae5b7d6b,0|255,320,4,,36,12,0.075986328125,3,0,3,0.7982032895088196,0.6505510807037354,0.24639792740345,val,ok,0.15,1,7,15,9,24
48,12,1.0,0.25530606508255005,0.0,0.999990234375,0.24082334339618683,ground_truth,,,,0.9999964237213135,0.0791015625,btxrd-heuristic-001073,IMG001785.jpeg,0.0791015625,8100,320,masks/IMG001785.png,5497b8848f575dc4c033304f8454e3e489a7e689786558cf46b531a4434fc954,0|255,320,6,,54,18,0.079140625,3,0,3,0.7916802763938904,0.5919823050498962,0.2392829805612564,val,ok,0.15,1,7,23,18,41
16,14,1.0,0.15844784677028656,0.0,0.999990234375,0.1773672103881836,ground_truth,,,,0.9999961853027344,0.05263671875,btxrd-heuristic-001074,IMG001786.jpeg,0.05263671875,5390,320,masks/IMG001786.png,0603f4e3b83d59b68d2177354130d53e946502d11556cb9e4482474359ec478e,0|255,320,7,,63,21,0.052705078125,3,0,3,0.5818196535110474,0.2990477681159973,0.06369250267744064,val,ok,0.15,1,1,27,15,42
21,6,1.0,0.12235726416110992,0.0,0.999990234375,0.1782357543706894,ground_truth,,,,0.9998270869255066,0.041435546875,btxrd-heuristic-001077,IMG001791.jpeg,0.041435546875,4243,320,masks/IMG001791.png,8c6b0884f5c90bff8398f67cefcbf8657d12545fda6ca49d81aebfb146f7b90c,0|255,320,3,,27,9,0.041845703125,3,0,3,0.7250061631202698,0.49137789011001587,0.20250925421714783,val,ok,0.149931640625,1,7,12,5,17
54,12,1.0,0.2959466874599457,0.0,0.999990234375,0.28178396821022034,ground_truth,,,,0.9999792575836182,0.120078125,btxrd-heuristic-001080,IMG001795.jpeg,0.120078125,12296,320,masks/IMG001795.png,f4b983ac6c66b5e7f405de682b0a4bd61b3b25296ffe95189e3937b86a389d8f,0|255,320,6,,54,18,0.120078125,3,0,3,0.796968936920166,0.6715341210365295,0.41750696301460266,val,ok,0.15,1,2,23,13,36
40,12,1.0,0.14650262892246246,0.0,0.999990234375,0.2121846228837967,ground_truth,,,,0.9959249496459961,0.0467578125,btxrd-heuristic-001083,IMG001798.jpeg,0.0467578125,4788,320,masks/IMG001798.png,7e43d13164e02c8ee2634c5762b19afe78ff9ac9661988aef864139b2b40046f,0|255,320,6,,54,18,0.04705078125,3,0,3,0.7593930959701538,0.5286340117454529,0.18967121839523315,val,ok,0.15,1,7,23,14,37
29,8,0.9999999403953552,0.12698553502559662,0.0,0.999990234375,0.1856936365365982,ground_truth,,,,0.9999995231628418,0.05484375,btxrd-heuristic-001104,IMG001828.jpeg,0.05484375,5616,320,masks/IMG001828.png,522e746de87b38bb901506c7c8b1046b6caf648dc8277d855976ee6386ebbe68,0|255,320,4,,36,12,0.05486328125,3,0,3,0.7256243228912354,0.5472390651702881,0.09369118511676788,val,ok,0.15,1,1,13,6,19
37,12,1.0,0.1976919174194336,0.0,0.999990234375,0.22890612483024597,ground_truth,,,,0.9999861717224121,0.1255859375,btxrd-heuristic-001118,IMG001858.jpeg,0.1255859375,12860,320,masks/IMG001858.png,d5f8ae00687234ef8e938d45870104b46675529640591759f7cf782152f97ee3,0|255,320,6,,54,18,0.12578125,3,0,3,0.7543747425079346,0.5081288814544678,0.12384623289108276,val,ok,0.15,1,2,20,15,35
22,4,1.0,0.19948551058769226,0.0,0.999990234375,0.20897766947746277,ground_truth,,,,0.7298625707626343,0.095537109375,btxrd-heuristic-001123,IMG001867.jpeg,0.095537109375,9783,320,masks/IMG001867.png,08754350f4373804643ba7de6ca007731c7cf2f828195a12fb6508cf4f224ade,0|255,320,3,,24,8,0.095537109375,3,0,3,0.7628639936447144,0.5615831017494202,0.14087149500846863,val,ok,0.15,1,8,12,5,17
0,0,,,,,,ground_truth,,,,0.0008800812065601349,0.0,btxrd-heuristic-001124,IMG001868.jpeg,0.0,0,320,masks/IMG001868.png,14bf4fc16d7e9f17cb073a83ba89ab04bd4c22a2b6f80f25bf73a67ce7a0a340,0,320,0,known_image_label_normal,0,0,0.0,0,0,0,,,,val,empty_by_image_gate,0.0,0,0,0,0,0
0,0,,,,,,ground_truth,,,,1.3831354408466723e-05,0.0,btxrd-heuristic-001124,IMG001869.jpeg,0.0,0,320,masks/IMG001869.png,14bf4fc16d7e9f17cb073a83ba89ab04bd4c22a2b6f80f25bf73a67ce7a0a340,0,320,0,known_image_label_normal,0,0,0.0,0,0,0,,,,val,empty_by_image_gate,0.0,0,0,0,0,0
0,0,,,,,,ground_truth,,,,0.9916889071464539,0.0,btxrd-heuristic-001124,IMG001870.jpeg,0.0,0,320,masks/IMG001870.png,14bf4fc16d7e9f17cb073a83ba89ab04bd4c22a2b6f80f25bf73a67ce7a0a340,0,320,0,known_image_label_normal,0,0,0.0,0,0,0,,,,val,empty_by_image_gate,0.0,0,0,0,0,0
0,0,,,,,,ground_truth,,,,2.016720100073144e-05,0.0,btxrd-heuristic-001124,IMG001871.jpeg,0.0,0,320,masks/IMG001871.png,14bf4fc16d7e9f17cb073a83ba89ab04bd4c22a2b6f80f25bf73a67ce7a0a340,0,320,0,known_image_label_normal,0,0,0.0,0,0,0,,,,val,empty_by_image_gate,0.0,0,0,0,0,0
0,0,,,,,,ground_truth,,,,0.9987972974777222,0.0,btxrd-heuristic-001125,IMG001872.jpeg,0.0,0,320,masks/IMG001872.png,14bf4fc16d7e9f17cb073a83ba89ab04bd4c22a2b6f80f25bf73a67ce7a0a340,0,320,0,known_image_label_normal,0,0,0.0,0,0,0,,,,val,empty_by_image_gate,0.0,0,0,0,0,0
0,0,,,,,,ground_truth,,,,1.0392202966613695e-05,0.0,btxrd-heuristic-001127,IMG001874.jpeg,0.0,0,320,masks/IMG001874.png,14bf4fc16d7e9f17cb073a83ba89ab04bd4c22a2b6f80f25bf73a67ce7a0a340,0,320,0,known_image_label_normal,0,0,0.0,0,0,0,,,,val,empty_by_image_gate,0.0,0,0,0,0,0
0,0,,,,,,ground_truth,,,,5.161572335055098e-05,0.0,btxrd-heuristic-001127,IMG001875.jpeg,0.0,0,320,masks/IMG001875.png,14bf4fc16d7e9f17cb073a83ba89ab04bd4c22a2b6f80f25bf73a67ce7a0a340,0,320,0,known_image_label_normal,0,0,0.0,0,0,0,,,,val,empty_by_image_gate,0.0,0,0,0,0,0
0,0,,,,,,ground_truth,,,,9.375750778417569e-06,0.0,btxrd-heuristic-001127,IMG001876.jpeg,0.0,0,320,masks/IMG001876.png,14bf4fc16d7e9f17cb073a83ba89ab04bd4c22a2b6f80f25bf73a67ce7a0a340,0,320,0,known_image_label_normal,0,0,0.0,0,0,0,,,,val,empty_by_image_gate,0.0,0,0,0,0,0
0,0,,,,,,ground_truth,,,,1.7874596380806906e-07,0.0,btxrd-heuristic-001127,IMG001877.jpeg,0.0,0,320,masks/IMG001877.png,14bf4fc16d7e9f17cb073a83ba89ab04bd4c22a2b6f80f25bf73a67ce7a0a340,0,320,0,known_image_label_normal,0,0,0.0,0,0,0,,,,val,empty_by_image_gate,0.0,0,0,0,0,0
0,0,,,,,,ground_truth,,,,0.6404176354408264,0.0,btxrd-heuristic-001130,IMG001881.jpeg,0.0,0,320,masks/IMG001881.png,14bf4fc16d7e9f17cb073a83ba89ab04bd4c22a2b6f80f25bf73a67ce7a0a340,0,320,0,known_image_label_normal,0,0,0.0,0,0,0,,,,val,empty_by_image_gate,0.0,0,0,0,0,0
0,0,,,,,,ground_truth,,,,0.986584484577179,0.0,btxrd-heuristic-001132,IMG001883.jpeg,0.0,0,320,masks/IMG001883.png,14bf4fc16d7e9f17cb073a83ba89ab04bd4c22a2b6f80f25bf73a67ce7a0a340,0,320,0,known_image_label_normal,0,0,0.0,0,0,0,,,,val,empty_by_image_gate,0.0,0,0,0,0,0
0,0,,,,,,ground_truth,,,,2.4144665644598717e-07,0.0,btxrd-heuristic-001134,IMG001887.jpeg,0.0,0,320,masks/IMG001887.png,14bf4fc16d7e9f17cb073a83ba89ab04bd4c22a2b6f80f25bf73a67ce7a0a340,0,320,0,known_image_label_normal,0,0,0.0,0,0,0,,,,val,empty_by_image_gate,0.0,0,0,0,0,0
0,0,,,,,,ground_truth,,,,1.8794791003529099e-06,0.0,btxrd-heuristic-001134,IMG001888.jpeg,0.0,0,320,masks/IMG001888.png,14bf4fc16d7e9f17cb073a83ba89ab04bd4c22a2b6f80f25bf73a67ce7a0a340,0,320,0,known_image_label_normal,0,0,0.0,0,0,0,,,,val,empty_by_image_gate,0.0,0,0,0,0,0
0,0,,,,,,ground_truth,,,,3.6198557609168347e-06,0.0,btxrd-heuristic-001134,IMG001889.jpeg,0.0,0,320,masks/IMG001889.png,14bf4fc16d7e9f17cb073a83ba89ab04bd4c22a2b6f80f25bf73a67ce7a0a340,0,320,0,known_image_label_normal,0,0,0.0,0,0,0,,,,val,empty_by_image_gate,0.0,0,0,0,0,0
0,0,,,,,,ground_truth,,,,5.494321158039384e-07,0.0,btxrd-heuristic-001134,IMG001890.jpeg,0.0,0,320,masks/IMG001890.png,14bf4fc16d7e9f17cb073a83ba89ab04bd4c22a2b6f80f25bf73a67ce7a0a340,0,320,0,known_image_label_normal,0,0,0.0,0,0,0,,,,val,empty_by_image_gate,0.0,0,0,0,0,0
0,0,,,,,,ground_truth,,,,0.0017602904699742794,0.0,btxrd-heuristic-001141,IMG001915.jpeg,0.0,0,320,masks/IMG001915.png,14bf4fc16d7e9f17cb073a83ba89ab04bd4c22a2b6f80f25bf73a67ce7a0a340,0,320,0,known_image_label_normal,0,0,0.0,0,0,0,,,,val,empty_by_image_gate,0.0,0,0,0,0,0
0,0,,,,,,ground_truth,,,,0.003468122100457549,0.0,btxrd-heuristic-001141,IMG001916.jpeg,0.0,0,320,masks/IMG001916.png,14bf4fc16d7e9f17cb073a83ba89ab04bd4c22a2b6f80f25bf73a67ce7a0a340,0,320,0,known_image_label_normal,0,0,0.0,0,0,0,,,,val,empty_by_image_gate,0.0,0,0,0,0,0
0,0,,,,,,ground_truth,,,,0.0001172613410744816,0.0,btxrd-heuristic-001141,IMG001917.jpeg,0.0,0,320,masks/IMG001917.png,14bf4fc16d7e9f17cb073a83ba89ab04bd4c22a2b6f80f25bf73a67ce7a0a340,0,320,0,known_image_label_normal,0,0,0.0,0,0,0,,,,val,empty_by_image_gate,0.0,0,0,0,0,0
0,0,,,,,,ground_truth,,,,0.0028946069069206715,0.0,btxrd-heuristic-001141,IMG001918.jpeg,0.0,0,320,masks/IMG001918.png,14bf4fc16d7e9f17cb073a83ba89ab04bd4c22a2b6f80f25bf73a67ce7a0a340,0,320,0,known_image_label_normal,0,0,0.0,0,0,0,,,,val,empty_by_image_gate,0.0,0,0,0,0,0
0,0,,,,,,ground_truth,,,,0.9849366545677185,0.0,btxrd-heuristic-001145,IMG001932.jpeg,0.0,0,320,masks/IMG001932.png,14bf4fc16d7e9f17cb073a83ba89ab04bd4c22a2b6f80f25bf73a67ce7a0a340,0,320,0,known_image_label_normal,0,0,0.0,0,0,0,,,,val,empty_by_image_gate,0.0,0,0,0,0,0
0,0,,,,,,ground_truth,,,,9.532483090879396e-06,0.0,btxrd-heuristic-001145,IMG001933.jpeg,0.0,0,320,masks/IMG001933.png,14bf4fc16d7e9f17cb073a83ba89ab04bd4c22a2b6f80f25bf73a67ce7a0a340,0,320,0,known_image_label_normal,0,0,0.0,0,0,0,,,,val,empty_by_image_gate,0.0,0,0,0,0,0
0,0,,,,,,ground_truth,,,,6.696259788441239e-06,0.0,btxrd-heuristic-001145,IMG001934.jpeg,0.0,0,320,masks/IMG001934.png,14bf4fc16d7e9f17cb073a83ba89ab04bd4c22a2b6f80f25bf73a67ce7a0a340,0,320,0,known_image_label_normal,0,0,0.0,0,0,0,,,,val,empty_by_image_gate,0.0,0,0,0,0,0
0,0,,,,,,ground_truth,,,,0.0035743569023907185,0.0,btxrd-heuristic-001147,IMG001937.jpeg,0.0,0,320,masks/IMG001937.png,14bf4fc16d7e9f17cb073a83ba89ab04bd4c22a2b6f80f25bf73a67ce7a0a340,0,320,0,known_image_label_normal,0,0,0.0,0,0,0,,,,val,empty_by_image_gate,0.0,0,0,0,0,0
0,0,,,,,,ground_truth,,,,0.9994308352470398,0.0,btxrd-heuristic-001148,IMG001938.jpeg,0.0,0,320,masks/IMG001938.png,14bf4fc16d7e9f17cb073a83ba89ab04bd4c22a2b6f80f25bf73a67ce7a0a340,0,320,0,known_image_label_normal,0,0,0.0,0,0,0,,,,val,empty_by_image_gate,0.0,0,0,0,0,0
0,0,,,,,,ground_truth,,,,0.9887232780456543,0.0,btxrd-heuristic-001148,IMG001939.jpeg,0.0,0,320,masks/IMG001939.png,14bf4fc16d7e9f17cb073a83ba89ab04bd4c22a2b6f80f25bf73a67ce7a0a340,0,320,0,known_image_label_normal,0,0,0.0,0,0,0,,,,val,empty_by_image_gate,0.0,0,0,0,0,0
0,0,,,,,,ground_truth,,,,0.0014697235310450196,0.0,btxrd-heuristic-001148,IMG001940.jpeg,0.0,0,320,masks/IMG001940.png,14bf4fc16d7e9f17cb073a83ba89ab04bd4c22a2b6f80f25bf73a67ce7a0a340,0,320,0,known_image_label_normal,0,0,0.0,0,0,0,,,,val,empty_by_image_gate,0.0,0,0,0,0,0
0,0,,,,,,ground_truth,,,,0.0007940896321088076,0.0,btxrd-heuristic-001149,IMG001941.jpeg,0.0,0,320,masks/IMG001941.png,14bf4fc16d7e9f17cb073a83ba89ab04bd4c22a2b6f80f25bf73a67ce7a0a340,0,320,0,known_image_label_normal,0,0,0.0,0,0,0,,,,val,empty_by_image_gate,0.0,0,0,0,0,0
0,0,,,,,,ground_truth,,,,0.0010589184239506721,0.0,btxrd-heuristic-001149,IMG001942.jpeg,0.0,0,320,masks/IMG001942.png,14bf4fc16d7e9f17cb073a83ba89ab04bd4c22a2b6f80f25bf73a67ce7a0a340,0,320,0,known_image_label_normal,0,0,0.0,0,0,0,,,,val,empty_by_image_gate,0.0,0,0,0,0,0
0,0,,,,,,ground_truth,,,,0.25342491269111633,0.0,btxrd-heuristic-001152,IMG001959.jpeg,0.0,0,320,masks/IMG001959.png,14bf4fc16d7e9f17cb073a83ba89ab04bd4c22a2b6f80f25bf73a67ce7a0a340,0,320,0,known_image_label_normal,0,0,0.0,0,0,0,,,,val,empty_by_image_gate,0.0,0,0,0,0,0
0,0,,,,,,ground_truth,,,,4.32547640230041e-05,0.0,btxrd-heuristic-001162,IMG002005.jpeg,0.0,0,320,masks/IMG002005.png,14bf4fc16d7e9f17cb073a83ba89ab04bd4c22a2b6f80f25bf73a67ce7a0a340,0,320,0,known_image_label_normal,0,0,0.0,0,0,0,,,,val,empty_by_image_gate,0.0,0,0,0,0,0
0,0,,,,,,ground_truth,,,,8.970816270448267e-05,0.0,btxrd-heuristic-001162,IMG002006.jpeg,0.0,0,320,masks/IMG002006.png,14bf4fc16d7e9f17cb073a83ba89ab04bd4c22a2b6f80f25bf73a67ce7a0a340,0,320,0,known_image_label_normal,0,0,0.0,0,0,0,,,,val,empty_by_image_gate,0.0,0,0,0,0,0
0,0,,,,,,ground_truth,,,,0.9955680966377258,0.0,btxrd-heuristic-001162,IMG002007.jpeg,0.0,0,320,masks/IMG002007.png,14bf4fc16d7e9f17cb073a83ba89ab04bd4c22a2b6f80f25bf73a67ce7a0a340,0,320,0,known_image_label_normal,0,0,0.0,0,0,0,,,,val,empty_by_image_gate,0.0,0,0,0,0,0
0,0,,,,,,ground_truth,,,,0.9998902082443237,0.0,btxrd-heuristic-001168,IMG002030.jpeg,0.0,0,320,masks/IMG002030.png,14bf4fc16d7e9f17cb073a83ba89ab04bd4c22a2b6f80f25bf73a67ce7a0a340,0,320,0,known_image_label_normal,0,0,0.0,0,0,0,,,,val,empty_by_image_gate,0.0,0,0,0,0,0
0,0,,,,,,ground_truth,,,,2.519547024348867e-06,0.0,btxrd-heuristic-001170,IMG002035.jpeg,0.0,0,320,masks/IMG002035.png,14bf4fc16d7e9f17cb073a83ba89ab04bd4c22a2b6f80f25bf73a67ce7a0a340,0,320,0,known_image_label_normal,0,0,0.0,0,0,0,,,,val,empty_by_image_gate,0.0,0,0,0,0,0
0,0,,,,,,ground_truth,,,,0.0005017557996325195,0.0,btxrd-heuristic-001171,IMG002036.jpeg,0.0,0,320,masks/IMG002036.png,14bf4fc16d7e9f17cb073a83ba89ab04bd4c22a2b6f80f25bf73a67ce7a0a340,0,320,0,known_image_label_normal,0,0,0.0,0,0,0,,,,val,empty_by_image_gate,0.0,0,0,0,0,0
0,0,,,,,,ground_truth,,,,0.00035103512345813215,0.0,btxrd-heuristic-001179,IMG002073.jpeg,0.0,0,320,masks/IMG002073.png,14bf4fc16d7e9f17cb073a83ba89ab04bd4c22a2b6f80f25bf73a67ce7a0a340,0,320,0,known_image_label_normal,0,0,0.0,0,0,0,,,,val,empty_by_image_gate,0.0,0,0,0,0,0
0,0,,,,,,ground_truth,,,,0.994350254535675,0.0,btxrd-heuristic-001179,IMG002074.jpeg,0.0,0,320,masks/IMG002074.png,14bf4fc16d7e9f17cb073a83ba89ab04bd4c22a2b6f80f25bf73a67ce7a0a340,0,320,0,known_image_label_normal,0,0,0.0,0,0,0,,,,val,empty_by_image_gate,0.0,0,0,0,0,0
0,0,,,,,,ground_truth,,,,0.013659759424626827,0.0,btxrd-heuristic-001179,IMG002075.jpeg,0.0,0,320,masks/IMG002075.png,14bf4fc16d7e9f17cb073a83ba89ab04bd4c22a2b6f80f25bf73a67ce7a0a340,0,320,0,known_image_label_normal,0,0,0.0,0,0,0,,,,val,empty_by_image_gate,0.0,0,0,0,0,0
0,0,,,,,,ground_truth,,,,0.0002487940073478967,0.0,btxrd-heuristic-001179,IMG002076.jpeg,0.0,0,320,masks/IMG002076.png,14bf4fc16d7e9f17cb073a83ba89ab04bd4c22a2b6f80f25bf73a67ce7a0a340,0,320,0,known_image_label_normal,0,0,0.0,0,0,0,,,,val,empty_by_image_gate,0.0,0,0,0,0,0
0,0,,,,,,ground_truth,,,,0.0021584497299045324,0.0,btxrd-heuristic-001181,IMG002078.jpeg,0.0,0,320,masks/IMG002078.png,14bf4fc16d7e9f17cb073a83ba89ab04bd4c22a2b6f80f25bf73a67ce7a0a340,0,320,0,known_image_label_normal,0,0,0.0,0,0,0,,,,val,empty_by_image_gate,0.0,0,0,0,0,0
0,0,,,,,,ground_truth,,,,7.369401282630861e-05,0.0,btxrd-heuristic-001181,IMG002079.jpeg,0.0,0,320,masks/IMG002079.png,14bf4fc16d7e9f17cb073a83ba89ab04bd4c22a2b6f80f25bf73a67ce7a0a340,0,320,0,known_image_label_normal,0,0,0.0,0,0,0,,,,val,empty_by_image_gate,0.0,0,0,0,0,0
0,0,,,,,,ground_truth,,,,0.0005269304383546114,0.0,btxrd-heuristic-001181,IMG002080.jpeg,0.0,0,320,masks/IMG002080.png,14bf4fc16d7e9f17cb073a83ba89ab04bd4c22a2b6f80f25bf73a67ce7a0a340,0,320,0,known_image_label_normal,0,0,0.0,0,0,0,,,,val,empty_by_image_gate,0.0,0,0,0,0,0
0,0,,,,,,ground_truth,,,,1.7706961443764158e-05,0.0,btxrd-heuristic-001186,IMG002099.jpeg,0.0,0,320,masks/IMG002099.png,14bf4fc16d7e9f17cb073a83ba89ab04bd4c22a2b6f80f25bf73a67ce7a0a340,0,320,0,known_image_label_normal,0,0,0.0,0,0,0,,,,val,empty_by_image_gate,0.0,0,0,0,0,0
0,0,,,,,,ground_truth,,,,1.222456558025442e-05,0.0,btxrd-heuristic-001186,IMG002100.jpeg,0.0,0,320,masks/IMG002100.png,14bf4fc16d7e9f17cb073a83ba89ab04bd4c22a2b6f80f25bf73a67ce7a0a340,0,320,0,known_image_label_normal,0,0,0.0,0,0,0,,,,val,empty_by_image_gate,0.0,0,0,0,0,0
0,0,,,,,,ground_truth,,,,9.483418580202851e-06,0.0,btxrd-heuristic-001186,IMG002101.jpeg,0.0,0,320,masks/IMG002101.png,14bf4fc16d7e9f17cb073a83ba89ab04bd4c22a2b6f80f25bf73a67ce7a0a340,0,320,0,known_image_label_normal,0,0,0.0,0,0,0,,,,val,empty_by_image_gate,0.0,0,0,0,0,0
0,0,,,,,,ground_truth,,,,0.051433246582746506,0.0,btxrd-heuristic-001188,IMG002107.jpeg,0.0,0,320,masks/IMG002107.png,14bf4fc16d7e9f17cb073a83ba89ab04bd4c22a2b6f80f25bf73a67ce7a0a340,0,320,0,known_image_label_normal,0,0,0.0,0,0,0,,,,val,empty_by_image_gate,0.0,0,0,0,0,0
0,0,,,,,,ground_truth,,,,0.0027989300433546305,0.0,btxrd-heuristic-001188,IMG002108.jpeg,0.0,0,320,masks/IMG002108.png,14bf4fc16d7e9f17cb073a83ba89ab04bd4c22a2b6f80f25bf73a67ce7a0a340,0,320,0,known_image_label_normal,0,0,0.0,0,0,0,,,,val,empty_by_image_gate,0.0,0,0,0,0,0
0,0,,,,,,ground_truth,,,,0.18968649208545685,0.0,btxrd-heuristic-001189,IMG002109.jpeg,0.0,0,320,masks/IMG002109.png,14bf4fc16d7e9f17cb073a83ba89ab04bd4c22a2b6f80f25bf73a67ce7a0a340,0,320,0,known_image_label_normal,0,0,0.0,0,0,0,,,,val,empty_by_image_gate,0.0,0,0,0,0,0
0,0,,,,,,ground_truth,,,,0.01679752767086029,0.0,btxrd-heuristic-001189,IMG002110.jpeg,0.0,0,320,masks/IMG002110.png,14bf4fc16d7e9f17cb073a83ba89ab04bd4c22a2b6f80f25bf73a67ce7a0a340,0,320,0,known_image_label_normal,0,0,0.0,0,0,0,,,,val,empty_by_image_gate,0.0,0,0,0,0,0
0,0,,,,,,ground_truth,,,,7.43293494451791e-05,0.0,btxrd-heuristic-001191,IMG002117.jpeg,0.0,0,320,masks/IMG002117.png,14bf4fc16d7e9f17cb073a83ba89ab04bd4c22a2b6f80f25bf73a67ce7a0a340,0,320,0,known_image_label_normal,0,0,0.0,0,0,0,,,,val,empty_by_image_gate,0.0,0,0,0,0,0
0,0,,,,,,ground_truth,,,,5.246757609711494e-06,0.0,btxrd-heuristic-001191,IMG002118.jpeg,0.0,0,320,masks/IMG002118.png,14bf4fc16d7e9f17cb073a83ba89ab04bd4c22a2b6f80f25bf73a67ce7a0a340,0,320,0,known_image_label_normal,0,0,0.0,0,0,0,,,,val,empty_by_image_gate,0.0,0,0,0,0,0
0,0,,,,,,ground_truth,,,,0.00018084832117892802,0.0,btxrd-heuristic-001191,IMG002119.jpeg,0.0,0,320,masks/IMG002119.png,14bf4fc16d7e9f17cb073a83ba89ab04bd4c22a2b6f80f25bf73a67ce7a0a340,0,320,0,known_image_label_normal,0,0,0.0,0,0,0,,,,val,empty_by_image_gate,0.0,0,0,0,0,0
0,0,,,,,,ground_truth,,,,1.7350545022054575e-05,0.0,btxrd-heuristic-001191,IMG002120.jpeg,0.0,0,320,masks/IMG002120.png,14bf4fc16d7e9f17cb073a83ba89ab04bd4c22a2b6f80f25bf73a67ce7a0a340,0,320,0,known_image_label_normal,0,0,0.0,0,0,0,,,,val,empty_by_image_gate,0.0,0,0,0,0,0
0,0,,,,,,ground_truth,,,,0.02584950625896454,0.0,btxrd-heuristic-001193,IMG002125.jpeg,0.0,0,320,masks/IMG002125.png,14bf4fc16d7e9f17cb073a83ba89ab04bd4c22a2b6f80f25bf73a67ce7a0a340,0,320,0,known_image_label_normal,0,0,0.0,0,0,0,,,,val,empty_by_image_gate,0.0,0,0,0,0,0
0,0,,,,,,ground_truth,,,,4.458254261408001e-05,0.0,btxrd-heuristic-001193,IMG002126.jpeg,0.0,0,320,masks/IMG002126.png,14bf4fc16d7e9f17cb073a83ba89ab04bd4c22a2b6f80f25bf73a67ce7a0a340,0,320,0,known_image_label_normal,0,0,0.0,0,0,0,,,,val,empty_by_image_gate,0.0,0,0,0,0,0
0,0,,,,,,ground_truth,,,,1.2878796042059548e-05,0.0,btxrd-heuristic-001193,IMG002127.jpeg,0.0,0,320,masks/IMG002127.png,14bf4fc16d7e9f17cb073a83ba89ab04bd4c22a2b6f80f25bf73a67ce7a0a340,0,320,0,known_image_label_normal,0,0,0.0,0,0,0,,,,val,empty_by_image_gate,0.0,0,0,0,0,0
0,0,,,,,,ground_truth,,,,0.0004724190221168101,0.0,btxrd-heuristic-001195,IMG002130.jpeg,0.0,0,320,masks/IMG002130.png,14bf4fc16d7e9f17cb073a83ba89ab04bd4c22a2b6f80f25bf73a67ce7a0a340,0,320,0,known_image_label_normal,0,0,0.0,0,0,0,,,,val,empty_by_image_gate,0.0,0,0,0,0,0
0,0,,,,,,ground_truth,,,,0.01996426098048687,0.0,btxrd-heuristic-001195,IMG002131.jpeg,0.0,0,320,masks/IMG002131.png,14bf4fc16d7e9f17cb073a83ba89ab04bd4c22a2b6f80f25bf73a67ce7a0a340,0,320,0,known_image_label_normal,0,0,0.0,0,0,0,,,,val,empty_by_image_gate,0.0,0,0,0,0,0
0,0,,,,,,ground_truth,,,,0.0005973573424853384,0.0,btxrd-heuristic-001195,IMG002132.jpeg,0.0,0,320,masks/IMG002132.png,14bf4fc16d7e9f17cb073a83ba89ab04bd4c22a2b6f80f25bf73a67ce7a0a340,0,320,0,known_image_label_normal,0,0,0.0,0,0,0,,,,val,empty_by_image_gate,0.0,0,0,0,0,0
0,0,,,,,,ground_truth,,,,2.997011961269891e-06,0.0,btxrd-heuristic-001195,IMG002133.jpeg,0.0,0,320,masks/IMG002133.png,14bf4fc16d7e9f17cb073a83ba89ab04bd4c22a2b6f80f25bf73a67ce7a0a340,0,320,0,known_image_label_normal,0,0,0.0,0,0,0,,,,val,empty_by_image_gate,0.0,0,0,0,0,0
0,0,,,,,,ground_truth,,,,0.19114036858081818,0.0,btxrd-heuristic-001201,IMG002174.jpeg,0.0,0,320,masks/IMG002174.png,14bf4fc16d7e9f17cb073a83ba89ab04bd4c22a2b6f80f25bf73a67ce7a0a340,0,320,0,known_image_label_normal,0,0,0.0,0,0,0,,,,val,empty_by_image_gate,0.0,0,0,0,0,0
0,0,,,,,,ground_truth,,,,0.0005275827716104686,0.0,btxrd-heuristic-001203,IMG002180.jpeg,0.0,0,320,masks/IMG002180.png,14bf4fc16d7e9f17cb073a83ba89ab04bd4c22a2b6f80f25bf73a67ce7a0a340,0,320,0,known_image_label_normal,0,0,0.0,0,0,0,,,,val,empty_by_image_gate,0.0,0,0,0,0,0
0,0,,,,,,ground_truth,,,,0.009466839022934437,0.0,btxrd-heuristic-001203,IMG002181.jpeg,0.0,0,320,masks/IMG002181.png,14bf4fc16d7e9f17cb073a83ba89ab04bd4c22a2b6f80f25bf73a67ce7a0a340,0,320,0,known_image_label_normal,0,0,0.0,0,0,0,,,,val,empty_by_image_gate,0.0,0,0,0,0,0
0,0,,,,,,ground_truth,,,,0.00013923653750680387,0.0,btxrd-heuristic-001206,IMG002190.jpeg,0.0,0,320,masks/IMG002190.png,14bf4fc16d7e9f17cb073a83ba89ab04bd4c22a2b6f80f25bf73a67ce7a0a340,0,320,0,known_image_label_normal,0,0,0.0,0,0,0,,,,val,empty_by_image_gate,0.0,0,0,0,0,0
0,0,,,,,,ground_truth,,,,0.002519497647881508,0.0,btxrd-heuristic-001219,IMG002267.jpeg,0.0,0,320,masks/IMG002267.png,14bf4fc16d7e9f17cb073a83ba89ab04bd4c22a2b6f80f25bf73a67ce7a0a340,0,320,0,known_image_label_normal,0,0,0.0,0,0,0,,,,val,empty_by_image_gate,0.0,0,0,0,0,0
0,0,,,,,,ground_truth,,,,0.02228965237736702,0.0,btxrd-heuristic-001219,IMG002268.jpeg,0.0,0,320,masks/IMG002268.png,14bf4fc16d7e9f17cb073a83ba89ab04bd4c22a2b6f80f25bf73a67ce7a0a340,0,320,0,known_image_label_normal,0,0,0.0,0,0,0,,,,val,empty_by_image_gate,0.0,0,0,0,0,0
0,0,,,,,,ground_truth,,,,1.5055515177664347e-05,0.0,btxrd-heuristic-001219,IMG002269.jpeg,0.0,0,320,masks/IMG002269.png,14bf4fc16d7e9f17cb073a83ba89ab04bd4c22a2b6f80f25bf73a67ce7a0a340,0,320,0,known_image_label_normal,0,0,0.0,0,0,0,,,,val,empty_by_image_gate,0.0,0,0,0,0,0
0,0,,,,,,ground_truth,,,,0.0022330477368086576,0.0,btxrd-heuristic-001219,IMG002270.jpeg,0.0,0,320,masks/IMG002270.png,14bf4fc16d7e9f17cb073a83ba89ab04bd4c22a2b6f80f25bf73a67ce7a0a340,0,320,0,known_image_label_normal,0,0,0.0,0,0,0,,,,val,empty_by_image_gate,0.0,0,0,0,0,0
0,0,,,,,,ground_truth,,,,5.006861101719551e-05,0.0,btxrd-heuristic-001220,IMG002271.jpeg,0.0,0,320,masks/IMG002271.png,14bf4fc16d7e9f17cb073a83ba89ab04bd4c22a2b6f80f25bf73a67ce7a0a340,0,320,0,known_image_label_normal,0,0,0.0,0,0,0,,,,val,empty_by_image_gate,0.0,0,0,0,0,0
0,0,,,,,,ground_truth,,,,0.0003083830524701625,0.0,btxrd-heuristic-001220,IMG002272.jpeg,0.0,0,320,masks/IMG002272.png,14bf4fc16d7e9f17cb073a83ba89ab04bd4c22a2b6f80f25bf73a67ce7a0a340,0,320,0,known_image_label_normal,0,0,0.0,0,0,0,,,,val,empty_by_image_gate,0.0,0,0,0,0,0
0,0,,,,,,ground_truth,,,,8.27342773845885e-07,0.0,btxrd-heuristic-001220,IMG002273.jpeg,0.0,0,320,masks/IMG002273.png,14bf4fc16d7e9f17cb073a83ba89ab04bd4c22a2b6f80f25bf73a67ce7a0a340,0,320,0,known_image_label_normal,0,0,0.0,0,0,0,,,,val,empty_by_image_gate,0.0,0,0,0,0,0
0,0,,,,,,ground_truth,,,,0.00020103617862332612,0.0,btxrd-heuristic-001220,IMG002274.jpeg,0.0,0,320,masks/IMG002274.png,14bf4fc16d7e9f17cb073a83ba89ab04bd4c22a2b6f80f25bf73a67ce7a0a340,0,320,0,known_image_label_normal,0,0,0.0,0,0,0,,,,val,empty_by_image_gate,0.0,0,0,0,0,0
0,0,,,,,,ground_truth,,,,0.0007121211965568364,0.0,btxrd-heuristic-001229,IMG002345.jpeg,0.0,0,320,masks/IMG002345.png,14bf4fc16d7e9f17cb073a83ba89ab04bd4c22a2b6f80f25bf73a67ce7a0a340,0,320,0,known_image_label_normal,0,0,0.0,0,0,0,,,,val,empty_by_image_gate,0.0,0,0,0,0,0
0,0,,,,,,ground_truth,,,,0.030269788578152657,0.0,btxrd-heuristic-001229,IMG002346.jpeg,0.0,0,320,masks/IMG002346.png,14bf4fc16d7e9f17cb073a83ba89ab04bd4c22a2b6f80f25bf73a67ce7a0a340,0,320,0,known_image_label_normal,0,0,0.0,0,0,0,,,,val,empty_by_image_gate,0.0,0,0,0,0,0
0,0,,,,,,ground_truth,,,,0.9930077791213989,0.0,btxrd-heuristic-001229,IMG002347.jpeg,0.0,0,320,masks/IMG002347.png,14bf4fc16d7e9f17cb073a83ba89ab04bd4c22a2b6f80f25bf73a67ce7a0a340,0,320,0,known_image_label_normal,0,0,0.0,0,0,0,,,,val,empty_by_image_gate,0.0,0,0,0,0,0
0,0,,,,,,ground_truth,,,,0.3294787108898163,0.0,btxrd-heuristic-001229,IMG002348.jpeg,0.0,0,320,masks/IMG002348.png,14bf4fc16d7e9f17cb073a83ba89ab04bd4c22a2b6f80f25bf73a67ce7a0a340,0,320,0,known_image_label_normal,0,0,0.0,0,0,0,,,,val,empty_by_image_gate,0.0,0,0,0,0,0
0,0,,,,,,ground_truth,,,,0.0005887036095373333,0.0,btxrd-heuristic-001232,IMG002364.jpeg,0.0,0,320,masks/IMG002364.png,14bf4fc16d7e9f17cb073a83ba89ab04bd4c22a2b6f80f25bf73a67ce7a0a340,0,320,0,known_image_label_normal,0,0,0.0,0,0,0,,,,val,empty_by_image_gate,0.0,0,0,0,0,0
0,0,,,,,,ground_truth,,,,0.011286514811217785,0.0,btxrd-heuristic-001232,IMG002365.jpeg,0.0,0,320,masks/IMG002365.png,14bf4fc16d7e9f17cb073a83ba89ab04bd4c22a2b6f80f25bf73a67ce7a0a340,0,320,0,known_image_label_normal,0,0,0.0,0,0,0,,,,val,empty_by_image_gate,0.0,0,0,0,0,0
0,0,,,,,,ground_truth,,,,3.798182660830207e-05,0.0,btxrd-heuristic-001232,IMG002366.jpeg,0.0,0,320,masks/IMG002366.png,14bf4fc16d7e9f17cb073a83ba89ab04bd4c22a2b6f80f25bf73a67ce7a0a340,0,320,0,known_image_label_normal,0,0,0.0,0,0,0,,,,val,empty_by_image_gate,0.0,0,0,0,0,0
0,0,,,,,,ground_truth,,,,0.9928261041641235,0.0,btxrd-heuristic-001233,IMG002367.jpeg,0.0,0,320,masks/IMG002367.png,14bf4fc16d7e9f17cb073a83ba89ab04bd4c22a2b6f80f25bf73a67ce7a0a340,0,320,0,known_image_label_normal,0,0,0.0,0,0,0,,,,val,empty_by_image_gate,0.0,0,0,0,0,0
0,0,,,,,,ground_truth,,,,0.006348699331283569,0.0,btxrd-heuristic-001233,IMG002368.jpeg,0.0,0,320,masks/IMG002368.png,14bf4fc16d7e9f17cb073a83ba89ab04bd4c22a2b6f80f25bf73a67ce7a0a340,0,320,0,known_image_label_normal,0,0,0.0,0,0,0,,,,val,empty_by_image_gate,0.0,0,0,0,0,0
0,0,,,,,,ground_truth,,,,0.00048373700701631606,0.0,btxrd-heuristic-001245,IMG002447.jpeg,0.0,0,320,masks/IMG002447.png,14bf4fc16d7e9f17cb073a83ba89ab04bd4c22a2b6f80f25bf73a67ce7a0a340,0,320,0,known_image_label_normal,0,0,0.0,0,0,0,,,,val,empty_by_image_gate,0.0,0,0,0,0,0
0,0,,,,,,ground_truth,,,,0.009834912605583668,0.0,btxrd-heuristic-001245,IMG002448.jpeg,0.0,0,320,masks/IMG002448.png,14bf4fc16d7e9f17cb073a83ba89ab04bd4c22a2b6f80f25bf73a67ce7a0a340,0,320,0,known_image_label_normal,0,0,0.0,0,0,0,,,,val,empty_by_image_gate,0.0,0,0,0,0,0
0,0,,,,,,ground_truth,,,,0.0008529115584678948,0.0,btxrd-heuristic-001245,IMG002449.jpeg,0.0,0,320,masks/IMG002449.png,14bf4fc16d7e9f17cb073a83ba89ab04bd4c22a2b6f80f25bf73a67ce7a0a340,0,320,0,known_image_label_normal,0,0,0.0,0,0,0,,,,val,empty_by_image_gate,0.0,0,0,0,0,0
0,0,,,,,,ground_truth,,,,0.0001932713930727914,0.0,btxrd-heuristic-001246,IMG002450.jpeg,0.0,0,320,masks/IMG002450.png,14bf4fc16d7e9f17cb073a83ba89ab04bd4c22a2b6f80f25bf73a67ce7a0a340,0,320,0,known_image_label_normal,0,0,0.0,0,0,0,,,,val,empty_by_image_gate,0.0,0,0,0,0,0
0,0,,,,,,ground_truth,,,,0.005433192942291498,0.0,btxrd-heuristic-001246,IMG002451.jpeg,0.0,0,320,masks/IMG002451.png,14bf4fc16d7e9f17cb073a83ba89ab04bd4c22a2b6f80f25bf73a67ce7a0a340,0,320,0,known_image_label_normal,0,0,0.0,0,0,0,,,,val,empty_by_image_gate,0.0,0,0,0,0,0
0,0,,,,,,ground_truth,,,,2.369289632042637e-06,0.0,btxrd-heuristic-001246,IMG002452.jpeg,0.0,0,320,masks/IMG002452.png,14bf4fc16d7e9f17cb073a83ba89ab04bd4c22a2b6f80f25bf73a67ce7a0a340,0,320,0,known_image_label_normal,0,0,0.0,0,0,0,,,,val,empty_by_image_gate,0.0,0,0,0,0,0
0,0,,,,,,ground_truth,,,,0.0014309692196547985,0.0,btxrd-heuristic-001246,IMG002453.jpeg,0.0,0,320,masks/IMG002453.png,14bf4fc16d7e9f17cb073a83ba89ab04bd4c22a2b6f80f25bf73a67ce7a0a340,0,320,0,known_image_label_normal,0,0,0.0,0,0,0,,,,val,empty_by_image_gate,0.0,0,0,0,0,0
0,0,,,,,,ground_truth,,,,0.0976187214255333,0.0,btxrd-heuristic-001261,IMG002592.jpeg,0.0,0,320,masks/IMG002592.png,14bf4fc16d7e9f17cb073a83ba89ab04bd4c22a2b6f80f25bf73a67ce7a0a340,0,320,0,known_image_label_normal,0,0,0.0,0,0,0,,,,val,empty_by_image_gate,0.0,0,0,0,0,0
0,0,,,,,,ground_truth,,,,0.0030708920676261187,0.0,btxrd-heuristic-001261,IMG002593.jpeg,0.0,0,320,masks/IMG002593.png,14bf4fc16d7e9f17cb073a83ba89ab04bd4c22a2b6f80f25bf73a67ce7a0a340,0,320,0,known_image_label_normal,0,0,0.0,0,0,0,,,,val,empty_by_image_gate,0.0,0,0,0,0,0
0,0,,,,,,ground_truth,,,,0.017906751483678818,0.0,btxrd-heuristic-001261,IMG002594.jpeg,0.0,0,320,masks/IMG002594.png,14bf4fc16d7e9f17cb073a83ba89ab04bd4c22a2b6f80f25bf73a67ce7a0a340,0,320,0,known_image_label_normal,0,0,0.0,0,0,0,,,,val,empty_by_image_gate,0.0,0,0,0,0,0
0,0,,,,,,ground_truth,,,,6.866071635158733e-05,0.0,btxrd-heuristic-001261,IMG002595.jpeg,0.0,0,320,masks/IMG002595.png,14bf4fc16d7e9f17cb073a83ba89ab04bd4c22a2b6f80f25bf73a67ce7a0a340,0,320,0,known_image_label_normal,0,0,0.0,0,0,0,,,,val,empty_by_image_gate,0.0,0,0,0,0,0
0,0,,,,,,ground_truth,,,,0.00042238744208589196,0.0,btxrd-heuristic-001271,IMG002704.jpeg,0.0,0,320,masks/IMG002704.png,14bf4fc16d7e9f17cb073a83ba89ab04bd4c22a2b6f80f25bf73a67ce7a0a340,0,320,0,known_image_label_normal,0,0,0.0,0,0,0,,,,val,empty_by_image_gate,0.0,0,0,0,0,0
0,0,,,,,,ground_truth,,,,0.002103017643094063,0.0,btxrd-heuristic-001271,IMG002705.jpeg,0.0,0,320,masks/IMG002705.png,14bf4fc16d7e9f17cb073a83ba89ab04bd4c22a2b6f80f25bf73a67ce7a0a340,0,320,0,known_image_label_normal,0,0,0.0,0,0,0,,,,val,empty_by_image_gate,0.0,0,0,0,0,0
0,0,,,,,,ground_truth,,,,0.0014579736161977053,0.0,btxrd-heuristic-001275,IMG002728.jpeg,0.0,0,320,masks/IMG002728.png,14bf4fc16d7e9f17cb073a83ba89ab04bd4c22a2b6f80f25bf73a67ce7a0a340,0,320,0,known_image_label_normal,0,0,0.0,0,0,0,,,,val,empty_by_image_gate,0.0,0,0,0,0,0
0,0,,,,,,ground_truth,,,,0.0002274791186209768,0.0,btxrd-heuristic-001275,IMG002729.jpeg,0.0,0,320,masks/IMG002729.png,14bf4fc16d7e9f17cb073a83ba89ab04bd4c22a2b6f80f25bf73a67ce7a0a340,0,320,0,known_image_label_normal,0,0,0.0,0,0,0,,,,val,empty_by_image_gate,0.0,0,0,0,0,0
0,0,,,,,,ground_truth,,,,0.0012106922222301364,0.0,btxrd-heuristic-001286,IMG002836.jpeg,0.0,0,320,masks/IMG002836.png,14bf4fc16d7e9f17cb073a83ba89ab04bd4c22a2b6f80f25bf73a67ce7a0a340,0,320,0,known_image_label_normal,0,0,0.0,0,0,0,,,,val,empty_by_image_gate,0.0,0,0,0,0,0
0,0,,,,,,ground_truth,,,,0.9971871972084045,0.0,btxrd-heuristic-001286,IMG002837.jpeg,0.0,0,320,masks/IMG002837.png,14bf4fc16d7e9f17cb073a83ba89ab04bd4c22a2b6f80f25bf73a67ce7a0a340,0,320,0,known_image_label_normal,0,0,0.0,0,0,0,,,,val,empty_by_image_gate,0.0,0,0,0,0,0
0,0,,,,,,ground_truth,,,,0.00261869840323925,0.0,btxrd-heuristic-001286,IMG002838.jpeg,0.0,0,320,masks/IMG002838.png,14bf4fc16d7e9f17cb073a83ba89ab04bd4c22a2b6f80f25bf73a67ce7a0a340,0,320,0,known_image_label_normal,0,0,0.0,0,0,0,,,,val,empty_by_image_gate,0.0,0,0,0,0,0
0,0,,,,,,ground_truth,,,,0.9996545314788818,0.0,btxrd-heuristic-001286,IMG002839.jpeg,0.0,0,320,masks/IMG002839.png,14bf4fc16d7e9f17cb073a83ba89ab04bd4c22a2b6f80f25bf73a67ce7a0a340,0,320,0,known_image_label_normal,0,0,0.0,0,0,0,,,,val,empty_by_image_gate,0.0,0,0,0,0,0
0,0,,,,,,ground_truth,,,,2.5647806978668086e-05,0.0,btxrd-heuristic-001292,IMG002894.jpeg,0.0,0,320,masks/IMG002894.png,14bf4fc16d7e9f17cb073a83ba89ab04bd4c22a2b6f80f25bf73a67ce7a0a340,0,320,0,known_image_label_normal,0,0,0.0,0,0,0,,,,val,empty_by_image_gate,0.0,0,0,0,0,0
0,0,,,,,,ground_truth,,,,0.00018620409537106752,0.0,btxrd-heuristic-001292,IMG002895.jpeg,0.0,0,320,masks/IMG002895.png,14bf4fc16d7e9f17cb073a83ba89ab04bd4c22a2b6f80f25bf73a67ce7a0a340,0,320,0,known_image_label_normal,0,0,0.0,0,0,0,,,,val,empty_by_image_gate,0.0,0,0,0,0,0
0,0,,,,,,ground_truth,,,,1.0407783520349767e-05,0.0,btxrd-heuristic-001292,IMG002896.jpeg,0.0,0,320,masks/IMG002896.png,14bf4fc16d7e9f17cb073a83ba89ab04bd4c22a2b6f80f25bf73a67ce7a0a340,0,320,0,known_image_label_normal,0,0,0.0,0,0,0,,,,val,empty_by_image_gate,0.0,0,0,0,0,0
0,0,,,,,,ground_truth,,,,0.0002235128777101636,0.0,btxrd-heuristic-001292,IMG002897.jpeg,0.0,0,320,masks/IMG002897.png,14bf4fc16d7e9f17cb073a83ba89ab04bd4c22a2b6f80f25bf73a67ce7a0a340,0,320,0,known_image_label_normal,0,0,0.0,0,0,0,,,,val,empty_by_image_gate,0.0,0,0,0,0,0
0,0,,,,,,ground_truth,,,,1.475193698752264e-06,0.0,btxrd-heuristic-001296,IMG002932.jpeg,0.0,0,320,masks/IMG002932.png,14bf4fc16d7e9f17cb073a83ba89ab04bd4c22a2b6f80f25bf73a67ce7a0a340,0,320,0,known_image_label_normal,0,0,0.0,0,0,0,,,,val,empty_by_image_gate,0.0,0,0,0,0,0
0,0,,,,,,ground_truth,,,,2.8202615794725716e-05,0.0,btxrd-heuristic-001296,IMG002933.jpeg,0.0,0,320,masks/IMG002933.png,14bf4fc16d7e9f17cb073a83ba89ab04bd4c22a2b6f80f25bf73a67ce7a0a340,0,320,0,known_image_label_normal,0,0,0.0,0,0,0,,,,val,empty_by_image_gate,0.0,0,0,0,0,0
0,0,,,,,,ground_truth,,,,0.00015824190631974488,0.0,btxrd-heuristic-001320,IMG003119.jpeg,0.0,0,320,masks/IMG003119.png,14bf4fc16d7e9f17cb073a83ba89ab04bd4c22a2b6f80f25bf73a67ce7a0a340,0,320,0,known_image_label_normal,0,0,0.0,0,0,0,,,,val,empty_by_image_gate,0.0,0,0,0,0,0
0,0,,,,,,ground_truth,,,,7.369330705842003e-05,0.0,btxrd-heuristic-001320,IMG003120.jpeg,0.0,0,320,masks/IMG003120.png,14bf4fc16d7e9f17cb073a83ba89ab04bd4c22a2b6f80f25bf73a67ce7a0a340,0,320,0,known_image_label_normal,0,0,0.0,0,0,0,,,,val,empty_by_image_gate,0.0,0,0,0,0,0
0,0,,,,,,ground_truth,,,,0.03421267122030258,0.0,btxrd-heuristic-001331,IMG003162.jpeg,0.0,0,320,masks/IMG003162.png,14bf4fc16d7e9f17cb073a83ba89ab04bd4c22a2b6f80f25bf73a67ce7a0a340,0,320,0,known_image_label_normal,0,0,0.0,0,0,0,,,,val,empty_by_image_gate,0.0,0,0,0,0,0
0,0,,,,,,ground_truth,,,,0.003689657896757126,0.0,btxrd-heuristic-001331,IMG003163.jpeg,0.0,0,320,masks/IMG003163.png,14bf4fc16d7e9f17cb073a83ba89ab04bd4c22a2b6f80f25bf73a67ce7a0a340,0,320,0,known_image_label_normal,0,0,0.0,0,0,0,,,,val,empty_by_image_gate,0.0,0,0,0,0,0
0,0,,,,,,ground_truth,,,,0.10901562869548798,0.0,btxrd-heuristic-001331,IMG003164.jpeg,0.0,0,320,masks/IMG003164.png,14bf4fc16d7e9f17cb073a83ba89ab04bd4c22a2b6f80f25bf73a67ce7a0a340,0,320,0,known_image_label_normal,0,0,0.0,0,0,0,,,,val,empty_by_image_gate,0.0,0,0,0,0,0
0,0,,,,,,ground_truth,,,,0.9998705387115479,0.0,btxrd-heuristic-001331,IMG003165.jpeg,0.0,0,320,masks/IMG003165.png,14bf4fc16d7e9f17cb073a83ba89ab04bd4c22a2b6f80f25bf73a67ce7a0a340,0,320,0,known_image_label_normal,0,0,0.0,0,0,0,,,,val,empty_by_image_gate,0.0,0,0,0,0,0
0,0,,,,,,ground_truth,,,,0.0022009611129760742,0.0,btxrd-heuristic-001337,IMG003202.jpeg,0.0,0,320,masks/IMG003202.png,14bf4fc16d7e9f17cb073a83ba89ab04bd4c22a2b6f80f25bf73a67ce7a0a340,0,320,0,known_image_label_normal,0,0,0.0,0,0,0,,,,val,empty_by_image_gate,0.0,0,0,0,0,0
0,0,,,,,,ground_truth,,,,0.16867391765117645,0.0,btxrd-heuristic-001337,IMG003203.jpeg,0.0,0,320,masks/IMG003203.png,14bf4fc16d7e9f17cb073a83ba89ab04bd4c22a2b6f80f25bf73a67ce7a0a340,0,320,0,known_image_label_normal,0,0,0.0,0,0,0,,,,val,empty_by_image_gate,0.0,0,0,0,0,0
0,0,,,,,,ground_truth,,,,0.9028369188308716,0.0,btxrd-heuristic-001337,IMG003204.jpeg,0.0,0,320,masks/IMG003204.png,14bf4fc16d7e9f17cb073a83ba89ab04bd4c22a2b6f80f25bf73a67ce7a0a340,0,320,0,known_image_label_normal,0,0,0.0,0,0,0,,,,val,empty_by_image_gate,0.0,0,0,0,0,0
0,0,,,,,,ground_truth,,,,0.010200843214988708,0.0,btxrd-heuristic-001347,IMG003234.jpeg,0.0,0,320,masks/IMG003234.png,14bf4fc16d7e9f17cb073a83ba89ab04bd4c22a2b6f80f25bf73a67ce7a0a340,0,320,0,known_image_label_normal,0,0,0.0,0,0,0,,,,val,empty_by_image_gate,0.0,0,0,0,0,0
0,0,,,,,,ground_truth,,,,0.009071757085621357,0.0,btxrd-heuristic-001347,IMG003235.jpeg,0.0,0,320,masks/IMG003235.png,14bf4fc16d7e9f17cb073a83ba89ab04bd4c22a2b6f80f25bf73a67ce7a0a340,0,320,0,known_image_label_normal,0,0,0.0,0,0,0,,,,val,empty_by_image_gate,0.0,0,0,0,0,0
0,0,,,,,,ground_truth,,,,0.0001122087414842099,0.0,btxrd-heuristic-001347,IMG003236.jpeg,0.0,0,320,masks/IMG003236.png,14bf4fc16d7e9f17cb073a83ba89ab04bd4c22a2b6f80f25bf73a67ce7a0a340,0,320,0,known_image_label_normal,0,0,0.0,0,0,0,,,,val,empty_by_image_gate,0.0,0,0,0,0,0
0,0,,,,,,ground_truth,,,,0.0004376019351184368,0.0,btxrd-heuristic-001347,IMG003237.jpeg,0.0,0,320,masks/IMG003237.png,14bf4fc16d7e9f17cb073a83ba89ab04bd4c22a2b6f80f25bf73a67ce7a0a340,0,320,0,known_image_label_normal,0,0,0.0,0,0,0,,,,val,empty_by_image_gate,0.0,0,0,0,0,0
0,0,,,,,,ground_truth,,,,0.02088853158056736,0.0,btxrd-heuristic-001350,IMG003243.jpeg,0.0,0,320,masks/IMG003243.png,14bf4fc16d7e9f17cb073a83ba89ab04bd4c22a2b6f80f25bf73a67ce7a0a340,0,320,0,known_image_label_normal,0,0,0.0,0,0,0,,,,val,empty_by_image_gate,0.0,0,0,0,0,0
0,0,,,,,,ground_truth,,,,0.027951063588261604,0.0,btxrd-heuristic-001350,IMG003244.jpeg,0.0,0,320,masks/IMG003244.png,14bf4fc16d7e9f17cb073a83ba89ab04bd4c22a2b6f80f25bf73a67ce7a0a340,0,320,0,known_image_label_normal,0,0,0.0,0,0,0,,,,val,empty_by_image_gate,0.0,0,0,0,0,0
0,0,,,,,,ground_truth,,,,9.760346438270062e-05,0.0,btxrd-heuristic-001350,IMG003245.jpeg,0.0,0,320,masks/IMG003245.png,14bf4fc16d7e9f17cb073a83ba89ab04bd4c22a2b6f80f25bf73a67ce7a0a340,0,320,0,known_image_label_normal,0,0,0.0,0,0,0,,,,val,empty_by_image_gate,0.0,0,0,0,0,0
0,0,,,,,,ground_truth,,,,0.09094387292861938,0.0,btxrd-heuristic-001350,IMG003246.jpeg,0.0,0,320,masks/IMG003246.png,14bf4fc16d7e9f17cb073a83ba89ab04bd4c22a2b6f80f25bf73a67ce7a0a340,0,320,0,known_image_label_normal,0,0,0.0,0,0,0,,,,val,empty_by_image_gate,0.0,0,0,0,0,0
0,0,,,,,,ground_truth,,,,7.176147960308299e-07,0.0,btxrd-heuristic-001351,IMG003247.jpeg,0.0,0,320,masks/IMG003247.png,14bf4fc16d7e9f17cb073a83ba89ab04bd4c22a2b6f80f25bf73a67ce7a0a340,0,320,0,known_image_label_normal,0,0,0.0,0,0,0,,,,val,empty_by_image_gate,0.0,0,0,0,0,0
0,0,,,,,,ground_truth,,,,0.4683327078819275,0.0,btxrd-heuristic-001351,IMG003248.jpeg,0.0,0,320,masks/IMG003248.png,14bf4fc16d7e9f17cb073a83ba89ab04bd4c22a2b6f80f25bf73a67ce7a0a340,0,320,0,known_image_label_normal,0,0,0.0,0,0,0,,,,val,empty_by_image_gate,0.0,0,0,0,0,0
0,0,,,,,,ground_truth,,,,0.9017106890678406,0.0,btxrd-heuristic-001353,IMG003250.jpeg,0.0,0,320,masks/IMG003250.png,14bf4fc16d7e9f17cb073a83ba89ab04bd4c22a2b6f80f25bf73a67ce7a0a340,0,320,0,known_image_label_normal,0,0,0.0,0,0,0,,,,val,empty_by_image_gate,0.0,0,0,0,0,0
0,0,,,,,,ground_truth,,,,0.9391337037086487,0.0,btxrd-heuristic-001354,IMG003251.jpeg,0.0,0,320,masks/IMG003251.png,14bf4fc16d7e9f17cb073a83ba89ab04bd4c22a2b6f80f25bf73a67ce7a0a340,0,320,0,known_image_label_normal,0,0,0.0,0,0,0,,,,val,empty_by_image_gate,0.0,0,0,0,0,0
0,0,,,,,,ground_truth,,,,0.8749517798423767,0.0,btxrd-heuristic-001354,IMG003252.jpeg,0.0,0,320,masks/IMG003252.png,14bf4fc16d7e9f17cb073a83ba89ab04bd4c22a2b6f80f25bf73a67ce7a0a340,0,320,0,known_image_label_normal,0,0,0.0,0,0,0,,,,val,empty_by_image_gate,0.0,0,0,0,0,0
0,0,,,,,,ground_truth,,,,0.5901979804039001,0.0,btxrd-heuristic-001356,IMG003259.jpeg,0.0,0,320,masks/IMG003259.png,14bf4fc16d7e9f17cb073a83ba89ab04bd4c22a2b6f80f25bf73a67ce7a0a340,0,320,0,known_image_label_normal,0,0,0.0,0,0,0,,,,val,empty_by_image_gate,0.0,0,0,0,0,0
0,0,,,,,,ground_truth,,,,0.3997615575790405,0.0,btxrd-heuristic-001356,IMG003260.jpeg,0.0,0,320,masks/IMG003260.png,14bf4fc16d7e9f17cb073a83ba89ab04bd4c22a2b6f80f25bf73a67ce7a0a340,0,320,0,known_image_label_normal,0,0,0.0,0,0,0,,,,val,empty_by_image_gate,0.0,0,0,0,0,0
0,0,,,,,,ground_truth,,,,0.7460734248161316,0.0,btxrd-heuristic-001356,IMG003261.jpeg,0.0,0,320,masks/IMG003261.png,14bf4fc16d7e9f17cb073a83ba89ab04bd4c22a2b6f80f25bf73a67ce7a0a340,0,320,0,known_image_label_normal,0,0,0.0,0,0,0,,,,val,empty_by_image_gate,0.0,0,0,0,0,0
0,0,,,,,,ground_truth,,,,0.7765066623687744,0.0,btxrd-heuristic-001359,IMG003266.jpeg,0.0,0,320,masks/IMG003266.png,14bf4fc16d7e9f17cb073a83ba89ab04bd4c22a2b6f80f25bf73a67ce7a0a340,0,320,0,known_image_label_normal,0,0,0.0,0,0,0,,,,val,empty_by_image_gate,0.0,0,0,0,0,0
0,0,,,,,,ground_truth,,,,0.0034096892923116684,0.0,btxrd-heuristic-001361,IMG003268.jpeg,0.0,0,320,masks/IMG003268.png,14bf4fc16d7e9f17cb073a83ba89ab04bd4c22a2b6f80f25bf73a67ce7a0a340,0,320,0,known_image_label_normal,0,0,0.0,0,0,0,,,,val,empty_by_image_gate,0.0,0,0,0,0,0
0,0,,,,,,ground_truth,,,,0.0029806061647832394,0.0,btxrd-heuristic-001361,IMG003269.jpeg,0.0,0,320,masks/IMG003269.png,14bf4fc16d7e9f17cb073a83ba89ab04bd4c22a2b6f80f25bf73a67ce7a0a340,0,320,0,known_image_label_normal,0,0,0.0,0,0,0,,,,val,empty_by_image_gate,0.0,0,0,0,0,0
0,0,,,,,,ground_truth,,,,6.509474042104557e-05,0.0,btxrd-heuristic-001365,IMG003281.jpeg,0.0,0,320,masks/IMG003281.png,14bf4fc16d7e9f17cb073a83ba89ab04bd4c22a2b6f80f25bf73a67ce7a0a340,0,320,0,known_image_label_normal,0,0,0.0,0,0,0,,,,val,empty_by_image_gate,0.0,0,0,0,0,0
0,0,,,,,,ground_truth,,,,0.21933400630950928,0.0,btxrd-heuristic-001365,IMG003282.jpeg,0.0,0,320,masks/IMG003282.png,14bf4fc16d7e9f17cb073a83ba89ab04bd4c22a2b6f80f25bf73a67ce7a0a340,0,320,0,known_image_label_normal,0,0,0.0,0,0,0,,,,val,empty_by_image_gate,0.0,0,0,0,0,0
0,0,,,,,,ground_truth,,,,0.0014678883599117398,0.0,btxrd-heuristic-001366,IMG003283.jpeg,0.0,0,320,masks/IMG003283.png,14bf4fc16d7e9f17cb073a83ba89ab04bd4c22a2b6f80f25bf73a67ce7a0a340,0,320,0,known_image_label_normal,0,0,0.0,0,0,0,,,,val,empty_by_image_gate,0.0,0,0,0,0,0
0,0,,,,,,ground_truth,,,,0.07149758189916611,0.0,btxrd-heuristic-001366,IMG003284.jpeg,0.0,0,320,masks/IMG003284.png,14bf4fc16d7e9f17cb073a83ba89ab04bd4c22a2b6f80f25bf73a67ce7a0a340,0,320,0,known_image_label_normal,0,0,0.0,0,0,0,,,,val,empty_by_image_gate,0.0,0,0,0,0,0
0,0,,,,,,ground_truth,,,,0.01056408230215311,0.0,btxrd-heuristic-001366,IMG003285.jpeg,0.0,0,320,masks/IMG003285.png,14bf4fc16d7e9f17cb073a83ba89ab04bd4c22a2b6f80f25bf73a67ce7a0a340,0,320,0,known_image_label_normal,0,0,0.0,0,0,0,,,,val,empty_by_image_gate,0.0,0,0,0,0,0
0,0,,,,,,ground_truth,,,,0.0631074458360672,0.0,btxrd-heuristic-001366,IMG003286.jpeg,0.0,0,320,masks/IMG003286.png,14bf4fc16d7e9f17cb073a83ba89ab04bd4c22a2b6f80f25bf73a67ce7a0a340,0,320,0,known_image_label_normal,0,0,0.0,0,0,0,,,,val,empty_by_image_gate,0.0,0,0,0,0,0
0,0,,,,,,ground_truth,,,,0.05356471613049507,0.0,btxrd-heuristic-001369,IMG003295.jpeg,0.0,0,320,masks/IMG003295.png,14bf4fc16d7e9f17cb073a83ba89ab04bd4c22a2b6f80f25bf73a67ce7a0a340,0,320,0,known_image_label_normal,0,0,0.0,0,0,0,,,,val,empty_by_image_gate,0.0,0,0,0,0,0
0,0,,,,,,ground_truth,,,,0.9998669624328613,0.0,btxrd-heuristic-001369,IMG003296.jpeg,0.0,0,320,masks/IMG003296.png,14bf4fc16d7e9f17cb073a83ba89ab04bd4c22a2b6f80f25bf73a67ce7a0a340,0,320,0,known_image_label_normal,0,0,0.0,0,0,0,,,,val,empty_by_image_gate,0.0,0,0,0,0,0
0,0,,,,,,ground_truth,,,,0.8607752919197083,0.0,btxrd-heuristic-001369,IMG003297.jpeg,0.0,0,320,masks/IMG003297.png,14bf4fc16d7e9f17cb073a83ba89ab04bd4c22a2b6f80f25bf73a67ce7a0a340,0,320,0,known_image_label_normal,0,0,0.0,0,0,0,,,,val,empty_by_image_gate,0.0,0,0,0,0,0
0,0,,,,,,ground_truth,,,,0.9999990463256836,0.0,btxrd-heuristic-001377,IMG003317.jpeg,0.0,0,320,masks/IMG003317.png,14bf4fc16d7e9f17cb073a83ba89ab04bd4c22a2b6f80f25bf73a67ce7a0a340,0,320,0,known_image_label_normal,0,0,0.0,0,0,0,,,,val,empty_by_image_gate,0.0,0,0,0,0,0
0,0,,,,,,ground_truth,,,,0.9999833106994629,0.0,btxrd-heuristic-001377,IMG003318.jpeg,0.0,0,320,masks/IMG003318.png,14bf4fc16d7e9f17cb073a83ba89ab04bd4c22a2b6f80f25bf73a67ce7a0a340,0,320,0,known_image_label_normal,0,0,0.0,0,0,0,,,,val,empty_by_image_gate,0.0,0,0,0,0,0
0,0,,,,,,ground_truth,,,,0.0007369079976342618,0.0,btxrd-heuristic-001378,IMG003319.jpeg,0.0,0,320,masks/IMG003319.png,14bf4fc16d7e9f17cb073a83ba89ab04bd4c22a2b6f80f25bf73a67ce7a0a340,0,320,0,known_image_label_normal,0,0,0.0,0,0,0,,,,val,empty_by_image_gate,0.0,0,0,0,0,0
0,0,,,,,,ground_truth,,,,0.0014897265937179327,0.0,btxrd-heuristic-001384,IMG003339.jpeg,0.0,0,320,masks/IMG003339.png,14bf4fc16d7e9f17cb073a83ba89ab04bd4c22a2b6f80f25bf73a67ce7a0a340,0,320,0,known_image_label_normal,0,0,0.0,0,0,0,,,,val,empty_by_image_gate,0.0,0,0,0,0,0
0,0,,,,,,ground_truth,,,,0.009281662292778492,0.0,btxrd-heuristic-001384,IMG003340.jpeg,0.0,0,320,masks/IMG003340.png,14bf4fc16d7e9f17cb073a83ba89ab04bd4c22a2b6f80f25bf73a67ce7a0a340,0,320,0,known_image_label_normal,0,0,0.0,0,0,0,,,,val,empty_by_image_gate,0.0,0,0,0,0,0
0,0,,,,,,ground_truth,,,,0.0007975913467817008,0.0,btxrd-heuristic-001384,IMG003341.jpeg,0.0,0,320,masks/IMG003341.png,14bf4fc16d7e9f17cb073a83ba89ab04bd4c22a2b6f80f25bf73a67ce7a0a340,0,320,0,known_image_label_normal,0,0,0.0,0,0,0,,,,val,empty_by_image_gate,0.0,0,0,0,0,0
0,0,,,,,,ground_truth,,,,0.0011744860094040632,0.0,btxrd-heuristic-001393,IMG003369.jpeg,0.0,0,320,masks/IMG003369.png,14bf4fc16d7e9f17cb073a83ba89ab04bd4c22a2b6f80f25bf73a67ce7a0a340,0,320,0,known_image_label_normal,0,0,0.0,0,0,0,,,,val,empty_by_image_gate,0.0,0,0,0,0,0
0,0,,,,,,ground_truth,,,,9.259233593184035e-06,0.0,btxrd-heuristic-001393,IMG003370.jpeg,0.0,0,320,masks/IMG003370.png,14bf4fc16d7e9f17cb073a83ba89ab04bd4c22a2b6f80f25bf73a67ce7a0a340,0,320,0,known_image_label_normal,0,0,0.0,0,0,0,,,,val,empty_by_image_gate,0.0,0,0,0,0,0
0,0,,,,,,ground_truth,,,,0.00036955508403480053,0.0,btxrd-heuristic-001395,IMG003375.jpeg,0.0,0,320,masks/IMG003375.png,14bf4fc16d7e9f17cb073a83ba89ab04bd4c22a2b6f80f25bf73a67ce7a0a340,0,320,0,known_image_label_normal,0,0,0.0,0,0,0,,,,val,empty_by_image_gate,0.0,0,0,0,0,0
0,0,,,,,,ground_truth,,,,0.0003542113699950278,0.0,btxrd-heuristic-001395,IMG003376.jpeg,0.0,0,320,masks/IMG003376.png,14bf4fc16d7e9f17cb073a83ba89ab04bd4c22a2b6f80f25bf73a67ce7a0a340,0,320,0,known_image_label_normal,0,0,0.0,0,0,0,,,,val,empty_by_image_gate,0.0,0,0,0,0,0
0,0,,,,,,ground_truth,,,,0.9909487366676331,0.0,btxrd-heuristic-001402,IMG003401.jpeg,0.0,0,320,masks/IMG003401.png,14bf4fc16d7e9f17cb073a83ba89ab04bd4c22a2b6f80f25bf73a67ce7a0a340,0,320,0,known_image_label_normal,0,0,0.0,0,0,0,,,,val,empty_by_image_gate,0.0,0,0,0,0,0
0,0,,,,,,ground_truth,,,,0.2730548679828644,0.0,btxrd-heuristic-001402,IMG003402.jpeg,0.0,0,320,masks/IMG003402.png,14bf4fc16d7e9f17cb073a83ba89ab04bd4c22a2b6f80f25bf73a67ce7a0a340,0,320,0,known_image_label_normal,0,0,0.0,0,0,0,,,,val,empty_by_image_gate,0.0,0,0,0,0,0
0,0,,,,,,ground_truth,,,,0.9735480546951294,0.0,btxrd-heuristic-001404,IMG003413.jpeg,0.0,0,320,masks/IMG003413.png,14bf4fc16d7e9f17cb073a83ba89ab04bd4c22a2b6f80f25bf73a67ce7a0a340,0,320,0,known_image_label_normal,0,0,0.0,0,0,0,,,,val,empty_by_image_gate,0.0,0,0,0,0,0
0,0,,,,,,ground_truth,,,,0.9973894953727722,0.0,btxrd-heuristic-001404,IMG003414.jpeg,0.0,0,320,masks/IMG003414.png,14bf4fc16d7e9f17cb073a83ba89ab04bd4c22a2b6f80f25bf73a67ce7a0a340,0,320,0,known_image_label_normal,0,0,0.0,0,0,0,,,,val,empty_by_image_gate,0.0,0,0,0,0,0
0,0,,,,,,ground_truth,,,,0.06409771740436554,0.0,btxrd-heuristic-001404,IMG003415.jpeg,0.0,0,320,masks/IMG003415.png,14bf4fc16d7e9f17cb073a83ba89ab04bd4c22a2b6f80f25bf73a67ce7a0a340,0,320,0,known_image_label_normal,0,0,0.0,0,0,0,,,,val,empty_by_image_gate,0.0,0,0,0,0,0
0,0,,,,,,ground_truth,,,,0.0016777950804680586,0.0,btxrd-heuristic-001404,IMG003416.jpeg,0.0,0,320,masks/IMG003416.png,14bf4fc16d7e9f17cb073a83ba89ab04bd4c22a2b6f80f25bf73a67ce7a0a340,0,320,0,known_image_label_normal,0,0,0.0,0,0,0,,,,val,empty_by_image_gate,0.0,0,0,0,0,0
0,0,,,,,,ground_truth,,,,0.05346880108118057,0.0,btxrd-heuristic-001404,IMG003417.jpeg,0.0,0,320,masks/IMG003417.png,14bf4fc16d7e9f17cb073a83ba89ab04bd4c22a2b6f80f25bf73a67ce7a0a340,0,320,0,known_image_label_normal,0,0,0.0,0,0,0,,,,val,empty_by_image_gate,0.0,0,0,0,0,0
0,0,,,,,,ground_truth,,,,0.0001704864262137562,0.0,btxrd-heuristic-001407,IMG003428.jpeg,0.0,0,320,masks/IMG003428.png,14bf4fc16d7e9f17cb073a83ba89ab04bd4c22a2b6f80f25bf73a67ce7a0a340,0,320,0,known_image_label_normal,0,0,0.0,0,0,0,,,,val,empty_by_image_gate,0.0,0,0,0,0,0
0,0,,,,,,ground_truth,,,,0.8772080540657043,0.0,btxrd-heuristic-001408,IMG003429.jpeg,0.0,0,320,masks/IMG003429.png,14bf4fc16d7e9f17cb073a83ba89ab04bd4c22a2b6f80f25bf73a67ce7a0a340,0,320,0,known_image_label_normal,0,0,0.0,0,0,0,,,,val,empty_by_image_gate,0.0,0,0,0,0,0
0,0,,,,,,ground_truth,,,,0.991204559803009,0.0,btxrd-heuristic-001408,IMG003430.jpeg,0.0,0,320,masks/IMG003430.png,14bf4fc16d7e9f17cb073a83ba89ab04bd4c22a2b6f80f25bf73a67ce7a0a340,0,320,0,known_image_label_normal,0,0,0.0,0,0,0,,,,val,empty_by_image_gate,0.0,0,0,0,0,0
0,0,,,,,,ground_truth,,,,0.004824574571102858,0.0,btxrd-heuristic-001411,IMG003436.jpeg,0.0,0,320,masks/IMG003436.png,14bf4fc16d7e9f17cb073a83ba89ab04bd4c22a2b6f80f25bf73a67ce7a0a340,0,320,0,known_image_label_normal,0,0,0.0,0,0,0,,,,val,empty_by_image_gate,0.0,0,0,0,0,0
0,0,,,,,,ground_truth,,,,0.0068654329515993595,0.0,btxrd-heuristic-001411,IMG003437.jpeg,0.0,0,320,masks/IMG003437.png,14bf4fc16d7e9f17cb073a83ba89ab04bd4c22a2b6f80f25bf73a67ce7a0a340,0,320,0,known_image_label_normal,0,0,0.0,0,0,0,,,,val,empty_by_image_gate,0.0,0,0,0,0,0
0,0,,,,,,ground_truth,,,,0.11532296240329742,0.0,btxrd-heuristic-001424,IMG003489.jpeg,0.0,0,320,masks/IMG003489.png,14bf4fc16d7e9f17cb073a83ba89ab04bd4c22a2b6f80f25bf73a67ce7a0a340,0,320,0,known_image_label_normal,0,0,0.0,0,0,0,,,,val,empty_by_image_gate,0.0,0,0,0,0,0
0,0,,,,,,ground_truth,,,,0.008329281583428383,0.0,btxrd-heuristic-001430,IMG003521.jpeg,0.0,0,320,masks/IMG003521.png,14bf4fc16d7e9f17cb073a83ba89ab04bd4c22a2b6f80f25bf73a67ce7a0a340,0,320,0,known_image_label_normal,0,0,0.0,0,0,0,,,,val,empty_by_image_gate,0.0,0,0,0,0,0
0,0,,,,,,ground_truth,,,,0.008290711790323257,0.0,btxrd-heuristic-001438,IMG003582.jpeg,0.0,0,320,masks/IMG003582.png,14bf4fc16d7e9f17cb073a83ba89ab04bd4c22a2b6f80f25bf73a67ce7a0a340,0,320,0,known_image_label_normal,0,0,0.0,0,0,0,,,,val,empty_by_image_gate,0.0,0,0,0,0,0
0,0,,,,,,ground_truth,,,,0.0008979491540230811,0.0,btxrd-heuristic-001439,IMG003583.jpeg,0.0,0,320,masks/IMG003583.png,14bf4fc16d7e9f17cb073a83ba89ab04bd4c22a2b6f80f25bf73a67ce7a0a340,0,320,0,known_image_label_normal,0,0,0.0,0,0,0,,,,val,empty_by_image_gate,0.0,0,0,0,0,0
0,0,,,,,,ground_truth,,,,0.00219302112236619,0.0,btxrd-heuristic-001440,IMG003584.jpeg,0.0,0,320,masks/IMG003584.png,14bf4fc16d7e9f17cb073a83ba89ab04bd4c22a2b6f80f25bf73a67ce7a0a340,0,320,0,known_image_label_normal,0,0,0.0,0,0,0,,,,val,empty_by_image_gate,0.0,0,0,0,0,0
0,0,,,,,,ground_truth,,,,0.0028055431321263313,0.0,btxrd-heuristic-001445,IMG003618.jpeg,0.0,0,320,masks/IMG003618.png,14bf4fc16d7e9f17cb073a83ba89ab04bd4c22a2b6f80f25bf73a67ce7a0a340,0,320,0,known_image_label_normal,0,0,0.0,0,0,0,,,,val,empty_by_image_gate,0.0,0,0,0,0,0
0,0,,,,,,ground_truth,,,,3.896249472745694e-05,0.0,btxrd-heuristic-001445,IMG003619.jpeg,0.0,0,320,masks/IMG003619.png,14bf4fc16d7e9f17cb073a83ba89ab04bd4c22a2b6f80f25bf73a67ce7a0a340,0,320,0,known_image_label_normal,0,0,0.0,0,0,0,,,,val,empty_by_image_gate,0.0,0,0,0,0,0
0,0,,,,,,ground_truth,,,,0.00616469606757164,0.0,btxrd-heuristic-001445,IMG003620.jpeg,0.0,0,320,masks/IMG003620.png,14bf4fc16d7e9f17cb073a83ba89ab04bd4c22a2b6f80f25bf73a67ce7a0a340,0,320,0,known_image_label_normal,0,0,0.0,0,0,0,,,,val,empty_by_image_gate,0.0,0,0,0,0,0
0,0,,,,,,ground_truth,,,,0.0005780021892860532,0.0,btxrd-heuristic-001445,IMG003621.jpeg,0.0,0,320,masks/IMG003621.png,14bf4fc16d7e9f17cb073a83ba89ab04bd4c22a2b6f80f25bf73a67ce7a0a340,0,320,0,known_image_label_normal,0,0,0.0,0,0,0,,,,val,empty_by_image_gate,0.0,0,0,0,0,0
0,0,,,,,,ground_truth,,,,0.5582589507102966,0.0,btxrd-heuristic-001458,IMG003701.jpeg,0.0,0,320,masks/IMG003701.png,14bf4fc16d7e9f17cb073a83ba89ab04bd4c22a2b6f80f25bf73a67ce7a0a340,0,320,0,known_image_label_normal,0,0,0.0,0,0,0,,,,val,empty_by_image_gate,0.0,0,0,0,0,0
0,0,,,,,,ground_truth,,,,0.998358428478241,0.0,btxrd-heuristic-001458,IMG003702.jpeg,0.0,0,320,masks/IMG003702.png,14bf4fc16d7e9f17cb073a83ba89ab04bd4c22a2b6f80f25bf73a67ce7a0a340,0,320,0,known_image_label_normal,0,0,0.0,0,0,0,,,,val,empty_by_image_gate,0.0,0,0,0,0,0
0,0,,,,,,ground_truth,,,,0.080060675740242,0.0,btxrd-heuristic-001458,IMG003703.jpeg,0.0,0,320,masks/IMG003703.png,14bf4fc16d7e9f17cb073a83ba89ab04bd4c22a2b6f80f25bf73a67ce7a0a340,0,320,0,known_image_label_normal,0,0,0.0,0,0,0,,,,val,empty_by_image_gate,0.0,0,0,0,0,0
0,0,,,,,,ground_truth,,,,0.9952816367149353,0.0,btxrd-heuristic-001458,IMG003704.jpeg,0.0,0,320,masks/IMG003704.png,14bf4fc16d7e9f17cb073a83ba89ab04bd4c22a2b6f80f25bf73a67ce7a0a340,0,320,0,known_image_label_normal,0,0,0.0,0,0,0,,,,val,empty_by_image_gate,0.0,0,0,0,0,0
0,0,,,,,,ground_truth,,,,0.0073887356556952,0.0,btxrd-heuristic-001460,IMG003709.jpeg,0.0,0,320,masks/IMG003709.png,14bf4fc16d7e9f17cb073a83ba89ab04bd4c22a2b6f80f25bf73a67ce7a0a340,0,320,0,known_image_label_normal,0,0,0.0,0,0,0,,,,val,empty_by_image_gate,0.0,0,0,0,0,0
0,0,,,,,,ground_truth,,,,0.3064344823360443,0.0,btxrd-heuristic-001460,IMG003710.jpeg,0.0,0,320,masks/IMG003710.png,14bf4fc16d7e9f17cb073a83ba89ab04bd4c22a2b6f80f25bf73a67ce7a0a340,0,320,0,known_image_label_normal,0,0,0.0,0,0,0,,,,val,empty_by_image_gate,0.0,0,0,0,0,0
0,0,,,,,,ground_truth,,,,0.02115168794989586,0.0,btxrd-heuristic-001460,IMG003711.jpeg,0.0,0,320,masks/IMG003711.png,14bf4fc16d7e9f17cb073a83ba89ab04bd4c22a2b6f80f25bf73a67ce7a0a340,0,320,0,known_image_label_normal,0,0,0.0,0,0,0,,,,val,empty_by_image_gate,0.0,0,0,0,0,0
0,0,,,,,,ground_truth,,,,0.9989963173866272,0.0,btxrd-heuristic-001462,IMG003720.jpg,0.0,0,320,masks/IMG003720.png,14bf4fc16d7e9f17cb073a83ba89ab04bd4c22a2b6f80f25bf73a67ce7a0a340,0,320,0,known_image_label_normal,0,0,0.0,0,0,0,,,,val,empty_by_image_gate,0.0,0,0,0,0,0
0,0,,,,,,ground_truth,,,,0.08912576735019684,0.0,btxrd-heuristic-001474,IMG003740.jpg,0.0,0,320,masks/IMG003740.png,14bf4fc16d7e9f17cb073a83ba89ab04bd4c22a2b6f80f25bf73a67ce7a0a340,0,320,0,known_image_label_normal,0,0,0.0,0,0,0,,,,val,empty_by_image_gate,0.0,0,0,0,0,0
0,0,,,,,,ground_truth,,,,0.9795747399330139,0.0,btxrd-heuristic-001475,IMG003741.jpg,0.0,0,320,masks/IMG003741.png,14bf4fc16d7e9f17cb073a83ba89ab04bd4c22a2b6f80f25bf73a67ce7a0a340,0,320,0,known_image_label_normal,0,0,0.0,0,0,0,,,,val,empty_by_image_gate,0.0,0,0,0,0,0
0,0,,,,,,ground_truth,,,,0.9997214674949646,0.0,btxrd-heuristic-001475,IMG003742.jpg,0.0,0,320,masks/IMG003742.png,14bf4fc16d7e9f17cb073a83ba89ab04bd4c22a2b6f80f25bf73a67ce7a0a340,0,320,0,known_image_label_normal,0,0,0.0,0,0,0,,,,val,empty_by_image_gate,0.0,0,0,0,0,0
0,0,,,,,,ground_truth,,,,0.9993937015533447,0.0,btxrd-heuristic-001475,IMG003743.jpg,0.0,0,320,masks/IMG003743.png,14bf4fc16d7e9f17cb073a83ba89ab04bd4c22a2b6f80f25bf73a67ce7a0a340,0,320,0,known_image_label_normal,0,0,0.0,0,0,0,,,,val,empty_by_image_gate,0.0,0,0,0,0,0
0,0,,,,,,ground_truth,,,,0.9999346733093262,0.0,btxrd-heuristic-001475,IMG003744.jpg,0.0,0,320,masks/IMG003744.png,14bf4fc16d7e9f17cb073a83ba89ab04bd4c22a2b6f80f25bf73a67ce7a0a340,0,320,0,known_image_label_normal,0,0,0.0,0,0,0,,,,val,empty_by_image_gate,0.0,0,0,0,0,0
