arm,subgroup_field,subgroup_value,images,tumor_images,normal_images,main_population,mean_tumor_dice,median_tumor_dice,tumor_dice_iqr_low,tumor_dice_iqr_high,mean_tumor_iou,median_tumor_iou,mean_tumor_precision,mean_tumor_recall,mean_tumor_hd95_px_conditional_defined,mean_tumor_assd_px_conditional_defined,boundary_metric_definition,boundary_metric_eligible_tumor_images,boundary_metric_excluded_tumor_images,boundary_metric_zero_overlap_cases,tumor_non_empty_prediction_rate,tumor_empty_prediction_count,tumor_empty_prediction_rate,tumor_zero_overlap_count,tumor_zero_overlap_rate,tumor_overlap_detection_rate,lesion_any_overlap_recall,lesion_any_overlap_precision,gt_lesions,detected_lesions_any_overlap,predicted_lesions,multifocal_tumor_images,multifocal_tumor_image_rate,partial_multifocal_miss_images,partial_multifocal_miss_rate,missed_lesions_any_overlap,excess_predicted_lesions_any_overlap,mean_absolute_component_count_error,median_absolute_component_count_error,gt_component_count_histogram,normal_empty_prediction_rate,normal_specificity,normal_false_positive_case_rate,normal_mean_pred_area_ratio,normal_median_pred_area_ratio,normal_pred_area_ratio_iqr_low,normal_pred_area_ratio_iqr_high,normal_pred_area_ratio_p95,normal_pred_area_gt_0_1pct_rate,normal_pred_area_gt_1pct_rate,normal_pred_area_gt_5pct_rate,normal_false_positive_components,normal_mean_false_positive_components,normal_median_false_positive_components,normal_false_positive_components_iqr_low,normal_false_positive_components_iqr_high,macro_tumor_predicted_gt_area_ratio,median_tumor_predicted_gt_area_ratio,tumor_predicted_gt_area_ratio_iqr_low,tumor_predicted_gt_area_ratio_iqr_high,median_tumor_relative_area_difference,mean_tumor_relative_area_difference,tumor_relative_area_difference_iqr_low,tumor_relative_area_difference_iqr_high,micro_dice,micro_iou,pixel_specificity,pixel_precision,pixel_recall,tp_pixels,fp_pixels,fn_pixels,tn_pixels,lesion_one_to_one_iou10_recall,lesion_one_to_one_iou10_precision,lesion_one_to_one_iou10_f1,lesion_tp_one_to_one_iou10,lesion_one_to_one_iou25_recall,lesion_one_to_one_iou25_precision,lesion_one_to_one_iou25_f1,lesion_tp_one_to_one_iou25,lesion_one_to_one_iou50_recall,lesion_one_to_one_iou50_precision,lesion_one_to_one_iou50_f1,lesion_tp_one_to_one_iou50,lesion_matching_definition
known_binary_label,lesion_size,large_ge_5pct,18,18,0,tumor images only,0.38695777601745013,0.23193419259544074,0.07989563086426119,0.6958396610038948,0.30325659478544487,0.13136896751132424,0.7127977495161338,0.3596804955512101,423.6092846348248,184.28295385677833,conditional mean over tumor images with both GT and prediction non-empty; HD95=max of directed 95th percentiles and ASSD=mean of concatenated directed surface samples (MONAI symmetric convention); distances are pixels on the declared evaluation grid (not mm); empty-prediction cases are excluded; non-empty zero-overlap cases remain defined and are counted separately,18,0,1,1.0,0,0.0,1,0.05555555555555555,0.9444444444444444,0.425,0.5225225225225225,40,17,111,7,0.3888888888888889,7,1.0,23,53,5.833333333333333,2.5,"{'1': 11, '2': 1, '5': 1, '4': 3, '7': 1, '3': 1}",,,,,,,,,,,,0,,,,,0.5750347233313361,0.3822879949508,0.0650980633745234,0.8535978263540869,-0.6177120050492,-0.42496527666866396,-0.9349019366254766,-0.14640217364591307,0.5711576479919273,0.3997345453746043,0.9896324306066049,0.7874810728993151,0.4480711517213614,1454650,392569,1791821,37472526,0.375,0.13513513513513514,0.1986754966887417,15,0.225,0.08108108108108109,0.11920529801324503,9,0.125,0.04504504504504504,0.06622516556291391,5,"maximum-cardinality one-to-one connected-component matching at IoU thresholds 0.10, 0.25, 0.50"
known_binary_label,lesion_size,medium_1_to_5pct,72,72,0,tumor images only,0.4352205646091222,0.4989171254272931,0.12320209750227605,0.67939664259442,0.32352612322363067,0.3323738979675493,0.4888761979579654,0.545859155898392,320.73635506803106,166.45616469996335,conditional mean over tumor images with both GT and prediction non-empty; HD95=max of directed 95th percentiles and ASSD=mean of concatenated directed surface samples (MONAI symmetric convention); distances are pixels on the declared evaluation grid (not mm); empty-prediction cases are excluded; non-empty zero-overlap cases remain defined and are counted separately,72,0,13,1.0,0,0.0,13,0.18055555555555555,0.8194444444444444,0.7317073170731707,0.26043737574552683,82,60,503,7,0.09722222222222222,5,0.7142857142857143,22,372,5.930555555555555,2.0,"{'1': 65, '3': 3, '2': 4}",,,,,,,,,,,,0,,,,,1.6487445933174856,1.1017407207745462,0.40502169527032905,1.87172238957569,0.10174072077454607,0.6487445933174855,-0.594978304729671,0.8717223895756901,0.42550199548874895,0.2702461319541853,0.9792611559282924,0.36224972597153776,0.5155160284438312,2050332,3609664,1926910,170443624,0.6585365853658537,0.1073558648111332,0.18461538461538463,54,0.5853658536585366,0.09542743538767395,0.1641025641025641,48,0.24390243902439024,0.039761431411530816,0.06837606837606838,20,"maximum-cardinality one-to-one connected-component matching at IoU thresholds 0.10, 0.25, 0.50"
known_binary_label,lesion_size,normal,187,0,187,tumor images only,,,,,,,,,,,conditional mean over tumor images with both GT and prediction non-empty; HD95=max of directed 95th percentiles and ASSD=mean of concatenated directed surface samples (MONAI symmetric convention); distances are pixels on the declared evaluation grid (not mm); empty-prediction cases are excluded; non-empty zero-overlap cases remain defined and are counted separately,0,0,0,0.0,0,0.0,0,0.0,0.0,0.0,0.0,0,0,0,0,0.0,0,0.0,0,0,0.0,0.0,{},1.0,1.0,0.0,0.0,0.0,0.0,0.0,0.0,0.0,0.0,0.0,0,0.0,0.0,0.0,0.0,,,,,,,,,1.0,1.0,1.0,,,0,0,0,743059859,0.0,0.0,0.0,0,0.0,0.0,0.0,0,0.0,0.0,0.0,0,"maximum-cardinality one-to-one connected-component matching at IoU thresholds 0.10, 0.25, 0.50"
known_binary_label,lesion_size,small_lt_1pct,94,94,0,tumor images only,0.1567247985768522,0.00699599813960604,0.0,0.16801802120745984,0.11750736795500749,0.003510278979089548,0.14723315379819116,0.4691998346672255,531.306208473316,342.9542697530701,conditional mean over tumor images with both GT and prediction non-empty; HD95=max of directed 95th percentiles and ASSD=mean of concatenated directed surface samples (MONAI symmetric convention); distances are pixels on the declared evaluation grid (not mm); empty-prediction cases are excluded; non-empty zero-overlap cases remain defined and are counted separately,94,0,34,1.0,0,0.0,34,0.3617021276595745,0.6382978723404256,0.6095238095238096,0.06694560669456066,105,64,956,8,0.0851063829787234,2,0.25,41,892,9.074468085106384,3.0,"{'2': 6, '1': 86, '3': 1, '4': 1}",,,,,,,,,,,,0,,,,,87.154797064065,14.857440429021022,4.061150786026992,60.3985711450545,13.857440429021022,86.154797064065,3.061150786026993,59.3985711450545,0.03417040507558274,0.01738218061413229,0.9530352371367292,0.01763732568064258,0.5457791171778054,307874,17147947,256226,347975732,0.23809523809523808,0.02615062761506276,0.0471253534401508,25,0.13333333333333333,0.014644351464435146,0.02639019792648445,14,0.10476190476190476,0.011506276150627616,0.020735155513666354,11,"maximum-cardinality one-to-one connected-component matching at IoU thresholds 0.10, 0.25, 0.50"
known_binary_label,center,1,296,131,165,tumor images only,0.23984021127257274,0.04309987567343556,0.0,0.5185447172411118,0.18196314428456964,0.022024565861922914,0.26168218521604253,0.4673083795706479,486.09454466014023,295.0911564479423,conditional mean over tumor images with both GT and prediction non-empty; HD95=max of directed 95th percentiles and ASSD=mean of concatenated directed surface samples (MONAI symmetric convention); distances are pixels on the declared evaluation grid (not mm); empty-prediction cases are excluded; non-empty zero-overlap cases remain defined and are counted separately,131,0,40,1.0,0,0.0,40,0.3053435114503817,0.6946564885496184,0.6168831168831169,0.11937984496124031,154,95,1290,14,0.10687022900763359,7,0.5,59,1136,3.9054054054054053,0.0,"{'1': 117, '2': 9, '3': 2, '4': 2, '5': 1}",1.0,1.0,0.0,0.0,0.0,0.0,0.0,0.0,0.0,0.0,0.0,0,0.0,0.0,0.0,0.0,62.59274321901987,4.099102515484768,1.0550063999299133,30.49912583285723,3.099102515484768,61.59274321901987,0.05500639992991331,29.49912583285723,0.2090557163977349,0.11672932447526783,0.9841412230067269,0.1309231973680576,0.5184673446213779,2839066,18845907,2636816,1169512250,0.33766233766233766,0.040310077519379844,0.07202216066481995,52,0.2532467532467532,0.030232558139534883,0.054016620498614956,39,0.14935064935064934,0.017829457364341085,0.03185595567867036,23,"maximum-cardinality one-to-one connected-component matching at IoU thresholds 0.10, 0.25, 0.50"
known_binary_label,center,2,47,31,16,tumor images only,0.4813237718881924,0.5218353324793292,0.3154042463001204,0.7050195118703309,0.35616307527354796,0.3530292287087371,0.5911037212185059,0.601192610713563,345.2459205870468,163.10622259284185,conditional mean over tumor images with both GT and prediction non-empty; HD95=max of directed 95th percentiles and ASSD=mean of concatenated directed surface samples (MONAI symmetric convention); distances are pixels on the declared evaluation grid (not mm); empty-prediction cases are excluded; non-empty zero-overlap cases remain defined and are counted separately,31,0,2,1.0,0,0.0,2,0.06451612903225806,0.9354838709677419,0.6744186046511628,0.39779005524861877,43,29,181,4,0.12903225806451613,3,0.75,14,109,3.3617021276595747,0.0,"{'1': 27, '7': 1, '4': 1, '3': 1, '2': 1}",1.0,1.0,0.0,0.0,0.0,0.0,0.0,0.0,0.0,0.0,0.0,0,0.0,0.0,0.0,0.0,2.142943414579775,0.9652317334652812,0.43974189002302116,1.7409281868000743,-0.03476826653471879,1.1429434145797752,-0.5602581099769788,0.7409281868000743,0.35834846587876734,0.21828534157864954,0.9814415858405351,0.28756853507662594,0.4753466803505874,854082,2115930,942674,111898661,0.6511627906976745,0.15469613259668508,0.25,28,0.5116279069767442,0.12154696132596685,0.19642857142857142,22,0.20930232558139536,0.049723756906077346,0.08035714285714286,9,"maximum-cardinality one-to-one connected-component matching at IoU thresholds 0.10, 0.25, 0.50"
known_binary_label,center,3,28,22,6,tumor images only,0.3042339582342733,0.17710386957802693,0.01526657174497706,0.5590121221865578,0.2236347696023414,0.09788537508069539,0.4211263900099374,0.455751088520449,285.4436089154527,173.92745407042818,conditional mean over tumor images with both GT and prediction non-empty; HD95=max of directed 95th percentiles and ASSD=mean of concatenated directed surface samples (MONAI symmetric convention); distances are pixels on the declared evaluation grid (not mm); empty-prediction cases are excluded; non-empty zero-overlap cases remain defined and are counted separately,22,0,6,1.0,0,0.0,6,0.2727272727272727,0.7272727272727273,0.5666666666666667,0.2727272727272727,30,17,99,4,0.18181818181818182,4,1.0,13,72,2.5357142857142856,0.0,"{'1': 18, '4': 1, '3': 2, '2': 1}",1.0,1.0,0.0,0.0,0.0,0.0,0.0,0.0,0.0,0.0,0.0,0,0.0,0.0,0.0,0.0,2.5241160098798607,1.312744515006079,0.3133463616108757,2.931676452135912,0.31274451500607914,1.524116009879861,-0.6866536383891242,1.9316764521359122,0.2908265773918705,0.17015627176561224,0.9893766618442947,0.3885979918909531,0.2323637598874169,119708,188343,395467,17540830,0.4666666666666667,0.1414141414141414,0.21705426356589147,14,0.3333333333333333,0.10101010101010101,0.15503875968992248,10,0.13333333333333333,0.04040404040404041,0.06201550387596899,4,"maximum-cardinality one-to-one connected-component matching at IoU thresholds 0.10, 0.25, 0.50"
known_binary_label,anatomy,ankle-joint,1,1,0,tumor images only,0.556915905376805,0.556915905376805,0.556915905376805,0.556915905376805,0.3859206178294286,0.3859206178294286,0.44487456901676375,0.7443899799471624,307.20822841983573,108.5614314575732,conditional mean over tumor images with both GT and prediction non-empty; HD95=max of directed 95th percentiles and ASSD=mean of concatenated directed surface samples (MONAI symmetric convention); distances are pixels on the declared evaluation grid (not mm); empty-prediction cases are excluded; non-empty zero-overlap cases remain defined and are counted separately,1,0,0,1.0,0,0.0,0,0.0,1.0,1.0,0.2857142857142857,1,1,14,0,0.0,0,0.0,0,10,13.0,13.0,{'1': 1},,,,,,,,,,,,0,,,,,1.673258108667282,1.673258108667282,1.673258108667282,1.673258108667282,0.6732581086672821,0.6732581086672821,0.6732581086672821,0.6732581086672821,0.556915905376805,0.3859206178294286,0.9707406882877779,0.44487456901676375,0.7443899799471624,93546,116729,32122,3872736,1.0,0.07142857142857142,0.13333333333333333,1,1.0,0.07142857142857142,0.13333333333333333,1,0.0,0.0,0.0,0,"maximum-cardinality one-to-one connected-component matching at IoU thresholds 0.10, 0.25, 0.50"
known_binary_label,anatomy,femur,48,48,0,tumor images only,0.3815398585971672,0.37209804857735335,0.0,0.6978899400905645,0.29689256773673456,0.22965865804462132,0.4179626494423318,0.530156501041997,399.89557811432354,261.15499911040337,conditional mean over tumor images with both GT and prediction non-empty; HD95=max of directed 95th percentiles and ASSD=mean of concatenated directed surface samples (MONAI symmetric convention); distances are pixels on the declared evaluation grid (not mm); empty-prediction cases are excluded; non-empty zero-overlap cases remain defined and are counted separately,48,0,13,1.0,0,0.0,13,0.2708333333333333,0.7291666666666666,0.7,0.2629757785467128,50,35,289,2,0.041666666666666664,1,0.5,15,213,5.020833333333333,1.5,"{'1': 46, '2': 2}",,,,,,,,,,,,0,,,,,18.990187812300828,1.2220015619854272,0.7768411298692787,3.236401788049495,0.22200156198542723,17.990187812300828,-0.22315887013072136,2.236401788049495,0.2629633717100219,0.15138619844124737,0.9622240277606366,0.17117150475829052,0.5670451173083935,1003134,4857269,765921,123723644,0.6,0.10380622837370242,0.17699115044247787,30,0.5,0.08650519031141868,0.14749262536873156,25,0.3,0.05190311418685121,0.08849557522123894,15,"maximum-cardinality one-to-one connected-component matching at IoU thresholds 0.10, 0.25, 0.50"
known_binary_label,anatomy,fibula,12,12,0,tumor images only,0.11528078182680623,0.003467176972585015,0.0,0.10735393697856757,0.07580861851577848,0.0017396200568948201,0.08154107430731923,0.35538700843910576,635.8076667500424,407.0894556395608,conditional mean over tumor images with both GT and prediction non-empty; HD95=max of directed 95th percentiles and ASSD=mean of concatenated directed surface samples (MONAI symmetric convention); distances are pixels on the declared evaluation grid (not mm); empty-prediction cases are excluded; non-empty zero-overlap cases remain defined and are counted separately,12,0,6,1.0,0,0.0,6,0.5,0.5,0.46153846153846156,0.04316546762589928,13,6,139,1,0.08333333333333333,0,0.0,7,133,10.5,4.5,"{'1': 11, '2': 1}",,,,,,,,,,,,0,,,,,41.15049315005076,8.811035472816522,2.6321229395244092,69.29500074524663,7.811035472816522,40.15049315005076,1.6321229395244092,68.29500074524663,0.043702346514560765,0.02233931346628078,0.9685175684930489,0.022797557743977348,0.5263752640801821,32141,1377703,28920,42383307,0.3076923076923077,0.02877697841726619,0.05263157894736842,4,0.15384615384615385,0.014388489208633094,0.02631578947368421,2,0.0,0.0,0.0,0,"maximum-cardinality one-to-one connected-component matching at IoU thresholds 0.10, 0.25, 0.50"
known_binary_label,anatomy,foot,7,7,0,tumor images only,0.009672213917040845,0.0,0.0,0.0006620238031085126,0.00499894720570552,0.0,0.004998957390209369,0.26575230852797393,1023.7314820354562,706.4254310943908,conditional mean over tumor images with both GT and prediction non-empty; HD95=max of directed 95th percentiles and ASSD=mean of concatenated directed surface samples (MONAI symmetric convention); distances are pixels on the declared evaluation grid (not mm); empty-prediction cases are excluded; non-empty zero-overlap cases remain defined and are counted separately,7,0,5,1.0,0,0.0,5,0.7142857142857143,0.2857142857142857,0.25,0.011976047904191617,8,2,167,1,0.14285714285714285,0,0.0,6,165,22.714285714285715,1.0,"{'1': 6, '2': 1}",,,,,,,,,,,,0,,,,,212.45393459242334,29.12889904682752,10.59471108878558,65.68749406858667,28.12889904682752,211.45393459242334,9.59471108878558,64.68749406858667,0.01478568151416743,0.007447901909877821,0.8202747940046198,0.0074723232348136515,0.695017283534272,41218,5474871,18087,24987584,0.0,0.0,0.0,0,0.0,0.0,0.0,0,0.0,0.0,0.0,0,"maximum-cardinality one-to-one connected-component matching at IoU thresholds 0.10, 0.25, 0.50"
known_binary_label,anatomy,foot|tibia|fibula,1,1,0,tumor images only,0.36825143692481477,0.36825143692481477,0.36825143692481477,0.36825143692481477,0.22567903245510446,0.22567903245510446,0.9446054201465826,0.22870584351271048,94.57880305889893,37.69079525501893,conditional mean over tumor images with both GT and prediction non-empty; HD95=max of directed 95th percentiles and ASSD=mean of concatenated directed surface samples (MONAI symmetric convention); distances are pixels on the declared evaluation grid (not mm); empty-prediction cases are excluded; non-empty zero-overlap cases remain defined and are counted separately,1,0,0,1.0,0,0.0,0,0.0,1.0,1.0,1.0,1,1,1,0,0.0,0,0.0,0,0,0.0,0.0,{'1': 1},,,,,,,,,,,,0,,,,,0.24211786068009244,0.24211786068009244,0.24211786068009244,0.24211786068009244,-0.7578821393199076,-0.7578821393199076,-0.7578821393199076,-0.7578821393199076,0.36825143692481477,0.22567903245510446,0.9999467248747953,0.9446054201465826,0.22870584351271048,5542,325,18690,6100083,1.0,1.0,1.0,1,0.0,0.0,0.0,0,0.0,0.0,0.0,0,"maximum-cardinality one-to-one connected-component matching at IoU thresholds 0.10, 0.25, 0.50"
known_binary_label,anatomy,hand,8,8,0,tumor images only,0.17310050145830072,0.01956726929499746,0.0,0.21574484396895166,0.12317009332190276,0.009978894360721295,0.1436996793582683,0.37882916432530983,438.0547759781458,239.51339343420986,conditional mean over tumor images with both GT and prediction non-empty; HD95=max of directed 95th percentiles and ASSD=mean of concatenated directed surface samples (MONAI symmetric convention); distances are pixels on the declared evaluation grid (not mm); empty-prediction cases are excluded; non-empty zero-overlap cases remain defined and are counted separately,8,0,4,1.0,0,0.0,4,0.5,0.5,0.5,0.1320754716981132,8,4,53,0,0.0,0,0.0,4,46,5.625,4.5,{'1': 8},,,,,,,,,,,,0,,,,,14.129711096322172,4.560600229963313,1.3563324481122532,21.14429610762925,3.560600229963313,13.129711096322172,0.3563324481122532,20.14429610762925,0.2077327000353354,0.11590497691914088,0.9836197710982858,0.12421063803442237,0.634148788857894,63198,445599,36460,26757867,0.25,0.03773584905660377,0.06557377049180328,2,0.25,0.03773584905660377,0.06557377049180328,2,0.0,0.0,0.0,0,"maximum-cardinality one-to-one connected-component matching at IoU thresholds 0.10, 0.25, 0.50"
known_binary_label,anatomy,hip bone,10,10,0,tumor images only,0.11475995696141128,0.0,0.0,0.11686705103202841,0.07473538360345888,0.0,0.2418585727680739,0.11799558532726995,576.5580924889499,425.4865232737009,conditional mean over tumor images with both GT and prediction non-empty; HD95=max of directed 95th percentiles and ASSD=mean of concatenated directed surface samples (MONAI symmetric convention); distances are pixels on the declared evaluation grid (not mm); empty-prediction cases are excluded; non-empty zero-overlap cases remain defined and are counted separately,10,0,6,1.0,0,0.0,6,0.6,0.4,0.4,0.3170731707317073,10,4,82,0,0.0,0,0.0,6,56,7.2,0.5,{'1': 10},,,,,,,,,,,,0,,,,,0.931000270978827,0.3144688127490444,0.12741112877089486,1.5167231049676824,-0.6855311872509555,-0.06899972902117295,-0.8725888712291051,0.5167231049676823,0.1094960965842116,0.057919000530161587,0.9863206683727659,0.14008474103807772,0.08987184668815074,50254,308486,508920,22242762,0.2,0.024390243902439025,0.043478260869565216,2,0.2,0.024390243902439025,0.043478260869565216,2,0.0,0.0,0.0,0,"maximum-cardinality one-to-one connected-component matching at IoU thresholds 0.10, 0.25, 0.50"
known_binary_label,anatomy,hip-joint,2,2,0,tumor images only,0.9024603447079342,0.9024603447079342,0.8933882706864384,0.91153241872943,0.8227557711257605,0.8227557711257605,0.9821034960962289,0.8347946363865129,84.0216385423574,27.596415701272058,conditional mean over tumor images with both GT and prediction non-empty; HD95=max of directed 95th percentiles and ASSD=mean of concatenated directed surface samples (MONAI symmetric convention); distances are pixels on the declared evaluation grid (not mm); empty-prediction cases are excluded; non-empty zero-overlap cases remain defined and are counted separately,2,0,0,1.0,0,0.0,0,0.0,1.0,1.0,0.6666666666666666,2,2,3,0,0.0,0,0.0,0,1,0.5,0.5,{'1': 2},,,,,,,,,,,,0,,,,,0.8498927188601809,0.8498927188601809,0.846187611366275,0.8535978263540869,-0.15010728113981908,-0.15010728113981908,-0.1538123886337251,-0.14640217364591307,0.9018936727575412,0.8213172535143818,0.9989507186658033,0.9817025403507394,0.8340855341227736,600263,11188,119403,10651348,1.0,0.6666666666666666,0.8,2,1.0,0.6666666666666666,0.8,2,1.0,0.6666666666666666,0.8,2,"maximum-cardinality one-to-one connected-component matching at IoU thresholds 0.10, 0.25, 0.50"
known_binary_label,anatomy,humerus,25,25,0,tumor images only,0.43018158983953514,0.5497114706727129,0.07215912656083329,0.6983952558685891,0.3188697757928224,0.37903593633723026,0.45451670826010004,0.60586082954697,338.03297846490705,163.72067315468405,conditional mean over tumor images with both GT and prediction non-empty; HD95=max of directed 95th percentiles and ASSD=mean of concatenated directed surface samples (MONAI symmetric convention); distances are pixels on the declared evaluation grid (not mm); empty-prediction cases are excluded; non-empty zero-overlap cases remain defined and are counted separately,25,0,5,1.0,0,0.0,5,0.2,0.8,0.8,0.2605633802816901,25,20,142,0,0.0,0,0.0,5,105,4.68,3.0,{'1': 25},,,,,,,,,,,,0,,,,,44.18436632809351,1.7782500885582713,1.1007669414808887,4.5340386384544615,0.7782500885582714,43.18436632809351,0.10076694148088863,3.534038638454462,0.38181874491453605,0.2359554862686692,0.9709456641936444,0.2664757476522968,0.6732189764043095,949298,2613120,460790,87325952,0.72,0.1267605633802817,0.2155688622754491,18,0.6,0.1056338028169014,0.17964071856287425,15,0.32,0.056338028169014086,0.09580838323353294,8,"maximum-cardinality one-to-one connected-component matching at IoU thresholds 0.10, 0.25, 0.50"
known_binary_label,anatomy,knee-joint,2,2,0,tumor images only,0.6982443406888956,0.6982443406888956,0.617195683397078,0.7792929979807132,0.5605846682192149,0.5605846682192149,0.6811613804285196,0.8343562214844046,161.07614597243634,62.60805318050937,conditional mean over tumor images with both GT and prediction non-empty; HD95=max of directed 95th percentiles and ASSD=mean of concatenated directed surface samples (MONAI symmetric convention); distances are pixels on the declared evaluation grid (not mm); empty-prediction cases are excluded; non-empty zero-overlap cases remain defined and are counted separately,2,0,0,1.0,0,0.0,0,0.0,1.0,1.0,0.6666666666666666,2,2,3,0,0.0,0,0.0,0,1,0.5,0.5,{'1': 2},,,,,,,,,,,,0,,,,,1.573964531916133,1.573964531916133,1.177462822724492,1.9704662411077738,0.573964531916133,0.573964531916133,0.17746282272449213,0.9704662411077738,0.7023759678977645,0.5412784832289748,0.9801383949120354,0.6189638997154996,0.8117708549549978,324602,199826,75267,9861093,1.0,0.6666666666666666,0.8,2,1.0,0.6666666666666666,0.8,2,0.5,0.3333333333333333,0.4,1,"maximum-cardinality one-to-one connected-component matching at IoU thresholds 0.10, 0.25, 0.50"
known_binary_label,anatomy,radius,7,7,0,tumor images only,0.44083197424241316,0.3366108465202028,0.06745877875410587,0.8351321418504916,0.37199207363167847,0.20236445922231458,0.4548650232701699,0.6138002160752551,170.68104131624318,94.41846183685006,conditional mean over tumor images with both GT and prediction non-empty; HD95=max of directed 95th percentiles and ASSD=mean of concatenated directed surface samples (MONAI symmetric convention); distances are pixels on the declared evaluation grid (not mm); empty-prediction cases are excluded; non-empty zero-overlap cases remain defined and are counted separately,7,0,1,1.0,0,0.0,1,0.14285714285714285,0.8571428571428571,0.6666666666666666,0.11290322580645161,9,6,62,1,0.14285714285714285,1,1.0,3,55,7.571428571428571,0.0,"{'1': 6, '3': 1}",,,,,,,,,,,,0,,,,,80.95023494438543,0.9971807375800061,0.8088825076704471,95.67463638721519,-0.002819262419993904,79.95023494438543,-0.19111749232955283,94.67463638721519,0.09303324553768243,0.048785981884573434,0.9779558800439454,0.049701669203082346,0.7258775798200741,20575,393395,7770,17452407,0.5555555555555556,0.08064516129032258,0.14084507042253522,5,0.3333333333333333,0.04838709677419355,0.08450704225352113,3,0.3333333333333333,0.04838709677419355,0.08450704225352113,3,"maximum-cardinality one-to-one connected-component matching at IoU thresholds 0.10, 0.25, 0.50"
known_binary_label,anatomy,shoulder-joint,2,2,0,tumor images only,0.0,0.0,0.0,0.0,0.0,0.0,0.0,0.0,301.75586439167563,201.28625606204298,conditional mean over tumor images with both GT and prediction non-empty; HD95=max of directed 95th percentiles and ASSD=mean of concatenated directed surface samples (MONAI symmetric convention); distances are pixels on the declared evaluation grid (not mm); empty-prediction cases are excluded; non-empty zero-overlap cases remain defined and are counted separately,2,0,2,1.0,0,0.0,2,1.0,0.0,0.0,0.0,2,0,55,0,0.0,0,0.0,2,55,26.5,26.5,{'1': 2},,,,,,,,,,,,0,,,,,9.624681535030179,9.624681535030179,8.579599150158089,10.66976391990227,8.624681535030179,8.624681535030179,7.579599150158088,9.66976391990227,0.0,0.0,0.9349806580465435,0.0,0.0,0,80476,8136,1157248,0.0,0.0,0.0,0,0.0,0.0,0.0,0,0.0,0.0,0.0,0,"maximum-cardinality one-to-one connected-component matching at IoU thresholds 0.10, 0.25, 0.50"
known_binary_label,anatomy,tibia,40,40,0,tumor images only,0.2474607191913904,0.05821043683541634,0.00501613702968102,0.48834645758640416,0.17878666992437836,0.029987312909327095,0.2404770888764088,0.6093120094446502,413.3410807763511,226.88207983113315,conditional mean over tumor images with both GT and prediction non-empty; HD95=max of directed 95th percentiles and ASSD=mean of concatenated directed surface samples (MONAI symmetric convention); distances are pixels on the declared evaluation grid (not mm); empty-prediction cases are excluded; non-empty zero-overlap cases remain defined and are counted separately,40,0,5,1.0,0,0.0,5,0.125,0.875,0.7777777777777778,0.09647058823529411,45,35,425,4,0.1,2,0.5,10,384,9.55,5.5,"{'2': 3, '1': 36, '3': 1}",,,,,,,,,,,,0,,,,,83.34358424366717,11.695994834981057,1.8046189413529596,67.8772818029242,10.695994834981057,82.34358424366717,0.8046189413529597,66.8772818029242,0.14168021047060933,0.07624102765783336,0.9698612385128446,0.08042789214104894,0.5942477027427595,340807,3896616,232703,125392572,0.35555555555555557,0.03764705882352941,0.06808510638297872,16,0.3111111111111111,0.03294117647058824,0.059574468085106386,14,0.13333333333333333,0.01411764705882353,0.02553191489361702,6,"maximum-cardinality one-to-one connected-component matching at IoU thresholds 0.10, 0.25, 0.50"
known_binary_label,anatomy,tibia|femur,2,2,0,tumor images only,0.14935937060337248,0.14935937060337248,0.07532431396165028,0.22339442724509467,0.08766970729398799,0.08766970729398799,0.087671280716321,0.558641975308642,344.3725804171499,188.07490419799018,conditional mean over tumor images with both GT and prediction non-empty; HD95=max of directed 95th percentiles and ASSD=mean of concatenated directed surface samples (MONAI symmetric convention); distances are pixels on the declared evaluation grid (not mm); empty-prediction cases are excluded; non-empty zero-overlap cases remain defined and are counted separately,2,0,0,1.0,0,0.0,0,0.0,1.0,1.0,0.17647058823529413,3,3,17,1,0.5,0,0.0,0,14,7.0,7.0,"{'1': 1, '2': 1}",,,,,,,,,,,,0,,,,,93.33230607173559,93.33230607173559,49.528294498549876,137.1363176449213,92.33230607173559,92.33230607173559,48.528294498549876,136.1363176449213,0.10084084084084084,0.05309762499604693,0.9666287576168807,0.05327833088731109,0.9399580125962211,20148,358017,1287,10370292,0.3333333333333333,0.058823529411764705,0.1,1,0.0,0.0,0.0,0,0.0,0.0,0.0,0,"maximum-cardinality one-to-one connected-component matching at IoU thresholds 0.10, 0.25, 0.50"
known_binary_label,anatomy,tibia|fibula,2,2,0,tumor images only,0.26389249340907533,0.26389249340907533,0.22485652165467993,0.3029284651634708,0.1543367595571585,0.1543367595571585,0.43327184098392496,0.3103707268424832,323.5859612709045,130.75385502474288,conditional mean over tumor images with both GT and prediction non-empty; HD95=max of directed 95th percentiles and ASSD=mean of concatenated directed surface samples (MONAI symmetric convention); distances are pixels on the declared evaluation grid (not mm); empty-prediction cases are excluded; non-empty zero-overlap cases remain defined and are counted separately,2,0,0,1.0,0,0.0,0,0.0,1.0,0.6666666666666666,0.5,3,2,22,1,0.5,1,1.0,1,11,10.5,10.5,"{'1': 1, '2': 1}",,,,,,,,,,,,0,,,,,1.0845788288365872,1.0845788288365872,0.6321964129463278,1.5369612447268466,0.08457882883658718,0.08457882883658718,-0.36780358705367217,0.5369612447268466,0.26818102643579084,0.1548551150723651,0.9867718863480224,0.3169724867501425,0.23240674082503116,30023,64695,99160,4826025,0.6666666666666666,0.09090909090909091,0.16,2,0.3333333333333333,0.045454545454545456,0.08,1,0.0,0.0,0.0,0,"maximum-cardinality one-to-one connected-component matching at IoU thresholds 0.10, 0.25, 0.50"
known_binary_label,anatomy,tibia|fibula|femur,11,11,0,tumor images only,0.10240697932767678,0.08056763261264452,0.055590233614144696,0.129054796257507,0.05550460498521914,0.04197471814144175,0.5817566286722048,0.15799293295128478,677.0904119069681,305.1062162982625,conditional mean over tumor images with both GT and prediction non-empty; HD95=max of directed 95th percentiles and ASSD=mean of concatenated directed surface samples (MONAI symmetric convention); distances are pixels on the declared evaluation grid (not mm); empty-prediction cases are excluded; non-empty zero-overlap cases remain defined and are counted separately,11,0,1,1.0,0,0.0,1,0.09090909090909091,0.9090909090909091,0.34146341463414637,0.2054794520547945,41,14,73,11,1.0,9,0.8181818181818182,27,58,6.181818181818182,2.0,"{'2': 2, '4': 4, '5': 1, '3': 3, '7': 1}",,,,,,,,,,,,0,,,,,2.1116193701118378,0.08348638063416901,0.038598968415681015,0.26940985616045476,-0.916513619365831,1.1116193701118375,-0.961401031584319,-0.7305901438395452,0.13374145025799689,0.07166287344081326,0.9754469682557114,0.18958543929396895,0.10331047817496633,176108,752803,1528540,29907484,0.17073170731707318,0.0958904109589041,0.12280701754385964,7,0.024390243902439025,0.0136986301369863,0.017543859649122806,1,0.0,0.0,0.0,0,"maximum-cardinality one-to-one connected-component matching at IoU thresholds 0.10, 0.25, 0.50"
known_binary_label,anatomy,ulna,3,3,0,tumor images only,0.2827745054256772,0.11166710560969186,0.06133063283821698,0.4186646781051448,0.2113684631847902,0.05913528591352859,0.28858335158847637,0.6065011875056611,238.06673265384407,109.47344105162887,conditional mean over tumor images with both GT and prediction non-empty; HD95=max of directed 95th percentiles and ASSD=mean of concatenated directed surface samples (MONAI symmetric convention); distances are pixels on the declared evaluation grid (not mm); empty-prediction cases are excluded; non-empty zero-overlap cases remain defined and are counted separately,3,0,0,1.0,0,0.0,0,0.0,1.0,1.0,0.7058823529411765,3,3,17,0,0.0,0,0.0,0,5,4.666666666666667,1.0,{'1': 3},,,,,,,,,,,,0,,,,,15.0493372906756,16.910377358490567,8.869298143805608,22.159896471453074,15.910377358490566,14.0493372906756,7.869298143805608,21.159896471453074,0.42589222579962027,0.27056103322783365,0.9782889568287443,0.31594391219371915,0.6532084030652691,59327,128450,31497,5787894,0.3333333333333333,0.058823529411764705,0.1,1,0.3333333333333333,0.058823529411764705,0.1,1,0.3333333333333333,0.058823529411764705,0.1,1,"maximum-cardinality one-to-one connected-component matching at IoU thresholds 0.10, 0.25, 0.50"
known_binary_label,anatomy,ulna|radius,1,1,0,tumor images only,0.06918694976696012,0.06918694976696012,0.06918694976696012,0.06918694976696012,0.03583306512176805,0.03583306512176805,0.03646089187271437,0.6754297269969667,227.1079038695043,122.46540931058344,conditional mean over tumor images with both GT and prediction non-empty; HD95=max of directed 95th percentiles and ASSD=mean of concatenated directed surface samples (MONAI symmetric convention); distances are pixels on the declared evaluation grid (not mm); empty-prediction cases are excluded; non-empty zero-overlap cases remain defined and are counted separately,1,0,0,1.0,0,0.0,0,0.0,1.0,1.0,0.16666666666666666,1,1,6,0,0.0,0,0.0,0,5,5.0,5.0,{'1': 1},,,,,,,,,,,,0,,,,,18.524772497472195,18.524772497472195,18.524772497472195,18.524772497472195,17.524772497472195,17.524772497472195,17.524772497472195,17.524772497472195,0.06918694976696012,0.03583306512176805,0.9776699483523476,0.03646089187271437,0.6754297269969667,2672,70612,1284,3091584,0.0,0.0,0.0,0,0.0,0.0,0.0,0,0.0,0.0,0.0,0,"maximum-cardinality one-to-one connected-component matching at IoU thresholds 0.10, 0.25, 0.50"
known_binary_label,anatomy,unknown,187,0,187,tumor images only,,,,,,,,,,,conditional mean over tumor images with both GT and prediction non-empty; HD95=max of directed 95th percentiles and ASSD=mean of concatenated directed surface samples (MONAI symmetric convention); distances are pixels on the declared evaluation grid (not mm); empty-prediction cases are excluded; non-empty zero-overlap cases remain defined and are counted separately,0,0,0,0.0,0,0.0,0,0.0,0.0,0.0,0.0,0,0,0,0,0.0,0,0.0,0,0,0.0,0.0,{},1.0,1.0,0.0,0.0,0.0,0.0,0.0,0.0,0.0,0.0,0.0,0,0.0,0.0,0.0,0.0,,,,,,,,,1.0,1.0,1.0,,,0,0,0,743059859,0.0,0.0,0.0,0,0.0,0.0,0.0,0,0.0,0.0,0.0,0,"maximum-cardinality one-to-one connected-component matching at IoU thresholds 0.10, 0.25, 0.50"
known_binary_label,view,frontal,231,132,99,tumor images only,0.2708343221933584,0.08553448454885744,0.0,0.5536213909807749,0.20502253499784054,0.04467799699682028,0.3179045333350742,0.48574656391174037,463.4240897143537,280.16273384764577,conditional mean over tumor images with both GT and prediction non-empty; HD95=max of directed 95th percentiles and ASSD=mean of concatenated directed surface samples (MONAI symmetric convention); distances are pixels on the declared evaluation grid (not mm); empty-prediction cases are excluded; non-empty zero-overlap cases remain defined and are counted separately,132,0,36,1.0,0,0.0,36,0.2727272727272727,0.7272727272727273,0.5988023952095808,0.13725490196078433,167,100,1122,17,0.12878787878787878,10,0.5882352941176471,67,968,4.307359307359308,0.0,"{'1': 115, '2': 9, '4': 4, '5': 1, '3': 2, '7': 1}",1.0,1.0,0.0,0.0,0.0,0.0,0.0,0.0,0.0,0.0,0.0,0,0.0,0.0,0.0,0.0,45.790275712329326,2.607938360563526,0.841555886646884,21.14429610762925,1.607938360563526,44.790275712329326,-0.158444113353116,20.14429610762925,0.2578997349934145,0.1480395475357095,0.9860292635527826,0.1802765730167282,0.4529151046758649,2518304,11450810,3041908,808177421,0.38323353293413176,0.0570409982174688,0.09930178432893716,64,0.2754491017964072,0.040998217468805706,0.07137315748642359,46,0.16766467065868262,0.024955436720142603,0.04344453064391001,28,"maximum-cardinality one-to-one connected-component matching at IoU thresholds 0.10, 0.25, 0.50"
known_binary_label,view,lateral,112,41,71,tumor images only,0.3293826150607007,0.3419644369178662,0.010994160066742094,0.556915905376805,0.2407997186598294,0.20624674435944315,0.38552642779537205,0.5146439579004232,378.11622789512705,193.03298788702853,conditional mean over tumor images with both GT and prediction non-empty; HD95=max of directed 95th percentiles and ASSD=mean of concatenated directed surface samples (MONAI symmetric convention); distances are pixels on the declared evaluation grid (not mm); empty-prediction cases are excluded; non-empty zero-overlap cases remain defined and are counted separately,41,0,7,1.0,0,0.0,7,0.17073170731707318,0.8292682926829268,0.7142857142857143,0.22137404580152673,49,35,393,5,0.12195121951219512,4,0.8,14,306,3.0892857142857144,0.0,"{'1': 36, '3': 3, '2': 2}",1.0,1.0,0.0,0.0,0.0,0.0,0.0,0.0,0.0,0.0,0.0,0,0.0,0.0,0.0,0.0,54.92449016318201,1.7614838070059484,0.8548609339117121,7.0352467270896275,0.7614838070059484,53.92449016318201,-0.14513906608828783,6.0352467270896275,0.127837435865267,0.06828329885142762,0.9766923129640641,0.0739636084796396,0.4706531151898823,740784,9274736,833165,388651321,0.4897959183673469,0.061068702290076333,0.1085972850678733,24,0.40816326530612246,0.05089058524173028,0.09049773755656108,20,0.10204081632653061,0.01272264631043257,0.02262443438914027,5,"maximum-cardinality one-to-one connected-component matching at IoU thresholds 0.10, 0.25, 0.50"
known_binary_label,view,oblique,28,11,17,tumor images only,0.3434939944893603,0.3257754323022048,0.0,0.6565877483246552,0.26022082556746917,0.19458287650752518,0.3726709328594396,0.4238130811871029,362.3657362565348,240.34591030459475,conditional mean over tumor images with both GT and prediction non-empty; HD95=max of directed 95th percentiles and ASSD=mean of concatenated directed surface samples (MONAI symmetric convention); distances are pixels on the declared evaluation grid (not mm); empty-prediction cases are excluded; non-empty zero-overlap cases remain defined and are counted separately,11,0,5,1.0,0,0.0,5,0.45454545454545453,0.5454545454545454,0.5454545454545454,0.21818181818181817,11,6,55,0,0.0,0,0.0,5,43,1.5714285714285714,0.0,{'1': 11},1.0,1.0,0.0,0.0,0.0,0.0,0.0,0.0,0.0,0.0,0.0,0,0.0,0.0,0.0,0.0,2.3082426402728085,1.466443304366035,0.8975498207067514,2.2154775482701012,0.466443304366035,1.3082426402728087,-0.10245017929324857,1.2154775482701015,0.67861480073576,0.5135631919546392,0.9958591535701268,0.5659923017328256,0.8471908599683011,553768,424634,99884,102122999,0.5454545454545454,0.10909090909090909,0.18181818181818182,6,0.45454545454545453,0.09090909090909091,0.15151515151515152,5,0.2727272727272727,0.05454545454545454,0.09090909090909091,3,"maximum-cardinality one-to-one connected-component matching at IoU thresholds 0.10, 0.25, 0.50"
known_binary_label,tumor_type_name,giant cell tumor,9,9,0,tumor images only,0.503575803984059,0.606371892213786,0.4688283444588758,0.7256622506005977,0.37959148283948163,0.4351030872770003,0.4388143059975244,0.6707332551479775,331.2457288144454,164.38490817632717,conditional mean over tumor images with both GT and prediction non-empty; HD95=max of directed 95th percentiles and ASSD=mean of concatenated directed surface samples (MONAI symmetric convention); distances are pixels on the declared evaluation grid (not mm); empty-prediction cases are excluded; non-empty zero-overlap cases remain defined and are counted separately,9,0,2,1.0,0,0.0,2,0.2222222222222222,0.7777777777777778,0.7777777777777778,0.25,9,7,76,0,0.0,0,0.0,2,57,7.444444444444445,6.0,{'1': 9},,,,,,,,,,,,0,,,,,8.60243816082913,2.0581694383893803,1.0333900781469914,3.2368825185564374,1.05816943838938,7.602438160829132,0.03339007814699141,2.2368825185564374,0.5299981619577775,0.3605425165070811,0.9801544201911488,0.39522525124459695,0.8042494695633984,403689,617726,98256,30508903,0.7777777777777778,0.09210526315789473,0.16470588235294117,7,0.7777777777777778,0.09210526315789473,0.16470588235294117,7,0.3333333333333333,0.039473684210526314,0.07058823529411765,3,"maximum-cardinality one-to-one connected-component matching at IoU thresholds 0.10, 0.25, 0.50"
known_binary_label,tumor_type_name,multiple osteochondromas,26,26,0,tumor images only,0.20869151549006412,0.10998469553511245,0.0618333060506069,0.24730835806125184,0.1435319695942216,0.05828554568746283,0.5177286470731264,0.25824224136143675,505.38527633371535,255.2866500799996,conditional mean over tumor images with both GT and prediction non-empty; HD95=max of directed 95th percentiles and ASSD=mean of concatenated directed surface samples (MONAI symmetric convention); distances are pixels on the declared evaluation grid (not mm); empty-prediction cases are excluded; non-empty zero-overlap cases remain defined and are counted separately,26,0,4,1.0,0,0.0,4,0.15384615384615385,0.8461538461538461,0.4126984126984127,0.2616279069767442,63,26,172,16,0.6153846153846154,13,0.8125,37,127,5.730769230769231,2.0,"{'3': 5, '1': 10, '2': 5, '4': 4, '5': 1, '7': 1}",,,,,,,,,,,,0,,,,,2.723958477016362,0.21281299366327303,0.05201293675286604,1.7671994808330516,-0.787187006336727,1.7239584770163623,-0.947987063247134,0.7671994808330516,0.18682302683960741,0.10303628912404082,0.9830977006481909,0.24880493681567256,0.1495638952175146,367098,1108347,2087358,64465394,0.2698412698412698,0.09883720930232558,0.14468085106382977,17,0.1111111111111111,0.040697674418604654,0.059574468085106386,7,0.047619047619047616,0.01744186046511628,0.02553191489361702,3,"maximum-cardinality one-to-one connected-component matching at IoU thresholds 0.10, 0.25, 0.50"
known_binary_label,tumor_type_name,normal,187,0,187,tumor images only,,,,,,,,,,,conditional mean over tumor images with both GT and prediction non-empty; HD95=max of directed 95th percentiles and ASSD=mean of concatenated directed surface samples (MONAI symmetric convention); distances are pixels on the declared evaluation grid (not mm); empty-prediction cases are excluded; non-empty zero-overlap cases remain defined and are counted separately,0,0,0,0.0,0,0.0,0,0.0,0.0,0.0,0.0,0,0,0,0,0.0,0,0.0,0,0,0.0,0.0,{},1.0,1.0,0.0,0.0,0.0,0.0,0.0,0.0,0.0,0.0,0.0,0,0.0,0.0,0.0,0.0,,,,,,,,,1.0,1.0,1.0,,,0,0,0,743059859,0.0,0.0,0.0,0,0.0,0.0,0.0,0,0.0,0.0,0.0,0,"maximum-cardinality one-to-one connected-component matching at IoU thresholds 0.10, 0.25, 0.50"
known_binary_label,tumor_type_name,osteochondroma,75,75,0,tumor images only,0.19176432971946775,0.01759616719186145,0.0,0.2645735485612137,0.1473638128869904,0.008876176942684739,0.18741522829263535,0.5119111227723735,428.78276900722216,250.72024571764234,conditional mean over tumor images with both GT and prediction non-empty; HD95=max of directed 95th percentiles and ASSD=mean of concatenated directed surface samples (MONAI symmetric convention); distances are pixels on the declared evaluation grid (not mm); empty-prediction cases are excluded; non-empty zero-overlap cases remain defined and are counted separately,75,0,22,1.0,0,0.0,22,0.29333333333333333,0.7066666666666667,0.6666666666666666,0.0811965811965812,81,54,702,6,0.08,1,0.16666666666666666,27,645,8.306666666666667,3.0,"{'2': 6, '1': 69}",,,,,,,,,,,,0,,,,,88.677969188912,18.772572402044293,2.4908901679355417,70.79912964118935,17.772572402044293,87.677969188912,1.4908901679355417,69.79912964118935,0.054597296943961315,0.028064779008579697,0.9571680674718581,0.028511221972722146,0.6418726993984389,329920,11241664,184076,251218219,0.2839506172839506,0.03276353276353276,0.05874840357598978,23,0.19753086419753085,0.022792022792022793,0.04086845466155811,16,0.13580246913580246,0.01566951566951567,0.0280970625798212,11,"maximum-cardinality one-to-one connected-component matching at IoU thresholds 0.10, 0.25, 0.50"
known_binary_label,tumor_type_name,osteofibroma,4,4,0,tumor images only,0.208340579675813,0.03607956328041664,0.0,0.24442014295622966,0.16297494854601774,0.018715011066267412,0.18660164504142418,0.4554340622929092,485.6242876796945,367.2944193359214,conditional mean over tumor images with both GT and prediction non-empty; HD95=max of directed 95th percentiles and ASSD=mean of concatenated directed surface samples (MONAI symmetric convention); distances are pixels on the declared evaluation grid (not mm); empty-prediction cases are excluded; non-empty zero-overlap cases remain defined and are counted separately,4,0,2,1.0,0,0.0,2,0.5,0.5,0.5,0.18181818181818182,4,2,11,0,0.0,0,0.0,2,9,1.75,1.0,{'1': 4},,,,,,,,,,,,0,,,,,8.7523377062045,3.566891680020721,2.239569972601766,10.079659413623455,2.5668916800207215,7.7523377062045,1.2395699726017666,9.079659413623455,0.04825419327576454,0.024723605455954967,0.9900158148777235,0.029031385059497938,0.14282256112321473,3540,118397,21246,11740057,0.25,0.09090909090909091,0.13333333333333333,1,0.25,0.09090909090909091,0.13333333333333333,1,0.25,0.09090909090909091,0.13333333333333333,1,"maximum-cardinality one-to-one connected-component matching at IoU thresholds 0.10, 0.25, 0.50"
known_binary_label,tumor_type_name,osteosarcoma,30,30,0,tumor images only,0.46906715755073414,0.5282068468878457,0.21973188453101822,0.6758294500933762,0.3520727398315496,0.3592415689749969,0.4994170923721557,0.5675448138800331,240.90568834102663,91.45158937352572,conditional mean over tumor images with both GT and prediction non-empty; HD95=max of directed 95th percentiles and ASSD=mean of concatenated directed surface samples (MONAI symmetric convention); distances are pixels on the declared evaluation grid (not mm); empty-prediction cases are excluded; non-empty zero-overlap cases remain defined and are counted separately,30,0,5,1.0,0,0.0,5,0.16666666666666666,0.8333333333333334,0.8333333333333334,0.25675675675675674,30,25,296,0,0.0,0,0.0,5,220,8.866666666666667,5.0,{'1': 30},,,,,,,,,,,,0,,,,,1.2100468718294144,1.1940990402954297,0.5728955887152166,1.8025121319883881,0.1940990402954297,0.21004687182941453,-0.4271044112847834,0.8025121319883882,0.5984899071981198,0.42703217784299136,0.9833613001666834,0.5603667659561343,0.6421789331321468,1108248,869471,617514,51386475,0.7333333333333333,0.07432432432432433,0.13496932515337423,22,0.7333333333333333,0.07432432432432433,0.13496932515337423,22,0.26666666666666666,0.02702702702702703,0.049079754601226995,8,"maximum-cardinality one-to-one connected-component matching at IoU thresholds 0.10, 0.25, 0.50"
known_binary_label,tumor_type_name,other bt,11,11,0,tumor images only,0.11897623654108608,0.0,0.0,0.14871474194340845,0.08188258868945751,0.0,0.08868712479326378,0.23376548541141257,728.9450334713448,591.5893999977253,conditional mean over tumor images with both GT and prediction non-empty; HD95=max of directed 95th percentiles and ASSD=mean of concatenated directed surface samples (MONAI symmetric convention); distances are pixels on the declared evaluation grid (not mm); empty-prediction cases are excluded; non-empty zero-overlap cases remain defined and are counted separately,11,0,8,1.0,0,0.0,8,0.7272727272727273,0.2727272727272727,0.2727272727272727,0.10344827586206896,11,3,29,0,0.0,0,0.0,8,26,1.6363636363636365,0.0,{'1': 11},,,,,,,,,,,,0,,,,,4.172866518099137,3.781001800275336,1.4713967736406386,5.460189510730133,2.781001800275336,3.172866518099137,0.4713967736406385,4.460189510730133,0.18329016869727083,0.10089127363054826,0.9832130994030446,0.11647266033257792,0.4299310890194306,76115,577386,100925,33817647,0.2727272727272727,0.10344827586206896,0.15,3,0.09090909090909091,0.034482758620689655,0.05,1,0.09090909090909091,0.034482758620689655,0.05,1,"maximum-cardinality one-to-one connected-component matching at IoU thresholds 0.10, 0.25, 0.50"
known_binary_label,tumor_type_name,other mt,4,4,0,tumor images only,0.37370821622212874,0.38247524550987466,0.24433157422665358,0.5118518875053498,0.26265346591650424,0.23797827862315574,0.6450054618080524,0.36385795314822006,586.2642927053971,396.7904275402642,conditional mean over tumor images with both GT and prediction non-empty; HD95=max of directed 95th percentiles and ASSD=mean of concatenated directed surface samples (MONAI symmetric convention); distances are pixels on the declared evaluation grid (not mm); empty-prediction cases are excluded; non-empty zero-overlap cases remain defined and are counted separately,4,0,1,1.0,0,0.0,1,0.25,0.75,0.75,0.35294117647058826,4,3,17,0,0.0,0,0.0,1,11,3.25,1.5,{'1': 4},,,,,,,,,,,,0,,,,,0.6269152832609365,0.3144688127490444,0.2597727516430999,0.6816113443668811,-0.6855311872509555,-0.3730847167390634,-0.7402272483569001,-0.3183886556331189,0.16726375611260408,0.09126449955385989,0.9903319744006359,0.2729709365527634,0.12057243898845062,47459,126402,346155,12947829,0.75,0.17647058823529413,0.2857142857142857,3,0.5,0.11764705882352941,0.19047619047619047,2,0.25,0.058823529411764705,0.09523809523809523,1,"maximum-cardinality one-to-one connected-component matching at IoU thresholds 0.10, 0.25, 0.50"
known_binary_label,tumor_type_name,simple bone cyst,20,20,0,tumor images only,0.3612745765300262,0.3690587911339157,0.03265591865663092,0.5894811378731691,0.26398729097903784,0.22723179211158215,0.36735213040562426,0.5889518155143999,602.5153863931565,401.11810211056115,conditional mean over tumor images with both GT and prediction non-empty; HD95=max of directed 95th percentiles and ASSD=mean of concatenated directed surface samples (MONAI symmetric convention); distances are pixels on the declared evaluation grid (not mm); empty-prediction cases are excluded; non-empty zero-overlap cases remain defined and are counted separately,20,0,4,1.0,0,0.0,4,0.2,0.8,0.8,0.14979757085020243,20,16,247,0,0.0,0,0.0,4,210,11.35,2.0,{'1': 20},,,,,,,,,,,,0,,,,,69.81388421602955,1.7313015394243745,1.02641606367018,5.432361769674897,0.7313015394243745,68.81388421602955,0.026416063670180144,4.432361769674897,0.12434867142195023,0.06629626174509749,0.9244588220477421,0.06922623848056761,0.6103452545968036,458376,6163044,292635,75422181,0.65,0.05263157894736842,0.09737827715355805,13,0.5,0.04048582995951417,0.0749063670411985,10,0.25,0.020242914979757085,0.03745318352059925,5,"maximum-cardinality one-to-one connected-component matching at IoU thresholds 0.10, 0.25, 0.50"
known_binary_label,tumor_type_name,synovial osteochondroma,5,5,0,tumor images only,0.751665055234093,0.8603416552725308,0.556915905376805,0.8843161966649425,0.6305202993038759,0.7549119078123958,0.7542808644132523,0.8165383391377995,159.48075948988463,57.79407384422721,conditional mean over tumor images with both GT and prediction non-empty; HD95=max of directed 95th percentiles and ASSD=mean of concatenated directed surface samples (MONAI symmetric convention); distances are pixels on the declared evaluation grid (not mm); empty-prediction cases are excluded; non-empty zero-overlap cases remain defined and are counted separately,5,0,0,1.0,0,0.0,0,0.0,1.0,1.0,0.4,5,5,20,0,0.0,0,0.0,0,12,3.0,1.0,{'1': 5},,,,,,,,,,,,0,,,,,1.304194522043982,0.8573029338479929,0.8424825038723689,1.673258108667282,-0.14269706615200703,0.304194522043982,-0.15751749612763113,0.6732581086672821,0.7860059420604726,0.6474545216428281,0.9867379896831293,0.7565337992532801,0.8178674481189011,1018411,327743,226792,24385177,1.0,0.25,0.4,5,1.0,0.25,0.4,5,0.6,0.15,0.24,3,"maximum-cardinality one-to-one connected-component matching at IoU thresholds 0.10, 0.25, 0.50"
binary_predicted_gate,lesion_size,large_ge_5pct,18,18,0,tumor images only,0.38695777601745013,0.23193419259544074,0.07989563086426119,0.6958396610038948,0.30325659478544487,0.13136896751132424,0.7127977495161338,0.3596804955512101,423.6092846348248,184.28295385677833,conditional mean over tumor images with both GT and prediction non-empty; HD95=max of directed 95th percentiles and ASSD=mean of concatenated directed surface samples (MONAI symmetric convention); distances are pixels on the declared evaluation grid (not mm); empty-prediction cases are excluded; non-empty zero-overlap cases remain defined and are counted separately,18,0,1,1.0,0,0.0,1,0.05555555555555555,0.9444444444444444,0.425,0.5225225225225225,40,17,111,7,0.3888888888888889,7,1.0,23,53,5.833333333333333,2.5,"{'1': 11, '2': 1, '5': 1, '4': 3, '7': 1, '3': 1}",,,,,,,,,,,,0,,,,,0.5750347233313361,0.3822879949508,0.0650980633745234,0.8535978263540869,-0.6177120050492,-0.42496527666866396,-0.9349019366254766,-0.14640217364591307,0.5711576479919273,0.3997345453746043,0.9896324306066049,0.7874810728993151,0.4480711517213614,1454650,392569,1791821,37472526,0.375,0.13513513513513514,0.1986754966887417,15,0.225,0.08108108108108109,0.11920529801324503,9,0.125,0.04504504504504504,0.06622516556291391,5,"maximum-cardinality one-to-one connected-component matching at IoU thresholds 0.10, 0.25, 0.50"
binary_predicted_gate,lesion_size,medium_1_to_5pct,72,72,0,tumor images only,0.35198756855090413,0.378152588344688,0.0,0.6447865477577059,0.26312136585391394,0.23377588692989693,0.4157840103781271,0.4198615589563138,294.7397104959922,147.20584361803725,conditional mean over tumor images with both GT and prediction non-empty; HD95=max of directed 95th percentiles and ASSD=mean of concatenated directed surface samples (MONAI symmetric convention); distances are pixels on the declared evaluation grid (not mm); empty-prediction cases are excluded; non-empty zero-overlap cases remain defined and are counted separately,58,14,24,0.8055555555555556,14,0.19444444444444445,24,0.3333333333333333,0.6666666666666666,0.5975609756097561,0.3002680965147453,82,49,373,7,0.09722222222222222,5,0.7142857142857143,33,261,4.513888888888889,1.0,"{'1': 65, '3': 3, '2': 4}",,,,,,,,,,,,0,,,,,0.9513988961066917,0.7341064542355689,0.05224719755647496,1.6152884156856833,-0.26589354576443125,-0.048601103893308274,-0.9477528024435251,0.615288415685683,0.42662193301797086,0.27115029881933883,0.988888334014121,0.45318153403171113,0.4030031363442305,1602841,1934022,2374401,172119266,0.5365853658536586,0.11796246648793565,0.1934065934065934,44,0.4634146341463415,0.10187667560321716,0.16703296703296702,38,0.21951219512195122,0.04825737265415549,0.07912087912087912,18,"maximum-cardinality one-to-one connected-component matching at IoU thresholds 0.10, 0.25, 0.50"
binary_predicted_gate,lesion_size,normal,187,0,187,tumor images only,,,,,,,,,,,conditional mean over tumor images with both GT and prediction non-empty; HD95=max of directed 95th percentiles and ASSD=mean of concatenated directed surface samples (MONAI symmetric convention); distances are pixels on the declared evaluation grid (not mm); empty-prediction cases are excluded; non-empty zero-overlap cases remain defined and are counted separately,0,0,0,0.0,0,0.0,0,0.0,0.0,0.0,0.0,0,0,143,0,0.0,0,0.0,0,143,0.7647058823529411,0.0,{},0.7967914438502673,0.7967914438502673,0.20320855614973263,0.008877919277350934,0.0,0.0,0.0,0.042638601103644994,0.19786096256684493,0.12834224598930483,0.0374331550802139,143,0.7647058823529411,0.0,0.0,0.0,,,,,,,,,0.0,0.0,0.9952578988659916,0.0,,0,3523665,0,739536194,0.0,0.0,0.0,0,0.0,0.0,0.0,0,0.0,0.0,0.0,0,"maximum-cardinality one-to-one connected-component matching at IoU thresholds 0.10, 0.25, 0.50"
binary_predicted_gate,lesion_size,small_lt_1pct,94,94,0,tumor images only,0.13202234788272996,0.0,0.0,0.0905795705299506,0.10019661452372548,0.0,0.12013323677373866,0.35408880781564983,436.79420902110655,284.28551004873407,conditional mean over tumor images with both GT and prediction non-empty; HD95=max of directed 95th percentiles and ASSD=mean of concatenated directed surface samples (MONAI symmetric convention); distances are pixels on the declared evaluation grid (not mm); empty-prediction cases are excluded; non-empty zero-overlap cases remain defined and are counted separately,64,30,50,0.6808510638297872,30,0.3191489361702128,50,0.5319148936170213,0.46808510638297873,0.45714285714285713,0.0843585237258348,105,48,569,8,0.0851063829787234,1,0.125,57,521,5.702127659574468,1.0,"{'2': 6, '1': 86, '3': 1, '4': 1}",,,,,,,,,,,,0,,,,,41.991443284660285,3.126323524719449,0.0,18.062560820645018,2.126323524719449,40.99144328466028,-1.0,17.062560820645018,0.06177107298032056,0.03186985402973164,0.9805142081732804,0.03325290609471065,0.4338291083141287,244723,7114724,319377,358008955,0.2,0.03690685413005272,0.06231454005934718,21,0.11428571428571428,0.0210896309314587,0.03560830860534125,12,0.09523809523809523,0.01757469244288225,0.02967359050445104,10,"maximum-cardinality one-to-one connected-component matching at IoU thresholds 0.10, 0.25, 0.50"
binary_predicted_gate,center,1,296,131,165,tumor images only,0.21137278722645322,0.006922189462889373,0.0,0.41559407644746615,0.16127318132940405,0.0034731155132492926,0.23349611271857923,0.3714744788566916,418.2174833145505,248.02578298425098,conditional mean over tumor images with both GT and prediction non-empty; HD95=max of directed 95th percentiles and ASSD=mean of concatenated directed surface samples (MONAI symmetric convention); distances are pixels on the declared evaluation grid (not mm); empty-prediction cases are excluded; non-empty zero-overlap cases remain defined and are counted separately,97,34,58,0.7404580152671756,34,0.2595419847328244,58,0.44274809160305345,0.5572519083969466,0.5,0.14164004259850904,154,77,939,14,0.10687022900763359,6,0.42857142857142855,77,806,2.983108108108108,0.0,"{'1': 117, '2': 9, '3': 2, '4': 2, '5': 1}",0.8181818181818182,0.8181818181818182,0.18181818181818182,0.005098099285272168,0.0,0.0,0.0,0.04056831320763819,0.17575757575757575,0.10303030303030303,0.03636363636363636,93,0.5636363636363636,0.0,0.0,0.0,30.145421235328655,1.1007669414808887,0.0,8.08244191237346,0.10076694148088863,29.145421235328655,-1.0,7.08244191237346,0.26291898447917245,0.15135677733507533,0.9900683645494597,0.18138880511733088,0.47758078059388426,2615176,11802340,2860706,1176555817,0.2987012987012987,0.04898828541001065,0.08417200365965233,46,0.22727272727272727,0.03727369542066028,0.06404391582799634,35,0.13636363636363635,0.022364217252396165,0.0384263494967978,21,"maximum-cardinality one-to-one connected-component matching at IoU thresholds 0.10, 0.25, 0.50"
binary_predicted_gate,center,2,47,31,16,tumor images only,0.33340204506891696,0.3050330602980361,0.0,0.6538103882399549,0.2508092621756956,0.17996401767675296,0.45827616609337096,0.3644822071539027,277.516401518755,103.06665730311332,conditional mean over tumor images with both GT and prediction non-empty; HD95=max of directed 95th percentiles and ASSD=mean of concatenated directed surface samples (MONAI symmetric convention); distances are pixels on the declared evaluation grid (not mm); empty-prediction cases are excluded; non-empty zero-overlap cases remain defined and are counted separately,21,10,11,0.6774193548387096,10,0.3225806451612903,11,0.3548387096774194,0.6451612903225806,0.46511627906976744,0.47540983606557374,43,20,122,4,0.12903225806451613,3,0.75,23,64,2.5319148936170213,1.0,"{'1': 27, '7': 1, '4': 1, '3': 1, '2': 1}",0.8125,0.8125,0.1875,0.003325833847519097,0.0,0.0,0.0,0.017384045569630767,0.1875,0.1875,0.0,14,0.875,0.0,0.0,0.0,0.6924606533000659,0.19496996435604078,0.0,0.9437729946095827,-0.8050300356439593,-0.30753934669993416,-1.0,-0.05622700539041729,0.3666684763219532,0.22449115259605362,0.9935935743522512,0.4371623016961586,0.3157523893060605,567330,730426,1229426,113284165,0.46511627906976744,0.16393442622950818,0.24242424242424243,20,0.32558139534883723,0.11475409836065574,0.1696969696969697,14,0.18604651162790697,0.06557377049180328,0.09696969696969697,8,"maximum-cardinality one-to-one connected-component matching at IoU thresholds 0.10, 0.25, 0.50"
binary_predicted_gate,center,3,28,22,6,tumor images only,0.3042339582342733,0.17710386957802693,0.01526657174497706,0.5590121221865578,0.2236347696023414,0.09788537508069539,0.4211263900099374,0.455751088520449,285.4436089154527,173.92745407042818,conditional mean over tumor images with both GT and prediction non-empty; HD95=max of directed 95th percentiles and ASSD=mean of concatenated directed surface samples (MONAI symmetric convention); distances are pixels on the declared evaluation grid (not mm); empty-prediction cases are excluded; non-empty zero-overlap cases remain defined and are counted separately,22,0,6,1.0,0,0.0,6,0.2727272727272727,0.7272727272727273,0.5666666666666667,0.2,30,17,135,4,0.18181818181818182,4,1.0,13,108,3.8214285714285716,1.0,"{'1': 18, '4': 1, '3': 2, '2': 1}",0.16666666666666666,0.16666666666666666,0.8333333333333334,0.1276285302057352,0.026382739794839252,0.006111700148809523,0.04516794279744625,0.5086701299152778,0.8333333333333334,0.6666666666666666,0.16666666666666666,36,6.0,1.5,1.0,2.75,2.5241160098798607,1.312744515006079,0.3133463616108757,2.931676452135912,0.31274451500607914,1.524116009879861,-0.6866536383891242,1.9316764521359122,0.22436198396209528,0.12635569971785612,0.9756213107063708,0.21689296675979577,0.2323637598874169,119708,432214,395467,17296959,0.4666666666666667,0.1037037037037037,0.1696969696969697,14,0.3333333333333333,0.07407407407407407,0.12121212121212122,10,0.13333333333333333,0.02962962962962963,0.048484848484848485,4,"maximum-cardinality one-to-one connected-component matching at IoU thresholds 0.10, 0.25, 0.50"
binary_predicted_gate,anatomy,ankle-joint,1,1,0,tumor images only,0.0,0.0,0.0,0.0,0.0,0.0,0.0,0.0,,,conditional mean over tumor images with both GT and prediction non-empty; HD95=max of directed 95th percentiles and ASSD=mean of concatenated directed surface samples (MONAI symmetric convention); distances are pixels on the declared evaluation grid (not mm); empty-prediction cases are excluded; non-empty zero-overlap cases remain defined and are counted separately,0,1,1,0.0,1,1.0,1,1.0,0.0,0.0,0.0,1,0,0,0,0.0,0,0.0,1,0,1.0,1.0,{'1': 1},,,,,,,,,,,,0,,,,,0.0,0.0,0.0,0.0,-1.0,-1.0,-1.0,-1.0,0.0,0.0,1.0,,0.0,0,0,125668,3989465,0.0,0.0,0.0,0,0.0,0.0,0.0,0,0.0,0.0,0.0,0,"maximum-cardinality one-to-one connected-component matching at IoU thresholds 0.10, 0.25, 0.50"
binary_predicted_gate,anatomy,femur,48,48,0,tumor images only,0.3256182834737357,0.2232662235562467,0.0,0.6216141207595748,0.25191566750470457,0.1256613016022845,0.3659295124371739,0.4389618259318631,325.6259170633661,197.1210803799767,conditional mean over tumor images with both GT and prediction non-empty; HD95=max of directed 95th percentiles and ASSD=mean of concatenated directed surface samples (MONAI symmetric convention); distances are pixels on the declared evaluation grid (not mm); empty-prediction cases are excluded; non-empty zero-overlap cases remain defined and are counted separately,39,9,18,0.8125,9,0.1875,18,0.375,0.625,0.6,0.2874493927125506,50,30,247,2,0.041666666666666664,1,0.5,20,176,4.520833333333333,1.0,"{'1': 46, '2': 2}",,,,,,,,,,,,0,,,,,16.110371201472887,0.8842047626879896,0.04813460572643255,1.972571231026364,-0.11579523731201039,15.110371201472887,-0.9518653942735675,0.9725712310263639,0.28597056265746074,0.16684110344151054,0.9725323540049836,0.20026253232969932,0.49992962344302466,884403,3531815,884652,125049098,0.52,0.10526315789473684,0.1750841750841751,26,0.44,0.08906882591093117,0.14814814814814814,22,0.24,0.048582995951417005,0.08080808080808081,12,"maximum-cardinality one-to-one connected-component matching at IoU thresholds 0.10, 0.25, 0.50"
binary_predicted_gate,anatomy,fibula,12,12,0,tumor images only,0.07094299547789933,0.0,0.0,0.024595184615813996,0.045968373821539676,0.0,0.05164325974802766,0.18917930095920896,560.0263019528323,374.17249898120025,conditional mean over tumor images with both GT and prediction non-empty; HD95=max of directed 95th percentiles and ASSD=mean of concatenated directed surface samples (MONAI symmetric convention); distances are pixels on the declared evaluation grid (not mm); empty-prediction cases are excluded; non-empty zero-overlap cases remain defined and are counted separately,7,5,8,0.5833333333333334,5,0.4166666666666667,8,0.6666666666666666,0.3333333333333333,0.3076923076923077,0.09302325581395349,13,4,43,1,0.08333333333333333,0,0.0,9,39,3.5,1.5,"{'1': 11, '2': 1}",,,,,,,,,,,,0,,,,,18.679685312595804,1.9106659051286077,0.0,11.229489872999386,0.9106659051286077,17.679685312595804,-1.0,10.229489872999386,0.026446165654874048,0.013400275784039883,0.9891155163009263,0.014892961364336724,0.11793124907879006,7201,476316,53860,43284694,0.23076923076923078,0.06976744186046512,0.10714285714285714,3,0.07692307692307693,0.023255813953488372,0.03571428571428571,1,0.0,0.0,0.0,0,"maximum-cardinality one-to-one connected-component matching at IoU thresholds 0.10, 0.25, 0.50"
binary_predicted_gate,anatomy,foot,7,7,0,tumor images only,0.0,0.0,0.0,0.0,0.0,0.0,0.0,0.0,897.4014468074334,795.003144696627,conditional mean over tumor images with both GT and prediction non-empty; HD95=max of directed 95th percentiles and ASSD=mean of concatenated directed surface samples (MONAI symmetric convention); distances are pixels on the declared evaluation grid (not mm); empty-prediction cases are excluded; non-empty zero-overlap cases remain defined and are counted separately,2,5,7,0.2857142857142857,5,0.7142857142857143,7,1.0,0.0,0.0,0.0,8,0,3,1,0.14285714285714285,0,0.0,8,3,1.0,1.0,"{'1': 6, '2': 1}",,,,,,,,,,,,0,,,,,3.0270603110815943,0.0,0.0,4.3151835297304615,-1.0,2.0270603110815943,-1.0,3.3151835297304624,0.0,0.0,0.9976465127318203,0.0,0.0,0,71693,59305,30390762,0.0,0.0,0.0,0,0.0,0.0,0.0,0,0.0,0.0,0.0,0,"maximum-cardinality one-to-one connected-component matching at IoU thresholds 0.10, 0.25, 0.50"
binary_predicted_gate,anatomy,foot|tibia|fibula,1,1,0,tumor images only,0.0,0.0,0.0,0.0,0.0,0.0,0.0,0.0,,,conditional mean over tumor images with both GT and prediction non-empty; HD95=max of directed 95th percentiles and ASSD=mean of concatenated directed surface samples (MONAI symmetric convention); distances are pixels on the declared evaluation grid (not mm); empty-prediction cases are excluded; non-empty zero-overlap cases remain defined and are counted separately,0,1,1,0.0,1,1.0,1,1.0,0.0,0.0,0.0,1,0,0,0,0.0,0,0.0,1,0,1.0,1.0,{'1': 1},,,,,,,,,,,,0,,,,,0.0,0.0,0.0,0.0,-1.0,-1.0,-1.0,-1.0,0.0,0.0,1.0,,0.0,0,0,24232,6100408,0.0,0.0,0.0,0,0.0,0.0,0.0,0,0.0,0.0,0.0,0,"maximum-cardinality one-to-one connected-component matching at IoU thresholds 0.10, 0.25, 0.50"
binary_predicted_gate,anatomy,hand,8,8,0,tumor images only,0.07579648652672324,0.0,0.0,0.0,0.05438788590962504,0.0,0.07483610653809972,0.076781836279182,483.1500937901959,305.8174242548659,conditional mean over tumor images with both GT and prediction non-empty; HD95=max of directed 95th percentiles and ASSD=mean of concatenated directed surface samples (MONAI symmetric convention); distances are pixels on the declared evaluation grid (not mm); empty-prediction cases are excluded; non-empty zero-overlap cases remain defined and are counted separately,5,3,7,0.625,3,0.375,7,0.875,0.125,0.125,0.11764705882352941,8,1,34,0,0.0,0,0.0,7,30,4.0,1.0,{'1': 8},,,,,,,,,,,,0,,,,,8.502785924466595,0.797234692264637,0.0,2.8655902336588377,-0.2027653077353631,7.502785924466594,-1.0,1.8655902336588377,0.08758179210452187,0.045796359678514725,0.9873167632389196,0.05573451051333769,0.20434887314615988,20365,345028,79293,26858438,0.125,0.029411764705882353,0.047619047619047616,1,0.125,0.029411764705882353,0.047619047619047616,1,0.0,0.0,0.0,0,"maximum-cardinality one-to-one connected-component matching at IoU thresholds 0.10, 0.25, 0.50"
binary_predicted_gate,anatomy,hip bone,10,10,0,tumor images only,0.11475995696141128,0.0,0.0,0.11686705103202841,0.07473538360345888,0.0,0.2418585727680739,0.11799558532726995,604.5287428317124,444.764491997471,conditional mean over tumor images with both GT and prediction non-empty; HD95=max of directed 95th percentiles and ASSD=mean of concatenated directed surface samples (MONAI symmetric convention); distances are pixels on the declared evaluation grid (not mm); empty-prediction cases are excluded; non-empty zero-overlap cases remain defined and are counted separately,9,1,6,0.9,1,0.1,6,0.6,0.4,0.4,0.4262295081967213,10,4,61,0,0.0,0,0.0,6,35,5.3,0.5,{'1': 10},,,,,,,,,,,,0,,,,,0.9197127606548847,0.3144688127490444,0.10599100716897744,1.5167231049676824,-0.6855311872509555,-0.08028723934511535,-0.8940089928310225,0.5167231049676823,0.10964301765930244,0.05800122341100839,0.9863752108087321,0.14056669743503677,0.08987184668815074,50254,307256,508920,22243992,0.2,0.03278688524590164,0.056338028169014086,2,0.2,0.03278688524590164,0.056338028169014086,2,0.0,0.0,0.0,0,"maximum-cardinality one-to-one connected-component matching at IoU thresholds 0.10, 0.25, 0.50"
binary_predicted_gate,anatomy,hip-joint,2,2,0,tumor images only,0.9024603447079342,0.9024603447079342,0.8933882706864384,0.91153241872943,0.8227557711257605,0.8227557711257605,0.9821034960962289,0.8347946363865129,84.0216385423574,27.596415701272058,conditional mean over tumor images with both GT and prediction non-empty; HD95=max of directed 95th percentiles and ASSD=mean of concatenated directed surface samples (MONAI symmetric convention); distances are pixels on the declared evaluation grid (not mm); empty-prediction cases are excluded; non-empty zero-overlap cases remain defined and are counted separately,2,0,0,1.0,0,0.0,0,0.0,1.0,1.0,0.6666666666666666,2,2,3,0,0.0,0,0.0,0,1,0.5,0.5,{'1': 2},,,,,,,,,,,,0,,,,,0.8498927188601809,0.8498927188601809,0.846187611366275,0.8535978263540869,-0.15010728113981908,-0.15010728113981908,-0.1538123886337251,-0.14640217364591307,0.9018936727575412,0.8213172535143818,0.9989507186658033,0.9817025403507394,0.8340855341227736,600263,11188,119403,10651348,1.0,0.6666666666666666,0.8,2,1.0,0.6666666666666666,0.8,2,1.0,0.6666666666666666,0.8,2,"maximum-cardinality one-to-one connected-component matching at IoU thresholds 0.10, 0.25, 0.50"
binary_predicted_gate,anatomy,humerus,25,25,0,tumor images only,0.37628585945250154,0.41434073977150987,0.0,0.6983952558685891,0.2799649569427291,0.2613050295003507,0.41406232527831127,0.45853598535306156,293.3641126563205,122.29209882626793,conditional mean over tumor images with both GT and prediction non-empty; HD95=max of directed 95th percentiles and ASSD=mean of concatenated directed surface samples (MONAI symmetric convention); distances are pixels on the declared evaluation grid (not mm); empty-prediction cases are excluded; non-empty zero-overlap cases remain defined and are counted separately,19,6,9,0.76,6,0.24,9,0.36,0.64,0.64,0.2831858407079646,25,16,113,0,0.0,0,0.0,9,81,4.0,2.0,{'1': 25},,,,,,,,,,,,0,,,,,2.1057208153300433,1.1007669414808887,0.12664031451189597,1.816188240315868,0.10076694148088863,1.1057208153300435,-0.873359685488104,0.8161882403158681,0.5679922109043627,0.39664044792875713,0.989938488580358,0.503648630118202,0.6511841814127912,918227,904923,491861,89034149,0.64,0.1415929203539823,0.2318840579710145,16,0.52,0.11504424778761062,0.18840579710144928,13,0.32,0.07079646017699115,0.11594202898550725,8,"maximum-cardinality one-to-one connected-component matching at IoU thresholds 0.10, 0.25, 0.50"
binary_predicted_gate,anatomy,knee-joint,2,2,0,tumor images only,0.6982443406888956,0.6982443406888956,0.617195683397078,0.7792929979807132,0.5605846682192149,0.5605846682192149,0.6811613804285196,0.8343562214844046,161.07614597243634,62.60805318050937,conditional mean over tumor images with both GT and prediction non-empty; HD95=max of directed 95th percentiles and ASSD=mean of concatenated directed surface samples (MONAI symmetric convention); distances are pixels on the declared evaluation grid (not mm); empty-prediction cases are excluded; non-empty zero-overlap cases remain defined and are counted separately,2,0,0,1.0,0,0.0,0,0.0,1.0,1.0,0.6666666666666666,2,2,3,0,0.0,0,0.0,0,1,0.5,0.5,{'1': 2},,,,,,,,,,,,0,,,,,1.573964531916133,1.573964531916133,1.177462822724492,1.9704662411077738,0.573964531916133,0.573964531916133,0.17746282272449213,0.9704662411077738,0.7023759678977645,0.5412784832289748,0.9801383949120354,0.6189638997154996,0.8117708549549978,324602,199826,75267,9861093,1.0,0.6666666666666666,0.8,2,1.0,0.6666666666666666,0.8,2,0.5,0.3333333333333333,0.4,1,"maximum-cardinality one-to-one connected-component matching at IoU thresholds 0.10, 0.25, 0.50"
binary_predicted_gate,anatomy,radius,7,7,0,tumor images only,0.44083197424241316,0.3366108465202028,0.06745877875410587,0.8351321418504916,0.37199207363167847,0.20236445922231458,0.4548650232701699,0.6138002160752551,130.23207832266135,63.96947936308396,conditional mean over tumor images with both GT and prediction non-empty; HD95=max of directed 95th percentiles and ASSD=mean of concatenated directed surface samples (MONAI symmetric convention); distances are pixels on the declared evaluation grid (not mm); empty-prediction cases are excluded; non-empty zero-overlap cases remain defined and are counted separately,6,1,1,0.8571428571428571,1,0.14285714285714285,1,0.14285714285714285,0.8571428571428571,0.6666666666666666,0.11475409836065574,9,6,61,1,0.14285714285714285,1,1.0,3,54,7.714285714285714,1.0,"{'1': 6, '3': 1}",,,,,,,,,,,,0,,,,,54.176738703783904,0.8615461098682575,0.7532295295855018,2.465989913899935,-0.13845389013174247,53.176738703783904,-0.24677047041449812,1.4659899138999348,0.11531326536903047,0.061184314215279575,0.9827447373897794,0.0626314651957785,0.7258775798200741,20575,307934,7770,17537868,0.5555555555555556,0.08196721311475409,0.14285714285714285,5,0.3333333333333333,0.04918032786885246,0.08571428571428572,3,0.3333333333333333,0.04918032786885246,0.08571428571428572,3,"maximum-cardinality one-to-one connected-component matching at IoU thresholds 0.10, 0.25, 0.50"
binary_predicted_gate,anatomy,shoulder-joint,2,2,0,tumor images only,0.0,0.0,0.0,0.0,0.0,0.0,0.0,0.0,301.75586439167563,201.28625606204298,conditional mean over tumor images with both GT and prediction non-empty; HD95=max of directed 95th percentiles and ASSD=mean of concatenated directed surface samples (MONAI symmetric convention); distances are pixels on the declared evaluation grid (not mm); empty-prediction cases are excluded; non-empty zero-overlap cases remain defined and are counted separately,2,0,2,1.0,0,0.0,2,1.0,0.0,0.0,0.0,2,0,55,0,0.0,0,0.0,2,55,26.5,26.5,{'1': 2},,,,,,,,,,,,0,,,,,9.624681535030179,9.624681535030179,8.579599150158089,10.66976391990227,8.624681535030179,8.624681535030179,7.579599150158088,9.66976391990227,0.0,0.0,0.9349806580465435,0.0,0.0,0,80476,8136,1157248,0.0,0.0,0.0,0,0.0,0.0,0.0,0,0.0,0.0,0.0,0,"maximum-cardinality one-to-one connected-component matching at IoU thresholds 0.10, 0.25, 0.50"
binary_predicted_gate,anatomy,tibia,40,40,0,tumor images only,0.19824010268110323,0.03154429155485701,0.0,0.3894710323246847,0.14667713668772345,0.016026861426564804,0.19144641706110654,0.49852710781236764,330.258935831195,175.01631919609366,conditional mean over tumor images with both GT and prediction non-empty; HD95=max of directed 95th percentiles and ASSD=mean of concatenated directed surface samples (MONAI symmetric convention); distances are pixels on the declared evaluation grid (not mm); empty-prediction cases are excluded; non-empty zero-overlap cases remain defined and are counted separately,29,11,13,0.725,11,0.275,13,0.325,0.675,0.6,0.09764309764309764,45,27,297,4,0.1,1,0.25,18,268,7.05,1.5,"{'2': 3, '1': 36, '3': 1}",,,,,,,,,,,,0,,,,,55.64704787893005,2.222326064497194,0.0,23.936194942586045,1.222326064497194,54.64704787893005,-1.0,22.936194942586045,0.1408884039667297,0.07578265030853391,0.9851942530569532,0.08965735346569968,0.3287248696622552,188527,1914223,384983,127374965,0.26666666666666666,0.04040404040404041,0.07017543859649122,12,0.2222222222222222,0.03367003367003367,0.05847953216374269,10,0.13333333333333333,0.020202020202020204,0.03508771929824561,6,"maximum-cardinality one-to-one connected-component matching at IoU thresholds 0.10, 0.25, 0.50"
binary_predicted_gate,anatomy,tibia|femur,2,2,0,tumor images only,0.14935937060337248,0.14935937060337248,0.07532431396165028,0.22339442724509467,0.08766970729398799,0.08766970729398799,0.087671280716321,0.558641975308642,344.3725804171499,188.07490419799018,conditional mean over tumor images with both GT and prediction non-empty; HD95=max of directed 95th percentiles and ASSD=mean of concatenated directed surface samples (MONAI symmetric convention); distances are pixels on the declared evaluation grid (not mm); empty-prediction cases are excluded; non-empty zero-overlap cases remain defined and are counted separately,2,0,0,1.0,0,0.0,0,0.0,1.0,1.0,0.17647058823529413,3,3,17,1,0.5,0,0.0,0,14,7.0,7.0,"{'1': 1, '2': 1}",,,,,,,,,,,,0,,,,,93.33230607173559,93.33230607173559,49.528294498549876,137.1363176449213,92.33230607173559,92.33230607173559,48.528294498549876,136.1363176449213,0.10084084084084084,0.05309762499604693,0.9666287576168807,0.05327833088731109,0.9399580125962211,20148,358017,1287,10370292,0.3333333333333333,0.058823529411764705,0.1,1,0.0,0.0,0.0,0,0.0,0.0,0.0,0,"maximum-cardinality one-to-one connected-component matching at IoU thresholds 0.10, 0.25, 0.50"
binary_predicted_gate,anatomy,tibia|fibula,2,2,0,tumor images only,0.26389249340907533,0.26389249340907533,0.22485652165467993,0.3029284651634708,0.1543367595571585,0.1543367595571585,0.43327184098392496,0.3103707268424832,323.5859612709045,130.75385502474288,conditional mean over tumor images with both GT and prediction non-empty; HD95=max of directed 95th percentiles and ASSD=mean of concatenated directed surface samples (MONAI symmetric convention); distances are pixels on the declared evaluation grid (not mm); empty-prediction cases are excluded; non-empty zero-overlap cases remain defined and are counted separately,2,0,0,1.0,0,0.0,0,0.0,1.0,0.6666666666666666,0.5,3,2,22,1,0.5,1,1.0,1,11,10.5,10.5,"{'1': 1, '2': 1}",,,,,,,,,,,,0,,,,,1.0845788288365872,1.0845788288365872,0.6321964129463278,1.5369612447268466,0.08457882883658718,0.08457882883658718,-0.36780358705367217,0.5369612447268466,0.26818102643579084,0.1548551150723651,0.9867718863480224,0.3169724867501425,0.23240674082503116,30023,64695,99160,4826025,0.6666666666666666,0.09090909090909091,0.16,2,0.3333333333333333,0.045454545454545456,0.08,1,0.0,0.0,0.0,0,"maximum-cardinality one-to-one connected-component matching at IoU thresholds 0.10, 0.25, 0.50"
binary_predicted_gate,anatomy,tibia|fibula|femur,11,11,0,tumor images only,0.10240697932767678,0.08056763261264452,0.055590233614144696,0.129054796257507,0.05550460498521914,0.04197471814144175,0.5817566286722048,0.15799293295128478,677.0904119069681,305.1062162982625,conditional mean over tumor images with both GT and prediction non-empty; HD95=max of directed 95th percentiles and ASSD=mean of concatenated directed surface samples (MONAI symmetric convention); distances are pixels on the declared evaluation grid (not mm); empty-prediction cases are excluded; non-empty zero-overlap cases remain defined and are counted separately,11,0,1,1.0,0,0.0,1,0.09090909090909091,0.9090909090909091,0.34146341463414637,0.2054794520547945,41,14,73,11,1.0,9,0.8181818181818182,27,58,6.181818181818182,2.0,"{'2': 2, '4': 4, '5': 1, '3': 3, '7': 1}",,,,,,,,,,,,0,,,,,2.1116193701118378,0.08348638063416901,0.038598968415681015,0.26940985616045476,-0.916513619365831,1.1116193701118375,-0.961401031584319,-0.7305901438395452,0.13374145025799689,0.07166287344081326,0.9754469682557114,0.18958543929396895,0.10331047817496633,176108,752803,1528540,29907484,0.17073170731707318,0.0958904109589041,0.12280701754385964,7,0.024390243902439025,0.0136986301369863,0.017543859649122806,1,0.0,0.0,0.0,0,"maximum-cardinality one-to-one connected-component matching at IoU thresholds 0.10, 0.25, 0.50"
binary_predicted_gate,anatomy,ulna,3,3,0,tumor images only,0.27910978540342984,0.11166710560969186,0.05583355280484593,0.4186646781051448,0.20952597486792815,0.05913528591352859,0.2866841400968649,0.554444910449384,183.12310840346967,69.14425428296836,conditional mean over tumor images with both GT and prediction non-empty; HD95=max of directed 95th percentiles and ASSD=mean of concatenated directed surface samples (MONAI symmetric convention); distances are pixels on the declared evaluation grid (not mm); empty-prediction cases are excluded; non-empty zero-overlap cases remain defined and are counted separately,2,1,1,0.6666666666666666,1,0.3333333333333333,1,0.3333333333333333,0.6666666666666666,0.6666666666666666,0.7333333333333333,3,2,15,0,0.0,0,0.0,1,4,4.666666666666667,1.0,{'1': 3},,,,,,,,,,,,0,,,,,5.912865429203738,0.8282189291206487,0.4141094645603243,8.869298143805608,-0.17178107087935132,4.912865429203738,-0.5858905354396756,7.869298143805608,0.606097435369245,0.43482051812552647,0.9924767728178078,0.5693525291226441,0.6479124460495024,58846,44510,31978,5871834,0.3333333333333333,0.06666666666666667,0.1111111111111111,1,0.3333333333333333,0.06666666666666667,0.1111111111111111,1,0.3333333333333333,0.06666666666666667,0.1111111111111111,1,"maximum-cardinality one-to-one connected-component matching at IoU thresholds 0.10, 0.25, 0.50"
binary_predicted_gate,anatomy,ulna|radius,1,1,0,tumor images only,0.06918694976696012,0.06918694976696012,0.06918694976696012,0.06918694976696012,0.03583306512176805,0.03583306512176805,0.03646089187271437,0.6754297269969667,227.1079038695043,122.46540931058344,conditional mean over tumor images with both GT and prediction non-empty; HD95=max of directed 95th percentiles and ASSD=mean of concatenated directed surface samples (MONAI symmetric convention); distances are pixels on the declared evaluation grid (not mm); empty-prediction cases are excluded; non-empty zero-overlap cases remain defined and are counted separately,1,0,0,1.0,0,0.0,0,0.0,1.0,1.0,0.16666666666666666,1,1,6,0,0.0,0,0.0,0,5,5.0,5.0,{'1': 1},,,,,,,,,,,,0,,,,,18.524772497472195,18.524772497472195,18.524772497472195,18.524772497472195,17.524772497472195,17.524772497472195,17.524772497472195,17.524772497472195,0.06918694976696012,0.03583306512176805,0.9776699483523476,0.03646089187271437,0.6754297269969667,2672,70612,1284,3091584,0.0,0.0,0.0,0,0.0,0.0,0.0,0,0.0,0.0,0.0,0,"maximum-cardinality one-to-one connected-component matching at IoU thresholds 0.10, 0.25, 0.50"
binary_predicted_gate,anatomy,unknown,187,0,187,tumor images only,,,,,,,,,,,conditional mean over tumor images with both GT and prediction non-empty; HD95=max of directed 95th percentiles and ASSD=mean of concatenated directed surface samples (MONAI symmetric convention); distances are pixels on the declared evaluation grid (not mm); empty-prediction cases are excluded; non-empty zero-overlap cases remain defined and are counted separately,0,0,0,0.0,0,0.0,0,0.0,0.0,0.0,0.0,0,0,143,0,0.0,0,0.0,0,143,0.7647058823529411,0.0,{},0.7967914438502673,0.7967914438502673,0.20320855614973263,0.008877919277350934,0.0,0.0,0.0,0.042638601103644994,0.19786096256684493,0.12834224598930483,0.0374331550802139,143,0.7647058823529411,0.0,0.0,0.0,,,,,,,,,0.0,0.0,0.9952578988659916,0.0,,0,3523665,0,739536194,0.0,0.0,0.0,0,0.0,0.0,0.0,0,0.0,0.0,0.0,0,"maximum-cardinality one-to-one connected-component matching at IoU thresholds 0.10, 0.25, 0.50"
binary_predicted_gate,view,frontal,231,132,99,tumor images only,0.23183597442682058,0.04156061629270713,0.0,0.47201942665073504,0.17582712023733063,0.021221440248801383,0.28340413354749383,0.38366091995874413,405.03567270478334,232.05271746497206,conditional mean over tumor images with both GT and prediction non-empty; HD95=max of directed 95th percentiles and ASSD=mean of concatenated directed surface samples (MONAI symmetric convention); distances are pixels on the declared evaluation grid (not mm); empty-prediction cases are excluded; non-empty zero-overlap cases remain defined and are counted separately,102,30,53,0.7727272727272727,30,0.22727272727272727,53,0.4015151515151515,0.5984848484848485,0.49700598802395207,0.1448349307774228,167,83,939,17,0.12878787878787878,10,0.5882352941176471,84,803,3.792207792207792,1.0,"{'1': 115, '2': 9, '4': 4, '5': 1, '3': 2, '7': 1}",0.7676767676767676,0.7676767676767676,0.23232323232323232,0.011252158618616243,0.0,0.0,0.0,0.031043479446811368,0.23232323232323232,0.1414141414141414,0.030303030303030304,108,1.0909090909090908,0.0,0.0,0.0,24.295798712762974,0.9746216115630635,0.040142657277982524,5.016156975916395,-0.025378388436936516,23.295798712762974,-0.9598573427220175,4.016156975916395,0.2985053161757883,0.1754371136234641,0.9908768540209055,0.23423829547905345,0.4113717246752462,2287314,7477588,3272898,812150643,0.33532934131736525,0.059637912673056445,0.10126582278481013,56,0.23353293413173654,0.04153354632587859,0.0705244122965642,39,0.1497005988023952,0.026624068157614485,0.045207956600361664,25,"maximum-cardinality one-to-one connected-component matching at IoU thresholds 0.10, 0.25, 0.50"
binary_predicted_gate,view,lateral,112,41,71,tumor images only,0.26744144149419813,0.06106628697990824,0.0,0.5361470261052603,0.20017943604027205,0.031494778067885115,0.3173416889865807,0.3821492281836048,269.8231079410948,134.6114780024483,conditional mean over tumor images with both GT and prediction non-empty; HD95=max of directed 95th percentiles and ASSD=mean of concatenated directed surface samples (MONAI symmetric convention); distances are pixels on the declared evaluation grid (not mm); empty-prediction cases are excluded; non-empty zero-overlap cases remain defined and are counted separately,28,13,16,0.6829268292682927,13,0.3170731707317073,16,0.3902439024390244,0.6097560975609756,0.5306122448979592,0.3497536945812808,49,26,203,5,0.12195121951219512,3,0.6,23,132,1.6785714285714286,0.0,"{'1': 36, '3': 3, '2': 2}",0.8169014084507042,0.8169014084507042,0.18309859154929578,0.005823489658609783,0.0,0.0,0.0,0.047877468679214094,0.16901408450704225,0.1267605633802817,0.04225352112676056,27,0.38028169014084506,0.0,0.0,0.0,19.40852780590946,0.5668486467650133,0.0,1.8449074074074074,-0.43315135323498666,18.40852780590946,-1.0,0.8449074074074074,0.14289415497957794,0.0769445400017071,0.9884099396888704,0.09354906611902096,0.30240751129801535,475974,4611987,1097975,393314070,0.3877551020408163,0.09359605911330049,0.15079365079365079,19,0.32653061224489793,0.07881773399014778,0.12698412698412698,16,0.10204081632653061,0.024630541871921183,0.03968253968253968,5,"maximum-cardinality one-to-one connected-component matching at IoU thresholds 0.10, 0.25, 0.50"
binary_predicted_gate,view,oblique,28,11,17,tumor images only,0.28645435266848834,0.0,0.0,0.6449789877130034,0.21866382398829193,0.0,0.3308161471389095,0.3342972099423123,380.6014071306648,261.0806176891447,conditional mean over tumor images with both GT and prediction non-empty; HD95=max of directed 95th percentiles and ASSD=mean of concatenated directed surface samples (MONAI symmetric convention); distances are pixels on the declared evaluation grid (not mm); empty-prediction cases are excluded; non-empty zero-overlap cases remain defined and are counted separately,10,1,6,0.9090909090909091,1,0.09090909090909091,6,0.5454545454545454,0.45454545454545453,0.45454545454545453,0.2037037037037037,11,5,54,0,0.0,0,0.0,6,43,1.6071428571428572,0.0,{'1': 11},0.8823529411764706,0.8823529411764706,0.11764705882352941,0.007808202109430681,0.0,0.0,0.0,0.027570465706095636,0.11764705882352941,0.058823529411764705,0.058823529411764705,8,0.47058823529411764,0.0,0.0,0.0,2.1138131064284265,1.2920801352738571,0.5797529598720961,2.0542092322839367,0.2920801352738571,1.1138131064284267,-0.42024704012790387,1.0542092322839367,0.5212093136162145,0.3524564486477613,0.9914634304626027,0.38104658669010294,0.8244845881294633,538926,875405,114726,101672228,0.45454545454545453,0.09259259259259259,0.15384615384615385,5,0.36363636363636365,0.07407407407407407,0.12307692307692308,4,0.2727272727272727,0.05555555555555555,0.09230769230769231,3,"maximum-cardinality one-to-one connected-component matching at IoU thresholds 0.10, 0.25, 0.50"
binary_predicted_gate,tumor_type_name,giant cell tumor,9,9,0,tumor images only,0.3191129970631169,0.0,0.0,0.7256622506005977,0.25076903021413954,0.0,0.3098329330370414,0.3387706151186136,391.0336959724743,207.9770746330124,conditional mean over tumor images with both GT and prediction non-empty; HD95=max of directed 95th percentiles and ASSD=mean of concatenated directed surface samples (MONAI symmetric convention); distances are pixels on the declared evaluation grid (not mm); empty-prediction cases are excluded; non-empty zero-overlap cases remain defined and are counted separately,6,3,5,0.6666666666666666,3,0.3333333333333333,5,0.5555555555555556,0.4444444444444444,0.4444444444444444,0.3018867924528302,9,4,53,0,0.0,0,0.0,5,37,5.555555555555555,1.0,{'1': 9},,,,,,,,,,,,0,,,,,7.713972027141161,1.025999879350908,0.0,1.5767646508144542,0.025999879350907886,6.713972027141161,-1.0,0.5767646508144543,0.46540426051548955,0.30327482902554165,0.9868551136713198,0.40310152158373086,0.5504866070983873,276314,409156,225631,30717473,0.4444444444444444,0.07547169811320754,0.12903225806451613,4,0.4444444444444444,0.07547169811320754,0.12903225806451613,4,0.3333333333333333,0.05660377358490566,0.0967741935483871,3,"maximum-cardinality one-to-one connected-component matching at IoU thresholds 0.10, 0.25, 0.50"
binary_predicted_gate,tumor_type_name,multiple osteochondromas,26,26,0,tumor images only,0.19206129240592887,0.08641467312456022,0.04314155841684978,0.22087310214086756,0.13357779322957958,0.04516827379470603,0.4797973157058617,0.24406766556026802,526.886174820619,270.106179488052,conditional mean over tumor images with both GT and prediction non-empty; HD95=max of directed 95th percentiles and ASSD=mean of concatenated directed surface samples (MONAI symmetric convention); distances are pixels on the declared evaluation grid (not mm); empty-prediction cases are excluded; non-empty zero-overlap cases remain defined and are counted separately,24,2,6,0.9230769230769231,2,0.07692307692307693,6,0.23076923076923078,0.7692307692307693,0.38095238095238093,0.2654320987654321,63,24,162,16,0.6153846153846154,12,0.75,39,119,5.653846153846154,2.0,"{'3': 5, '1': 10, '2': 5, '4': 4, '5': 1, '7': 1}",,,,,,,,,,,,0,,,,,2.585391235916705,0.16631386479881627,0.04250314119457864,1.074870390505668,-0.8336861352011837,1.585391235916705,-0.9574968588054213,0.074870390505668,0.18484098030794274,0.10183183858971272,0.9834205432933893,0.24909795914984376,0.1469372439351123,360651,1087177,2093805,64486564,0.25396825396825395,0.09876543209876543,0.14222222222222222,16,0.1111111111111111,0.043209876543209874,0.06222222222222222,7,0.047619047619047616,0.018518518518518517,0.02666666666666667,3,"maximum-cardinality one-to-one connected-component matching at IoU thresholds 0.10, 0.25, 0.50"
binary_predicted_gate,tumor_type_name,normal,187,0,187,tumor images only,,,,,,,,,,,conditional mean over tumor images with both GT and prediction non-empty; HD95=max of directed 95th percentiles and ASSD=mean of concatenated directed surface samples (MONAI symmetric convention); distances are pixels on the declared evaluation grid (not mm); empty-prediction cases are excluded; non-empty zero-overlap cases remain defined and are counted separately,0,0,0,0.0,0,0.0,0,0.0,0.0,0.0,0.0,0,0,143,0,0.0,0,0.0,0,143,0.7647058823529411,0.0,{},0.7967914438502673,0.7967914438502673,0.20320855614973263,0.008877919277350934,0.0,0.0,0.0,0.042638601103644994,0.19786096256684493,0.12834224598930483,0.0374331550802139,143,0.7647058823529411,0.0,0.0,0.0,,,,,,,,,0.0,0.0,0.9952578988659916,0.0,,0,3523665,0,739536194,0.0,0.0,0.0,0,0.0,0.0,0.0,0,0.0,0.0,0.0,0,"maximum-cardinality one-to-one connected-component matching at IoU thresholds 0.10, 0.25, 0.50"
binary_predicted_gate,tumor_type_name,osteochondroma,75,75,0,tumor images only,0.1780855782313823,0.005365269930947897,0.0,0.21039837742771192,0.13639960492285275,0.0026898508534252573,0.17388989448826211,0.4239492707221981,320.3136842304421,175.00721725900158,conditional mean over tumor images with both GT and prediction non-empty; HD95=max of directed 95th percentiles and ASSD=mean of concatenated directed surface samples (MONAI symmetric convention); distances are pixels on the declared evaluation grid (not mm); empty-prediction cases are excluded; non-empty zero-overlap cases remain defined and are counted separately,53,22,32,0.7066666666666667,22,0.29333333333333333,32,0.4266666666666667,0.5733333333333334,0.5432098765432098,0.0951417004048583,81,44,494,6,0.08,1,0.16666666666666666,37,447,6.2,1.0,"{'2': 6, '1': 69}",,,,,,,,,,,,0,,,,,50.171084695778276,1.8449074074074074,0.0,19.294902389011703,0.8449074074074074,49.171084695778276,-1.0,18.294902389011703,0.09296491928141201,0.04874840542858918,0.9779775296173548,0.05040761722260392,0.5969365520354244,306823,5780015,207173,256679868,0.2716049382716049,0.044534412955465584,0.07652173913043478,22,0.18518518518518517,0.030364372469635626,0.05217391304347826,15,0.12345679012345678,0.020242914979757085,0.034782608695652174,10,"maximum-cardinality one-to-one connected-component matching at IoU thresholds 0.10, 0.25, 0.50"
binary_predicted_gate,tumor_type_name,osteofibroma,4,4,0,tumor images only,0.19030079803560468,0.0,0.0,0.19030079803560468,0.15361744301288405,0.0,0.17724413950829046,0.20543406229290923,555.5118307805436,445.6264337736636,conditional mean over tumor images with both GT and prediction non-empty; HD95=max of directed 95th percentiles and ASSD=mean of concatenated directed surface samples (MONAI symmetric convention); distances are pixels on the declared evaluation grid (not mm); empty-prediction cases are excluded; non-empty zero-overlap cases remain defined and are counted separately,3,1,3,0.75,1,0.25,3,0.75,0.25,0.25,0.125,4,1,8,0,0.0,0,0.0,3,7,1.5,0.5,{'1': 4},,,,,,,,,,,,0,,,,,2.073207271421891,1.879395223616552,0.8692842942345924,3.083318200803851,0.8793952236165521,1.0732072714218917,-0.13071570576540756,2.083318200803851,0.02908238053356787,0.014755756530017254,0.9950036488736221,0.020499594967680074,0.05002824174937465,1240,59249,23546,11799205,0.25,0.125,0.16666666666666666,1,0.25,0.125,0.16666666666666666,1,0.25,0.125,0.16666666666666666,1,"maximum-cardinality one-to-one connected-component matching at IoU thresholds 0.10, 0.25, 0.50"
binary_predicted_gate,tumor_type_name,osteosarcoma,30,30,0,tumor images only,0.3969640151391388,0.4989171254272931,0.0,0.6682448250739517,0.3018247459563268,0.3323738979675493,0.4256442702943514,0.4824532797809185,227.72412570880599,89.84804801045591,conditional mean over tumor images with both GT and prediction non-empty; HD95=max of directed 95th percentiles and ASSD=mean of concatenated directed surface samples (MONAI symmetric convention); distances are pixels on the declared evaluation grid (not mm); empty-prediction cases are excluded; non-empty zero-overlap cases remain defined and are counted separately,25,5,9,0.8333333333333334,5,0.16666666666666666,9,0.3,0.7,0.7,0.2875536480686695,30,21,233,0,0.0,0,0.0,9,166,7.1,2.0,{'1': 30},,,,,,,,,,,,0,,,,,1.0409359565052423,0.987014528210901,0.06459742599561563,1.736606227861236,-0.012985471789099048,0.04093595650524233,-0.9354025740043843,0.736606227861236,0.5747843774669338,0.4032964334514922,0.9847081899541155,0.5603006793954497,0.5900367489839271,1018263,799088,707499,51456858,0.6,0.07725321888412018,0.13688212927756654,18,0.6,0.07725321888412018,0.13688212927756654,18,0.26666666666666666,0.034334763948497854,0.060836501901140684,8,"maximum-cardinality one-to-one connected-component matching at IoU thresholds 0.10, 0.25, 0.50"
binary_predicted_gate,tumor_type_name,other bt,11,11,0,tumor images only,0.11897623654108608,0.0,0.0,0.14871474194340845,0.08188258868945751,0.0,0.08868712479326378,0.23376548541141257,555.6969703402764,447.04436146096407,conditional mean over tumor images with both GT and prediction non-empty; HD95=max of directed 95th percentiles and ASSD=mean of concatenated directed surface samples (MONAI symmetric convention); distances are pixels on the declared evaluation grid (not mm); empty-prediction cases are excluded; non-empty zero-overlap cases remain defined and are counted separately,9,2,8,0.8181818181818182,2,0.18181818181818182,8,0.7272727272727273,0.2727272727272727,0.2727272727272727,0.15789473684210525,11,3,19,0,0.0,0,0.0,8,16,1.0909090909090908,0.0,{'1': 11},,,,,,,,,,,,0,,,,,2.4172127960911354,1.5569303985722784,0.2973658844400848,4.385497326156253,0.5569303985722784,1.4172127960911354,-0.7026341155599152,3.3854973261562527,0.29782097482910946,0.17496454275672307,0.992499178587792,0.2278169203785625,0.4299310890194306,76115,257991,100925,34137042,0.2727272727272727,0.15789473684210525,0.2,3,0.09090909090909091,0.05263157894736842,0.06666666666666667,1,0.09090909090909091,0.05263157894736842,0.06666666666666667,1,"maximum-cardinality one-to-one connected-component matching at IoU thresholds 0.10, 0.25, 0.50"
binary_predicted_gate,tumor_type_name,other mt,4,4,0,tumor images only,0.37370821622212874,0.38247524550987466,0.24433157422665358,0.5118518875053498,0.26265346591650424,0.23797827862315574,0.6450054618080524,0.36385795314822006,586.2642927053971,396.7904275402642,conditional mean over tumor images with both GT and prediction non-empty; HD95=max of directed 95th percentiles and ASSD=mean of concatenated directed surface samples (MONAI symmetric convention); distances are pixels on the declared evaluation grid (not mm); empty-prediction cases are excluded; non-empty zero-overlap cases remain defined and are counted separately,4,0,1,1.0,0,0.0,1,0.25,0.75,0.75,0.35294117647058826,4,3,17,0,0.0,0,0.0,1,11,3.25,1.5,{'1': 4},,,,,,,,,,,,0,,,,,0.6269152832609365,0.3144688127490444,0.2597727516430999,0.6816113443668811,-0.6855311872509555,-0.3730847167390634,-0.7402272483569001,-0.3183886556331189,0.16726375611260408,0.09126449955385989,0.9903319744006359,0.2729709365527634,0.12057243898845062,47459,126402,346155,12947829,0.75,0.17647058823529413,0.2857142857142857,3,0.5,0.11764705882352941,0.19047619047619047,2,0.25,0.058823529411764705,0.09523809523809523,1,"maximum-cardinality one-to-one connected-component matching at IoU thresholds 0.10, 0.25, 0.50"
binary_predicted_gate,tumor_type_name,simple bone cyst,20,20,0,tumor images only,0.24106560887646156,0.02154993783671778,0.0,0.49822493878530294,0.17373545895291914,0.011012282930961457,0.2696974581535124,0.30686252220943316,459.20333048555307,305.78842245775485,conditional mean over tumor images with both GT and prediction non-empty; HD95=max of directed 95th percentiles and ASSD=mean of concatenated directed surface samples (MONAI symmetric convention); distances are pixels on the declared evaluation grid (not mm); empty-prediction cases are excluded; non-empty zero-overlap cases remain defined and are counted separately,12,8,10,0.6,8,0.4,10,0.5,0.5,0.5,0.5081967213114754,20,10,61,0,0.0,0,0.0,10,30,2.85,1.0,{'1': 20},,,,,,,,,,,,0,,,,,2.6552058781896695,0.3507794250654574,0.0,1.6443575652184763,-0.6492205749345427,1.6552058781896695,-1.0,0.6443575652184763,0.33146689883940256,0.19865767038654553,0.9912824534099158,0.289988988796125,0.3867906062627578,290484,711223,460527,80874002,0.45,0.14754098360655737,0.2222222222222222,9,0.35,0.11475409836065574,0.1728395061728395,7,0.15,0.04918032786885246,0.07407407407407407,3,"maximum-cardinality one-to-one connected-component matching at IoU thresholds 0.10, 0.25, 0.50"
binary_predicted_gate,tumor_type_name,synovial osteochondroma,5,5,0,tumor images only,0.640281874158732,0.8603416552725308,0.5361470261052603,0.8843161966649425,0.5533361757379902,0.7549119078123958,0.6653059506098995,0.667660343148367,122.54889225739686,45.10223444089072,conditional mean over tumor images with both GT and prediction non-empty; HD95=max of directed 95th percentiles and ASSD=mean of concatenated directed surface samples (MONAI symmetric convention); distances are pixels on the declared evaluation grid (not mm); empty-prediction cases are excluded; non-empty zero-overlap cases remain defined and are counted separately,4,1,1,0.8,1,0.2,1,0.2,0.8,0.8,0.6666666666666666,5,4,6,0,0.0,0,0.0,1,2,0.6,1.0,{'1': 5},,,,,,,,,,,,0,,,,,0.9695429003105256,0.8424825038723689,0.7809611135328514,0.8573029338479929,-0.15751749612763113,-0.030457099689474455,-0.21903888646714867,-0.14269706615200703,0.7768443085958401,0.6351148214860834,0.991461389427069,0.8142284521502731,0.7427423480348184,924865,211014,320338,24501906,0.8,0.6666666666666666,0.7272727272727273,4,0.8,0.6666666666666666,0.7272727272727273,4,0.6,0.5,0.5454545454545454,3,"maximum-cardinality one-to-one connected-component matching at IoU thresholds 0.10, 0.25, 0.50"
ten_class_predicted_gate,lesion_size,large_ge_5pct,18,18,0,tumor images only,0.38695777601745013,0.23193419259544074,0.07989563086426119,0.6958396610038948,0.30325659478544487,0.13136896751132424,0.7127977495161338,0.3596804955512101,423.6092846348248,184.28295385677833,conditional mean over tumor images with both GT and prediction non-empty; HD95=max of directed 95th percentiles and ASSD=mean of concatenated directed surface samples (MONAI symmetric convention); distances are pixels on the declared evaluation grid (not mm); empty-prediction cases are excluded; non-empty zero-overlap cases remain defined and are counted separately,18,0,1,1.0,0,0.0,1,0.05555555555555555,0.9444444444444444,0.425,0.5225225225225225,40,17,111,7,0.3888888888888889,7,1.0,23,53,5.833333333333333,2.5,"{'1': 11, '2': 1, '5': 1, '4': 3, '7': 1, '3': 1}",,,,,,,,,,,,0,,,,,0.5750347233313361,0.3822879949508,0.0650980633745234,0.8535978263540869,-0.6177120050492,-0.42496527666866396,-0.9349019366254766,-0.14640217364591307,0.5711576479919273,0.3997345453746043,0.9896324306066049,0.7874810728993151,0.4480711517213614,1454650,392569,1791821,37472526,0.375,0.13513513513513514,0.1986754966887417,15,0.225,0.08108108108108109,0.11920529801324503,9,0.125,0.04504504504504504,0.06622516556291391,5,"maximum-cardinality one-to-one connected-component matching at IoU thresholds 0.10, 0.25, 0.50"
ten_class_predicted_gate,lesion_size,medium_1_to_5pct,72,72,0,tumor images only,0.4019851723091957,0.4808703559063079,0.03232490675507667,0.67939664259442,0.3013115227884582,0.3165510843985163,0.4480859656063918,0.5068574857232253,291.36544683362047,147.4594392320738,conditional mean over tumor images with both GT and prediction non-empty; HD95=max of directed 95th percentiles and ASSD=mean of concatenated directed surface samples (MONAI symmetric convention); distances are pixels on the declared evaluation grid (not mm); empty-prediction cases are excluded; non-empty zero-overlap cases remain defined and are counted separately,66,6,18,0.9166666666666666,6,0.08333333333333333,18,0.25,0.75,0.6707317073170732,0.25327510917030566,82,55,458,7,0.09722222222222222,5,0.7142857142857143,27,342,5.472222222222222,1.0,"{'1': 65, '3': 3, '2': 4}",,,,,,,,,,,,0,,,,,1.5458885146432577,0.9812062355226436,0.17761529913337848,1.8233680320887529,-0.018793764477356346,0.5458885146432575,-0.8223847008666215,0.823368032088753,0.4001919053137592,0.25014994401078217,0.981219567653327,0.3567124913803147,0.4557419437891886,1812596,3268796,2164646,170784492,0.5975609756097561,0.10698689956331878,0.1814814814814815,49,0.5365853658536586,0.09606986899563319,0.16296296296296298,44,0.24390243902439024,0.043668122270742356,0.07407407407407407,20,"maximum-cardinality one-to-one connected-component matching at IoU thresholds 0.10, 0.25, 0.50"
ten_class_predicted_gate,lesion_size,normal,187,0,187,tumor images only,,,,,,,,,,,conditional mean over tumor images with both GT and prediction non-empty; HD95=max of directed 95th percentiles and ASSD=mean of concatenated directed surface samples (MONAI symmetric convention); distances are pixels on the declared evaluation grid (not mm); empty-prediction cases are excluded; non-empty zero-overlap cases remain defined and are counted separately,0,0,0,0.0,0,0.0,0,0.0,0.0,0.0,0.0,0,0,248,0,0.0,0,0.0,0,248,1.3262032085561497,0.0,{},0.7647058823529411,0.7647058823529411,0.23529411764705882,0.011041332515670613,0.0,0.0,0.0,0.05430374699088698,0.23529411764705882,0.13903743315508021,0.06951871657754011,248,1.3262032085561497,0.0,0.0,0.0,,,,,,,,,0.0,0.0,0.9859924246022285,0.0,,0,10408467,0,732651392,0.0,0.0,0.0,0,0.0,0.0,0.0,0,0.0,0.0,0.0,0,"maximum-cardinality one-to-one connected-component matching at IoU thresholds 0.10, 0.25, 0.50"
ten_class_predicted_gate,lesion_size,small_lt_1pct,94,94,0,tumor images only,0.1399862769188395,0.0007192889569588785,0.0,0.0905795705299506,0.10726026598217643,0.000359842194819481,0.13681116268173069,0.36878152397026065,458.38775084249573,289.14657836739013,conditional mean over tumor images with both GT and prediction non-empty; HD95=max of directed 95th percentiles and ASSD=mean of concatenated directed surface samples (MONAI symmetric convention); distances are pixels on the declared evaluation grid (not mm); empty-prediction cases are excluded; non-empty zero-overlap cases remain defined and are counted separately,64,30,46,0.6808510638297872,30,0.3191489361702128,46,0.48936170212765956,0.5106382978723404,0.49523809523809526,0.08524590163934426,105,52,610,8,0.0851063829787234,2,0.25,53,558,6.074468085106383,1.0,"{'2': 6, '1': 86, '3': 1, '4': 1}",,,,,,,,,,,,0,,,,,43.11998582707047,2.4908901679355417,0.0,18.71062242590127,1.4908901679355417,42.11998582707047,-1.0,17.71062242590127,0.05129669314807789,0.026323500846799668,0.977758350205493,0.027381157409946903,0.40528452402056375,228621,8120953,335479,357002726,0.2,0.03442622950819672,0.05874125874125874,21,0.12380952380952381,0.021311475409836064,0.03636363636363636,13,0.10476190476190476,0.018032786885245903,0.03076923076923077,11,"maximum-cardinality one-to-one connected-component matching at IoU thresholds 0.10, 0.25, 0.50"
ten_class_predicted_gate,center,1,296,131,165,tumor images only,0.22535832813828954,0.028804210678106637,0.0,0.49072452750073803,0.17251073809640474,0.014612556923133195,0.25080178372330064,0.3984978628220702,426.6121704795174,249.03664529104023,conditional mean over tumor images with both GT and prediction non-empty; HD95=max of directed 95th percentiles and ASSD=mean of concatenated directed surface samples (MONAI symmetric convention); distances are pixels on the declared evaluation grid (not mm); empty-prediction cases are excluded; non-empty zero-overlap cases remain defined and are counted separately,102,29,52,0.7786259541984732,29,0.22137404580152673,52,0.3969465648854962,0.6030534351145038,0.538961038961039,0.12717291857273558,154,83,1093,14,0.10687022900763359,7,0.5,71,954,3.449324324324324,0.0,"{'1': 117, '2': 9, '3': 2, '4': 2, '5': 1}",0.793939393939394,0.793939393939394,0.20606060606060606,0.010740184116863229,0.0,0.0,0.0,0.05348236730487196,0.20606060606060606,0.11515151515151516,0.06666666666666667,159,0.9636363636363636,0.0,0.0,0.0,31.06835448175917,1.1841348537431828,0.07108940904951114,9.210696624522122,0.18413485374318295,30.06835448175917,-0.9289105909504889,8.210696624522122,0.1899143966771757,0.10492011887644682,0.9834956962389917,0.11833171464334914,0.4807136092413971,2632331,19613024,2843551,1168745133,0.3116883116883117,0.04391582799634035,0.07698476343223737,48,0.24025974025974026,0.03385178408051235,0.05934242181234964,37,0.14935064935064934,0.021043000914913082,0.03688853247794707,23,"maximum-cardinality one-to-one connected-component matching at IoU thresholds 0.10, 0.25, 0.50"
ten_class_predicted_gate,center,2,47,31,16,tumor images only,0.43084570476167056,0.5218353324793292,0.058247815030725014,0.7050195118703309,0.32431992919927094,0.3530292287087371,0.5220527279675208,0.5258744836948851,270.32250754148197,109.83335876710429,conditional mean over tumor images with both GT and prediction non-empty; HD95=max of directed 95th percentiles and ASSD=mean of concatenated directed surface samples (MONAI symmetric convention); distances are pixels on the declared evaluation grid (not mm); empty-prediction cases are excluded; non-empty zero-overlap cases remain defined and are counted separately,26,5,6,0.8387096774193549,5,0.16129032258064516,6,0.1935483870967742,0.8064516129032258,0.5813953488372093,0.29901960784313725,43,25,204,4,0.12903225806451613,3,0.75,18,143,4.0638297872340425,1.0,"{'1': 27, '7': 1, '4': 1, '3': 1, '2': 1}",0.625,0.625,0.375,0.01181555984332368,0.0,0.0,0.009549359156681664,0.05959263518532816,0.375,0.25,0.125,56,3.5,0.0,0.0,2.25,1.8453700981874583,0.8282189291206487,0.1010036670323426,1.6728635168083577,-0.17178107087935132,0.8453700981874582,-0.8989963329676574,0.6728635168083577,0.3043227527310228,0.17946973884396858,0.9792153181516916,0.23985828479047447,0.4161739267880558,747763,2369757,1048993,111644834,0.5581395348837209,0.11764705882352941,0.19433198380566802,24,0.46511627906976744,0.09803921568627451,0.16194331983805668,20,0.20930232558139536,0.04411764705882353,0.0728744939271255,9,"maximum-cardinality one-to-one connected-component matching at IoU thresholds 0.10, 0.25, 0.50"
ten_class_predicted_gate,center,3,28,22,6,tumor images only,0.281305662328154,0.12088040397067726,0.0,0.5427002593822879,0.2083040387920529,0.06435379841650092,0.4051877305585352,0.4149146418620846,282.4538041688112,164.86960133105197,conditional mean over tumor images with both GT and prediction non-empty; HD95=max of directed 95th percentiles and ASSD=mean of concatenated directed surface samples (MONAI symmetric convention); distances are pixels on the declared evaluation grid (not mm); empty-prediction cases are excluded; non-empty zero-overlap cases remain defined and are counted separately,20,2,7,0.9090909090909091,2,0.09090909090909091,7,0.3181818181818182,0.6818181818181818,0.5333333333333333,0.2,30,16,130,4,0.18181818181818182,4,1.0,14,104,3.7857142857142856,1.0,"{'1': 18, '4': 1, '3': 2, '2': 1}",0.3333333333333333,0.3333333333333333,0.6666666666666666,0.017258307275798895,0.009455543154761903,0.0006919642857142857,0.03150249510892555,0.04516794279744625,0.6666666666666666,0.5,0.0,33,5.5,1.0,0.25,1.75,2.1714707120290835,0.8766998215263215,0.07236458103495344,1.9865640387497323,-0.12330017847367855,1.1714707120290837,-0.9276354189650466,0.9865640387497324,0.27599433579036703,0.16008899594706152,0.9882676986681781,0.35757017947537967,0.22472557868685397,115773,208004,399402,17521169,0.43333333333333335,0.1,0.1625,13,0.3,0.06923076923076923,0.1125,9,0.13333333333333333,0.03076923076923077,0.05,4,"maximum-cardinality one-to-one connected-component matching at IoU thresholds 0.10, 0.25, 0.50"
ten_class_predicted_gate,anatomy,ankle-joint,1,1,0,tumor images only,0.0,0.0,0.0,0.0,0.0,0.0,0.0,0.0,,,conditional mean over tumor images with both GT and prediction non-empty; HD95=max of directed 95th percentiles and ASSD=mean of concatenated directed surface samples (MONAI symmetric convention); distances are pixels on the declared evaluation grid (not mm); empty-prediction cases are excluded; non-empty zero-overlap cases remain defined and are counted separately,0,1,1,0.0,1,1.0,1,1.0,0.0,0.0,0.0,1,0,0,0,0.0,0,0.0,1,0,1.0,1.0,{'1': 1},,,,,,,,,,,,0,,,,,0.0,0.0,0.0,0.0,-1.0,-1.0,-1.0,-1.0,0.0,0.0,1.0,,0.0,0,0,125668,3989465,0.0,0.0,0.0,0,0.0,0.0,0.0,0,0.0,0.0,0.0,0,"maximum-cardinality one-to-one connected-component matching at IoU thresholds 0.10, 0.25, 0.50"
ten_class_predicted_gate,anatomy,femur,48,48,0,tumor images only,0.3648787146664824,0.3142794992821387,0.0,0.6978899400905645,0.2863519319226265,0.1864739646899144,0.40714249737737257,0.4736785585972489,355.8914820600423,224.5516419179908,conditional mean over tumor images with both GT and prediction non-empty; HD95=max of directed 95th percentiles and ASSD=mean of concatenated directed surface samples (MONAI symmetric convention); distances are pixels on the declared evaluation grid (not mm); empty-prediction cases are excluded; non-empty zero-overlap cases remain defined and are counted separately,43,5,16,0.8958333333333334,5,0.10416666666666667,16,0.3333333333333333,0.6666666666666666,0.64,0.2664233576642336,50,32,274,2,0.041666666666666664,1,0.5,18,201,4.916666666666667,1.0,"{'1': 46, '2': 2}",,,,,,,,,,,,0,,,,,16.404698204489822,1.0060212869352139,0.34890135836315483,2.1372586268695066,0.006021286935213834,15.404698204489824,-0.6510986416368452,1.1372586268695066,0.2966382381166182,0.17414870097155977,0.9698396137535592,0.20229123358578016,0.5559103589204406,983436,3878050,785619,124702863,0.56,0.10218978102189781,0.1728395061728395,28,0.48,0.08759124087591241,0.14814814814814814,24,0.3,0.05474452554744526,0.09259259259259259,15,"maximum-cardinality one-to-one connected-component matching at IoU thresholds 0.10, 0.25, 0.50"
ten_class_predicted_gate,anatomy,fibula,12,12,0,tumor images only,0.07123322184747684,0.0,0.0,0.027207221942011518,0.04611475431790846,0.0,0.051788003395421646,0.24062723688034263,676.1777308507652,395.7024220195575,conditional mean over tumor images with both GT and prediction non-empty; HD95=max of directed 95th percentiles and ASSD=mean of concatenated directed surface samples (MONAI symmetric convention); distances are pixels on the declared evaluation grid (not mm); empty-prediction cases are excluded; non-empty zero-overlap cases remain defined and are counted separately,7,5,8,0.5833333333333334,5,0.4166666666666667,8,0.6666666666666666,0.3333333333333333,0.3076923076923077,0.037383177570093455,13,4,107,1,0.08333333333333333,0,0.0,9,103,8.666666666666666,1.0,"{'1': 11, '2': 1}",,,,,,,,,,,,0,,,,,24.38396945086274,1.9106659051286077,0.0,11.229489872999386,0.9106659051286077,23.383969450862736,-1.0,10.229489872999386,0.018049701523849482,0.00910704044280386,0.9776482535480785,0.009582836758643944,0.15499254843517138,9464,978135,51597,42782875,0.23076923076923078,0.028037383177570093,0.05,3,0.07692307692307693,0.009345794392523364,0.016666666666666666,1,0.0,0.0,0.0,0,"maximum-cardinality one-to-one connected-component matching at IoU thresholds 0.10, 0.25, 0.50"
ten_class_predicted_gate,anatomy,foot,7,7,0,tumor images only,0.00948306425900984,0.0,0.0,0.0,0.004904309724424744,0.0,0.004904309724424744,0.14285714285714285,1173.6736387438393,911.5984515163366,conditional mean over tumor images with both GT and prediction non-empty; HD95=max of directed 95th percentiles and ASSD=mean of concatenated directed surface samples (MONAI symmetric convention); distances are pixels on the declared evaluation grid (not mm); empty-prediction cases are excluded; non-empty zero-overlap cases remain defined and are counted separately,2,5,6,0.2857142857142857,5,0.7142857142857143,6,0.8571428571428571,0.14285714285714285,0.125,0.25,8,1,4,1,0.14285714285714285,0,0.0,7,3,1.1428571428571428,1.0,"{'1': 6, '2': 1}",,,,,,,,,,,,0,,,,,5.3941808723269205,0.0,0.0,4.3151835297304615,-1.0,4.3941808723269205,-1.0,3.3151835297304624,0.06187342968230871,0.03192434933295746,0.9623548069254432,0.03248463638603252,0.6492369951943344,38503,1146765,20802,29315690,0.0,0.0,0.0,0,0.0,0.0,0.0,0,0.0,0.0,0.0,0,"maximum-cardinality one-to-one connected-component matching at IoU thresholds 0.10, 0.25, 0.50"
ten_class_predicted_gate,anatomy,foot|tibia|fibula,1,1,0,tumor images only,0.36825143692481477,0.36825143692481477,0.36825143692481477,0.36825143692481477,0.22567903245510446,0.22567903245510446,0.9446054201465826,0.22870584351271048,94.57880305889893,37.69079525501893,conditional mean over tumor images with both GT and prediction non-empty; HD95=max of directed 95th percentiles and ASSD=mean of concatenated directed surface samples (MONAI symmetric convention); distances are pixels on the declared evaluation grid (not mm); empty-prediction cases are excluded; non-empty zero-overlap cases remain defined and are counted separately,1,0,0,1.0,0,0.0,0,0.0,1.0,1.0,1.0,1,1,1,0,0.0,0,0.0,0,0,0.0,0.0,{'1': 1},,,,,,,,,,,,0,,,,,0.24211786068009244,0.24211786068009244,0.24211786068009244,0.24211786068009244,-0.7578821393199076,-0.7578821393199076,-0.7578821393199076,-0.7578821393199076,0.36825143692481477,0.22567903245510446,0.9999467248747953,0.9446054201465826,0.22870584351271048,5542,325,18690,6100083,1.0,1.0,1.0,1,0.0,0.0,0.0,0,0.0,0.0,0.0,0,"maximum-cardinality one-to-one connected-component matching at IoU thresholds 0.10, 0.25, 0.50"
ten_class_predicted_gate,anatomy,hand,8,8,0,tumor images only,0.1624085229723832,0.0,0.0,0.18094387699594267,0.11758525206884413,0.0,0.13811230629250426,0.25508418440563113,360.1155000170956,220.45393367679853,conditional mean over tumor images with both GT and prediction non-empty; HD95=max of directed 95th percentiles and ASSD=mean of concatenated directed surface samples (MONAI symmetric convention); distances are pixels on the declared evaluation grid (not mm); empty-prediction cases are excluded; non-empty zero-overlap cases remain defined and are counted separately,6,2,5,0.75,2,0.25,5,0.625,0.375,0.375,0.2222222222222222,8,3,27,0,0.0,0,0.0,5,21,2.875,2.5,{'1': 8},,,,,,,,,,,,0,,,,,4.124011174481602,1.2462215918584714,0.42635212888377444,3.3093848341763463,0.24622159185847142,3.1240111744816015,-0.5736478711162256,2.3093848341763463,0.417417945475081,0.2637575374253736,0.9950616219271471,0.3147964908701418,0.6193080334744827,61719,134341,37939,27069125,0.25,0.07407407407407407,0.11428571428571428,2,0.25,0.07407407407407407,0.11428571428571428,2,0.0,0.0,0.0,0,"maximum-cardinality one-to-one connected-component matching at IoU thresholds 0.10, 0.25, 0.50"
ten_class_predicted_gate,anatomy,hip bone,10,10,0,tumor images only,0.11475995696141128,0.0,0.0,0.11686705103202841,0.07473538360345888,0.0,0.2418585727680739,0.11799558532726995,576.5580924889499,425.4865232737009,conditional mean over tumor images with both GT and prediction non-empty; HD95=max of directed 95th percentiles and ASSD=mean of concatenated directed surface samples (MONAI symmetric convention); distances are pixels on the declared evaluation grid (not mm); empty-prediction cases are excluded; non-empty zero-overlap cases remain defined and are counted separately,10,0,6,1.0,0,0.0,6,0.6,0.4,0.4,0.3170731707317073,10,4,82,0,0.0,0,0.0,6,56,7.2,0.5,{'1': 10},,,,,,,,,,,,0,,,,,0.931000270978827,0.3144688127490444,0.12741112877089486,1.5167231049676824,-0.6855311872509555,-0.06899972902117295,-0.8725888712291051,0.5167231049676823,0.1094960965842116,0.057919000530161587,0.9863206683727659,0.14008474103807772,0.08987184668815074,50254,308486,508920,22242762,0.2,0.024390243902439025,0.043478260869565216,2,0.2,0.024390243902439025,0.043478260869565216,2,0.0,0.0,0.0,0,"maximum-cardinality one-to-one connected-component matching at IoU thresholds 0.10, 0.25, 0.50"
ten_class_predicted_gate,anatomy,hip-joint,2,2,0,tumor images only,0.9024603447079342,0.9024603447079342,0.8933882706864384,0.91153241872943,0.8227557711257605,0.8227557711257605,0.9821034960962289,0.8347946363865129,84.0216385423574,27.596415701272058,conditional mean over tumor images with both GT and prediction non-empty; HD95=max of directed 95th percentiles and ASSD=mean of concatenated directed surface samples (MONAI symmetric convention); distances are pixels on the declared evaluation grid (not mm); empty-prediction cases are excluded; non-empty zero-overlap cases remain defined and are counted separately,2,0,0,1.0,0,0.0,0,0.0,1.0,1.0,0.6666666666666666,2,2,3,0,0.0,0,0.0,0,1,0.5,0.5,{'1': 2},,,,,,,,,,,,0,,,,,0.8498927188601809,0.8498927188601809,0.846187611366275,0.8535978263540869,-0.15010728113981908,-0.15010728113981908,-0.1538123886337251,-0.14640217364591307,0.9018936727575412,0.8213172535143818,0.9989507186658033,0.9817025403507394,0.8340855341227736,600263,11188,119403,10651348,1.0,0.6666666666666666,0.8,2,1.0,0.6666666666666666,0.8,2,1.0,0.6666666666666666,0.8,2,"maximum-cardinality one-to-one connected-component matching at IoU thresholds 0.10, 0.25, 0.50"
ten_class_predicted_gate,anatomy,humerus,25,25,0,tumor images only,0.3811429398140461,0.5246757971880767,0.0,0.6983952558685891,0.2869767732852198,0.35563423699554336,0.38543647524857794,0.505505354270674,234.48012318877352,71.74734620797332,conditional mean over tumor images with both GT and prediction non-empty; HD95=max of directed 95th percentiles and ASSD=mean of concatenated directed surface samples (MONAI symmetric convention); distances are pixels on the declared evaluation grid (not mm); empty-prediction cases are excluded; non-empty zero-overlap cases remain defined and are counted separately,16,9,9,0.64,9,0.36,9,0.36,0.64,0.64,0.24793388429752067,25,16,121,0,0.0,0,0.0,9,91,4.56,2.0,{'1': 25},,,,,,,,,,,,0,,,,,1.911569026766964,0.8295646137062382,0.0,1.7036062850418772,-0.1704353862937618,0.9115690267669643,-1.0,0.7036062850418772,0.5514675072790426,0.38070772319587604,0.9916548060446966,0.5228893406410389,0.5833501171558088,822575,750559,587513,89188513,0.6,0.12396694214876033,0.2054794520547945,15,0.56,0.11570247933884298,0.1917808219178082,14,0.32,0.06611570247933884,0.1095890410958904,8,"maximum-cardinality one-to-one connected-component matching at IoU thresholds 0.10, 0.25, 0.50"
ten_class_predicted_gate,anatomy,knee-joint,2,2,0,tumor images only,0.6982443406888956,0.6982443406888956,0.617195683397078,0.7792929979807132,0.5605846682192149,0.5605846682192149,0.6811613804285196,0.8343562214844046,161.07614597243634,62.60805318050937,conditional mean over tumor images with both GT and prediction non-empty; HD95=max of directed 95th percentiles and ASSD=mean of concatenated directed surface samples (MONAI symmetric convention); distances are pixels on the declared evaluation grid (not mm); empty-prediction cases are excluded; non-empty zero-overlap cases remain defined and are counted separately,2,0,0,1.0,0,0.0,0,0.0,1.0,1.0,0.6666666666666666,2,2,3,0,0.0,0,0.0,0,1,0.5,0.5,{'1': 2},,,,,,,,,,,,0,,,,,1.573964531916133,1.573964531916133,1.177462822724492,1.9704662411077738,0.573964531916133,0.573964531916133,0.17746282272449213,0.9704662411077738,0.7023759678977645,0.5412784832289748,0.9801383949120354,0.6189638997154996,0.8117708549549978,324602,199826,75267,9861093,1.0,0.6666666666666666,0.8,2,1.0,0.6666666666666666,0.8,2,0.5,0.3333333333333333,0.4,1,"maximum-cardinality one-to-one connected-component matching at IoU thresholds 0.10, 0.25, 0.50"
ten_class_predicted_gate,anatomy,radius,7,7,0,tumor images only,0.39205558828573434,0.13009370233166268,0.0,0.8351321418504916,0.3427374710216301,0.06957231091947326,0.4243653932083426,0.36665008221522616,56.995216212882085,15.956902519930324,conditional mean over tumor images with both GT and prediction non-empty; HD95=max of directed 95th percentiles and ASSD=mean of concatenated directed surface samples (MONAI symmetric convention); distances are pixels on the declared evaluation grid (not mm); empty-prediction cases are excluded; non-empty zero-overlap cases remain defined and are counted separately,4,3,3,0.5714285714285714,3,0.42857142857142855,3,0.42857142857142855,0.5714285714285714,0.4444444444444444,0.45454545454545453,9,4,11,1,0.14285714285714285,1,1.0,5,6,1.1428571428571428,1.0,"{'1': 6, '3': 1}",,,,,,,,,,,,0,,,,,0.4807408438027525,0.7502401536983669,0.0,0.8088825076704471,-0.24975984630163303,-0.5192591561972474,-1.0,-0.19111749232955283,0.7009442196302468,0.5395797703396042,0.999753499450459,0.8006525581184575,0.6233198094902099,17668,4399,10677,17841403,0.4444444444444444,0.36363636363636365,0.4,4,0.3333333333333333,0.2727272727272727,0.3,3,0.3333333333333333,0.2727272727272727,0.3,3,"maximum-cardinality one-to-one connected-component matching at IoU thresholds 0.10, 0.25, 0.50"
ten_class_predicted_gate,anatomy,shoulder-joint,2,2,0,tumor images only,0.0,0.0,0.0,0.0,0.0,0.0,0.0,0.0,301.75586439167563,201.28625606204298,conditional mean over tumor images with both GT and prediction non-empty; HD95=max of directed 95th percentiles and ASSD=mean of concatenated directed surface samples (MONAI symmetric convention); distances are pixels on the declared evaluation grid (not mm); empty-prediction cases are excluded; non-empty zero-overlap cases remain defined and are counted separately,2,0,2,1.0,0,0.0,2,1.0,0.0,0.0,0.0,2,0,55,0,0.0,0,0.0,2,55,26.5,26.5,{'1': 2},,,,,,,,,,,,0,,,,,9.624681535030179,9.624681535030179,8.579599150158089,10.66976391990227,8.624681535030179,8.624681535030179,7.579599150158088,9.66976391990227,0.0,0.0,0.9349806580465435,0.0,0.0,0,80476,8136,1157248,0.0,0.0,0.0,0,0.0,0.0,0.0,0,0.0,0.0,0.0,0,"maximum-cardinality one-to-one connected-component matching at IoU thresholds 0.10, 0.25, 0.50"
ten_class_predicted_gate,anatomy,tibia,40,40,0,tumor images only,0.23706340019759065,0.049384534841579064,0.0038742739462671347,0.48834645758640416,0.17224903564455188,0.025319681081808397,0.2253840192063909,0.5800705011202305,323.8996842735902,161.18104770451527,conditional mean over tumor images with both GT and prediction non-empty; HD95=max of directed 95th percentiles and ASSD=mean of concatenated directed surface samples (MONAI symmetric convention); distances are pixels on the declared evaluation grid (not mm); empty-prediction cases are excluded; non-empty zero-overlap cases remain defined and are counted separately,35,5,7,0.875,5,0.125,7,0.175,0.825,0.7333333333333333,0.09776536312849161,45,33,358,4,0.1,2,0.5,12,323,8.175,3.5,"{'2': 3, '1': 36, '3': 1}",,,,,,,,,,,,0,,,,,67.27550504288911,3.9004181406796907,1.0455917655061284,50.286510041682455,2.900418140679691,66.27550504288911,0.04559176550612848,49.286510041682455,0.15209100301679604,0.08230437930931207,0.9768029249282624,0.08928890812058272,0.5127094558072222,294044,2999131,279466,126290057,0.3333333333333333,0.04189944134078212,0.07444168734491315,15,0.28888888888888886,0.036312849162011177,0.06451612903225806,13,0.13333333333333333,0.01675977653631285,0.02977667493796526,6,"maximum-cardinality one-to-one connected-component matching at IoU thresholds 0.10, 0.25, 0.50"
ten_class_predicted_gate,anatomy,tibia|femur,2,2,0,tumor images only,0.14935937060337248,0.14935937060337248,0.07532431396165028,0.22339442724509467,0.08766970729398799,0.08766970729398799,0.087671280716321,0.558641975308642,344.3725804171499,188.07490419799018,conditional mean over tumor images with both GT and prediction non-empty; HD95=max of directed 95th percentiles and ASSD=mean of concatenated directed surface samples (MONAI symmetric convention); distances are pixels on the declared evaluation grid (not mm); empty-prediction cases are excluded; non-empty zero-overlap cases remain defined and are counted separately,2,0,0,1.0,0,0.0,0,0.0,1.0,1.0,0.17647058823529413,3,3,17,1,0.5,0,0.0,0,14,7.0,7.0,"{'1': 1, '2': 1}",,,,,,,,,,,,0,,,,,93.33230607173559,93.33230607173559,49.528294498549876,137.1363176449213,92.33230607173559,92.33230607173559,48.528294498549876,136.1363176449213,0.10084084084084084,0.05309762499604693,0.9666287576168807,0.05327833088731109,0.9399580125962211,20148,358017,1287,10370292,0.3333333333333333,0.058823529411764705,0.1,1,0.0,0.0,0.0,0,0.0,0.0,0.0,0,"maximum-cardinality one-to-one connected-component matching at IoU thresholds 0.10, 0.25, 0.50"
ten_class_predicted_gate,anatomy,tibia|fibula,2,2,0,tumor images only,0.26389249340907533,0.26389249340907533,0.22485652165467993,0.3029284651634708,0.1543367595571585,0.1543367595571585,0.43327184098392496,0.3103707268424832,323.5859612709045,130.75385502474288,conditional mean over tumor images with both GT and prediction non-empty; HD95=max of directed 95th percentiles and ASSD=mean of concatenated directed surface samples (MONAI symmetric convention); distances are pixels on the declared evaluation grid (not mm); empty-prediction cases are excluded; non-empty zero-overlap cases remain defined and are counted separately,2,0,0,1.0,0,0.0,0,0.0,1.0,0.6666666666666666,0.5,3,2,22,1,0.5,1,1.0,1,11,10.5,10.5,"{'1': 1, '2': 1}",,,,,,,,,,,,0,,,,,1.0845788288365872,1.0845788288365872,0.6321964129463278,1.5369612447268466,0.08457882883658718,0.08457882883658718,-0.36780358705367217,0.5369612447268466,0.26818102643579084,0.1548551150723651,0.9867718863480224,0.3169724867501425,0.23240674082503116,30023,64695,99160,4826025,0.6666666666666666,0.09090909090909091,0.16,2,0.3333333333333333,0.045454545454545456,0.08,1,0.0,0.0,0.0,0,"maximum-cardinality one-to-one connected-component matching at IoU thresholds 0.10, 0.25, 0.50"
ten_class_predicted_gate,anatomy,tibia|fibula|femur,11,11,0,tumor images only,0.10240697932767678,0.08056763261264452,0.055590233614144696,0.129054796257507,0.05550460498521914,0.04197471814144175,0.5817566286722048,0.15799293295128478,677.0904119069681,305.1062162982625,conditional mean over tumor images with both GT and prediction non-empty; HD95=max of directed 95th percentiles and ASSD=mean of concatenated directed surface samples (MONAI symmetric convention); distances are pixels on the declared evaluation grid (not mm); empty-prediction cases are excluded; non-empty zero-overlap cases remain defined and are counted separately,11,0,1,1.0,0,0.0,1,0.09090909090909091,0.9090909090909091,0.34146341463414637,0.2054794520547945,41,14,73,11,1.0,9,0.8181818181818182,27,58,6.181818181818182,2.0,"{'2': 2, '4': 4, '5': 1, '3': 3, '7': 1}",,,,,,,,,,,,0,,,,,2.1116193701118378,0.08348638063416901,0.038598968415681015,0.26940985616045476,-0.916513619365831,1.1116193701118375,-0.961401031584319,-0.7305901438395452,0.13374145025799689,0.07166287344081326,0.9754469682557114,0.18958543929396895,0.10331047817496633,176108,752803,1528540,29907484,0.17073170731707318,0.0958904109589041,0.12280701754385964,7,0.024390243902439025,0.0136986301369863,0.017543859649122806,1,0.0,0.0,0.0,0,"maximum-cardinality one-to-one connected-component matching at IoU thresholds 0.10, 0.25, 0.50"
ten_class_predicted_gate,anatomy,ulna,3,3,0,tumor images only,0.27910978540342984,0.11166710560969186,0.05583355280484593,0.4186646781051448,0.20952597486792815,0.05913528591352859,0.2866841400968649,0.554444910449384,183.12310840346967,69.14425428296836,conditional mean over tumor images with both GT and prediction non-empty; HD95=max of directed 95th percentiles and ASSD=mean of concatenated directed surface samples (MONAI symmetric convention); distances are pixels on the declared evaluation grid (not mm); empty-prediction cases are excluded; non-empty zero-overlap cases remain defined and are counted separately,2,1,1,0.6666666666666666,1,0.3333333333333333,1,0.3333333333333333,0.6666666666666666,0.6666666666666666,0.7333333333333333,3,2,15,0,0.0,0,0.0,1,4,4.666666666666667,1.0,{'1': 3},,,,,,,,,,,,0,,,,,5.912865429203738,0.8282189291206487,0.4141094645603243,8.869298143805608,-0.17178107087935132,4.912865429203738,-0.5858905354396756,7.869298143805608,0.606097435369245,0.43482051812552647,0.9924767728178078,0.5693525291226441,0.6479124460495024,58846,44510,31978,5871834,0.3333333333333333,0.06666666666666667,0.1111111111111111,1,0.3333333333333333,0.06666666666666667,0.1111111111111111,1,0.3333333333333333,0.06666666666666667,0.1111111111111111,1,"maximum-cardinality one-to-one connected-component matching at IoU thresholds 0.10, 0.25, 0.50"
ten_class_predicted_gate,anatomy,ulna|radius,1,1,0,tumor images only,0.06918694976696012,0.06918694976696012,0.06918694976696012,0.06918694976696012,0.03583306512176805,0.03583306512176805,0.03646089187271437,0.6754297269969667,227.1079038695043,122.46540931058344,conditional mean over tumor images with both GT and prediction non-empty; HD95=max of directed 95th percentiles and ASSD=mean of concatenated directed surface samples (MONAI symmetric convention); distances are pixels on the declared evaluation grid (not mm); empty-prediction cases are excluded; non-empty zero-overlap cases remain defined and are counted separately,1,0,0,1.0,0,0.0,0,0.0,1.0,1.0,0.16666666666666666,1,1,6,0,0.0,0,0.0,0,5,5.0,5.0,{'1': 1},,,,,,,,,,,,0,,,,,18.524772497472195,18.524772497472195,18.524772497472195,18.524772497472195,17.524772497472195,17.524772497472195,17.524772497472195,17.524772497472195,0.06918694976696012,0.03583306512176805,0.9776699483523476,0.03646089187271437,0.6754297269969667,2672,70612,1284,3091584,0.0,0.0,0.0,0,0.0,0.0,0.0,0,0.0,0.0,0.0,0,"maximum-cardinality one-to-one connected-component matching at IoU thresholds 0.10, 0.25, 0.50"
ten_class_predicted_gate,anatomy,unknown,187,0,187,tumor images only,,,,,,,,,,,conditional mean over tumor images with both GT and prediction non-empty; HD95=max of directed 95th percentiles and ASSD=mean of concatenated directed surface samples (MONAI symmetric convention); distances are pixels on the declared evaluation grid (not mm); empty-prediction cases are excluded; non-empty zero-overlap cases remain defined and are counted separately,0,0,0,0.0,0,0.0,0,0.0,0.0,0.0,0.0,0,0,248,0,0.0,0,0.0,0,248,1.3262032085561497,0.0,{},0.7647058823529411,0.7647058823529411,0.23529411764705882,0.011041332515670613,0.0,0.0,0.0,0.05430374699088698,0.23529411764705882,0.13903743315508021,0.06951871657754011,248,1.3262032085561497,0.0,0.0,0.0,,,,,,,,,0.0,0.0,0.9859924246022285,0.0,,0,10408467,0,732651392,0.0,0.0,0.0,0,0.0,0.0,0.0,0,0.0,0.0,0.0,0,"maximum-cardinality one-to-one connected-component matching at IoU thresholds 0.10, 0.25, 0.50"
ten_class_predicted_gate,view,frontal,231,132,99,tumor images only,0.25851620640628115,0.07485204306923038,0.0,0.5502813989648015,0.19727526648978308,0.038883222532110184,0.30913678045684634,0.4273916750318233,404.4000482797017,231.22429251179838,conditional mean over tumor images with both GT and prediction non-empty; HD95=max of directed 95th percentiles and ASSD=mean of concatenated directed surface samples (MONAI symmetric convention); distances are pixels on the declared evaluation grid (not mm); empty-prediction cases are excluded; non-empty zero-overlap cases remain defined and are counted separately,110,22,45,0.8333333333333334,22,0.16666666666666666,45,0.3409090909090909,0.6590909090909091,0.5449101796407185,0.12946428571428573,167,91,1120,17,0.12878787878787878,10,0.5882352941176471,76,975,4.4978354978354975,1.0,"{'1': 115, '2': 9, '4': 4, '5': 1, '3': 2, '7': 1}",0.7373737373737373,0.7373737373737373,0.26262626262626265,0.013474775748572176,0.0,0.0,0.0012349478506270498,0.05390688950066571,0.26262626262626265,0.13131313131313133,0.06060606060606061,166,1.6767676767676767,0.0,0.0,1.0,26.062148908981193,1.080445205755435,0.10573506270545122,7.317475012023102,0.08044520575543493,25.062148908981193,-0.8942649372945488,6.317475012023102,0.20868807826257038,0.11650013363399021,0.9818774470690481,0.1380125308829754,0.42772289977432515,2378230,14853756,3181982,804774475,0.3592814371257485,0.05357142857142857,0.09324009324009325,60,0.2694610778443114,0.04017857142857143,0.06993006993006994,45,0.16766467065868262,0.025,0.04351204351204351,28,"maximum-cardinality one-to-one connected-component matching at IoU thresholds 0.10, 0.25, 0.50"
ten_class_predicted_gate,view,lateral,112,41,71,tumor images only,0.28024596712773747,0.06918694976696012,0.0,0.5375751648543182,0.20798370653281897,0.03583306512176805,0.3425780742985917,0.40854761161714187,289.266323196655,138.39647676671618,conditional mean over tumor images with both GT and prediction non-empty; HD95=max of directed 95th percentiles and ASSD=mean of concatenated directed surface samples (MONAI symmetric convention); distances are pixels on the declared evaluation grid (not mm); empty-prediction cases are excluded; non-empty zero-overlap cases remain defined and are counted separately,29,12,14,0.7073170731707317,12,0.2926829268292683,14,0.34146341463414637,0.6585365853658537,0.5714285714285714,0.3526570048309179,49,28,207,5,0.12195121951219512,4,0.8,21,134,1.6607142857142858,0.0,"{'1': 36, '3': 3, '2': 2}",0.8169014084507042,0.8169014084507042,0.18309859154929578,0.006401892754830246,0.0,0.0,0.0,0.04945212715956301,0.18309859154929578,0.1267605633802817,0.056338028169014086,32,0.4507042253521127,0.0,0.0,0.0,17.43243919148381,0.5668486467650133,0.0,1.8449074074074074,-0.43315135323498666,16.43243919148381,-1.0,0.8449074074074074,0.14559843846860307,0.07851505385293428,0.98565769469075,0.09104812899804184,0.363212531028642,571678,5707177,1002271,392218880,0.40816326530612246,0.0966183574879227,0.15625,20,0.32653061224489793,0.07729468599033816,0.125,16,0.10204081632653061,0.024154589371980676,0.0390625,5,"maximum-cardinality one-to-one connected-component matching at IoU thresholds 0.10, 0.25, 0.50"
ten_class_predicted_gate,view,oblique,28,11,17,tumor images only,0.31387804609825076,0.0,0.0,0.6565877483246552,0.24253147315769416,0.0,0.2819129309533937,0.4061179967904556,368.7971094328164,234.06968574658433,conditional mean over tumor images with both GT and prediction non-empty; HD95=max of directed 95th percentiles and ASSD=mean of concatenated directed surface samples (MONAI symmetric convention); distances are pixels on the declared evaluation grid (not mm); empty-prediction cases are excluded; non-empty zero-overlap cases remain defined and are counted separately,9,2,6,0.8181818181818182,2,0.18181818181818182,6,0.5454545454545454,0.45454545454545453,0.45454545454545453,0.08,11,5,100,0,0.0,0,0.0,6,92,3.3214285714285716,0.0,{'1': 11},0.7058823529411765,0.7058823529411765,0.29411764705882354,0.016246587984047788,0.0,0.0,0.005987907465825447,0.0814518908435714,0.29411764705882354,0.23529411764705882,0.17647058823529413,50,2.9411764705882355,0.0,0.0,2.0,1.8181457256862503,1.2920801352738571,0.5797529598720961,1.9774565563020328,0.2920801352738571,0.8181457256862505,-0.42024704012790387,0.9774565563020328,0.3859099765573892,0.23908826084824025,0.9841063908320536,0.25092206997758537,0.8352441360234498,545959,1629852,107693,100917781,0.45454545454545453,0.05,0.09009009009009009,5,0.45454545454545453,0.05,0.09009009009009009,5,0.2727272727272727,0.03,0.05405405405405406,3,"maximum-cardinality one-to-one connected-component matching at IoU thresholds 0.10, 0.25, 0.50"
ten_class_predicted_gate,tumor_type_name,giant cell tumor,9,9,0,tumor images only,0.503575803984059,0.606371892213786,0.4688283444588758,0.7256622506005977,0.37959148283948163,0.4351030872770003,0.4388143059975244,0.6707332551479775,273.66282555635,132.4111718397578,conditional mean over tumor images with both GT and prediction non-empty; HD95=max of directed 95th percentiles and ASSD=mean of concatenated directed surface samples (MONAI symmetric convention); distances are pixels on the declared evaluation grid (not mm); empty-prediction cases are excluded; non-empty zero-overlap cases remain defined and are counted separately,8,1,2,0.8888888888888888,1,0.1111111111111111,2,0.2222222222222222,0.7777777777777778,0.7777777777777778,0.34545454545454546,9,7,55,0,0.0,0,0.0,2,36,5.333333333333333,4.0,{'1': 9},,,,,,,,,,,,0,,,,,2.169288862462443,1.5767646508144542,1.025999879350908,2.7011432462459233,0.5767646508144543,1.1692888624624431,0.025999879350907886,1.7011432462459233,0.649168496539791,0.48056955651161515,0.9891386568073273,0.5442268855676857,0.8042494695633984,403689,338077,98256,30788552,0.7777777777777778,0.12727272727272726,0.21875,7,0.7777777777777778,0.12727272727272726,0.21875,7,0.3333333333333333,0.05454545454545454,0.09375,3,"maximum-cardinality one-to-one connected-component matching at IoU thresholds 0.10, 0.25, 0.50"
ten_class_predicted_gate,tumor_type_name,multiple osteochondromas,26,26,0,tumor images only,0.20869151549006412,0.10998469553511245,0.0618333060506069,0.24730835806125184,0.1435319695942216,0.05828554568746283,0.5177286470731264,0.25824224136143675,505.38527633371535,255.2866500799996,conditional mean over tumor images with both GT and prediction non-empty; HD95=max of directed 95th percentiles and ASSD=mean of concatenated directed surface samples (MONAI symmetric convention); distances are pixels on the declared evaluation grid (not mm); empty-prediction cases are excluded; non-empty zero-overlap cases remain defined and are counted separately,26,0,4,1.0,0,0.0,4,0.15384615384615385,0.8461538461538461,0.4126984126984127,0.2616279069767442,63,26,172,16,0.6153846153846154,13,0.8125,37,127,5.730769230769231,2.0,"{'3': 5, '1': 10, '2': 5, '4': 4, '5': 1, '7': 1}",,,,,,,,,,,,0,,,,,2.723958477016362,0.21281299366327303,0.05201293675286604,1.7671994808330516,-0.787187006336727,1.7239584770163623,-0.947987063247134,0.7671994808330516,0.18682302683960741,0.10303628912404082,0.9830977006481909,0.24880493681567256,0.1495638952175146,367098,1108347,2087358,64465394,0.2698412698412698,0.09883720930232558,0.14468085106382977,17,0.1111111111111111,0.040697674418604654,0.059574468085106386,7,0.047619047619047616,0.01744186046511628,0.02553191489361702,3,"maximum-cardinality one-to-one connected-component matching at IoU thresholds 0.10, 0.25, 0.50"
ten_class_predicted_gate,tumor_type_name,normal,187,0,187,tumor images only,,,,,,,,,,,conditional mean over tumor images with both GT and prediction non-empty; HD95=max of directed 95th percentiles and ASSD=mean of concatenated directed surface samples (MONAI symmetric convention); distances are pixels on the declared evaluation grid (not mm); empty-prediction cases are excluded; non-empty zero-overlap cases remain defined and are counted separately,0,0,0,0.0,0,0.0,0,0.0,0.0,0.0,0.0,0,0,248,0,0.0,0,0.0,0,248,1.3262032085561497,0.0,{},0.7647058823529411,0.7647058823529411,0.23529411764705882,0.011041332515670613,0.0,0.0,0.0,0.05430374699088698,0.23529411764705882,0.13903743315508021,0.06951871657754011,248,1.3262032085561497,0.0,0.0,0.0,,,,,,,,,0.0,0.0,0.9859924246022285,0.0,,0,10408467,0,732651392,0.0,0.0,0.0,0,0.0,0.0,0.0,0,0.0,0.0,0.0,0,"maximum-cardinality one-to-one connected-component matching at IoU thresholds 0.10, 0.25, 0.50"
ten_class_predicted_gate,tumor_type_name,osteochondroma,75,75,0,tumor images only,0.1813397702666616,0.005365269930947897,0.0,0.18835918432745927,0.14130286664926828,0.0026898508534252573,0.18114429979052651,0.42411695535823846,349.0238226654312,185.1413123893306,conditional mean over tumor images with both GT and prediction non-empty; HD95=max of directed 95th percentiles and ASSD=mean of concatenated directed surface samples (MONAI symmetric convention); distances are pixels on the declared evaluation grid (not mm); empty-prediction cases are excluded; non-empty zero-overlap cases remain defined and are counted separately,53,22,31,0.7066666666666667,22,0.29333333333333333,31,0.41333333333333333,0.5866666666666667,0.5555555555555556,0.08759124087591241,81,45,548,6,0.08,1,0.16666666666666666,36,500,6.8933333333333335,1.0,"{'2': 6, '1': 69}",,,,,,,,,,,,0,,,,,51.974355828427306,1.7317567567567567,0.0,25.489640559026533,0.7317567567567568,50.974355828427306,-1.0,24.489640559026533,0.0743175758955863,0.03859285153425521,0.9741203001298298,0.039858604817370684,0.5485918178351582,281974,6792383,232022,255667500,0.25925925925925924,0.03832116788321168,0.06677265500794913,21,0.19753086419753085,0.029197080291970802,0.05087440381558029,16,0.13580246913580246,0.020072992700729927,0.034976152623211444,11,"maximum-cardinality one-to-one connected-component matching at IoU thresholds 0.10, 0.25, 0.50"
ten_class_predicted_gate,tumor_type_name,osteofibroma,4,4,0,tumor images only,0.208340579675813,0.03607956328041664,0.0,0.24442014295622966,0.16297494854601774,0.018715011066267412,0.18660164504142418,0.4554340622929092,148.71628446536545,68.43671791258679,conditional mean over tumor images with both GT and prediction non-empty; HD95=max of directed 95th percentiles and ASSD=mean of concatenated directed surface samples (MONAI symmetric convention); distances are pixels on the declared evaluation grid (not mm); empty-prediction cases are excluded; non-empty zero-overlap cases remain defined and are counted separately,2,2,2,0.5,2,0.5,2,0.5,0.5,0.5,0.5,4,2,4,0,0.0,0,0.0,2,2,1.0,1.0,{'1': 4},,,,,,,,,,,,0,,,,,6.96889186619414,0.5795228628230616,0.0,7.5484147290172015,-0.42047713717693835,5.96889186619414,-1.0,6.5484147290172015,0.08047009081299797,0.04192176971448196,0.994969243039607,0.05601531718277766,0.14282256112321473,3540,59657,21246,11798797,0.25,0.25,0.25,1,0.25,0.25,0.25,1,0.25,0.25,0.25,1,"maximum-cardinality one-to-one connected-component matching at IoU thresholds 0.10, 0.25, 0.50"
ten_class_predicted_gate,tumor_type_name,osteosarcoma,30,30,0,tumor images only,0.4187252606202109,0.4989171254272931,0.00022897212979857608,0.6758294500933762,0.3181078152650341,0.3323738979675493,0.4496276210611549,0.5052420024033092,216.40373894810944,91.53101466211973,conditional mean over tumor images with both GT and prediction non-empty; HD95=max of directed 95th percentiles and ASSD=mean of concatenated directed surface samples (MONAI symmetric convention); distances are pixels on the declared evaluation grid (not mm); empty-prediction cases are excluded; non-empty zero-overlap cases remain defined and are counted separately,27,3,8,0.9,3,0.1,8,0.26666666666666666,0.7333333333333333,0.7333333333333333,0.2536764705882353,30,22,272,0,0.0,0,0.0,8,203,8.266666666666667,4.0,{'1': 30},,,,,,,,,,,,0,,,,,1.0667978820161506,0.987014528210901,0.12741112877089486,1.7470144265149306,-0.012985471789099048,0.06679788201615072,-0.8725888712291051,0.7470144265149306,0.5624184757762379,0.39122544794801944,0.9854868381867969,0.5616864690169026,0.5631523929719162,971867,758399,753895,51497547,0.6333333333333333,0.06985294117647059,0.12582781456953643,19,0.6333333333333333,0.06985294117647059,0.12582781456953643,19,0.26666666666666666,0.029411764705882353,0.052980132450331126,8,"maximum-cardinality one-to-one connected-component matching at IoU thresholds 0.10, 0.25, 0.50"
ten_class_predicted_gate,tumor_type_name,other bt,11,11,0,tumor images only,0.11897623654108608,0.0,0.0,0.14871474194340845,0.08188258868945751,0.0,0.08868712479326378,0.23376548541141257,725.3205513205929,584.7418504036876,conditional mean over tumor images with both GT and prediction non-empty; HD95=max of directed 95th percentiles and ASSD=mean of concatenated directed surface samples (MONAI symmetric convention); distances are pixels on the declared evaluation grid (not mm); empty-prediction cases are excluded; non-empty zero-overlap cases remain defined and are counted separately,9,2,8,0.8181818181818182,2,0.18181818181818182,8,0.7272727272727273,0.2727272727272727,0.2727272727272727,0.14285714285714285,11,3,21,0,0.0,0,0.0,8,18,1.2727272727272727,0.0,{'1': 11},,,,,,,,,,,,0,,,,,2.921805621136601,1.5569303985722784,0.2973658844400848,4.385497326156253,0.5569303985722784,1.921805621136601,-0.7026341155599152,3.3854973261562527,0.1994946781325107,0.11079927157648957,0.985174516332053,0.12988065620318137,0.4299310890194306,76115,509923,100925,33885110,0.2727272727272727,0.14285714285714285,0.1875,3,0.09090909090909091,0.047619047619047616,0.0625,1,0.09090909090909091,0.047619047619047616,0.0625,1,"maximum-cardinality one-to-one connected-component matching at IoU thresholds 0.10, 0.25, 0.50"
ten_class_predicted_gate,tumor_type_name,other mt,4,4,0,tumor images only,0.2922643581465776,0.21958752935877224,0.0,0.5118518875053498,0.21400774678962298,0.14068684036939313,0.3954209565664263,0.31519647105744014,749.8876660263151,518.5671576824014,conditional mean over tumor images with both GT and prediction non-empty; HD95=max of directed 95th percentiles and ASSD=mean of concatenated directed surface samples (MONAI symmetric convention); distances are pixels on the declared evaluation grid (not mm); empty-prediction cases are excluded; non-empty zero-overlap cases remain defined and are counted separately,3,1,2,0.75,1,0.25,2,0.5,0.5,0.5,0.15384615384615385,4,2,13,0,0.0,0,0.0,2,11,2.75,0.5,{'1': 4},,,,,,,,,,,,0,,,,,0.5781727921719263,0.3144688127490444,0.2110302605540897,0.6816113443668811,-0.6855311872509555,-0.4218272078280736,-0.7889697394459103,-0.3183886556331189,0.1416949431165383,0.07624956009869174,0.9903329687229788,0.23879931823246345,0.1007332056278486,39650,126389,353964,12947842,0.5,0.15384615384615385,0.23529411764705882,2,0.5,0.15384615384615385,0.23529411764705882,2,0.25,0.07692307692307693,0.11764705882352941,1,"maximum-cardinality one-to-one connected-component matching at IoU thresholds 0.10, 0.25, 0.50"
ten_class_predicted_gate,tumor_type_name,simple bone cyst,20,20,0,tumor images only,0.32169562268538954,0.2730976263922119,0.0,0.5894811378731691,0.23855446009818979,0.15914135934273252,0.34188475404116814,0.4462138830416709,434.76520177791963,277.4104652920574,conditional mean over tumor images with both GT and prediction non-empty; HD95=max of directed 95th percentiles and ASSD=mean of concatenated directed surface samples (MONAI symmetric convention); distances are pixels on the declared evaluation grid (not mm); empty-prediction cases are excluded; non-empty zero-overlap cases remain defined and are counted separately,16,4,7,0.8,4,0.2,7,0.35,0.65,0.65,0.38636363636363635,20,13,88,0,0.0,0,0.0,7,54,3.8,1.0,{'1': 20},,,,,,,,,,,,0,,,,,4.366514354713159,1.0747626702366748,0.252727765789413,2.538716058143526,0.07476267023667499,3.3665143547131584,-0.7472722342105871,1.538716058143526,0.2794763054490056,0.16243676639509497,0.9769795450095283,0.18526347845174254,0.5686587812961461,427069,1878129,323942,79707096,0.55,0.125,0.2037037037037037,11,0.45,0.10227272727272728,0.16666666666666666,9,0.25,0.056818181818181816,0.09259259259259259,5,"maximum-cardinality one-to-one connected-component matching at IoU thresholds 0.10, 0.25, 0.50"
ten_class_predicted_gate,tumor_type_name,synovial osteochondroma,5,5,0,tumor images only,0.640281874158732,0.8603416552725308,0.5361470261052603,0.8843161966649425,0.5533361757379902,0.7549119078123958,0.6653059506098995,0.667660343148367,122.54889225739686,45.10223444089072,conditional mean over tumor images with both GT and prediction non-empty; HD95=max of directed 95th percentiles and ASSD=mean of concatenated directed surface samples (MONAI symmetric convention); distances are pixels on the declared evaluation grid (not mm); empty-prediction cases are excluded; non-empty zero-overlap cases remain defined and are counted separately,4,1,1,0.8,1,0.2,1,0.2,0.8,0.8,0.6666666666666666,5,4,6,0,0.0,0,0.0,1,2,0.6,1.0,{'1': 5},,,,,,,,,,,,0,,,,,0.9695429003105256,0.8424825038723689,0.7809611135328514,0.8573029338479929,-0.15751749612763113,-0.030457099689474455,-0.21903888646714867,-0.14269706615200703,0.7768443085958401,0.6351148214860834,0.991461389427069,0.8142284521502731,0.7427423480348184,924865,211014,320338,24501906,0.8,0.6666666666666666,0.7272727272727273,4,0.8,0.6666666666666666,0.7272727272727273,4,0.6,0.5,0.5454545454545454,3,"maximum-cardinality one-to-one connected-component matching at IoU thresholds 0.10, 0.25, 0.50"
label_free_rich_gallery_student,lesion_size,large_ge_5pct,18,18,0,tumor images only,0.2570859445800338,0.2431953486449624,0.16781728944733823,0.3144187126721823,0.15283269115637887,0.13850625951871046,0.17901250516293032,0.8198514586460544,757.1792548440645,323.263569284903,conditional mean over tumor images with both GT and prediction non-empty; HD95=max of directed 95th percentiles and ASSD=mean of concatenated directed surface samples (MONAI symmetric convention); distances are pixels on the declared evaluation grid (not mm); empty-prediction cases are excluded; non-empty zero-overlap cases remain defined and are counted separately,18,0,0,1.0,0,0.0,0,0.0,1.0,0.8,0.6875,40,32,32,7,0.3888888888888889,5,0.7142857142857143,8,10,1.3333333333333333,1.0,"{'1': 11, '2': 1, '5': 1, '4': 3, '7': 1, '3': 1}",,,,,,,,,,,,0,,,,,6.788182051732253,5.720010017073819,2.5176187013964437,10.13574408927604,4.720010017073819,5.788182051732253,1.5176187013964435,9.13574408927604,0.1911249267417594,0.10565955027369313,0.49351034244070957,0.10996034466467555,0.7298352580386518,2369389,19178279,877082,18686816,0.35,0.4375,0.3888888888888889,14,0.075,0.09375,0.08333333333333333,3,0.075,0.09375,0.08333333333333333,3,"maximum-cardinality one-to-one connected-component matching at IoU thresholds 0.10, 0.25, 0.50"
label_free_rich_gallery_student,lesion_size,medium_1_to_5pct,72,72,0,tumor images only,0.1228872872915858,0.08425357320158616,0.05673493900258583,0.15011459178709696,0.0708688948930039,0.04398074725679052,0.0753005740805258,0.8988930329102148,919.0290347850153,419.742938641236,conditional mean over tumor images with both GT and prediction non-empty; HD95=max of directed 95th percentiles and ASSD=mean of concatenated directed surface samples (MONAI symmetric convention); distances are pixels on the declared evaluation grid (not mm); empty-prediction cases are excluded; non-empty zero-overlap cases remain defined and are counted separately,72,0,4,1.0,0,0.0,4,0.05555555555555555,0.9444444444444444,0.9512195121951219,0.42857142857142855,82,78,161,7,0.09722222222222222,0,0.0,4,92,1.2361111111111112,1.0,"{'1': 65, '3': 3, '2': 4}",,,,,,,,,,,,0,,,,,21.92334991949795,18.953374554811354,10.84814384390892,31.23879522732229,17.953374554811354,20.92334991949795,9.84814384390892,30.23879522732229,0.10202824848682034,0.05375646313253985,0.6455626164327329,0.05412501270294741,0.8875728457056422,3530092,61690992,447150,112362296,0.17073170731707318,0.08695652173913043,0.11522633744855967,14,0.06097560975609756,0.031055900621118012,0.0411522633744856,5,0.012195121951219513,0.006211180124223602,0.00823045267489712,1,"maximum-cardinality one-to-one connected-component matching at IoU thresholds 0.10, 0.25, 0.50"
label_free_rich_gallery_student,lesion_size,normal,187,0,187,tumor images only,,,,,,,,,,,conditional mean over tumor images with both GT and prediction non-empty; HD95=max of directed 95th percentiles and ASSD=mean of concatenated directed surface samples (MONAI symmetric convention); distances are pixels on the declared evaluation grid (not mm); empty-prediction cases are excluded; non-empty zero-overlap cases remain defined and are counted separately,0,0,0,0.0,0,0.0,0,0.0,0.0,0.0,0.0,0,0,302,0,0.0,0,0.0,0,302,1.6149732620320856,1.0,{},0.22994652406417113,0.22994652406417113,0.7700534759358288,0.15114787209921487,0.08231949187562375,0.0022080085032077706,0.2261076751603518,0.5729411464289695,0.7593582887700535,0.7112299465240641,0.5347593582887701,302,1.6149732620320856,1.0,1.0,2.0,,,,,,,,,0.0,0.0,0.8647937473904105,0.0,,0,100466339,0,642593520,0.0,0.0,0.0,0,0.0,0.0,0.0,0,0.0,0.0,0.0,0,"maximum-cardinality one-to-one connected-component matching at IoU thresholds 0.10, 0.25, 0.50"
label_free_rich_gallery_student,lesion_size,small_lt_1pct,94,94,0,tumor images only,0.009426772237494227,0.0032810917805286806,0.0,0.010045719929112594,0.004798256261081754,0.0016432421185111007,0.00480198635787715,0.6944439947099225,1260.3374020402916,702.5239494793697,conditional mean over tumor images with both GT and prediction non-empty; HD95=max of directed 95th percentiles and ASSD=mean of concatenated directed surface samples (MONAI symmetric convention); distances are pixels on the declared evaluation grid (not mm); empty-prediction cases are excluded; non-empty zero-overlap cases remain defined and are counted separately,89,5,26,0.9468085106382979,5,0.05319148936170213,26,0.2765957446808511,0.723404255319149,0.7047619047619048,0.35,105,74,200,8,0.0851063829787234,0,0.0,31,130,1.2659574468085106,1.0,"{'2': 6, '1': 86, '3': 1, '4': 1}",,,,,,,,,,,,0,,,,,448.9109210951686,214.88336707277205,60.56624798280332,524.7646536597915,213.88336707277205,447.9109210951686,59.56624798280332,523.7646536597915,0.0073175358382669975,0.003672203660077515,0.7334052497866073,0.003679892994422289,0.6373408970040773,359524,97340056,204576,267783623,0.0,0.0,0.0,0,0.0,0.0,0.0,0,0.0,0.0,0.0,0,"maximum-cardinality one-to-one connected-component matching at IoU thresholds 0.10, 0.25, 0.50"
label_free_rich_gallery_student,center,1,296,131,165,tumor images only,0.057150423155031035,0.010032891910580932,0.002270567580237406,0.06335059525385575,0.03330807012089527,0.005041737559277339,0.0364261018040942,0.7760590269650272,1204.756519762134,629.1187761357597,conditional mean over tumor images with both GT and prediction non-empty; HD95=max of directed 95th percentiles and ASSD=mean of concatenated directed surface samples (MONAI symmetric convention); distances are pixels on the declared evaluation grid (not mm); empty-prediction cases are excluded; non-empty zero-overlap cases remain defined and are counted separately,126,5,23,0.9618320610687023,5,0.03816793893129771,23,0.17557251908396945,0.8244274809160306,0.7987012987012987,0.2140077821011673,154,123,514,14,0.10687022900763359,3,0.21428571428571427,31,404,1.364864864864865,1.0,"{'1': 117, '2': 9, '3': 2, '4': 2, '5': 1}",0.2606060606060606,0.2606060606060606,0.7393939393939394,0.12752753270143447,0.045478546235471505,0.0,0.16221843911122347,0.5289829759717746,0.7272727272727273,0.6787878787878788,0.48484848484848486,241,1.4606060606060607,1.0,0.0,2.0,321.8835781147037,67.89558417663294,16.82173563139989,347.03345936421704,66.89558417663294,320.8835781147037,15.82173563139989,346.03345936421704,0.03597103196231807,0.01831491925409724,0.79874264539592,0.018389735203652415,0.8182413353684392,4480593,239165819,995289,949192338,0.08441558441558442,0.02529182879377432,0.038922155688622756,13,0.01948051948051948,0.005836575875486381,0.008982035928143712,3,0.006493506493506494,0.0019455252918287938,0.0029940119760479044,1,"maximum-cardinality one-to-one connected-component matching at IoU thresholds 0.10, 0.25, 0.50"
label_free_rich_gallery_student,center,2,47,31,16,tumor images only,0.1258319689926331,0.09450839336385862,0.050705379787703855,0.17581178959857308,0.07105430348575176,0.04959790588146382,0.07315916219683237,0.8126745560055848,936.5238105378904,453.88641699891093,conditional mean over tumor images with both GT and prediction non-empty; HD95=max of directed 95th percentiles and ASSD=mean of concatenated directed surface samples (MONAI symmetric convention); distances are pixels on the declared evaluation grid (not mm); empty-prediction cases are excluded; non-empty zero-overlap cases remain defined and are counted separately,31,0,5,1.0,0,0.0,5,0.16129032258064516,0.8387096774193549,0.813953488372093,0.2543859649122807,43,35,114,4,0.12903225806451613,1,0.25,8,85,1.8085106382978724,1.0,"{'1': 27, '7': 1, '4': 1, '3': 1, '2': 1}",0.0,0.0,1.0,0.3216224014299399,0.2347742355992526,0.11821498777670916,0.5395360906255405,0.6846253609597214,1.0,0.9375,0.875,46,2.875,2.0,1.0,5.0,19.594359498169002,13.508752815462783,7.062375199399878,26.455927794988142,12.508752815462783,18.594359498169002,6.062375199399878,25.455927794988142,0.07690451554923355,0.0399899621059104,0.7035436280256445,0.04041369208655299,0.7922761910910552,1423527,33800352,373229,80214239,0.20930232558139536,0.07894736842105263,0.11464968152866242,9,0.0,0.0,0.0,0,0.0,0.0,0.0,0,"maximum-cardinality one-to-one connected-component matching at IoU thresholds 0.10, 0.25, 0.50"
label_free_rich_gallery_student,center,3,28,22,6,tumor images only,0.1351841729853887,0.09284012031542019,0.04735303275435629,0.1632028034435204,0.07902474398896366,0.04872525629937943,0.0934318081787687,0.8135780163320667,506.2630116634845,237.51920967678095,conditional mean over tumor images with both GT and prediction non-empty; HD95=max of directed 95th percentiles and ASSD=mean of concatenated directed surface samples (MONAI symmetric convention); distances are pixels on the declared evaluation grid (not mm); empty-prediction cases are excluded; non-empty zero-overlap cases remain defined and are counted separately,22,0,2,1.0,0,0.0,2,0.09090909090909091,0.9090909090909091,0.8666666666666667,0.3283582089552239,30,26,67,4,0.18181818181818182,1,0.25,4,45,1.6071428571428572,1.0,"{'1': 18, '4': 1, '3': 2, '2': 1}",0.0,0.0,1.0,0.34610846065624296,0.267941850088555,0.23882112029753805,0.4911761254312633,0.5908967685860829,1.0,1.0,1.0,15,2.5,2.5,2.0,3.0,51.09641711870229,20.93540551652947,10.546268285797474,38.27171216679395,19.93540551652947,50.09641711870229,9.546268285797474,37.27171216679395,0.10787507665791987,0.05701266091214474,0.6779604440658343,0.05851958485451109,0.6888630077158248,354885,5709495,160290,12019678,0.2,0.08955223880597014,0.12371134020618557,6,0.16666666666666666,0.07462686567164178,0.10309278350515463,5,0.1,0.04477611940298507,0.061855670103092786,3,"maximum-cardinality one-to-one connected-component matching at IoU thresholds 0.10, 0.25, 0.50"
label_free_rich_gallery_student,anatomy,ankle-joint,1,1,0,tumor images only,0.2965260370197278,0.2965260370197278,0.2965260370197278,0.2965260370197278,0.17407136443749793,0.17407136443749793,0.174081012770486,0.9996817009899099,1233.5311808176205,397.4996737995749,conditional mean over tumor images with both GT and prediction non-empty; HD95=max of directed 95th percentiles and ASSD=mean of concatenated directed surface samples (MONAI symmetric convention); distances are pixels on the declared evaluation grid (not mm); empty-prediction cases are excluded; non-empty zero-overlap cases remain defined and are counted separately,1,0,0,1.0,0,0.0,0,0.0,1.0,1.0,1.0,1,1,1,0,0.0,0,0.0,0,0,0.0,0.0,{'1': 1},,,,,,,,,,,,0,,,,,5.742623420441163,5.742623420441163,5.742623420441163,5.742623420441163,4.742623420441163,4.742623420441163,4.742623420441163,4.742623420441163,0.2965260370197278,0.17407136443749793,0.8505975111951101,0.174081012770486,0.9996817009899099,125628,596036,40,3393429,1.0,1.0,1.0,1,0.0,0.0,0.0,0,0.0,0.0,0.0,0,"maximum-cardinality one-to-one connected-component matching at IoU thresholds 0.10, 0.25, 0.50"
label_free_rich_gallery_student,anatomy,femur,48,48,0,tumor images only,0.08046045464200402,0.05384636455286466,0.01733128326813585,0.1090071554453707,0.04493642429320541,0.027668424230426168,0.04619509707431307,0.8256225688263159,1030.1590266172877,544.6258690329629,conditional mean over tumor images with both GT and prediction non-empty; HD95=max of directed 95th percentiles and ASSD=mean of concatenated directed surface samples (MONAI symmetric convention); distances are pixels on the declared evaluation grid (not mm); empty-prediction cases are excluded; non-empty zero-overlap cases remain defined and are counted separately,47,1,5,0.9791666666666666,1,0.020833333333333332,5,0.10416666666666667,0.8958333333333334,0.9,0.43434343434343436,50,45,99,2,0.041666666666666664,0,0.0,5,56,1.0625,1.0,"{'1': 46, '2': 2}",,,,,,,,,,,,0,,,,,114.13375177541884,32.68159178279337,14.46102978478432,83.39119696919929,31.68159178279337,113.13375177541884,13.46102978478432,82.39119696919929,0.05529024286913398,0.02843110272183065,0.5656186077944555,0.028495782996763395,0.9260667418480488,1638263,55853156,130792,72727757,0.12,0.06060606060606061,0.08053691275167785,6,0.04,0.020202020202020204,0.026845637583892617,2,0.02,0.010101010101010102,0.013422818791946308,1,"maximum-cardinality one-to-one connected-component matching at IoU thresholds 0.10, 0.25, 0.50"
label_free_rich_gallery_student,anatomy,fibula,12,12,0,tumor images only,0.005181788089333322,0.0013871614459096077,0.0,0.008212247195980512,0.0026118942190377285,0.0006945441678469225,0.0026118942190377285,0.5,1169.2186446738149,675.0538874051653,conditional mean over tumor images with both GT and prediction non-empty; HD95=max of directed 95th percentiles and ASSD=mean of concatenated directed surface samples (MONAI symmetric convention); distances are pixels on the declared evaluation grid (not mm); empty-prediction cases are excluded; non-empty zero-overlap cases remain defined and are counted separately,12,0,6,1.0,0,0.0,6,0.5,0.5,0.46153846153846156,0.2,13,6,30,1,0.08333333333333333,0,0.0,7,24,1.5833333333333333,1.0,"{'1': 11, '2': 1}",,,,,,,,,,,,0,,,,,197.61350621950814,143.53862998530246,66.9146437419786,229.8101006134682,142.53862998530246,196.61350621950814,65.9146437419786,228.8101006134682,0.0053796380029692776,0.0026970736414137168,0.818233331451902,0.0027104113874891534,0.3540394032197311,21618,7954293,39443,35806717,0.0,0.0,0.0,0,0.0,0.0,0.0,0,0.0,0.0,0.0,0,"maximum-cardinality one-to-one connected-component matching at IoU thresholds 0.10, 0.25, 0.50"
label_free_rich_gallery_student,anatomy,foot,7,7,0,tumor images only,0.0035389050982675987,0.0,0.0,0.0057600835242715785,0.0017794029322677157,0.0,0.0017806640590128232,0.4049457247344285,1450.7020824275714,890.1301642608487,conditional mean over tumor images with both GT and prediction non-empty; HD95=max of directed 95th percentiles and ASSD=mean of concatenated directed surface samples (MONAI symmetric convention); distances are pixels on the declared evaluation grid (not mm); empty-prediction cases are excluded; non-empty zero-overlap cases remain defined and are counted separately,5,2,4,0.7142857142857143,2,0.2857142857142857,4,0.5714285714285714,0.42857142857142855,0.375,0.5,8,3,6,1,0.14285714285714285,0,0.0,5,3,0.5714285714285714,0.0,"{'1': 6, '2': 1}",,,,,,,,,,,,0,,,,,235.06809009230935,52.59885931558935,0.9709373295587357,162.56952313887876,51.59885931558935,234.06809009230935,-0.029062670441264316,161.56952313887876,0.007087514965708177,0.003556360361496869,0.9270036837149206,0.0036379261983559208,0.1369024534187674,8119,2223647,51186,28238808,0.0,0.0,0.0,0,0.0,0.0,0.0,0,0.0,0.0,0.0,0,"maximum-cardinality one-to-one connected-component matching at IoU thresholds 0.10, 0.25, 0.50"
label_free_rich_gallery_student,anatomy,foot|tibia|fibula,1,1,0,tumor images only,0.0,0.0,0.0,0.0,0.0,0.0,0.0,0.0,,,conditional mean over tumor images with both GT and prediction non-empty; HD95=max of directed 95th percentiles and ASSD=mean of concatenated directed surface samples (MONAI symmetric convention); distances are pixels on the declared evaluation grid (not mm); empty-prediction cases are excluded; non-empty zero-overlap cases remain defined and are counted separately,0,1,1,0.0,1,1.0,1,1.0,0.0,0.0,0.0,1,0,0,0,0.0,0,0.0,1,0,1.0,1.0,{'1': 1},,,,,,,,,,,,0,,,,,0.0,0.0,0.0,0.0,-1.0,-1.0,-1.0,-1.0,0.0,0.0,1.0,,0.0,0,0,24232,6100408,0.0,0.0,0.0,0,0.0,0.0,0.0,0,0.0,0.0,0.0,0,"maximum-cardinality one-to-one connected-component matching at IoU thresholds 0.10, 0.25, 0.50"
label_free_rich_gallery_student,anatomy,hand,8,8,0,tumor images only,0.03869697266511003,0.011674162663399688,0.003955019048905642,0.036139403752566926,0.020657467735175707,0.0058713722903669125,0.020657467735175707,0.875,892.6841525416191,472.9367580665407,conditional mean over tumor images with both GT and prediction non-empty; HD95=max of directed 95th percentiles and ASSD=mean of concatenated directed surface samples (MONAI symmetric convention); distances are pixels on the declared evaluation grid (not mm); empty-prediction cases are excluded; non-empty zero-overlap cases remain defined and are counted separately,8,0,1,1.0,0,0.0,1,0.125,0.875,0.875,0.28,8,7,25,0,0.0,0,0.0,1,18,2.125,1.0,{'1': 8},,,,,,,,,,,,0,,,,,196.5381292700963,129.35355915869124,21.125478829081136,249.84171398721818,128.35355915869124,195.5381292700963,20.125478829081136,248.84171398721818,0.02492896311251637,0.012621805822134857,0.8323285716606847,0.012733348585617586,0.5903088562885067,58829,4561244,40829,22642222,0.0,0.0,0.0,0,0.0,0.0,0.0,0,0.0,0.0,0.0,0,"maximum-cardinality one-to-one connected-component matching at IoU thresholds 0.10, 0.25, 0.50"
label_free_rich_gallery_student,anatomy,hip bone,10,10,0,tumor images only,0.08473759271891432,0.07013071053439643,0.034019778971235926,0.12373150510281189,0.04563175708229601,0.03634902096678653,0.045631860608317316,0.9999938003719777,938.0199641212045,530.2744755696265,conditional mean over tumor images with both GT and prediction non-empty; HD95=max of directed 95th percentiles and ASSD=mean of concatenated directed surface samples (MONAI symmetric convention); distances are pixels on the declared evaluation grid (not mm); empty-prediction cases are excluded; non-empty zero-overlap cases remain defined and are counted separately,10,0,0,1.0,0,0.0,0,0.0,1.0,1.0,0.4,10,10,25,0,0.0,0,0.0,0,15,1.5,1.0,{'1': 10},,,,,,,,,,,,0,,,,,94.78803789545793,27.715495341983086,15.50249695883566,57.9588173407545,26.715495341983086,93.78803789545793,14.50249695883566,56.9588173407545,0.06131183572078432,0.031625424269085295,0.2407594471046569,0.0316254332124257,0.9999910582394747,559169,17121822,5,5429426,0.1,0.04,0.05714285714285714,1,0.0,0.0,0.0,0,0.0,0.0,0.0,0,"maximum-cardinality one-to-one connected-component matching at IoU thresholds 0.10, 0.25, 0.50"
label_free_rich_gallery_student,anatomy,hip-joint,2,2,0,tumor images only,0.14428973850968252,0.14428973850968252,0.12921106311370972,0.15936841390565532,0.07803916277906642,0.07803916277906642,0.07803916277906642,1.0,1422.956383139488,886.4429995816537,conditional mean over tumor images with both GT and prediction non-empty; HD95=max of directed 95th percentiles and ASSD=mean of concatenated directed surface samples (MONAI symmetric convention); distances are pixels on the declared evaluation grid (not mm); empty-prediction cases are excluded; non-empty zero-overlap cases remain defined and are counted separately,2,0,0,1.0,0,0.0,0,0.0,1.0,1.0,0.5,2,2,4,0,0.0,0,0.0,0,2,1.0,1.0,{'1': 2},,,,,,,,,,,,0,,,,,13.494151999846789,13.494151999846789,11.979473164033983,15.008830835659593,12.494151999846789,12.494151999846789,10.979473164033983,14.008830835659593,0.13901034330628842,0.07469699941979165,0.1639133504449598,0.07469699941979165,1.0,719666,8914804,0,1747732,0.0,0.0,0.0,0,0.0,0.0,0.0,0,0.0,0.0,0.0,0,"maximum-cardinality one-to-one connected-component matching at IoU thresholds 0.10, 0.25, 0.50"
label_free_rich_gallery_student,anatomy,humerus,25,25,0,tumor images only,0.1335089025417629,0.09450839336385862,0.021577907974913338,0.1681858802502234,0.08393799504775973,0.04959790588146382,0.0946745617323247,0.7277380142449209,1006.4377714469986,450.0892819411425,conditional mean over tumor images with both GT and prediction non-empty; HD95=max of directed 95th percentiles and ASSD=mean of concatenated directed surface samples (MONAI symmetric convention); distances are pixels on the declared evaluation grid (not mm); empty-prediction cases are excluded; non-empty zero-overlap cases remain defined and are counted separately,25,0,5,1.0,0,0.0,5,0.2,0.8,0.8,0.3448275862068966,25,20,58,0,0.0,0,0.0,5,38,1.32,1.0,{'1': 25},,,,,,,,,,,,0,,,,,62.805501204973716,16.70656140118092,6.034059624428234,31.45163139659513,15.70656140118092,61.805501204973716,5.034059624428234,30.45163139659513,0.1249422657907799,0.0666338233278308,0.8258726529889034,0.06771508684719943,0.8066886605658654,1137502,15660852,272586,74278220,0.24,0.10344827586206896,0.14457831325301204,6,0.08,0.034482758620689655,0.04819277108433735,2,0.04,0.017241379310344827,0.024096385542168676,1,"maximum-cardinality one-to-one connected-component matching at IoU thresholds 0.10, 0.25, 0.50"
label_free_rich_gallery_student,anatomy,knee-joint,2,2,0,tumor images only,0.21456964072300835,0.21456964072300835,0.16303578347136435,0.2661034979746524,0.12392348975811064,0.12392348975811064,0.12392348975811064,1.0,1132.1033527481995,474.07764646792316,conditional mean over tumor images with both GT and prediction non-empty; HD95=max of directed 95th percentiles and ASSD=mean of concatenated directed surface samples (MONAI symmetric convention); distances are pixels on the declared evaluation grid (not mm); empty-prediction cases are excluded; non-empty zero-overlap cases remain defined and are counted separately,2,0,0,1.0,0,0.0,0,0.0,1.0,1.0,1.0,2,2,2,0,0.0,0,0.0,0,0,0.0,0.0,{'1': 2},,,,,,,,,,,,0,,,,,11.116699252663715,11.116699252663715,8.206593948186141,14.026804557141286,10.116699252663715,10.116699252663715,7.206593948186141,13.026804557141286,0.19626411570615035,0.10880978607518607,0.6744763574778805,0.10880978607518607,1.0,399869,3275067,0,6785852,0.5,0.5,0.5,1,0.0,0.0,0.0,0,0.0,0.0,0.0,0,"maximum-cardinality one-to-one connected-component matching at IoU thresholds 0.10, 0.25, 0.50"
label_free_rich_gallery_student,anatomy,radius,7,7,0,tumor images only,0.05106793839889993,0.007970461057866236,0.0015753766258440932,0.08613818743482934,0.027297706897330826,0.004001176138230834,0.027297706897330826,0.7142857142857143,876.3699259967841,495.6512624225516,conditional mean over tumor images with both GT and prediction non-empty; HD95=max of directed 95th percentiles and ASSD=mean of concatenated directed surface samples (MONAI symmetric convention); distances are pixels on the declared evaluation grid (not mm); empty-prediction cases are excluded; non-empty zero-overlap cases remain defined and are counted separately,7,0,2,1.0,0,0.0,2,0.2857142857142857,0.7142857142857143,0.7777777777777778,0.2631578947368421,9,7,19,1,0.14285714285714285,0,0.0,2,14,2.0,1.0,"{'1': 6, '3': 1}",,,,,,,,,,,,0,,,,,183.80288445718637,27.66437045541523,14.500331235066154,293.96654595783406,26.66437045541523,182.80288445718637,13.500331235066154,292.96654595783406,0.03184678833129438,0.016181051425510195,0.9141431693571407,0.01621319669841759,0.8908449461986241,25251,1532184,3094,16313618,0.0,0.0,0.0,0,0.0,0.0,0.0,0,0.0,0.0,0.0,0,"maximum-cardinality one-to-one connected-component matching at IoU thresholds 0.10, 0.25, 0.50"
label_free_rich_gallery_student,anatomy,shoulder-joint,2,2,0,tumor images only,0.027720018948312605,0.027720018948312605,0.02384981981131592,0.03159021808530929,0.014070428421055414,0.014070428421055414,0.014070428421055414,1.0,497.6084172589921,286.17042846633353,conditional mean over tumor images with both GT and prediction non-empty; HD95=max of directed 95th percentiles and ASSD=mean of concatenated directed surface samples (MONAI symmetric convention); distances are pixels on the declared evaluation grid (not mm); empty-prediction cases are excluded; non-empty zero-overlap cases remain defined and are counted separately,2,0,0,1.0,0,0.0,0,0.0,1.0,1.0,0.3333333333333333,2,2,6,0,0.0,0,0.0,0,4,2.0,2.0,{'1': 2},,,,,,,,,,,,0,,,,,77.25145809733525,77.25145809733525,66.32618686423335,88.17672933043713,76.25145809733525,76.25145809733525,65.32618686423335,87.17672933043713,0.026502794096808818,0.013429354760438864,0.517096703303806,0.013429354760438864,1.0,8136,597701,0,640023,0.0,0.0,0.0,0,0.0,0.0,0.0,0,0.0,0.0,0.0,0,"maximum-cardinality one-to-one connected-component matching at IoU thresholds 0.10, 0.25, 0.50"
label_free_rich_gallery_student,anatomy,tibia,40,40,0,tumor images only,0.034061685306648166,0.0036351416959840457,0.0012265721567863953,0.04397988592916795,0.01848189886755537,0.0018208823463286606,0.018483718834953193,0.8389502371058137,1262.241149051022,659.1901656463734,conditional mean over tumor images with both GT and prediction non-empty; HD95=max of directed 95th percentiles and ASSD=mean of concatenated directed surface samples (MONAI symmetric convention); distances are pixels on the declared evaluation grid (not mm); empty-prediction cases are excluded; non-empty zero-overlap cases remain defined and are counted separately,39,1,6,0.975,1,0.025,6,0.15,0.85,0.8,0.4186046511627907,45,36,86,4,0.1,0,0.0,9,50,1.175,1.0,"{'2': 3, '1': 36, '3': 1}",,,,,,,,,,,,0,,,,,662.4346721124227,228.02430231820443,39.1807261618146,701.5086862160833,227.02430231820443,661.4346721124227,38.1807261618146,700.5086862160833,0.022218791973728662,0.011234201176328259,0.6625870447883082,0.011253804336949221,0.8657599693117818,496522,43623847,76988,85665341,0.044444444444444446,0.023255813953488372,0.030534351145038167,2,0.0,0.0,0.0,0,0.0,0.0,0.0,0,"maximum-cardinality one-to-one connected-component matching at IoU thresholds 0.10, 0.25, 0.50"
label_free_rich_gallery_student,anatomy,tibia|femur,2,2,0,tumor images only,0.022774469573467803,0.022774469573467803,0.012163849418089637,0.03338508972884597,0.011634931555942257,0.011634931555942257,0.011634931555942257,1.0,1261.3402551538486,585.5208269679724,conditional mean over tumor images with both GT and prediction non-empty; HD95=max of directed 95th percentiles and ASSD=mean of concatenated directed surface samples (MONAI symmetric convention); distances are pixels on the declared evaluation grid (not mm); empty-prediction cases are excluded; non-empty zero-overlap cases remain defined and are counted separately,2,0,0,1.0,0,0.0,0,0.0,1.0,1.0,0.5,3,3,4,1,0.5,0,0.0,0,2,0.5,0.5,"{'1': 1, '2': 1}",,,,,,,,,,,,0,,,,,665.5494477599857,665.5494477599857,355.00421279224196,976.0946827277295,664.5494477599857,664.5494477599857,354.00421279224196,975.0946827277295,0.01539034282015557,0.00775484628147252,0.7443545856108358,0.00775484628147252,1.0,21435,2742643,0,7985666,0.0,0.0,0.0,0,0.0,0.0,0.0,0,0.0,0.0,0.0,0,"maximum-cardinality one-to-one connected-component matching at IoU thresholds 0.10, 0.25, 0.50"
label_free_rich_gallery_student,anatomy,tibia|fibula,2,2,0,tumor images only,0.11476498686325838,0.11476498686325838,0.09790340774969586,0.1316265659768209,0.06121526218745932,0.06121526218745932,0.06121526218745932,1.0,1444.189821236818,586.1830027220125,conditional mean over tumor images with both GT and prediction non-empty; HD95=max of directed 95th percentiles and ASSD=mean of concatenated directed surface samples (MONAI symmetric convention); distances are pixels on the declared evaluation grid (not mm); empty-prediction cases are excluded; non-empty zero-overlap cases remain defined and are counted separately,2,0,0,1.0,0,0.0,0,0.0,1.0,1.0,0.6666666666666666,3,3,3,1,0.5,0,0.0,0,1,1.0,1.0,"{'1': 1, '2': 1}",,,,,,,,,,,,0,,,,,18.073851317955462,18.073851317955462,15.271470018672634,20.876232617238294,17.073851317955462,17.073851317955462,14.271470018672634,19.876232617238294,0.11836275077513982,0.0629041282127569,0.606506608433932,0.0629041282127569,1.0,129183,1924466,0,2966254,0.0,0.0,0.0,0,0.0,0.0,0.0,0,0.0,0.0,0.0,0,"maximum-cardinality one-to-one connected-component matching at IoU thresholds 0.10, 0.25, 0.50"
label_free_rich_gallery_student,anatomy,tibia|fibula|femur,11,11,0,tumor images only,0.22794640256305224,0.2575261514999881,0.10639160078793797,0.30559533331972427,0.13626104334229402,0.14779340976719763,0.1782378989727167,0.6854342914570665,784.7260536031513,269.2604890661454,conditional mean over tumor images with both GT and prediction non-empty; HD95=max of directed 95th percentiles and ASSD=mean of concatenated directed surface samples (MONAI symmetric convention); distances are pixels on the declared evaluation grid (not mm); empty-prediction cases are excluded; non-empty zero-overlap cases remain defined and are counted separately,11,0,0,1.0,0,0.0,0,0.0,1.0,0.8048780487804879,0.7619047619047619,41,33,21,11,1.0,5,0.45454545454545453,8,5,2.0,2.0,"{'2': 2, '4': 4, '5': 1, '3': 3, '7': 1}",,,,,,,,,,,,0,,,,,12.625816203324957,3.334309973690505,1.8228236261247863,15.651077359586619,2.334309973690505,11.625816203324959,0.8228236261247863,14.651077359586619,0.14447104685251877,0.07785976425075805,0.714179485664958,0.0850911647425753,0.47812510266049063,815035,8763339,889613,21896948,0.24390243902439024,0.47619047619047616,0.3225806451612903,10,0.0975609756097561,0.19047619047619047,0.12903225806451613,4,0.04878048780487805,0.09523809523809523,0.06451612903225806,2,"maximum-cardinality one-to-one connected-component matching at IoU thresholds 0.10, 0.25, 0.50"
label_free_rich_gallery_student,anatomy,ulna,3,3,0,tumor images only,0.11188374622893486,0.014674383279816955,0.009440251113474454,0.1657225598698363,0.06589706194647972,0.007391423933802593,0.06589706194647972,1.0,798.6586409977949,427.17757930665294,conditional mean over tumor images with both GT and prediction non-empty; HD95=max of directed 95th percentiles and ASSD=mean of concatenated directed surface samples (MONAI symmetric convention); distances are pixels on the declared evaluation grid (not mm); empty-prediction cases are excluded; non-empty zero-overlap cases remain defined and are counted separately,3,0,0,1.0,0,0.0,0,0.0,1.0,1.0,1.0,3,3,3,0,0.0,0,0.0,0,0,0.0,0.0,{'1': 3},,,,,,,,,,,,0,,,,,205.0344568397584,135.291928721174,70.30282162327399,304.89482799695065,134.291928721174,204.0344568397584,69.30282162327399,303.89482799695065,0.08014393859843408,0.04174476420900327,0.6476077117895782,0.04174476420900327,1.0,90824,2084874,0,3831470,0.3333333333333333,0.3333333333333333,0.3333333333333333,1,0.0,0.0,0.0,0,0.0,0.0,0.0,0,"maximum-cardinality one-to-one connected-component matching at IoU thresholds 0.10, 0.25, 0.50"
label_free_rich_gallery_student,anatomy,ulna|radius,1,1,0,tumor images only,0.010049995935289813,0.010049995935289813,0.010049995935289813,0.010049995935289813,0.005050376097269529,0.005050376097269529,0.005050376097269529,1.0,1445.235878856378,622.020252463155,conditional mean over tumor images with both GT and prediction non-empty; HD95=max of directed 95th percentiles and ASSD=mean of concatenated directed surface samples (MONAI symmetric convention); distances are pixels on the declared evaluation grid (not mm); empty-prediction cases are excluded; non-empty zero-overlap cases remain defined and are counted separately,1,0,0,1.0,0,0.0,0,0.0,1.0,1.0,1.0,1,1,1,0,0.0,0,0.0,0,0,0.0,0.0,{'1': 1},,,,,,,,,,,,0,,,,,198.005055611729,198.005055611729,198.005055611729,198.005055611729,197.005055611729,197.005055611729,197.005055611729,197.005055611729,0.010049995935289813,0.005050376097269529,0.7535408937333423,0.005050376097269529,1.0,3956,779352,0,2382844,0.0,0.0,0.0,0,0.0,0.0,0.0,0,0.0,0.0,0.0,0,"maximum-cardinality one-to-one connected-component matching at IoU thresholds 0.10, 0.25, 0.50"
label_free_rich_gallery_student,anatomy,unknown,187,0,187,tumor images only,,,,,,,,,,,conditional mean over tumor images with both GT and prediction non-empty; HD95=max of directed 95th percentiles and ASSD=mean of concatenated directed surface samples (MONAI symmetric convention); distances are pixels on the declared evaluation grid (not mm); empty-prediction cases are excluded; non-empty zero-overlap cases remain defined and are counted separately,0,0,0,0.0,0,0.0,0,0.0,0.0,0.0,0.0,0,0,302,0,0.0,0,0.0,0,302,1.6149732620320856,1.0,{},0.22994652406417113,0.22994652406417113,0.7700534759358288,0.15114787209921487,0.08231949187562375,0.0022080085032077706,0.2261076751603518,0.5729411464289695,0.7593582887700535,0.7112299465240641,0.5347593582887701,302,1.6149732620320856,1.0,1.0,2.0,,,,,,,,,0.0,0.0,0.8647937473904105,0.0,,0,100466339,0,642593520,0.0,0.0,0.0,0,0.0,0.0,0.0,0,0.0,0.0,0.0,0,"maximum-cardinality one-to-one connected-component matching at IoU thresholds 0.10, 0.25, 0.50"
label_free_rich_gallery_student,view,frontal,231,132,99,tumor images only,0.06890287542719516,0.030225183967978308,0.003217808935646448,0.09795427673537262,0.03857266157587513,0.015346406539013688,0.04316525108480603,0.8267960728729902,1097.1867539784414,563.4709887845607,conditional mean over tumor images with both GT and prediction non-empty; HD95=max of directed 95th percentiles and ASSD=mean of concatenated directed surface samples (MONAI symmetric convention); distances are pixels on the declared evaluation grid (not mm); empty-prediction cases are excluded; non-empty zero-overlap cases remain defined and are counted separately,130,2,17,0.9848484848484849,2,0.015151515151515152,17,0.12878787878787878,0.8712121212121212,0.844311377245509,0.2474437627811861,167,141,489,17,0.12878787878787878,4,0.23529411764705882,26,368,1.619047619047619,1.0,"{'1': 115, '2': 9, '4': 4, '5': 1, '3': 2, '7': 1}",0.18181818181818182,0.18181818181818182,0.8181818181818182,0.17343786298130442,0.09497372658623132,0.012520093898960655,0.26246654894201193,0.602503773787798,0.8080808080808081,0.7676767676767676,0.5555555555555556,196,1.97979797979798,2.0,1.0,3.0,299.26463025533633,41.99184662449615,13.634749481131268,271.06999894841596,40.99184662449615,298.26463025533633,12.634749481131268,270.06999894841596,0.04245953300965534,0.021690245349019782,0.7442909979512407,0.021780713556555954,0.8392811281296468,4666581,209586317,893631,610041914,0.10778443113772455,0.03680981595092025,0.054878048780487805,18,0.023952095808383235,0.0081799591002045,0.012195121951219513,4,0.011976047904191617,0.00408997955010225,0.006097560975609756,2,"maximum-cardinality one-to-one connected-component matching at IoU thresholds 0.10, 0.25, 0.50"
label_free_rich_gallery_student,view,lateral,112,41,71,tumor images only,0.0922503235601116,0.024806382678368894,0.0,0.17193378790252323,0.053047094923319736,0.012558962554772948,0.05715795552782057,0.6343488150751152,1046.888486495608,541.305098012421,conditional mean over tumor images with both GT and prediction non-empty; HD95=max of directed 95th percentiles and ASSD=mean of concatenated directed surface samples (MONAI symmetric convention); distances are pixels on the declared evaluation grid (not mm); empty-prediction cases are excluded; non-empty zero-overlap cases remain defined and are counted separately,38,3,12,0.926829268292683,3,0.07317073170731707,12,0.2926829268292683,0.7073170731707317,0.673469387755102,0.1986754966887417,49,33,151,5,0.12195121951219512,1,0.2,16,121,1.0357142857142858,1.0,"{'1': 36, '3': 3, '2': 2}",0.352112676056338,0.352112676056338,0.647887323943662,0.11858201552052268,0.042720214333238284,0.0,0.12244334494479701,0.568782657741192,0.6338028169014085,0.6056338028169014,0.4507042253521127,77,1.0845070422535212,1.0,0.0,1.0,96.62803131688129,22.16259087904825,5.506971671902994,79.62441130298274,21.16259087904825,95.62803131688129,4.506971671902994,78.62441130298274,0.037865308941328314,0.019298017161552782,0.8718947324427161,0.019505817038799094,0.6443143964639261,1014118,50976424,559831,346949633,0.16326530612244897,0.052980132450331126,0.08,8,0.061224489795918366,0.019867549668874173,0.03,3,0.02040816326530612,0.006622516556291391,0.01,1,"maximum-cardinality one-to-one connected-component matching at IoU thresholds 0.10, 0.25, 0.50"
label_free_rich_gallery_student,view,oblique,28,11,17,tumor images only,0.1349186777640826,0.05703391972053733,0.021842091675148455,0.12007953017803642,0.09436934016192339,0.02935404807084124,0.09581489313963783,0.8736342809620649,868.4823062972471,431.2768242269303,conditional mean over tumor images with both GT and prediction non-empty; HD95=max of directed 95th percentiles and ASSD=mean of concatenated directed surface samples (MONAI symmetric convention); distances are pixels on the declared evaluation grid (not mm); empty-prediction cases are excluded; non-empty zero-overlap cases remain defined and are counted separately,11,0,1,1.0,0,0.0,1,0.09090909090909091,0.9090909090909091,0.9090909090909091,0.18181818181818182,11,10,55,0,0.0,0,0.0,1,45,1.5714285714285714,1.0,{'1': 11},0.0,0.0,1.0,0.15735179679099612,0.159395160235448,0.0540240991247016,0.2523636356152656,0.32816367259270696,1.0,0.8235294117647058,0.7647058823529411,29,1.7058823529411764,1.0,1.0,2.0,39.41950694403093,23.912469898439955,12.191910100946261,57.596621261117065,22.912469898439955,38.41950694403093,11.191910100946261,56.596621261117065,0.05978904085385267,0.03081574226349323,0.8233706184130062,0.030939963237306307,0.8847307129787716,578306,18112925,75346,84434708,0.18181818181818182,0.03636363636363636,0.06060606060606061,2,0.09090909090909091,0.01818181818181818,0.030303030303030304,1,0.09090909090909091,0.01818181818181818,0.030303030303030304,1,"maximum-cardinality one-to-one connected-component matching at IoU thresholds 0.10, 0.25, 0.50"
label_free_rich_gallery_student,tumor_type_name,giant cell tumor,9,9,0,tumor images only,0.11384236698460835,0.1056390979218066,0.011950254283102266,0.1745363789471709,0.06321525215815374,0.055765032843486204,0.06321525215815374,0.8888888888888888,910.0348916986071,438.4234661127232,conditional mean over tumor images with both GT and prediction non-empty; HD95=max of directed 95th percentiles and ASSD=mean of concatenated directed surface samples (MONAI symmetric convention); distances are pixels on the declared evaluation grid (not mm); empty-prediction cases are excluded; non-empty zero-overlap cases remain defined and are counted separately,9,0,1,1.0,0,0.0,1,0.1111111111111111,0.8888888888888888,0.8888888888888888,0.3333333333333333,9,8,24,0,0.0,0,0.0,1,16,1.6666666666666667,1.0,{'1': 9},,,,,,,,,,,,0,,,,,47.8870725536749,15.433164832352189,10.458929147403506,17.958341134618987,14.433164832352189,46.8870725536749,9.458929147403506,16.958341134618987,0.10281128151342944,0.054191383551681814,0.7427577846608446,0.05445266461026719,0.9186584187510584,461116,8007083,40829,23119546,0.2222222222222222,0.08333333333333333,0.12121212121212122,2,0.1111111111111111,0.041666666666666664,0.06060606060606061,1,0.0,0.0,0.0,0,"maximum-cardinality one-to-one connected-component matching at IoU thresholds 0.10, 0.25, 0.50"
label_free_rich_gallery_student,tumor_type_name,multiple osteochondromas,26,26,0,tumor images only,0.15990795218966214,0.13939454902786888,0.060029416684615935,0.2650728672124442,0.09283480234686567,0.07492854463433153,0.11100925388291644,0.7670978592055623,886.0544733579491,356.54473583168584,conditional mean over tumor images with both GT and prediction non-empty; HD95=max of directed 95th percentiles and ASSD=mean of concatenated directed surface samples (MONAI symmetric convention); distances are pixels on the declared evaluation grid (not mm); empty-prediction cases are excluded; non-empty zero-overlap cases remain defined and are counted separately,25,1,2,0.9615384615384616,1,0.038461538461538464,2,0.07692307692307693,0.9230769230769231,0.8095238095238095,0.6590909090909091,63,51,44,16,0.6153846153846154,5,0.3125,12,15,1.2692307692307692,1.0,"{'3': 5, '1': 10, '2': 5, '4': 4, '5': 1, '7': 1}",,,,,,,,,,,,0,,,,,27.23018349514603,9.925530728560279,3.6644107689082865,26.667931320691704,8.925530728560279,26.23018349514603,2.6644107689082865,25.667931320691704,0.11929755048971569,0.06343244276667984,0.6857807304298835,0.06628328959047448,0.5959316443236302,1462688,20604533,991768,44969208,0.19047619047619047,0.2727272727272727,0.22429906542056074,12,0.06349206349206349,0.09090909090909091,0.07476635514018691,4,0.031746031746031744,0.045454545454545456,0.037383177570093455,2,"maximum-cardinality one-to-one connected-component matching at IoU thresholds 0.10, 0.25, 0.50"
label_free_rich_gallery_student,tumor_type_name,normal,187,0,187,tumor images only,,,,,,,,,,,conditional mean over tumor images with both GT and prediction non-empty; HD95=max of directed 95th percentiles and ASSD=mean of concatenated directed surface samples (MONAI symmetric convention); distances are pixels on the declared evaluation grid (not mm); empty-prediction cases are excluded; non-empty zero-overlap cases remain defined and are counted separately,0,0,0,0.0,0,0.0,0,0.0,0.0,0.0,0.0,0,0,302,0,0.0,0,0.0,0,302,1.6149732620320856,1.0,{},0.22994652406417113,0.22994652406417113,0.7700534759358288,0.15114787209921487,0.08231949187562375,0.0022080085032077706,0.2261076751603518,0.5729411464289695,0.7593582887700535,0.7112299465240641,0.5347593582887701,302,1.6149732620320856,1.0,1.0,2.0,,,,,,,,,0.0,0.0,0.8647937473904105,0.0,,0,100466339,0,642593520,0.0,0.0,0.0,0,0.0,0.0,0.0,0,0.0,0.0,0.0,0,"maximum-cardinality one-to-one connected-component matching at IoU thresholds 0.10, 0.25, 0.50"
label_free_rich_gallery_student,tumor_type_name,osteochondroma,75,75,0,tumor images only,0.012463859794401328,0.003240457568225296,0.00013175466386650716,0.009239448996224371,0.006416257704757857,0.0016228581856575835,0.006420129385455397,0.7168000690723747,1217.3994641928682,657.5736355721907,conditional mean over tumor images with both GT and prediction non-empty; HD95=max of directed 95th percentiles and ASSD=mean of concatenated directed surface samples (MONAI symmetric convention); distances are pixels on the declared evaluation grid (not mm); empty-prediction cases are excluded; non-empty zero-overlap cases remain defined and are counted separately,72,3,19,0.96,3,0.04,19,0.25333333333333335,0.7466666666666667,0.7283950617283951,0.3741935483870968,81,59,155,6,0.08,0,0.0,22,97,1.1466666666666667,1.0,"{'2': 6, '1': 69}",,,,,,,,,,,,0,,,,,512.7719832246361,249.9265129682997,54.79094982090692,576.0998526850775,248.9265129682997,511.7719832246361,53.79094982090692,575.0998526850775,0.009249196386333411,0.004646084466998084,0.7204716120368003,0.004656847302654211,0.6678028622790839,343248,73364988,170748,189094895,0.0,0.0,0.0,0,0.0,0.0,0.0,0,0.0,0.0,0.0,0,"maximum-cardinality one-to-one connected-component matching at IoU thresholds 0.10, 0.25, 0.50"
label_free_rich_gallery_student,tumor_type_name,osteofibroma,4,4,0,tumor images only,0.02638425704996407,0.022412746374907512,0.016183430981185003,0.03261357244368658,0.01349330176332203,0.011333559495329647,0.013501926630146483,0.7002069917203312,1094.8889878253826,491.28005097600555,conditional mean over tumor images with both GT and prediction non-empty; HD95=max of directed 95th percentiles and ASSD=mean of concatenated directed surface samples (MONAI symmetric convention); distances are pixels on the declared evaluation grid (not mm); empty-prediction cases are excluded; non-empty zero-overlap cases remain defined and are counted separately,4,0,1,1.0,0,0.0,1,0.25,0.75,0.75,0.375,4,3,8,0,0.0,0,0.0,1,5,1.0,0.5,{'1': 4},,,,,,,,,,,,0,,,,,57.95265028229321,54.09027055087445,38.199384874606004,73.84353595856166,53.09027055087445,56.95265028229321,37.199384874606004,72.84353595856166,0.04373396638205001,0.02235583792311095,0.9159207431255373,0.022398406108870138,0.9216493181634794,22844,997050,1942,10861404,0.0,0.0,0.0,0,0.0,0.0,0.0,0,0.0,0.0,0.0,0,"maximum-cardinality one-to-one connected-component matching at IoU thresholds 0.10, 0.25, 0.50"
label_free_rich_gallery_student,tumor_type_name,osteosarcoma,30,30,0,tumor images only,0.16791073563178308,0.12007953017803642,0.06683522736782371,0.19145341768484117,0.10309398725324638,0.06389008369396956,0.11265177062483289,0.9367716776272924,695.8435032809817,327.8514131341396,conditional mean over tumor images with both GT and prediction non-empty; HD95=max of directed 95th percentiles and ASSD=mean of concatenated directed surface samples (MONAI symmetric convention); distances are pixels on the declared evaluation grid (not mm); empty-prediction cases are excluded; non-empty zero-overlap cases remain defined and are counted separately,30,0,1,1.0,0,0.0,1,0.03333333333333333,0.9666666666666667,0.9666666666666667,0.43283582089552236,30,29,67,0,0.0,0,0.0,1,38,1.2333333333333334,1.0,{'1': 30},,,,,,,,,,,,0,,,,,18.96628292647275,14.371491771631462,8.147855290358855,25.930732400452815,13.371491771631462,17.96628292647275,7.147855290358854,24.930732400452815,0.17161589390683882,0.09386205739533732,0.7156935978156438,0.09483022286257543,0.9018995666841662,1556464,14856700,169298,37399246,0.3,0.13432835820895522,0.18556701030927836,9,0.1,0.04477611940298507,0.061855670103092786,3,0.06666666666666667,0.029850746268656716,0.041237113402061855,2,"maximum-cardinality one-to-one connected-component matching at IoU thresholds 0.10, 0.25, 0.50"
label_free_rich_gallery_student,tumor_type_name,other bt,11,11,0,tumor images only,0.039923757012638623,0.02225867182853701,0.006551776891022685,0.05208935305441406,0.020902504060884092,0.011254592049768435,0.023716023142415447,0.675480916681911,1090.182735289507,621.1970341353251,conditional mean over tumor images with both GT and prediction non-empty; HD95=max of directed 95th percentiles and ASSD=mean of concatenated directed surface samples (MONAI symmetric convention); distances are pixels on the declared evaluation grid (not mm); empty-prediction cases are excluded; non-empty zero-overlap cases remain defined and are counted separately,11,0,2,1.0,0,0.0,2,0.18181818181818182,0.8181818181818182,0.8181818181818182,0.2903225806451613,11,9,31,0,0.0,0,0.0,2,22,1.8181818181818181,1.0,{'1': 11},,,,,,,,,,,,0,,,,,119.03652396517118,44.45897782449817,25.09300073517869,168.65637269258485,43.45897782449817,118.03652396517118,24.09300073517869,167.65637269258485,0.013266564968392184,0.006677576737002526,0.5787673760917746,0.006713793733943342,0.5531461816538635,97929,14488310,79111,19906723,0.0,0.0,0.0,0,0.0,0.0,0.0,0,0.0,0.0,0.0,0,"maximum-cardinality one-to-one connected-component matching at IoU thresholds 0.10, 0.25, 0.50"
label_free_rich_gallery_student,tumor_type_name,other mt,4,4,0,tumor images only,0.11110014370792694,0.07989495389921489,0.062496424090047145,0.12849867351709468,0.06027729456260417,0.041678241658519195,0.06029469564736269,0.9813554674842344,1318.5181625960524,580.1131703172027,conditional mean over tumor images with both GT and prediction non-empty; HD95=max of directed 95th percentiles and ASSD=mean of concatenated directed surface samples (MONAI symmetric convention); distances are pixels on the declared evaluation grid (not mm); empty-prediction cases are excluded; non-empty zero-overlap cases remain defined and are counted separately,4,0,0,1.0,0,0.0,0,0.0,1.0,1.0,0.23529411764705882,4,4,17,0,0.0,0,0.0,0,13,3.25,3.5,{'1': 4},,,,,,,,,,,,0,,,,,22.321034003494425,25.022130273781542,16.90836699870766,30.434797278568308,24.022130273781542,21.321034003494425,15.90836699870766,29.434797278568308,0.09141983317171158,0.04789939388484511,0.40635613673951454,0.04791697410433364,0.9923986443571621,390622,7761437,2992,5312794,0.25,0.058823529411764705,0.09523809523809523,1,0.0,0.0,0.0,0,0.0,0.0,0.0,0,"maximum-cardinality one-to-one connected-component matching at IoU thresholds 0.10, 0.25, 0.50"
label_free_rich_gallery_student,tumor_type_name,simple bone cyst,20,20,0,tumor images only,0.060195246938863065,0.046480870431313714,0.002900466477694033,0.08238815564821139,0.032244864313569065,0.023793530915046546,0.03224716949081287,0.7895719328998235,1321.5954816465655,751.9638084406539,conditional mean over tumor images with both GT and prediction non-empty; HD95=max of directed 95th percentiles and ASSD=mean of concatenated directed surface samples (MONAI symmetric convention); distances are pixels on the declared evaluation grid (not mm); empty-prediction cases are excluded; non-empty zero-overlap cases remain defined and are counted separately,19,1,4,0.95,1,0.05,4,0.2,0.8,0.8,0.4,20,16,40,0,0.0,0,0.0,4,24,1.1,1.0,{'1': 20},,,,,,,,,,,,0,,,,,102.34892869483085,31.09353644596988,11.043389473102124,59.3552473124377,30.09353644596988,101.34892869483085,10.043389473102124,58.3552473124377,0.05071709419334462,0.026018334251157245,0.6893638645968065,0.026090403404778605,0.9040227107192838,678931,25343319,72080,56241906,0.1,0.05,0.06666666666666667,2,0.0,0.0,0.0,0,0.0,0.0,0.0,0,"maximum-cardinality one-to-one connected-component matching at IoU thresholds 0.10, 0.25, 0.50"
label_free_rich_gallery_student,tumor_type_name,synovial osteochondroma,5,5,0,tumor images only,0.20284895909702189,0.17444708930162814,0.1141323877177369,0.2965260370197278,0.1155993339023704,0.09555849533547224,0.11560126356896802,0.999936340197982,1268.730130518599,623.7081931797456,conditional mean over tumor images with both GT and prediction non-empty; HD95=max of directed 95th percentiles and ASSD=mean of concatenated directed surface samples (MONAI symmetric convention); distances are pixels on the declared evaluation grid (not mm); empty-prediction cases are excluded; non-empty zero-overlap cases remain defined and are counted separately,5,0,0,1.0,0,0.0,0,0.0,1.0,1.0,0.7142857142857143,5,5,7,0,0.0,0,0.0,0,2,0.4,0.0,{'1': 5},,,,,,,,,,,,0,,,,,10.992865185092434,10.46479432822118,5.742623420441163,16.523509671472397,9.46479432822118,9.992865185092434,4.742623420441163,15.523509671472397,0.16301921286690804,0.08874301462963372,0.48262257151320037,0.08874326761964697,0.9999678767237149,1245163,12785907,40,11927013,0.4,0.2857142857142857,0.3333333333333333,2,0.0,0.0,0.0,0,0.0,0.0,0.0,0,"maximum-cardinality one-to-one connected-component matching at IoU thresholds 0.10, 0.25, 0.50"
