above_threshold_candidates,box_prompt_calls,cam_max,cam_mean,cam_min,cam_nonzero_ratio,cam_std,cam_target_protocol,classifier_causal_score_max,classifier_causal_score_mean,classifier_causal_score_min,classifier_confidence,final_area_ratio,group_id,image_name,mask_area_ratio,mask_foreground_pixels,mask_height,mask_path,mask_sha256,mask_unique_values,mask_width,morphology_components,reason,sam_candidate_count,sam_prompt_calls,selected_area_ratio,selected_candidates,selected_class,selected_components,selection_score_max,selection_score_mean,selection_score_min,split,status,support_area_ratio,true_tumor,true_tumor_type,unique_negative_prompt_points,unique_positive_prompt_points,unique_prompt_points
20,12,0.9999999403953552,0.2497246414422989,0.0,0.999990234375,0.18776455521583557,ground_truth,,,,0.057533785700798035,0.048037109375,btxrd-heuristic-000001,IMG000001.jpeg,0.048037109375,4919,320,masks/IMG000001.png,587cabc6d3889a0a9f756a45bf35a0d60fffa95eabf2f0b02ccd3a6b25f5f6ba,0|255,320,6,,54,18,0.04830078125,3,0,3,0.7655516862869263,0.34162524342536926,0.030781202018260956,val,ok,0.15,1,9,24,10,34
25,8,1.0,0.14394724369049072,0.0,0.999990234375,0.20638839900493622,ground_truth,,,,0.01732095144689083,0.043125,btxrd-heuristic-000006,IMG000010.jpeg,0.043125,4416,320,masks/IMG000010.png,f512841df1fbbb7b6dcb5646d1546013c86ec8e9f3ad7174bcbb29551bec27d0,0|255,320,4,,36,12,0.0434375,3,0,3,0.717553436756134,0.4488867521286011,0.01950373686850071,val,ok,0.15,1,8,14,6,20
20,8,1.0,0.22839340567588806,0.0,0.999990234375,0.18927103281021118,ground_truth,,,,0.034104008227586746,0.06658203125,btxrd-heuristic-000009,IMG000017.jpeg,0.06658203125,6818,320,masks/IMG000017.png,43cba11bf47e3b612ae165591dbf59d293db52cb86cba88f04abd0d3368c5b32,0|255,320,4,,36,12,0.068017578125,3,0,3,0.7498335838317871,0.38534224033355713,0.006245634518563747,val,ok,0.15,1,8,15,10,25
24,6,0.9999999403953552,0.15271396934986115,0.0,0.999990234375,0.16383834183216095,ground_truth,,,,0.9964253306388855,0.0548828125,btxrd-heuristic-000009,IMG000018.jpeg,0.0548828125,5620,320,masks/IMG000018.png,1912754533bf38eb94a0ab1e348198dc985dc65f0185910f75de36830df262a2,0|255,320,3,,27,9,0.05501953125,3,0,3,0.720597505569458,0.5265009999275208,0.31561005115509033,val,ok,0.15,1,8,12,5,17
8,6,1.0,0.1546386331319809,0.0,0.999990234375,0.17803360521793365,ground_truth,,,,0.7169684171676636,0.050888671875,btxrd-heuristic-000017,IMG000033.jpeg,0.050888671875,5211,320,masks/IMG000033.png,ce6a25b19b18ae15614bcceb6bcf1c57806d007de9d56fec77aded59fc067083,0|255,320,3,,27,9,0.050986328125,2,0,2,0.6064298748970032,0.3633391559123993,0.0719074085354805,val,ok,0.15,1,8,12,5,17
6,12,1.0,0.19238406419754028,0.0,0.999990234375,0.18019835650920868,ground_truth,,,,0.35655733942985535,0.16744140625,btxrd-heuristic-000017,IMG000034.jpeg,0.16744140625,17146,320,masks/IMG000034.png,b819b30b4f51c184f527e157672cfcc4124e93fbe147db506ce4b9813b9bf718,0|255,320,6,,54,18,0.16744140625,2,0,2,0.6376891136169434,0.2370881736278534,0.0009330369648523629,val,ok,0.15,1,8,20,13,33
18,14,1.0,0.34275397658348083,0.0,0.999990234375,0.21999096870422363,ground_truth,,,,0.999995231628418,0.02599609375,btxrd-heuristic-000025,IMG000048.jpeg,0.02599609375,2662,320,masks/IMG000048.png,0bf925e8581b87f9d299353488d3bc86c732c601865b3effce311cc7469a1508,0|255,320,7,,63,21,0.02603515625,3,0,3,0.7512218952178955,0.3017053008079529,0.0019294489175081253,val,ok,0.15,1,8,17,15,32
26,18,1.0,0.21525736153125763,0.0,0.999990234375,0.16514696180820465,ground_truth,,,,0.9959636926651001,0.0010546875,btxrd-heuristic-000025,IMG000049.jpeg,0.0010546875,108,320,masks/IMG000049.png,668e2192b56060ae5e7d6ae90f965bf510db2fe96dcf15a848d6711a15d67129,0|255,320,9,,81,27,0.001328125,3,0,3,0.7519397139549255,0.26352599263191223,0.00014419546641875058,val,ok,0.14947265625,1,8,29,15,44
33,14,1.0,0.2648569941520691,0.0,0.999990234375,0.18149176239967346,ground_truth,,,,0.9997990727424622,0.10943359375,btxrd-heuristic-000026,IMG000050.jpeg,0.10943359375,11206,320,masks/IMG000050.png,970a40e6c845d32155740842265073806816563e4b792edfc376b721aa8f21a3,0|255,320,7,,63,21,0.109609375,3,0,3,0.7965267300605774,0.41834756731987,0.050001028925180435,val,ok,0.15,1,8,22,12,34
33,14,0.9999999403953552,0.19947507977485657,0.0,0.999990234375,0.19272512197494507,ground_truth,,,,1.0,0.092353515625,btxrd-heuristic-000029,IMG000055.jpeg,0.092353515625,9457,320,masks/IMG000055.png,3a8d522e23479865d497b1d11fa5e88bf6c7c74b151fe60807e763a3e6afdb97,0|255,320,7,,63,21,0.092802734375,3,0,3,0.7324145436286926,0.390107661485672,0.001262220786884427,val,ok,0.15,1,8,25,13,38
25,8,1.0,0.21178190410137177,0.0,0.999990234375,0.20554032921791077,ground_truth,,,,1.0,0.05830078125,btxrd-heuristic-000029,IMG000056.jpeg,0.05830078125,5970,320,masks/IMG000056.png,3bc2072d5ef039a195eee5cd306df4d01b0b6ab42d90fb9f2a6b487c5ec340b6,0|255,320,4,,36,12,0.058916015625,3,0,3,0.7570195198059082,0.4892922639846802,0.07310827076435089,val,ok,0.15,1,8,13,6,19
18,14,0.9999999403953552,0.24966013431549072,0.0,0.9999609375,0.19359327852725983,ground_truth,,,,0.9966188669204712,0.065810546875,btxrd-heuristic-000037,IMG000071.jpeg,0.065810546875,6739,320,masks/IMG000071.png,8fa11caa7f6b2c8e44b076cf5caf63fe3c921bd11ad2f0df0dc334a592e53972,0|255,320,7,,63,21,0.066552734375,3,0,3,0.7545742392539978,0.27297279238700867,0.0013951373985037208,val,ok,0.15,1,8,25,13,38
26,6,0.9999999403953552,0.20883336663246155,0.0,0.999990234375,0.21662913262844086,ground_truth,,,,1.0,0.002509765625,btxrd-heuristic-000039,IMG000076.jpeg,0.002509765625,257,320,masks/IMG000076.png,7266ba665c17cd9bae71a2b166bc985e67d8cbee9af85ebbcad30b04dc648dd2,0|255,320,3,,27,9,0.002509765625,3,0,3,0.7537418007850647,0.5948771238327026,0.21151022613048553,val,ok,0.15,1,8,12,5,17
12,6,1.0,0.16886913776397705,0.0,0.999990234375,0.17756961286067963,ground_truth,,,,1.0,0.108896484375,btxrd-heuristic-000063,IMG000125.jpeg,0.108896484375,11151,320,masks/IMG000125.png,1b6c5e1776334027abebc9fa569ef81c1b579a2ffd107b1614a07cde39f7a561,0|255,320,3,,27,9,0.109921875,3,0,3,0.5214521288871765,0.3841809034347534,0.17541733384132385,val,ok,0.15,1,8,12,5,17
7,10,1.0,0.21207129955291748,0.0,0.999990234375,0.1771530956029892,ground_truth,,,,1.0,0.132470703125,btxrd-heuristic-000063,IMG000126.jpeg,0.132470703125,13565,320,masks/IMG000126.png,bad976dfbec12f4796a543c766bf06ace66fa8e78cee67792d0e83ccb37e219b,0|255,320,5,,42,14,0.13287109375,3,0,3,0.552223801612854,0.23827306926250458,0.0017481206450611353,val,ok,0.15,1,8,14,8,22
9,8,0.9999999403953552,0.22186172008514404,0.0,0.999990234375,0.1711488962173462,ground_truth,,,,1.0,0.02109375,btxrd-heuristic-000069,IMG000137.jpeg,0.02109375,2160,320,masks/IMG000137.png,daa32e55488add27400ae132c01f023c11a031f64d2e6a6aab6b975255cb6787,0|255,320,4,,36,12,0.0222265625,2,0,2,0.7508190870285034,0.3993763327598572,0.23083291947841644,val,ok,0.15,1,8,15,10,25
19,6,1.0,0.17831572890281677,0.0,0.9999609375,0.16728632152080536,ground_truth,,,,1.0,0.056044921875,btxrd-heuristic-000069,IMG000138.jpeg,0.056044921875,5739,320,masks/IMG000138.png,8ccaed76224faa054fb173a035e84ecec7d8f5e338d703a1e4e22bd7aef223dc,0|255,320,3,,27,9,0.05609375,3,0,3,0.5809057354927063,0.4365284740924835,0.1978934109210968,val,ok,0.15,1,8,12,5,17
34,16,1.0,0.26284682750701904,0.0,0.999990234375,0.18600353598594666,ground_truth,,,,0.999988317489624,0.038447265625,btxrd-heuristic-000073,IMG000144.jpeg,0.038447265625,3937,320,masks/IMG000144.png,a57aaf9892451be4400b8af3b62d37e8f1cb787f7ae0c99820b19eea801927e2,0|255,320,8,,72,24,0.038447265625,3,0,3,0.7440474033355713,0.36919814348220825,0.0008280689362436533,val,ok,0.15,1,8,26,16,42
22,18,1.0,0.30528631806373596,0.0,0.999990234375,0.17914633452892303,ground_truth,,,,0.9999967813491821,0.033046875,btxrd-heuristic-000078,IMG000152.jpeg,0.033046875,3384,320,masks/IMG000152.png,ce7da50a4429911a47b0a5134b1c8d4f3ee77ca87cadf641bd30d66fe642546c,0|255,320,9,,81,27,0.033046875,3,0,3,0.7180100679397583,0.23349787294864655,0.0032328939996659756,val,ok,0.139560546875,1,8,36,15,51
10,10,1.0,0.2991395592689514,0.0,0.999990234375,0.241632878780365,ground_truth,,,,0.9999996423721313,0.043515625,btxrd-heuristic-000082,IMG000160.jpeg,0.043515625,4456,320,masks/IMG000160.png,6377953fc0af1a6514826f6f367daf424766a588b405627e0e32690475eae375,0|255,320,5,,45,15,0.043623046875,3,0,3,0.7512677907943726,0.2796095907688141,0.01897798292338848,val,ok,0.15,1,8,18,7,25
51,12,1.0,0.2967016100883484,0.0,0.999990234375,0.2200041115283966,ground_truth,,,,0.9999809265136719,0.03787109375,btxrd-heuristic-000082,IMG000161.jpeg,0.03787109375,3878,320,masks/IMG000161.png,d9aa1336e2250e84f1f379bd5d608798bebcaa6c1d2a19f7a50c06446c1f3385,0|255,320,6,,54,18,0.0380859375,3,0,3,0.7753319144248962,0.6190237402915955,0.26283520460128784,val,ok,0.15,1,8,24,10,34
13,6,1.0,0.20825019478797913,0.0,0.9999609375,0.16940085589885712,ground_truth,,,,0.9999994039535522,0.041904296875,btxrd-heuristic-000098,IMG000200.jpeg,0.041904296875,4291,320,masks/IMG000200.png,00499e300ff8e46fbf0f3b099884d6568e81af7f40513a7319682c782de2b40e,0|255,320,3,,27,9,0.04234375,3,0,3,0.5785148739814758,0.36657917499542236,0.11142957955598831,val,ok,0.15,1,8,12,5,17
4,6,1.0,0.20587676763534546,0.0,0.999990234375,0.18033204972743988,ground_truth,,,,0.9999960660934448,0.03078125,btxrd-heuristic-000098,IMG000201.jpeg,0.03078125,3152,320,masks/IMG000201.png,87c418f8e8dfed1ad049b64b985e6e24fa5fb06074ccdf88ffbca6439afac9e9,0|255,320,3,,27,9,0.03181640625,2,0,2,0.7141551971435547,0.29168641567230225,0.0983293205499649,val,ok,0.15,1,8,12,5,17
22,16,1.0,0.26023179292678833,0.0,0.9999609375,0.16191211342811584,ground_truth,,,,1.0,0.03642578125,btxrd-heuristic-000099,IMG000202.jpeg,0.03642578125,3730,320,masks/IMG000202.png,fff93ea6e77ba74370a277a4910c5388032dbe1f19170b997ad12d565cd1ed8d,0|255,320,8,,72,24,0.036962890625,3,0,3,0.7786768078804016,0.24183712899684906,0.0005025978316552937,val,ok,0.144462890625,1,8,29,13,42
4,6,1.0,0.16653409600257874,0.0,0.999990234375,0.15807199478149414,ground_truth,,,,8.936186350183561e-05,0.135048828125,btxrd-heuristic-000109,IMG000222.jpeg,0.135048828125,13829,320,masks/IMG000222.png,263f93caef1452426313630f07fb7354d50d439383e34840f6a116571ca4c939,0|255,320,3,,27,9,0.145361328125,3,0,3,0.4333949089050293,0.32161644101142883,0.19392304122447968,val,ok,0.15,1,6,12,5,17
8,16,0.9999999403953552,0.21076133847236633,0.0,0.999990234375,0.19688592851161957,ground_truth,,,,0.00016732391668483615,0.001240234375,btxrd-heuristic-000120,IMG000244.jpeg,0.001240234375,127,320,masks/IMG000244.png,24ce1eea7c2c01a3cb9cd87701622618e749411d8d022ec870f59c87bb21a4d2,0|255,320,8,,72,24,0.001240234375,1,0,1,0.7512261867523193,0.16638080775737762,0.00031657301587983966,val,ok,0.15,1,1,24,17,41
24,16,1.0,0.17462721467018127,0.0,0.999990234375,0.1661040186882019,ground_truth,,,,0.9995653033256531,0.019765625,btxrd-heuristic-000121,IMG000245.jpeg,0.019765625,2024,320,masks/IMG000245.png,ee1a2170bb27597c2e34792d1b9d7f82c87ad5051592cef3bfefe5001235175a,0|255,320,8,,72,24,0.019794921875,3,0,3,0.7876810431480408,0.26794716715812683,0.0001404687500325963,val,ok,0.15,1,3,26,16,42
4,10,1.0,0.2721722722053528,0.0,0.999990234375,0.19154688715934753,ground_truth,,,,0.9986340403556824,0.010302734375,btxrd-heuristic-000128,IMG000260.jpeg,0.010302734375,1055,320,masks/IMG000260.png,baf0f99792100da470b7297bdf09d7ebc3f380ffe4af73887d36cbae838d8b53,0|255,320,5,,45,15,0.010302734375,1,0,1,0.5880964994430542,0.20585717260837555,0.0015647514956071973,val,ok,0.15,1,1,18,15,33
24,14,1.0,0.27237048745155334,0.0,0.999990234375,0.18970973789691925,ground_truth,,,,0.9999994039535522,0.06544921875,btxrd-heuristic-000137,IMG000275.jpeg,0.06544921875,6702,320,masks/IMG000275.png,fa23e9282c96f9f9c245f32ac10e4b2707fb3ac5745819b07724ca39cf393a86,0|255,320,7,,63,21,0.065556640625,3,0,3,0.5700997114181519,0.3381202816963196,0.0004556026542559266,val,ok,0.15,1,1,26,13,39
20,6,1.0,0.17442387342453003,0.0,0.999990234375,0.2198123186826706,ground_truth,,,,0.09779532253742218,0.08705078125,btxrd-heuristic-000140,IMG000279.jpeg,0.08705078125,8914,320,masks/IMG000279.png,f2a9867a5d7410b500e3880a73016ebd89c056ecf9c373be5bcbb6e9e0540bc5,0|255,320,3,,27,9,0.08734375,3,0,3,0.6247971653938293,0.4850793778896332,0.276613712310791,val,ok,0.15,1,1,12,5,17
4,14,1.0,0.2096085399389267,0.0,0.999990234375,0.17923346161842346,ground_truth,,,,0.999988317489624,0.011513671875,btxrd-heuristic-000145,IMG000285.jpeg,0.011513671875,1179,320,masks/IMG000285.png,fa16da663f576681fa2ef010c0dad9e37cd4766fd2e902eb5db946c0100bb009,0|255,320,7,,63,21,0.011513671875,1,0,1,0.6512901782989502,0.16373667120933533,8.64807516336441e-05,val,ok,0.15,1,1,25,17,42
16,12,1.0,0.2441280335187912,0.0,0.999990234375,0.21801654994487762,ground_truth,,,,0.0354466587305069,0.001025390625,btxrd-heuristic-000150,IMG000292.jpeg,0.001025390625,105,320,masks/IMG000292.png,a79f913a46877c8115d88d4b78cdec2ad630faaa734581f131132528f6c18fc3,0|255,320,6,,54,18,0.001025390625,2,0,2,0.7521467208862305,0.2773147225379944,0.003926617559045553,val,ok,0.15,1,1,20,9,29
17,8,1.0,0.19107380509376526,0.0,0.999990234375,0.18060670793056488,ground_truth,,,,0.39737874269485474,0.116142578125,btxrd-heuristic-000156,IMG000300.jpeg,0.116142578125,11893,320,masks/IMG000300.png,40824f3bc5d0b9a4b0c514dd1d66c111aa62a0a590c491337f3414e56860cf50,0|255,320,4,,36,12,0.116611328125,3,0,3,0.6301062107086182,0.36499863862991333,0.00027455564122647047,val,ok,0.15,1,2,14,7,21
14,8,1.0,0.24269916117191315,0.0,0.999990234375,0.19682849943637848,ground_truth,,,,0.9997041821479797,0.04583984375,btxrd-heuristic-000160,IMG000306.jpeg,0.04583984375,4694,320,masks/IMG000306.png,463fc858a6c8bcb1938e6c98c55bdd8f49577cc167bd3b2edf1b3e97235a5d15,0|255,320,4,,36,12,0.046083984375,3,0,3,0.7397169470787048,0.37575966119766235,0.022985197603702545,val,ok,0.15,1,1,15,10,25
5,10,0.9999999403953552,0.2038218080997467,0.0,0.999990234375,0.19547809660434723,ground_truth,,,,0.14725865423679352,0.005419921875,btxrd-heuristic-000167,IMG000320.jpeg,0.005419921875,555,320,masks/IMG000320.png,82a9a8a95f9d82fec4503c295e1c1a2bd73161a5ed76c1dd52f14b556f5e0415,0|255,320,5,,45,15,0.0054296875,2,0,2,0.6444747447967529,0.27413490414619446,0.0011346963001415133,val,ok,0.15,1,1,19,15,34
8,14,1.0,0.2210378497838974,0.0,0.999990234375,0.2119523584842682,ground_truth,,,,0.9999995231628418,0.07857421875,btxrd-heuristic-000172,IMG000327.jpeg,0.07857421875,8046,320,masks/IMG000327.png,d5f5f2bf7334f81d101300fa1944231c60655e43ea428741780be2db7acd5a5e,0|255,320,7,,63,21,0.079130859375,3,0,3,0.5173143148422241,0.2137036919593811,0.0008645034395158291,val,ok,0.15,1,1,20,20,40
17,8,1.0,0.13920435309410095,0.0,0.9999609375,0.15557235479354858,ground_truth,,,,0.9999456405639648,0.0041796875,btxrd-heuristic-000173,IMG000328.jpeg,0.0041796875,428,320,masks/IMG000328.png,02fec8e2e1d9611b08d8aa03c36b4d5d2e14db86ca4b45d38ef00b79589306a6,0|255,320,4,,36,12,0.0041796875,3,0,3,0.7596275210380554,0.39350205659866333,0.0014303848147392273,val,ok,0.15,1,1,14,8,22
3,6,1.0,0.17512279748916626,0.0,0.999990234375,0.18298232555389404,ground_truth,,,,1.6949411474342924e-06,0.120458984375,btxrd-heuristic-000180,IMG000337.jpeg,0.120458984375,12335,320,masks/IMG000337.png,093e07cb960be16e0528479dd6e1a087518b07f6b9c14969dd7935552abd6e47,0|255,320,3,,27,9,0.120810546875,2,0,2,0.48777228593826294,0.2975004017353058,0.11563239991664886,val,ok,0.15,1,1,12,5,17
34,18,1.0,0.27048274874687195,0.0,0.999990234375,0.22894246876239777,ground_truth,,,,0.5264369249343872,0.0019140625,btxrd-heuristic-000181,IMG000338.jpeg,0.0019140625,196,320,masks/IMG000338.png,724df12ca0305c0d274bd21b2a0ab57db14cd03e0aa79eae6bd1fc8b30e8f749,0|255,320,9,,81,27,0.0019140625,3,0,3,0.7511637210845947,0.32651543617248535,0.0007871086709201336,val,ok,0.15,1,1,30,19,49
40,10,1.0,0.18943236768245697,0.0,0.999990234375,0.1901605725288391,ground_truth,,,,0.001250570872798562,0.02025390625,btxrd-heuristic-000183,IMG000340.jpeg,0.02025390625,2074,320,masks/IMG000340.png,9dfa3ddb701684a604090de426d4886ab7dd2a41cc30a2c070f3bd70931b8f03,0|255,320,5,,45,15,0.020439453125,3,0,3,0.7648014426231384,0.5709809064865112,0.22976307570934296,val,ok,0.150009765625,1,1,17,13,30
10,12,1.0,0.2789973020553589,0.0,0.999990234375,0.24415281414985657,ground_truth,,,,0.5543739199638367,0.02265625,btxrd-heuristic-000203,IMG000372.jpeg,0.02265625,2320,320,masks/IMG000372.png,1468b236616beb61f331ff25e4e105c8922bde5694bed9ed799902298d637dec,0|255,320,6,,54,18,0.022763671875,2,0,2,0.7513709664344788,0.2472880482673645,0.0006050654337741435,val,ok,0.15,1,1,22,14,36
12,8,0.9999999403953552,0.1594964861869812,0.0,0.999990234375,0.18858054280281067,ground_truth,,,,0.9942330718040466,0.065927734375,btxrd-heuristic-000208,IMG000378.jpeg,0.065927734375,6751,320,masks/IMG000378.png,78dd9e1536881efb7c7b3d7dd633745d975f1db69374f052e0bfd969bc2e85e6,0|255,320,4,,36,12,0.070126953125,3,0,3,0.6313571929931641,0.3201755881309509,3.6568355426425114e-05,val,ok,0.15,1,1,15,6,21
22,18,1.0,0.384865939617157,0.0,0.999990234375,0.21091711521148682,ground_truth,,,,0.001188070047646761,0.0144921875,btxrd-heuristic-000223,IMG000408.jpeg,0.0144921875,1484,320,masks/IMG000408.png,c6226d1b59cb6d1fb9dd8c2483207ed663b5fbcf6e3807981105890071fb8a92,0|255,320,9,,81,27,0.014755859375,3,0,3,0.7067217230796814,0.23859436810016632,0.0008011427707970142,val,ok,0.15,1,1,27,23,50
9,10,0.9999999403953552,0.20019271969795227,0.0,0.999990234375,0.19176457822322845,ground_truth,,,,0.02752244472503662,0.000537109375,btxrd-heuristic-000228,IMG000414.jpeg,0.000537109375,55,320,masks/IMG000414.png,5adca680fbe32e0614a9331276884e1812ffa37c32fab8e3ef06136be8ff7c22,0|255,320,5,,45,15,0.000537109375,1,0,1,0.7507563233375549,0.2679402828216553,0.020561551675200462,val,ok,0.15,1,1,17,11,28
25,16,1.0,0.25840476155281067,0.0,0.999990234375,0.17695432901382446,ground_truth,,,,0.9527164101600647,0.03701171875,btxrd-heuristic-000229,IMG000415.jpeg,0.03701171875,3790,320,masks/IMG000415.png,9f1109de5b04d0c547ebf1a16f55e413b7d3a317115d2501d691e398c3792634,0|255,320,8,,72,24,0.037041015625,3,0,3,0.7768791913986206,0.3243464231491089,0.0011688141385093331,val,ok,0.15,1,4,28,15,43
0,6,1.0,0.23406510055065155,0.0,0.9999609375,0.21584559977054596,ground_truth,,,,8.803247055766406e-07,0.0,btxrd-heuristic-000230,IMG000416.jpeg,0.0,0,320,masks/IMG000416.png,14bf4fc16d7e9f17cb073a83ba89ab04bd4c22a2b6f80f25bf73a67ce7a0a340,0,320,3,no_candidate_survived_or_postprocess_empty,27,9,0.0,0,0,0,0.3851375877857208,0.25955548882484436,0.01905602030456066,val,empty_after_localization,0.15,1,1,12,5,17
6,10,1.0,0.1861935406923294,0.0,0.999990234375,0.1794603019952774,ground_truth,,,,0.007740591187030077,0.0240234375,btxrd-heuristic-000233,IMG000420.jpeg,0.0240234375,2460,320,masks/IMG000420.png,7d175d87da0141f9d88fc63215bd8534f6c632b621194c859b6aa78d37789dc7,0|255,320,5,,45,15,0.024384765625,3,0,3,0.6776026487350464,0.2507632076740265,0.0003398241533432156,val,ok,0.15,1,1,20,10,30
0,6,1.0,0.14301453530788422,0.0,0.999990234375,0.17200309038162231,ground_truth,,,,6.34096868452616e-05,0.0,btxrd-heuristic-000244,IMG000439.jpeg,0.0,0,320,masks/IMG000439.png,14bf4fc16d7e9f17cb073a83ba89ab04bd4c22a2b6f80f25bf73a67ce7a0a340,0,320,3,no_candidate_survived_or_postprocess_empty,27,9,0.0,0,0,0,0.17088335752487183,0.0922134518623352,0.005055765155702829,val,empty_after_localization,0.15,1,1,12,5,17
21,14,1.0,0.19908180832862854,0.0,0.999990234375,0.16402453184127808,ground_truth,,,,0.9941850304603577,0.043076171875,btxrd-heuristic-000260,IMG000467.jpeg,0.043076171875,4411,320,masks/IMG000467.png,5cac2ea202d56470e3dd6ebea1907152a3e1a1552bbf3ae0bc3a2a01d7c144b6,0|255,320,7,,63,21,0.04361328125,3,0,3,0.7535062432289124,0.3267788290977478,0.00038278018473647535,val,ok,0.15,1,3,26,12,38
7,6,1.0,0.11017413437366486,0.0,0.999990234375,0.16223841905593872,ground_truth,,,,0.9700637459754944,0.00099609375,btxrd-heuristic-000267,IMG000478.jpeg,0.00099609375,102,320,masks/IMG000478.png,c6228a86a815914059adb97411edf7ef96e7294a4c6f6be05b569815ca7e8c9f,0|255,320,3,,27,9,0.00099609375,3,0,3,0.7528520822525024,0.35692450404167175,0.11653502285480499,val,ok,0.15,1,2,12,5,17
30,10,0.9999999403953552,0.19789770245552063,0.0,0.999990234375,0.18031777441501617,ground_truth,,,,0.6890612244606018,0.006201171875,btxrd-heuristic-000269,IMG000481.jpeg,0.006201171875,635,320,masks/IMG000481.png,6ea3af35eca7eabacb7352b8b430b5adff814b646fb9d75e861145351dc291ad,0|255,320,5,,45,15,0.006201171875,3,0,3,0.7572537064552307,0.481401264667511,0.15485705435276031,val,ok,0.15,1,1,20,10,30
1,8,1.0,0.19717970490455627,0.0,0.999990234375,0.17948803305625916,ground_truth,,,,0.0007393350824713707,0.0125,btxrd-heuristic-000278,IMG000496.jpeg,0.0125,1280,320,masks/IMG000496.png,dde59d482fd5d8bc4b00f7a7f41fdf5daa8f214081df3a2847f1d7463653634e,0|255,320,4,,36,12,0.012587890625,1,0,1,0.5845500826835632,0.17053164541721344,0.011084726080298424,val,ok,0.15,1,3,16,10,26
25,14,1.0,0.2114795744419098,0.0,0.999990234375,0.19390253722667694,ground_truth,,,,0.07951195538043976,0.05578125,btxrd-heuristic-000287,IMG000513.jpeg,0.05578125,5712,320,masks/IMG000513.png,f0fa8a716c37d46f70247021e731239d5ba1ed5ae0c917ff7a131e7864e63195,0|255,320,7,,63,21,0.05603515625,3,0,3,0.7592896819114685,0.302139014005661,0.0005613607354462147,val,ok,0.15,1,7,25,13,38
6,12,1.0,0.19538456201553345,0.0,0.999990234375,0.1751924306154251,ground_truth,,,,0.6018333435058594,0.14234375,btxrd-heuristic-000302,IMG000542.jpeg,0.14234375,14576,320,masks/IMG000542.png,50f37d49010c3ff839deda6b27d4cbd0076dbff8e0a94846b967ab8d8345ea4f,0|255,320,6,,54,18,0.1425,2,0,2,0.5049503445625305,0.23734216392040253,0.00018165541405323893,val,ok,0.15,1,1,20,13,33
17,6,1.0,0.10520374029874802,0.0,0.999990234375,0.14705093204975128,ground_truth,,,,0.9665220379829407,0.0,btxrd-heuristic-000305,IMG000548.jpeg,0.0,0,320,masks/IMG000548.png,14bf4fc16d7e9f17cb073a83ba89ab04bd4c22a2b6f80f25bf73a67ce7a0a340,0,320,3,no_candidate_survived_or_postprocess_empty,27,9,0.000380859375,3,0,3,0.7133457660675049,0.43045273423194885,0.18055005371570587,val,empty_after_localization,0.15,1,5,12,5,17
23,12,1.0,0.17823724448680878,0.0,0.999990234375,0.17015738785266876,ground_truth,,,,1.3389206969804945e-06,0.045,btxrd-heuristic-000305,IMG000549.jpeg,0.045,4608,320,masks/IMG000549.png,a2368b7eba7052fccd755f18ee92ba6ffd248de95eccaafb094485b94c0ce7e9,0|255,320,6,,54,18,0.04505859375,3,0,3,0.764910876750946,0.37294602394104004,0.001842023804783821,val,ok,0.15,1,5,20,11,31
21,18,1.0,0.291390985250473,0.0,0.999990234375,0.16347993910312653,ground_truth,,,,0.9999995231628418,0.005068359375,btxrd-heuristic-000308,IMG000555.jpeg,0.005068359375,519,320,masks/IMG000555.png,f3a939c3e8848d023e3b30fd8fe22c8cafea4082d19f3d1fd3d99e9620d7ca1d,0|255,320,9,,81,27,0.006181640625,3,0,3,0.7026474475860596,0.27665555477142334,0.0017386042745783925,val,ok,0.140693359375,1,4,31,20,51
10,18,0.9999999403953552,0.25794869661331177,0.0,0.999990234375,0.1550436019897461,ground_truth,,,,0.9999998807907104,0.02173828125,btxrd-heuristic-000308,IMG000556.jpeg,0.02173828125,2226,320,masks/IMG000556.png,354252ad697abc3850c58ea89023be4e149d6071dd808c907aa18167ccab3acd,0|255,320,9,,81,27,0.021806640625,3,0,3,0.6328990459442139,0.18755461275577545,0.0026182152796536684,val,ok,0.12,1,4,35,15,50
16,6,1.0,0.1390044093132019,0.0,0.999990234375,0.1629406064748764,ground_truth,,,,0.9988558292388916,0.038984375,btxrd-heuristic-000311,IMG000562.jpeg,0.038984375,3992,320,masks/IMG000562.png,8227e987ae7e85cdb32a57b488406e167f549bf35eecb7ead90cc1477e6114b8,0|255,320,3,,27,9,0.04015625,3,0,3,0.6043537855148315,0.41592469811439514,0.03325003385543823,val,ok,0.15,1,7,12,5,17
11,16,1.0,0.21883444488048553,0.0,0.999990234375,0.17677268385887146,ground_truth,,,,0.9373123645782471,0.0922265625,btxrd-heuristic-000320,IMG000576.jpeg,0.0922265625,9444,320,masks/IMG000576.png,7305f1b65596a78ea871858120dff060318a0faf9d5c3f58a048700a1b36190b,0|255,320,8,,72,24,0.092353515625,3,0,3,0.7529131174087524,0.22975455224514008,0.0003756210790015757,val,ok,0.149892578125,1,5,28,18,46
12,10,0.9999999403953552,0.26905158162117004,0.0,0.999990234375,0.1674973964691162,ground_truth,,,,0.9989651441574097,0.01427734375,btxrd-heuristic-000324,IMG000582.jpeg,0.01427734375,1462,320,masks/IMG000582.png,7d868866923755404e2290080f321f8f02dc5b93adb1f260ccc773b7bfc0e8d3,0|255,320,5,,45,15,0.014619140625,3,0,3,0.7516993880271912,0.3278803825378418,0.0211623702198267,val,ok,0.15,1,3,14,10,24
4,14,1.0,0.2282480001449585,0.0,0.999990234375,0.1537877321243286,ground_truth,,,,0.0009414729429408908,0.009892578125,btxrd-heuristic-000341,IMG000612.jpeg,0.009892578125,1013,320,masks/IMG000612.png,a38eced724b43f6f976489592d0e38a7043f5b8ed7ec180cac0eab823097a805,0|255,320,7,,63,21,0.00990234375,2,0,2,0.582356333732605,0.1655997484922409,0.003983296919614077,val,ok,0.15,1,7,23,13,36
18,10,1.0,0.2558661997318268,0.0,0.999990234375,0.18423092365264893,ground_truth,,,,0.0002437384973745793,0.0951953125,btxrd-heuristic-000349,IMG000628.jpeg,0.0951953125,9748,320,masks/IMG000628.png,4955689f0f25d2b6c26f19b4d962f72880eb438c3aec440673227b0d4cbcbbb3,0|255,320,5,,45,15,0.0951953125,3,0,3,0.6085687279701233,0.31215062737464905,0.0001718857529340312,val,ok,0.15,1,3,17,10,27
56,14,1.0,0.28994929790496826,0.0,0.999990234375,0.21779854595661163,ground_truth,,,,0.9994331002235413,0.027412109375,btxrd-heuristic-000354,IMG000636.jpeg,0.027412109375,2807,320,masks/IMG000636.png,070577046d2f31e494d5ca4d37d8398fb24775437e94eca68f7c87a960e155ec,0|255,320,7,,63,21,0.027568359375,3,0,3,0.7506609559059143,0.5538979768753052,0.22313345968723297,val,ok,0.15,1,3,27,11,38
17,8,1.0,0.2613644003868103,0.0,0.999990234375,0.2254604697227478,ground_truth,,,,0.0008103780564852059,0.009970703125,btxrd-heuristic-000358,IMG000641.jpeg,0.009970703125,1021,320,masks/IMG000641.png,e3ad769e88339ec5e67b9c312752fd6d7c78a7ebeb37f6a4c97cf65309c6a954,0|255,320,5,,42,14,0.009970703125,2,0,2,0.7273525595664978,0.34740811586380005,0.05710688233375549,val,ok,0.15,1,1,19,10,29
25,12,1.0,0.21551445126533508,0.0,0.999990234375,0.19384557008743286,ground_truth,,,,0.9993951320648193,0.04005859375,btxrd-heuristic-000359,IMG000642.jpeg,0.04005859375,4102,320,masks/IMG000642.png,c11213626792043b056b8f1106b674cf81c50354cf3b4005d57b18a7f2bcc187,0|255,320,6,,54,18,0.0408984375,3,0,3,0.7517247200012207,0.3456132411956787,0.0060110436752438545,val,ok,0.15,1,3,24,10,34
3,10,1.0,0.1974118947982788,0.0,0.999990234375,0.15622246265411377,ground_truth,,,,0.9999998807907104,0.01017578125,btxrd-heuristic-000370,IMG000660.jpeg,0.01017578125,1042,320,masks/IMG000660.png,e571c328ff9f5cdacabe39d073e65281152ab1b9241582e0d68ea93f50a198b0,0|255,320,5,,42,14,0.010234375,3,0,3,0.7108187675476074,0.22572091221809387,0.008560918271541595,val,ok,0.15,1,2,13,7,20
4,6,0.9999999403953552,0.14482057094573975,0.0,0.999990234375,0.1614290326833725,ground_truth,,,,9.832747309701517e-06,0.044736328125,btxrd-heuristic-000377,IMG000672.jpeg,0.044736328125,4581,320,masks/IMG000672.png,83a24bb86feb479464a4a2bb1c19d8c68343e5aeaf4e8de3acd45df8d0b8c1a0,0|255,320,3,,27,9,0.045087890625,1,0,1,0.44951650500297546,0.2638441026210785,0.0,val,ok,0.15,1,1,12,5,17
0,8,1.0,0.1806184947490692,0.0,0.999990234375,0.18318314850330353,ground_truth,,,,0.9999998807907104,0.0,btxrd-heuristic-000383,IMG000681.jpeg,0.0,0,320,masks/IMG000681.png,14bf4fc16d7e9f17cb073a83ba89ab04bd4c22a2b6f80f25bf73a67ce7a0a340,0,320,4,no_candidate_survived_or_postprocess_empty,36,12,0.0,0,0,0,0.39262107014656067,0.2406223565340042,5.7513800129527226e-05,val,empty_after_localization,0.15,1,1,13,7,20
11,10,1.0,0.17813587188720703,0.0,0.999990234375,0.18592554330825806,ground_truth,,,,9.144802606897429e-05,0.02326171875,btxrd-heuristic-000384,IMG000682.jpeg,0.02326171875,2382,320,masks/IMG000682.png,ace4931a95399a04ef8e187e9d371c787bd5d80836fe2d80f7ea8df460960941,0|255,320,5,,45,15,0.023427734375,3,0,3,0.6597549319267273,0.27754685282707214,0.0003426469338592142,val,ok,0.15,1,1,19,8,27
44,10,1.0,0.25274354219436646,0.0,0.999990234375,0.21491838991641998,ground_truth,,,,0.9431942105293274,0.096123046875,btxrd-heuristic-000394,IMG000699.jpeg,0.096123046875,9843,320,masks/IMG000699.png,7270f60a941d671e7151d0cca3c61bbc24de5e5c7186d90c5fa77b259e8df443,0|255,320,5,,45,15,0.096123046875,3,0,3,0.7752004265785217,0.6110588312149048,0.0868341252207756,val,ok,0.15,1,1,17,9,26
20,8,1.0,0.19645600020885468,0.0,0.999990234375,0.20188592374324799,ground_truth,,,,0.9995083808898926,0.06322265625,btxrd-heuristic-000411,IMG000727.jpeg,0.06322265625,6474,320,masks/IMG000727.png,964bf9357730d7b87e973fe71ee1288e40748c429ef933a5376bfc20ef8052a4,0|255,320,4,,36,12,0.063349609375,3,0,3,0.7564350962638855,0.44819656014442444,0.2586296796798706,val,ok,0.15,1,1,15,8,23
3,14,1.0,0.22673441469669342,0.0,0.999990234375,0.15438732504844666,ground_truth,,,,0.9989035129547119,0.1069140625,btxrd-heuristic-000422,IMG000747.jpeg,0.1069140625,10948,320,masks/IMG000747.png,362ea736dcdddbf16c3eba25ad0dd20db782df76fbf844b8f344676012a8d94e,0|255,320,7,,63,21,0.1075,2,0,2,0.46998631954193115,0.17242738604545593,4.386625369079411e-05,val,ok,0.14478515625,1,1,25,15,40
5,6,1.0,0.1534464806318283,0.0,0.999990234375,0.16468428075313568,ground_truth,,,,0.9993656277656555,0.001484375,btxrd-heuristic-000424,IMG000749.jpeg,0.001484375,152,320,masks/IMG000749.png,9c6a47fd53cbecd32ae9127ec99dc16d30f01117fd9623274b3e28d7250a9993,0|255,320,3,,27,9,0.001484375,3,0,3,0.697020411491394,0.3312666714191437,0.17670968174934387,val,ok,0.15,1,1,12,5,17
21,6,1.0,0.21059860289096832,0.0,0.999990234375,0.23063591122627258,ground_truth,,,,0.01692109927535057,0.000986328125,btxrd-heuristic-000425,IMG000750.jpeg,0.000986328125,101,320,masks/IMG000750.png,ca768b7afb7c386adeb6167e1c8cb75361ccf1435511b5c15261884587e51597,0|255,320,3,,27,9,0.0011328125,3,0,3,0.7518481016159058,0.49276119470596313,0.07214707881212234,val,ok,0.15,1,1,12,5,17
20,6,0.9999999403953552,0.17676542699337006,0.0,0.999990234375,0.2124045193195343,ground_truth,,,,0.9999591112136841,0.00046875,btxrd-heuristic-000426,IMG000751.jpeg,0.00046875,48,320,masks/IMG000751.png,2aa4d7723cb32fd12638724ca2fd27b2651ca55715a6cd2da66ba89e40b84cea,0|255,320,3,,27,9,0.00046875,3,0,3,0.751035749912262,0.4898754060268402,0.16463415324687958,val,ok,0.15,1,1,12,5,17
7,16,1.0,0.27424266934394836,0.0,0.999990234375,0.20456551015377045,ground_truth,,,,0.9999954700469971,0.000419921875,btxrd-heuristic-000434,IMG000762.jpeg,0.000419921875,43,320,masks/IMG000762.png,1014fdcf84f0b4f23f382c4387ee753da369540dea7f03e408d92fd29d635741,0|255,320,8,,72,24,0.000419921875,3,0,3,0.6946007013320923,0.18262502551078796,0.0010677108075469732,val,ok,0.15,1,1,28,16,44
13,10,0.9999999403953552,0.1676257699728012,0.0,0.999990234375,0.18982265889644623,ground_truth,,,,0.9076991677284241,0.054189453125,btxrd-heuristic-000435,IMG000763.jpeg,0.054189453125,5549,320,masks/IMG000763.png,8604c0f2564f611ccee8af60c0db55a6adb2c39024280660849ee9cb01ded7e8,0|255,320,5,,45,15,0.05423828125,3,0,3,0.642778217792511,0.29075443744659424,8.36034887470305e-05,val,ok,0.15,1,1,16,10,26
25,16,1.0,0.252028226852417,0.0,0.999990234375,0.1761380434036255,ground_truth,,,,0.9309406280517578,0.0019140625,btxrd-heuristic-000452,IMG000793.jpeg,0.0019140625,196,320,masks/IMG000793.png,d706291b1cf6b5f55b9265cea7efeac71825ce75fa00586b22202b979a7e3784,0|255,320,8,,72,24,0.002158203125,3,0,3,0.7525400519371033,0.3085448443889618,0.0005338770570233464,val,ok,0.15,1,3,22,12,34
26,14,1.0,0.24577291309833527,0.0,0.9999609375,0.17209099233150482,ground_truth,,,,0.9999827146530151,0.03111328125,btxrd-heuristic-000452,IMG000794.jpeg,0.03111328125,3186,320,masks/IMG000794.png,f1e09826b5c847a13364f006e13123befb17d153716d55fb4aef1bdf327c0273,0|255,320,7,,63,21,0.0311328125,3,0,3,0.7735577821731567,0.32225096225738525,0.00016027179663069546,val,ok,0.15,1,3,25,11,36
51,14,1.0,0.34831711649894714,0.0,0.999990234375,0.19415241479873657,ground_truth,,,,0.9999994039535522,0.019921875,btxrd-heuristic-000476,IMG000838.jpeg,0.019921875,2040,320,masks/IMG000838.png,4f95793fdeb4de613e611561ae386068472afcd3449b111a31ce0e05e9487350,0|255,320,7,,63,21,0.019970703125,3,0,3,0.7588993906974792,0.5344748497009277,0.1528571993112564,val,ok,0.15,1,7,20,18,38
2,10,1.0,0.24703143537044525,0.0,0.999990234375,0.22787494957447052,ground_truth,,,,0.21525278687477112,0.04564453125,btxrd-heuristic-000501,IMG000876.jpeg,0.04564453125,4674,320,masks/IMG000876.png,440cf9f72cd0bd1a320a7bfdeee1349ef07a443ed9151c6ee801e6d0afff5429,0|255,320,5,,45,15,0.04564453125,2,0,2,0.40824058651924133,0.1773664802312851,0.0007245925953611732,val,ok,0.1498046875,1,1,17,15,32
49,12,1.0,0.3240622580051422,0.0,0.999990234375,0.2373489886522293,ground_truth,,,,1.0,0.10140625,btxrd-heuristic-000513,IMG000895.jpeg,0.10140625,10384,320,masks/IMG000895.png,7f8cf7841dd4903878cefb65c4a02cad743ffc8d358e3e4de1c4d79fe52bd5b0,0|255,320,6,,54,18,0.10173828125,3,0,3,0.7628750801086426,0.5994266867637634,0.18793420493602753,val,ok,0.15,1,1,21,16,37
41,12,1.0,0.2378765493631363,0.0,0.999990234375,0.17165948450565338,ground_truth,,,,0.9699006676673889,0.02595703125,btxrd-heuristic-000516,IMG000899.jpeg,0.02595703125,2658,320,masks/IMG000899.png,d8bc0bafeb8596d3816ff990f20acd8bd7ebe1501f8af3ea0b8e59915d990970,0|255,320,6,,54,18,0.02595703125,3,0,3,0.7358689308166504,0.48288190364837646,0.2805820405483246,val,ok,0.15,1,1,24,10,34
1,6,1.0,0.21214866638183594,0.0,0.999990234375,0.2226814478635788,ground_truth,,,,0.9536793231964111,0.065009765625,btxrd-heuristic-000518,IMG000901.jpeg,0.065009765625,6657,320,masks/IMG000901.png,4ed657556dc9c58310b44f053df72a046dbfc845d9b35f9b4582411904acd648,0|255,320,3,,27,9,0.065029296875,1,0,1,0.4337994456291199,0.25073614716529846,0.10370223969221115,val,ok,0.15,1,1,12,5,17
1,10,1.0,0.23542824387550354,0.0,0.999990234375,0.17447665333747864,ground_truth,,,,1.0,0.001513671875,btxrd-heuristic-000519,IMG000902.jpeg,0.001513671875,155,320,masks/IMG000902.png,9a9ed56d50ba58eb0325921844c9efc6591dba112ed84e5387abe45ae221defb,0|255,320,5,,45,15,0.001787109375,1,0,1,0.6034797430038452,0.1785452961921692,0.00032722344622015953,val,ok,0.15,1,1,17,15,32
2,10,1.0,0.2581106424331665,0.0,0.999990234375,0.22847998142242432,ground_truth,,,,1.0,0.002998046875,btxrd-heuristic-000521,IMG000905.jpeg,0.002998046875,307,320,masks/IMG000905.png,f143a77fb1f8c71f42ec1e9603e39c64a083d71c06c4d887e07d298bcd1da1d3,0|255,320,5,,45,15,0.003251953125,1,0,1,0.5199122428894043,0.20089149475097656,0.0004670606867875904,val,ok,0.15,1,1,17,13,30
30,8,1.0,0.21516861021518707,0.0,0.999990234375,0.2132483422756195,ground_truth,,,,0.9998586177825928,0.04025390625,btxrd-heuristic-000527,IMG000917.jpeg,0.04025390625,4122,320,masks/IMG000917.png,44b6cba992f841e044bc7de55e7e6e81f93de479d39bea56f09203a34eccd036,0|255,320,4,,36,12,0.04044921875,3,0,3,0.7319408655166626,0.5623638033866882,0.3144822418689728,val,ok,0.15,1,1,15,6,21
0,8,1.0,0.19293491542339325,0.0,0.999990234375,0.17678385972976685,ground_truth,,,,0.46170905232429504,0.0,btxrd-heuristic-000528,IMG000918.jpeg,0.0,0,320,masks/IMG000918.png,14bf4fc16d7e9f17cb073a83ba89ab04bd4c22a2b6f80f25bf73a67ce7a0a340,0,320,4,no_candidate_survived_or_postprocess_empty,36,12,0.0,0,0,0,0.2230967879295349,0.1290680319070816,0.00026046711718663573,val,empty_after_localization,0.15,1,1,14,7,21
38,12,0.9999999403953552,0.27010929584503174,0.0,0.999990234375,0.18681062757968903,ground_truth,,,,0.9997280240058899,0.029326171875,btxrd-heuristic-000533,IMG000924.jpeg,0.029326171875,3003,320,masks/IMG000924.png,8067e8a5d3de509becf351be5db16a9a0009a30fd2f09af73b32bdba4654b0e5,0|255,320,6,,54,18,0.02935546875,3,0,3,0.7514590620994568,0.4627077281475067,0.07534316927194595,val,ok,0.15,1,1,23,10,33
18,10,0.9999999403953552,0.2732914686203003,0.0,0.999990234375,0.2301592081785202,ground_truth,,,,0.11355534940958023,0.117431640625,btxrd-heuristic-000536,IMG000928.jpeg,0.117431640625,12025,320,masks/IMG000928.png,c90d56571a29e14420d2441b2a21af7c4b5e6a2fd35fbbdbe6f78e2b71744bbc,0|255,320,5,,45,15,0.118310546875,3,0,3,0.685673713684082,0.32042086124420166,0.00011343460937496275,val,ok,0.15,1,1,17,11,28
18,12,1.0,0.26864615082740784,0.0,0.999990234375,0.22176282107830048,ground_truth,,,,0.9987078905105591,0.00115234375,btxrd-heuristic-000538,IMG000930.jpeg,0.00115234375,118,320,masks/IMG000930.png,bdf42bf50f2e3728cd8a31eed249a36f3677747699cefd3679ebf119c7dbe494,0|255,320,6,,54,18,0.00115234375,3,0,3,0.7507851719856262,0.34196361899375916,0.02678227238357067,val,ok,0.149970703125,1,1,22,15,37
24,6,1.0,0.15895749628543854,0.0,0.999990234375,0.1627967357635498,ground_truth,,,,0.9571501016616821,0.066591796875,btxrd-heuristic-000539,IMG000931.jpeg,0.066591796875,6819,320,masks/IMG000931.png,e2f1bc9ad52ae7709d6589c77bd6adaeb8c3ea1794820e45faf41cbe8d5938a3,0|255,320,3,,27,9,0.0666796875,3,0,3,0.757254421710968,0.5738331079483032,0.19436202943325043,val,ok,0.15,1,1,12,5,17
2,12,1.0,0.2305123209953308,0.0,0.999990234375,0.20368732511997223,ground_truth,,,,1.0,0.003271484375,btxrd-heuristic-000540,IMG000932.jpeg,0.003271484375,335,320,masks/IMG000932.png,7bc83404021f18e73f11136fe996146ed7f8ae17e3bb7a505b3b5a9259843a1c,0|255,320,6,,54,18,0.003330078125,2,0,2,0.6042866706848145,0.17909041047096252,0.00022369057114701718,val,ok,0.15,1,1,21,15,36
32,8,1.0,0.1762792021036148,0.0,0.999990234375,0.19303113222122192,ground_truth,,,,1.0,0.003271484375,btxrd-heuristic-000547,IMG000944.jpeg,0.003271484375,335,320,masks/IMG000944.png,24d93fb61263618d8f5a8b0f69587348608350d265f6708c68ef703dc3acdfa6,0|255,320,4,,36,12,0.003271484375,3,0,3,0.7533124089241028,0.5516116619110107,0.13143232464790344,val,ok,0.15,1,2,14,6,20
27,14,1.0,0.22988682985305786,0.0,0.999990234375,0.19388926029205322,ground_truth,,,,0.9960961937904358,0.091962890625,btxrd-heuristic-000561,IMG000963.jpeg,0.091962890625,9417,320,masks/IMG000963.png,d8304c80dcad4db9e880036f654179e7996f9327f028df5d4fc7bc68bb9a5060,0|255,320,7,,63,21,0.09244140625,3,0,3,0.7727288007736206,0.3067927360534668,0.0007162598194554448,val,ok,0.15,1,2,20,13,33
22,14,1.0,0.26312097907066345,0.0,0.999990234375,0.1867322474718094,ground_truth,,,,1.0,0.072138671875,btxrd-heuristic-000566,IMG000969.jpeg,0.072138671875,7387,320,masks/IMG000969.png,77764351d903955ed41c7e021565fa8fca946d9fc3b9e46aed83ef318603d29c,0|255,320,7,,63,21,0.07294921875,3,0,3,0.7499834895133972,0.32842156291007996,0.0004965706611983478,val,ok,0.15,1,2,26,14,40
10,12,0.9999999403953552,0.19808802008628845,0.0,0.999990234375,0.18922726809978485,ground_truth,,,,1.0,0.09541015625,btxrd-heuristic-000568,IMG000971.jpeg,0.09541015625,9770,320,masks/IMG000971.png,054d15d5a9825b961c191b21ee69b30dec7434ba5956eaa963fad19508f5beb1,0|255,320,6,,54,18,0.09541015625,2,0,2,0.5928559303283691,0.2389145940542221,0.015135317109525204,val,ok,0.15,1,2,18,11,29
7,12,1.0,0.2305382341146469,0.0,0.999990234375,0.19763819873332977,ground_truth,,,,0.9999997615814209,0.005263671875,btxrd-heuristic-000581,IMG000993.jpeg,0.005263671875,539,320,masks/IMG000993.png,88f0a9142361df45e85cc5f256d915a8ec98090272e6f97ff179478cac08cf9d,0|255,320,6,,54,18,0.005830078125,2,0,2,0.6767640113830566,0.20923300087451935,0.0009434369276277721,val,ok,0.15,1,1,18,14,32
20,12,1.0,0.26055851578712463,0.0,0.999990234375,0.21712183952331543,ground_truth,,,,0.9999732971191406,0.0676171875,btxrd-heuristic-000583,IMG000996.jpeg,0.0676171875,6924,320,masks/IMG000996.png,a5aed16d2a1d48cfe835f381297f71717996246c5dbec81c48191ae5cf02037c,0|255,320,6,,54,18,0.067841796875,3,0,3,0.765572190284729,0.3064865171909332,0.00021637490135617554,val,ok,0.15,1,1,21,15,36
42,12,0.9999999403953552,0.23118312656879425,0.0,0.999990234375,0.2085091918706894,ground_truth,,,,0.9999107122421265,0.038720703125,btxrd-heuristic-000591,IMG001006.jpeg,0.038720703125,3965,320,masks/IMG001006.png,a04d43133169d17baaf079972ea4d1713357e74ad0fbf5d686aae98d6f1b0d02,0|255,320,6,,54,18,0.039287109375,3,0,3,0.755316436290741,0.4848766028881073,0.23548254370689392,val,ok,0.149619140625,1,2,24,10,34
26,14,1.0,0.23154403269290924,0.0,0.999990234375,0.17350634932518005,ground_truth,,,,0.9999958276748657,0.06150390625,btxrd-heuristic-000592,IMG001007.jpeg,0.06150390625,6298,320,masks/IMG001007.png,b4b80dada0da0b0cfb99b59450ec66dff6030c8348d5557367320a5f581d7af4,0|255,320,7,,63,21,0.06150390625,3,0,3,0.7135018706321716,0.3495641350746155,0.023996634408831596,val,ok,0.15,1,2,24,12,36
9,14,1.0,0.20785725116729736,0.0,0.999990234375,0.17698775231838226,ground_truth,,,,0.00011845835979329422,0.0,btxrd-heuristic-000600,IMG001024.jpeg,0.0,0,320,masks/IMG001024.png,14bf4fc16d7e9f17cb073a83ba89ab04bd4c22a2b6f80f25bf73a67ce7a0a340,0,320,7,no_candidate_survived_or_postprocess_empty,63,21,0.000703125,1,0,1,0.7513777613639832,0.17501376569271088,0.000986553030088544,val,empty_after_localization,0.15,1,1,25,12,37
55,14,1.0,0.21556627750396729,0.0,0.999990234375,0.19192379713058472,ground_truth,,,,0.9998519420623779,0.048642578125,btxrd-heuristic-000605,IMG001030.jpeg,0.048642578125,4981,320,masks/IMG001030.png,9358ebe4a103336b3e0ff6e9e73bf633284eeeb0bcde851138c4e8d0d59fe3de,0|255,320,7,,63,21,0.04869140625,3,0,3,0.7709624767303467,0.5437834858894348,0.2507422864437103,val,ok,0.15,1,7,26,13,39
20,16,0.9999999403953552,0.2811559736728668,0.0,0.999990234375,0.17715322971343994,ground_truth,,,,0.9999972581863403,0.00244140625,btxrd-heuristic-000620,IMG001056.jpeg,0.00244140625,250,320,masks/IMG001056.png,72986c4660b825bc58df96c8379f08a905c966ba1af674fc1e5a1f39a8699074,0|255,320,8,,72,24,0.00244140625,3,0,3,0.7294400930404663,0.23162654042243958,3.835839743260294e-05,val,ok,0.15,1,7,28,15,43
25,18,1.0,0.29778048396110535,0.0,0.999990234375,0.20519223809242249,ground_truth,,,,0.999956488609314,0.035283203125,btxrd-heuristic-000622,IMG001059.jpeg,0.035283203125,3613,320,masks/IMG001059.png,8ebdfde93ffc96906bb8cf4eae074625781796155aa2ee868b3f6209cc669946,0|255,320,9,,81,27,0.035302734375,3,0,3,0.749733567237854,0.29298534989356995,0.0004542255774140358,val,ok,0.15,1,1,34,20,54
10,12,1.0,0.22289741039276123,0.0,0.999990234375,0.16759930551052094,ground_truth,,,,0.9999998807907104,0.022646484375,btxrd-heuristic-000623,IMG001060.jpeg,0.022646484375,2319,320,masks/IMG001060.png,b9bebefd252f9ce8836a352d3b1f3c2e0dd7c147df0466548349dd36735060bd,0|255,320,6,,54,18,0.022646484375,2,0,2,0.7114822864532471,0.25600162148475647,0.0005342456279322505,val,ok,0.15,1,1,22,12,34
29,8,0.9999999403953552,0.21396106481552124,0.0,0.999990234375,0.18654607236385345,ground_truth,,,,1.0,0.099423828125,btxrd-heuristic-000639,IMG001092.jpeg,0.099423828125,10181,320,masks/IMG001092.png,f07ae13985718532b1493a6211ff6e8e0de1022dd07a14986364b7183ceb959d,0|255,320,4,,36,12,0.100439453125,3,0,3,0.6372907757759094,0.46491920948028564,0.2774551808834076,val,ok,0.15,1,2,16,8,24
15,6,1.0,0.18804337084293365,0.0,0.999990234375,0.14896424114704132,ground_truth,,,,1.0,0.015458984375,btxrd-heuristic-000641,IMG001094.jpeg,0.015458984375,1583,320,masks/IMG001094.png,e8bdd76bb8568a7dabd9e24735166a351fc2309d1295e87327878fc5cf27d236,0|255,320,3,,27,9,0.0155859375,3,0,3,0.7249776124954224,0.45697855949401855,0.05098770558834076,val,ok,0.14984375,1,2,12,5,17
8,8,1.0,0.2683408260345459,0.0,0.999990234375,0.21824374794960022,ground_truth,,,,0.9999969005584717,0.007568359375,btxrd-heuristic-000644,IMG001098.jpeg,0.007568359375,775,320,masks/IMG001098.png,12dc3768638ea597834947494a6e1840f8932b65820cb602b1dfdc051e4eb410,0|255,320,4,,36,12,0.007568359375,1,0,1,0.7320568561553955,0.3620487153530121,0.18707449734210968,val,ok,0.15,1,1,15,8,23
17,6,1.0,0.1644948422908783,0.0,0.999990234375,0.16564156115055084,ground_truth,,,,0.9999998807907104,0.06748046875,btxrd-heuristic-000649,IMG001106.jpeg,0.06748046875,6910,320,masks/IMG001106.png,e12c9e56659964835d630c8910ba2208acdb557c9dc9ff8ad5fa38175602b91a,0|255,320,3,,27,9,0.071171875,3,0,3,0.5520987510681152,0.4171229600906372,0.28384312987327576,val,ok,0.15,1,2,12,5,17
16,10,1.0,0.19038906693458557,0.0,0.999990234375,0.18943771719932556,ground_truth,,,,0.6520350575447083,0.01828125,btxrd-heuristic-000669,IMG001136.jpeg,0.01828125,1872,320,masks/IMG001136.png,15e24d662af785686a05bdfc7fff893f7a83d42462e851f212b15db79aa4feae,0|255,320,6,,51,17,0.0184765625,3,0,3,0.7508297562599182,0.33595526218414307,0.0002824561088345945,val,ok,0.15,1,1,19,14,33
2,14,1.0,0.22086860239505768,0.0,0.999990234375,0.1690608710050583,ground_truth,,,,1.0,0.010048828125,btxrd-heuristic-000672,IMG001140.jpeg,0.010048828125,1029,320,masks/IMG001140.png,e7093505a1eed6243a3ada4715ee3eeb5f78dc0a16850a0522a544dbc72e86e7,0|255,320,7,,63,21,0.010439453125,1,0,1,0.5504133105278015,0.14974674582481384,0.0002495744847692549,val,ok,0.149775390625,1,1,28,12,40
23,10,1.0,0.20597021281719208,0.0,0.999990234375,0.17668862640857697,ground_truth,,,,0.9999974966049194,0.063759765625,btxrd-heuristic-000673,IMG001141.jpeg,0.063759765625,6529,320,masks/IMG001141.png,03ada0fecb550423cdb88f02438e5713e80f85cc842beff2e07df71fe9ba5ebd,0|255,320,5,,45,15,0.063759765625,3,0,3,0.7214490175247192,0.3613643944263458,0.002040607389062643,val,ok,0.15,1,1,19,15,34
21,12,1.0,0.2822212278842926,0.0,0.999990234375,0.2008173167705536,ground_truth,,,,0.9999275207519531,0.052685546875,btxrd-heuristic-000693,IMG001174.jpeg,0.052685546875,5395,320,masks/IMG001174.png,a3a98e7fd95588d7629c8fcb80249512c73b7a81e4d2413f7b624dcb8a7ad16c,0|255,320,6,,54,18,0.052685546875,3,0,3,0.7016628384590149,0.29959842562675476,0.0014744092477485538,val,ok,0.15,1,2,23,10,33
26,6,1.0,0.1984085887670517,0.0,0.999990234375,0.18101966381072998,ground_truth,,,,1.0,0.040576171875,btxrd-heuristic-000702,IMG001190.jpeg,0.040576171875,4155,320,masks/IMG001190.png,588bb16e618bbc31492ffa1b6bf17b8a9c22e9d4a2d3f90801518a9c88972ada,0|255,320,3,,27,9,0.0406640625,3,0,3,0.7560060620307922,0.6198313236236572,0.36804327368736267,val,ok,0.15,1,6,12,5,17
15,6,0.9999999403953552,0.21427908539772034,0.0,0.999990234375,0.19866520166397095,ground_truth,,,,0.9999997615814209,0.051962890625,btxrd-heuristic-000702,IMG001191.jpeg,0.051962890625,5321,320,masks/IMG001191.png,c4e00d2e37351a96d5576ac999671ad51e5bbbd894625743219530b87c7340e4,0|255,320,3,,27,9,0.051982421875,3,0,3,0.7487614750862122,0.4400753676891327,0.14507953822612762,val,ok,0.15,1,6,12,5,17
17,10,1.0,0.19341237843036652,0.0,0.999990234375,0.1929660588502884,ground_truth,,,,0.9999998807907104,0.017119140625,btxrd-heuristic-000707,IMG001202.jpeg,0.017119140625,1753,320,masks/IMG001202.png,7464fa06479bfea1200c61dbd3d241f88d1ce414cbbefce7c5ba4f7228035046,0|255,320,5,,45,15,0.0176171875,3,0,3,0.683739423751831,0.30143001675605774,0.020187241956591606,val,ok,0.149619140625,1,1,17,8,25
44,12,1.0,0.28838586807250977,0.0,0.999990234375,0.20137570798397064,ground_truth,,,,1.0,0.04041015625,btxrd-heuristic-000710,IMG001206.jpeg,0.04041015625,4138,320,masks/IMG001206.png,1474754357eac806a591382186479e4e04ff72029ca1e58157f78bbb65beb7e4,0|255,320,6,,54,18,0.04041015625,3,0,3,0.6852421164512634,0.5034199953079224,0.09671495854854584,val,ok,0.14978515625,1,1,21,15,36
25,14,1.0,0.2501148581504822,0.0,0.999990234375,0.2197590321302414,ground_truth,,,,0.9999896287918091,0.0489453125,btxrd-heuristic-000715,IMG001215.jpeg,0.0489453125,5012,320,masks/IMG001215.png,d3e5baafe724d780b07ef78920c446d1929aa3c712766511c4d9d030e8822971,0|255,320,7,,63,21,0.0490234375,3,0,3,0.7906849384307861,0.3235280513763428,4.055701720062643e-05,val,ok,0.15,1,6,25,11,36
20,8,1.0,0.23754289746284485,0.0,0.999990234375,0.2320958524942398,ground_truth,,,,1.0,0.089287109375,btxrd-heuristic-000715,IMG001216.jpeg,0.089287109375,9143,320,masks/IMG001216.png,a051e42f4f356792729b41bd48b1bcbe5713eebb5b7dd4b7129a4e129a24dce6,0|255,320,4,,36,12,0.089423828125,3,0,3,0.5741859674453735,0.37553420662879944,0.010920003987848759,val,ok,0.15,1,6,14,7,21
5,6,1.0,0.1575201451778412,0.0,0.999990234375,0.17224609851837158,ground_truth,,,,1.0,0.009443359375,btxrd-heuristic-000717,IMG001219.jpeg,0.009443359375,967,320,masks/IMG001219.png,2ee19afe0a57272d2d982dd43ed4eabc2a37afe8d3aa51b20ccd9d606854358e,0|255,320,3,,27,9,0.009619140625,2,0,2,0.5975564122200012,0.3544914126396179,0.03247157484292984,val,ok,0.15,1,1,12,5,17
12,10,1.0,0.15856368839740753,0.0,0.999990234375,0.17856958508491516,ground_truth,,,,0.999661922454834,0.107578125,btxrd-heuristic-000724,IMG001231.jpeg,0.107578125,11016,320,masks/IMG001231.png,19c0ca24f4248b2cd233a2ec4a19ba9e763c4836942679bd7e6d5176f87a5b10,0|255,320,5,,45,15,0.110498046875,3,0,3,0.6182676553726196,0.26928603649139404,0.002349317539483309,val,ok,0.150009765625,1,1,18,10,28
7,12,1.0,0.19354307651519775,0.0,0.999990234375,0.16666606068611145,ground_truth,,,,0.9998857975006104,0.015146484375,btxrd-heuristic-000727,IMG001235.jpeg,0.015146484375,1551,320,masks/IMG001235.png,bbada088b7a4aa613d89883ff8cd29e8ea63638563f022ddd919135baa5f3105,0|255,320,6,,54,18,0.0153125,3,0,3,0.7159988880157471,0.2276902198791504,0.002461257390677929,val,ok,0.15,1,1,18,13,31
45,16,1.0,0.24329164624214172,0.0,0.999990234375,0.17111746966838837,ground_truth,,,,1.0,0.027578125,btxrd-heuristic-000732,IMG001245.jpeg,0.027578125,2824,320,masks/IMG001245.png,952c4d541c46fe50197f3edbce721d3ad9d027d645f8cc3d0fa23f2b02105aa7,0|255,320,8,,72,24,0.027607421875,3,0,3,0.7423813939094543,0.42563289403915405,0.05212695524096489,val,ok,0.15,1,2,31,15,46
20,14,1.0,0.24531391263008118,0.0,0.999990234375,0.20579314231872559,ground_truth,,,,0.18784192204475403,0.033388671875,btxrd-heuristic-000735,IMG001248.jpeg,0.033388671875,3419,320,masks/IMG001248.png,a211f4319fe06c69f501c857482270bcac96e957711cf6b885688e46851f999b,0|255,320,7,,63,21,0.033828125,3,0,3,0.6595144867897034,0.31337329745292664,0.018886804580688477,val,ok,0.15,1,1,21,13,34
8,8,1.0,0.23045973479747772,0.0,0.999990234375,0.21929551661014557,ground_truth,,,,0.9998472929000854,0.047001953125,btxrd-heuristic-000738,IMG001251.jpeg,0.047001953125,4813,320,masks/IMG001251.png,829c92931018badbaef816f3e07c85ff851550b7c18199334b9d7a6024f605cd,0|255,320,4,,36,12,0.04826171875,3,0,3,0.6992089748382568,0.2975273132324219,0.012108935043215752,val,ok,0.149853515625,1,1,16,7,23
20,14,1.0,0.2929227948188782,0.0,0.999990234375,0.1904923915863037,ground_truth,,,,0.9949836730957031,0.043427734375,btxrd-heuristic-000745,IMG001259.jpeg,0.043427734375,4447,320,masks/IMG001259.png,87abd1a76c8c5c37715bd7773be5d1ba05669846baaa2f64fe7ec77c7577c4c7,0|255,320,7,,63,21,0.043935546875,3,0,3,0.7512924075126648,0.31959062814712524,0.001744119101203978,val,ok,0.15,1,1,24,18,42
8,8,1.0,0.18271781504154205,0.0,0.999990234375,0.18064382672309875,ground_truth,,,,0.011177683249115944,0.000927734375,btxrd-heuristic-000753,IMG001272.jpeg,0.000927734375,95,320,masks/IMG001272.png,30749563aefb79651b14ada744fc81f622c97ab358d062e103e15c88c84e3215,0|255,320,4,,36,12,0.000927734375,1,0,1,0.7514931559562683,0.2541082799434662,0.006497082766145468,val,ok,0.15,1,1,14,6,20
21,12,1.0,0.20200233161449432,0.0,0.999990234375,0.16347631812095642,ground_truth,,,,0.9999998807907104,0.044140625,btxrd-heuristic-000760,IMG001280.jpeg,0.044140625,4520,320,masks/IMG001280.png,c4f07562fdaeac3bfe9f7b61fbac5bc82de0d7da76fbb8a06d62bf2e718a9352,0|255,320,6,,54,18,0.044501953125,3,0,3,0.6817604303359985,0.283000111579895,0.00014598561392631382,val,ok,0.15,1,2,22,11,33
17,14,1.0,0.22707754373550415,0.0,0.999990234375,0.1702534407377243,ground_truth,,,,1.0,0.00822265625,btxrd-heuristic-000783,IMG001315.jpeg,0.00822265625,842,320,masks/IMG001315.png,0ad8902fa710148bfe1fa65f4ec4a87fae53a752b44b9594c56c1e65f649f6b2,0|255,320,7,,63,21,0.00822265625,3,0,3,0.762811005115509,0.2764299213886261,0.00024607559316791594,val,ok,0.15,1,1,23,11,34
20,8,1.0,0.15468285977840424,0.0,0.999990234375,0.18906250596046448,ground_truth,,,,0.9999147653579712,0.088701171875,btxrd-heuristic-000808,IMG001352.jpeg,0.088701171875,9083,320,masks/IMG001352.png,f2bf07ea8e3cf17cd6ccdffa58044cf9eb322166944d033d23161b36c8eed3c2,0|255,320,4,,36,12,0.088701171875,3,0,3,0.6496684551239014,0.3718470335006714,0.0006534837302751839,val,ok,0.15,1,8,13,6,19
26,10,1.0,0.19195908308029175,0.0,0.999990234375,0.1608252376317978,ground_truth,,,,0.9964052438735962,0.04177734375,btxrd-heuristic-000809,IMG001353.jpeg,0.04177734375,4278,320,masks/IMG001353.png,66e71de26760afc9ca3dd73d473665c58edddaae3aa0ca205a8dd6607680a658,0|255,320,5,,45,15,0.043603515625,3,0,3,0.7602584958076477,0.41468101739883423,0.005961798131465912,val,ok,0.15,1,3,16,10,26
4,6,1.0,0.2273886352777481,0.0,0.999990234375,0.17113803327083588,ground_truth,,,,0.9895229935646057,0.11720703125,btxrd-heuristic-000821,IMG001371.jpeg,0.11720703125,12002,320,masks/IMG001371.png,095c666c78d76abf4cd5c55e5acda22e24eb63a14f0482b97b137ec8377ec2cc,0|255,320,3,,27,9,0.11720703125,2,0,2,0.4426407814025879,0.32896098494529724,0.1830594539642334,val,ok,0.15,1,3,12,5,17
27,10,1.0,0.2004835307598114,0.0,0.999990234375,0.16526362299919128,ground_truth,,,,0.0009269150323234499,0.090927734375,btxrd-heuristic-000826,IMG001379.jpeg,0.090927734375,9311,320,masks/IMG001379.png,f1058ef9247063643f4c6daf187c37b43ee6b656646c3c599ec9ab3e867c7fed,0|255,320,5,,45,15,0.091640625,3,0,3,0.7140994071960449,0.4162161946296692,0.01878061145544052,val,ok,0.15,1,9,18,11,29
46,18,0.9999999403953552,0.24481786787509918,0.0,0.9999609375,0.19763509929180145,ground_truth,,,,1.0,0.00451171875,btxrd-heuristic-000833,IMG001391.jpeg,0.00451171875,462,320,masks/IMG001391.png,fcd6f9d5831583f2b4b9ce1a540bb2a458afc6823b2f2e803b33617402a223ca,0|255,320,9,,81,27,0.00451171875,3,0,3,0.7549874186515808,0.4232337772846222,0.002209802158176899,val,ok,0.15,1,2,34,25,59
1,6,1.0,0.1732534021139145,0.0,0.999990234375,0.1704513281583786,ground_truth,,,,0.13915184140205383,0.06357421875,btxrd-heuristic-000836,IMG001394.jpeg,0.06357421875,6510,320,masks/IMG001394.png,4bfa4407c59248a37d8aa13215037e3147038f26aa3f48f717e8bdc3b0f0e659,0|255,320,3,,27,9,0.064453125,1,0,1,0.46641963720321655,0.30352845788002014,0.1720329374074936,val,ok,0.15,1,1,12,5,17
24,6,1.0,0.16344386339187622,0.0,0.999990234375,0.20537593960762024,ground_truth,,,,0.20425525307655334,0.067587890625,btxrd-heuristic-000840,IMG001402.jpeg,0.067587890625,6921,320,masks/IMG001402.png,5902d37428e16e3c4d806497f6fc102c51e3be5f8123ef42666ac9c56cd2a821,0|255,320,3,,27,9,0.06763671875,3,0,3,0.6557885408401489,0.4945243299007416,0.024293484166264534,val,ok,0.15,1,8,12,5,17
13,6,1.0,0.1814747303724289,0.0,0.999990234375,0.19328157603740692,ground_truth,,,,0.34541624784469604,0.015576171875,btxrd-heuristic-000842,IMG001405.jpeg,0.015576171875,1595,320,masks/IMG001405.png,fe2f1d340f717faadad5a0931e271716c90ce0adf6ec0ac3971b2fdc122b1b71,0|255,320,3,,27,9,0.016015625,3,0,3,0.6307761669158936,0.41980692744255066,0.12079434096813202,val,ok,0.15,1,3,12,5,17
16,8,0.9999999403953552,0.12844032049179077,0.0,0.999990234375,0.16519299149513245,ground_truth,,,,0.999998927116394,0.005341796875,btxrd-heuristic-000868,IMG001448.jpeg,0.005341796875,547,320,masks/IMG001448.png,2d4f46acf2c40deac95a9ade9950e0dbafec206126560b693771bc41d718bc5a,0|255,320,4,,36,12,0.00599609375,3,0,3,0.7603732347488403,0.38457944989204407,0.0009067382197827101,val,ok,0.15,1,1,16,6,22
4,6,1.0,0.16771963238716125,0.0,0.999990234375,0.17804668843746185,ground_truth,,,,0.9998824596405029,0.084423828125,btxrd-heuristic-000871,IMG001453.jpeg,0.084423828125,8645,320,masks/IMG001453.png,c4a90a9833bb9748f0ef0ae1c4ec882869a05b43e5789b9edb6ff9d52665aeb6,0|255,320,3,,27,9,0.08443359375,2,0,2,0.6704327464103699,0.34326115250587463,0.05358615517616272,val,ok,0.15,1,9,12,5,17
1,8,1.0,0.27747443318367004,0.0,0.9999609375,0.20484738051891327,ground_truth,,,,0.8058154582977295,0.011962890625,btxrd-heuristic-000872,IMG001454.jpeg,0.011962890625,1225,320,masks/IMG001454.png,27ad633ae8eae5143e9e03dc3383ee653e66759ce8ea1a2dfea49558341ebef4,0|255,320,4,,36,12,0.012099609375,1,0,1,0.6061094999313354,0.23065444827079773,0.01890871673822403,val,ok,0.149580078125,1,1,15,6,21
20,10,1.0,0.20458807051181793,0.0,0.999990234375,0.19343623518943787,ground_truth,,,,1.0,0.087890625,btxrd-heuristic-000873,IMG001455.jpeg,0.087890625,9000,320,masks/IMG001455.png,23a0369aa48c424c37bb34c0ef8bcd045c9b61881085e5b3fa52e0ef91dfe494,0|255,320,5,,45,15,0.087939453125,3,0,3,0.7276652455329895,0.35992491245269775,0.0008196185808628798,val,ok,0.149921875,1,3,18,10,28
29,12,1.0,0.20601394772529602,0.0,0.999990234375,0.17536669969558716,ground_truth,,,,0.9941025376319885,0.01037109375,btxrd-heuristic-000880,IMG001468.jpeg,0.01037109375,1062,320,masks/IMG001468.png,54571f75b56c2411c03c286242b39d9af51dd08a77263f3fb0dd0eb7f54df184,0|255,320,6,,54,18,0.01037109375,3,0,3,0.7613126635551453,0.4322376251220703,0.004281316883862019,val,ok,0.14998046875,1,1,20,11,31
20,18,0.9999999403953552,0.2570347487926483,0.0,0.9999609375,0.17133471369743347,ground_truth,,,,0.0030750101432204247,0.01384765625,btxrd-heuristic-000883,IMG001473.jpeg,0.01384765625,1418,320,masks/IMG001473.png,97a4e5c29809e4a99c023d6af1c15373ac312b12edbed8175317eaae2fdf3c22,0|255,320,9,,78,26,0.013896484375,3,0,3,0.7366132736206055,0.27319809794425964,0.0033538625575602055,val,ok,0.15,1,3,30,15,45
26,12,1.0,0.1471359133720398,0.0,0.999990234375,0.16247960925102234,ground_truth,,,,1.3502507499651983e-05,0.0,btxrd-heuristic-000885,IMG001476.jpeg,0.0,0,320,masks/IMG001476.png,14bf4fc16d7e9f17cb073a83ba89ab04bd4c22a2b6f80f25bf73a67ce7a0a340,0,320,6,no_candidate_survived_or_postprocess_empty,54,18,0.018544921875,3,0,3,0.7663233280181885,0.382434606552124,0.0011370123829692602,val,empty_after_localization,0.15,1,3,20,10,30
0,12,1.0,0.2572469711303711,0.0,0.999990234375,0.2036433219909668,ground_truth,,,,0.00824829749763012,0.0,btxrd-heuristic-000889,IMG001483.jpeg,0.0,0,320,masks/IMG001483.png,14bf4fc16d7e9f17cb073a83ba89ab04bd4c22a2b6f80f25bf73a67ce7a0a340,0,320,6,no_candidate_survived_or_postprocess_empty,54,18,0.0,0,0,0,0.3090185821056366,0.15388889610767365,0.019297679886221886,val,empty_after_localization,0.15,1,8,22,11,33
19,8,1.0,0.19952459633350372,0.0,0.999990234375,0.19385293126106262,ground_truth,,,,0.9998565912246704,0.016484375,btxrd-heuristic-000893,IMG001490.jpeg,0.016484375,1688,320,masks/IMG001490.png,56a34e8ddf6016199324dfd6a987828376237801582c07fd3e155140c4232a8a,0|255,320,4,,36,12,0.017001953125,3,0,3,0.7168830037117004,0.397251158952713,0.03873846307396889,val,ok,0.15,1,3,14,7,21
22,8,1.0,0.18965469300746918,0.0,0.999990234375,0.20381149649620056,ground_truth,,,,0.9998507499694824,0.0048046875,btxrd-heuristic-000893,IMG001491.jpeg,0.0048046875,492,320,masks/IMG001491.png,4b88fbcd6cd42f7b2487f18e1646dd3deff5f13f95ab393a21bead89ec2bb529,0|255,320,4,,36,12,0.0048046875,3,0,3,0.7569848895072937,0.4312516450881958,0.018845364451408386,val,ok,0.15,1,3,13,6,19
34,18,1.0,0.36265915632247925,0.0,0.9999609375,0.22206439077854156,ground_truth,,,,1.0,0.061748046875,btxrd-heuristic-000907,IMG001517.jpeg,0.061748046875,6323,320,masks/IMG001517.png,ac71da9b6407a0c752119096d47a27bdb83f0eb77fe13cb1f9f935e6b5599975,0|255,320,9,,81,27,0.061943359375,3,0,3,0.6850885152816772,0.31077277660369873,0.0017254803096875548,val,ok,0.131416015625,1,2,31,15,46
12,6,0.9999999403953552,0.14168626070022583,0.0,0.999990234375,0.17455630004405975,ground_truth,,,,0.30233749747276306,0.114140625,btxrd-heuristic-000916,IMG001538.jpeg,0.114140625,11688,320,masks/IMG001538.png,53af79abb1604aaffccce86b5390eb26e3c5a62405bbc214296a42541dfff426,0|255,320,3,,27,9,0.1143359375,3,0,3,0.4817502498626709,0.3485010862350464,0.11176653206348419,val,ok,0.15,1,4,12,5,17
24,8,1.0,0.1561506688594818,0.0,0.999990234375,0.18062129616737366,ground_truth,,,,0.6147868633270264,0.08458984375,btxrd-heuristic-000916,IMG001539.jpeg,0.08458984375,8662,320,masks/IMG001539.png,10d750b43a30c8f81e1081ce0e18f83d1a3c2dbf60f7632b2f02e68447573ce2,0|255,320,4,,36,12,0.08587890625,3,0,3,0.6832669377326965,0.39759936928749084,0.04632116109132767,val,ok,0.15,1,4,13,10,23
8,8,1.0,0.2572944164276123,0.0,0.999990234375,0.2226906567811966,ground_truth,,,,0.9999902248382568,0.134453125,btxrd-heuristic-000922,IMG001551.jpeg,0.134453125,13768,320,masks/IMG001551.png,e28036d49d1b1f5866545779dae77a3ae4a60be29176af1a0ffbcdc932c135b9,0|255,320,4,,36,12,0.134453125,3,0,3,0.47697263956069946,0.3132764995098114,0.004566861316561699,val,ok,0.15,1,4,16,10,26
30,16,1.0,0.24616724252700806,0.0,0.999990234375,0.19372256100177765,ground_truth,,,,0.9999916553497314,0.013154296875,btxrd-heuristic-000930,IMG001563.jpeg,0.013154296875,1347,320,masks/IMG001563.png,7ec14004428ba0e5a88330c8c89f5677853b1df44eaf57d2cd8e21a2ecfdbd1b,0|255,320,8,,72,24,0.013798828125,3,0,3,0.7623503804206848,0.32859787344932556,0.0008884694543667138,val,ok,0.15,1,2,29,20,49
19,8,1.0,0.19499649107456207,0.0,0.999990234375,0.21946753561496735,ground_truth,,,,0.03255851939320564,0.06974609375,btxrd-heuristic-000940,IMG001580.jpeg,0.06974609375,7142,320,masks/IMG001580.png,d6caf54bbe101c0e07a7bc1d62cec86beb612c47213c502b55f0e5282059da48,0|255,320,4,,36,12,0.069970703125,3,0,3,0.7261168360710144,0.4238553047180176,0.0894910916686058,val,ok,0.14990234375,1,4,13,7,20
23,6,1.0,0.1467168629169464,0.0,0.999990234375,0.1648651361465454,ground_truth,,,,0.22777734696865082,0.053720703125,btxrd-heuristic-000940,IMG001581.jpeg,0.053720703125,5501,320,masks/IMG001581.png,05099ea475247e9e9c676b8e234f1136e92b585fcb601667ffe5c6c6463821d6,0|255,320,3,,27,9,0.0541015625,3,0,3,0.7517132759094238,0.5343803763389587,0.06742460280656815,val,ok,0.15,1,4,12,5,17
13,12,1.0,0.17183464765548706,0.0,0.999990234375,0.1452980637550354,ground_truth,,,,0.9999964237213135,0.036474609375,btxrd-heuristic-000951,IMG001601.jpeg,0.036474609375,3735,320,masks/IMG001601.png,54abc8bb139e0c12c0c4c3e8aa0e0a97ae4499dfb90c8c4885220b0d4e62996c,0|255,320,6,,54,18,0.0373046875,3,0,3,0.5261556506156921,0.2203514128923416,0.001474917633458972,val,ok,0.147607421875,1,3,23,12,35
38,16,1.0,0.2660880982875824,0.0,0.999990234375,0.19304212927818298,ground_truth,,,,1.0,0.074462890625,btxrd-heuristic-000955,IMG001606.jpeg,0.074462890625,7625,320,masks/IMG001606.png,56d05655aa3599025d28fc699d676cf3f03dead7394d213c3d4d9509da26721a,0|255,320,8,,72,24,0.074765625,3,0,3,0.708886444568634,0.34868335723876953,0.00018051099323201925,val,ok,0.148720703125,1,2,27,18,45
46,16,0.9999999403953552,0.26901042461395264,0.0,0.999990234375,0.1844523549079895,ground_truth,,,,0.8571743369102478,0.006435546875,btxrd-heuristic-000956,IMG001607.jpeg,0.006435546875,659,320,masks/IMG001607.png,fb27daaa7dc0fd730d850673e917d04faf4584764023816e088e8df776863480,0|255,320,8,,72,24,0.006435546875,3,0,3,0.755358099937439,0.49217700958251953,0.06708944588899612,val,ok,0.15,1,1,32,15,47
18,10,1.0,0.22330337762832642,0.0,0.999990234375,0.19895555078983307,ground_truth,,,,0.9938540458679199,0.034345703125,btxrd-heuristic-000959,IMG001612.jpeg,0.034345703125,3517,320,masks/IMG001612.png,55e5b7a53bb3904a9ced46304c6f031b721f22b7420538d113fd9ece52ad5a32,0|255,320,5,,45,15,0.03470703125,3,0,3,0.7777404189109802,0.3598267138004303,0.0023431589361280203,val,ok,0.15,1,3,18,13,31
17,10,1.0,0.16403795778751373,0.0,0.999990234375,0.2169352024793625,ground_truth,,,,0.8639320135116577,0.095234375,btxrd-heuristic-000962,IMG001617.jpeg,0.095234375,9752,320,masks/IMG001617.png,1b646b54c9b4298c7cbf8fe5be11270ddf998a500a837a02362a9157d4545e37,0|255,320,5,,45,15,0.09609375,3,0,3,0.6142358779907227,0.2967245280742645,0.0005944469012320042,val,ok,0.15,1,8,15,8,23
0,16,1.0,0.2809586226940155,0.0,0.999990234375,0.21662329137325287,ground_truth,,,,1.9010552705367445e-06,0.0,btxrd-heuristic-000972,IMG001632.jpeg,0.0,0,320,masks/IMG001632.png,14bf4fc16d7e9f17cb073a83ba89ab04bd4c22a2b6f80f25bf73a67ce7a0a340,0,320,8,no_candidate_survived_or_postprocess_empty,72,24,0.0,0,0,0,0.35250920057296753,0.10637863725423813,0.0004336961137596518,val,empty_after_localization,0.15,1,3,24,17,41
25,18,1.0,0.26432034373283386,0.0,0.999990234375,0.16879203915596008,ground_truth,,,,1.0,0.00291015625,btxrd-heuristic-000978,IMG001638.jpeg,0.00291015625,298,320,masks/IMG001638.png,78134e58aa449f6ca39448776183036797ae3c3ecd53864765a2ff4b5bbcf4ee,0|255,320,9,,81,27,0.00291015625,3,0,3,0.7541062831878662,0.2534402012825012,0.00816730409860611,val,ok,0.149052734375,1,2,33,18,51
22,18,1.0,0.3136804401874542,0.0,0.999990234375,0.1624366194009781,ground_truth,,,,1.0,0.042099609375,btxrd-heuristic-000981,IMG001642.jpeg,0.042099609375,4311,320,masks/IMG001642.png,205f12fad1339a313678a34b067a9f792b1485eb85b19e95174496078776e21d,0|255,320,9,,81,27,0.042587890625,3,0,3,0.6671067476272583,0.29811662435531616,0.003990798257291317,val,ok,0.134140625,1,2,33,15,48
25,14,1.0,0.23974378407001495,0.0,0.999990234375,0.21010661125183105,ground_truth,,,,1.0,0.01390625,btxrd-heuristic-000982,IMG001643.jpeg,0.01390625,1424,320,masks/IMG001643.png,0be27bebcad943434d5f7e9e55656d480366c76a640c59e58c5abe2b0a2bf855,0|255,320,7,,63,21,0.01392578125,3,0,3,0.7560040950775146,0.37184903025627136,0.0024119168519973755,val,ok,0.15,1,2,24,13,37
29,16,1.0,0.27113860845565796,0.0,0.999990234375,0.21144165098667145,ground_truth,,,,1.0,0.00849609375,btxrd-heuristic-000993,IMG001661.jpeg,0.00849609375,870,320,masks/IMG001661.png,ddb98ea36f423b3ae461dd561135f49e102689891a1e6da9885f53b48baa6c1e,0|255,320,8,,72,24,0.00849609375,3,0,3,0.7615343928337097,0.3372737169265747,0.0004401621699798852,val,ok,0.14923828125,1,2,26,16,42
22,12,1.0,0.21668261289596558,0.0,0.999990234375,0.19161559641361237,ground_truth,,,,1.0,0.04712890625,btxrd-heuristic-000997,IMG001666.jpeg,0.04712890625,4826,320,masks/IMG001666.png,37fb2a45e78a9de926514f89c3061b73c6843634a600bb74727efc49c0c1a947,0|255,320,6,,54,18,0.047275390625,3,0,3,0.7516283392906189,0.38278108835220337,0.012388957664370537,val,ok,0.15,1,2,23,12,35
25,18,0.9999999403953552,0.29151082038879395,0.0,0.999990234375,0.1862410008907318,ground_truth,,,,1.0,0.0179296875,btxrd-heuristic-001029,IMG001716.jpeg,0.0179296875,1836,320,masks/IMG001716.png,47b0500ae44e1abcbebba8df99191c81a6f9f3187001487f896e69ab002e5164,0|255,320,9,,81,27,0.0179296875,3,0,3,0.7600465416908264,0.3113348186016083,0.001130886492319405,val,ok,0.14115234375,1,9,36,21,57
26,18,1.0,0.19910874962806702,0.0,0.999990234375,0.17739246785640717,ground_truth,,,,0.9998844861984253,0.002685546875,btxrd-heuristic-001031,IMG001719.jpeg,0.002685546875,275,320,masks/IMG001719.png,6553caf9dd706f4bd3ffe04eb588406b3218a322f0d83a5524ceb0feb60d721a,0|255,320,9,,81,27,0.002685546875,3,0,3,0.7546107172966003,0.32421109080314636,0.00014930637553334236,val,ok,0.15,1,5,36,21,57
26,14,1.0,0.27148109674453735,0.0,0.999990234375,0.18269984424114227,ground_truth,,,,0.9999998807907104,0.00453125,btxrd-heuristic-001033,IMG001723.jpeg,0.00453125,464,320,masks/IMG001723.png,50b05df715417c1313f6b9676dbeb2f0d2f47b5a50a2314ff4d3f5ea5520ed1a,0|255,320,7,,63,21,0.00453125,3,0,3,0.755275309085846,0.33133164048194885,0.00129746925085783,val,ok,0.15,1,1,25,16,41
38,12,1.0,0.19574208557605743,0.0,0.9999609375,0.18080975115299225,ground_truth,,,,1.0,0.06767578125,btxrd-heuristic-001047,IMG001744.jpeg,0.06767578125,6930,320,masks/IMG001744.png,7a14dc7f434f01fc51a4956a90e8b360564c5f0dddbc7f5d87a55aeef2e24fbe,0|255,320,6,,54,18,0.067724609375,3,0,3,0.7519621849060059,0.46028268337249756,0.00044377282029017806,val,ok,0.15,1,4,21,13,34
31,16,1.0,0.15393775701522827,0.0,0.999990234375,0.15714474022388458,ground_truth,,,,0.9999948740005493,0.00146484375,btxrd-heuristic-001056,IMG001759.jpeg,0.00146484375,150,320,masks/IMG001759.png,4b39fa77b5a8fcc0ff8ffaafdc3abc5408fce16d979832301adacd892fa7e609,0|255,320,8,,72,24,0.00146484375,3,0,3,0.7536730766296387,0.32303088903427124,0.0013230411568656564,val,ok,0.149365234375,1,1,26,16,42
31,12,1.0,0.20570190250873566,0.0,0.999990234375,0.17516548931598663,ground_truth,,,,0.9999996423721313,0.014326171875,btxrd-heuristic-001057,IMG001760.jpeg,0.014326171875,1467,320,masks/IMG001760.png,072b76a74a2a66485b3ea15a8d76373663780ce3d431f4970dbb6ba692d80025,0|255,320,6,,51,17,0.01869140625,3,0,3,0.7360312342643738,0.4465535879135132,0.00016087846597656608,val,ok,0.14935546875,1,8,19,10,29
6,10,1.0,0.20386166870594025,0.0,0.999990234375,0.1859024614095688,ground_truth,,,,1.0,0.14548828125,btxrd-heuristic-001057,IMG001761.jpeg,0.14548828125,14898,320,masks/IMG001761.png,2a32394bdb3f23c76257b710d92339dfb98ef688d231ff4f7790516d2a424794,0|255,320,5,,45,15,0.145556640625,3,0,3,0.4783840477466583,0.22472020983695984,0.001206142595037818,val,ok,0.15,1,8,20,7,27
27,18,1.0,0.28115761280059814,0.0,0.9999609375,0.16992871463298798,ground_truth,,,,0.9984403252601624,0.019345703125,btxrd-heuristic-001069,IMG001781.jpeg,0.019345703125,1981,320,masks/IMG001781.png,c70d1ade9644cc407bd63e78c73e9a13a0ef9cb770c053de1d6d38fb00a0b4f6,0|255,320,9,,81,27,0.019345703125,3,0,3,0.7764848470687866,0.2763693630695343,0.00047592786722816527,val,ok,0.14306640625,1,7,36,20,56
24,18,1.0,0.29604199528694153,0.0,0.999990234375,0.16357234120368958,ground_truth,,,,1.0,0.00447265625,btxrd-heuristic-001070,IMG001782.jpeg,0.00447265625,458,320,masks/IMG001782.png,12ea0c23289a37d139f132e9e5a5db3e21faa83291d90a2623ceace8b8b901f8,0|255,320,9,,81,27,0.00447265625,3,0,3,0.7577192783355713,0.2558721899986267,0.0004582489200402051,val,ok,0.15,1,7,32,27,59
30,14,1.0,0.23134727776050568,0.0,0.999990234375,0.18290846049785614,ground_truth,,,,0.999984860420227,0.010498046875,btxrd-heuristic-001073,IMG001785.jpeg,0.010498046875,1075,320,masks/IMG001785.png,1966d9db94606ca43d9c9a382e28889dfe0b00b2f63de2440aeb0ed44b0a60df,0|255,320,7,,63,21,0.010498046875,3,0,3,0.7665236592292786,0.38177162408828735,0.008951676078140736,val,ok,0.1491015625,1,7,25,16,41
43,14,1.0,0.18470561504364014,0.0,0.999990234375,0.17678295075893402,ground_truth,,,,1.0,0.005498046875,btxrd-heuristic-001074,IMG001786.jpeg,0.005498046875,563,320,masks/IMG001786.png,7e3fe5abd62f53e54010e75be8b006041ddd642994312564c8718f2775413a5d,0|255,320,7,,63,21,0.005498046875,3,0,3,0.7538459300994873,0.5184337496757507,0.12042377889156342,val,ok,0.15,1,1,22,14,36
35,16,1.0,0.24086706340312958,0.0,0.999990234375,0.20095977187156677,ground_truth,,,,1.0,0.0125390625,btxrd-heuristic-001077,IMG001791.jpeg,0.0125390625,1284,320,masks/IMG001791.png,26019b9c00bbfdfbad07993cf25fe32b95f04a9e1f0f654d6204b3f9cd584558,0|255,320,8,,72,24,0.012607421875,3,0,3,0.7540309429168701,0.3789009153842926,0.0057984208688139915,val,ok,0.15,1,7,30,17,47
18,8,1.0,0.20999698340892792,0.0,0.999990234375,0.19052697718143463,ground_truth,,,,0.9999991655349731,0.060068359375,btxrd-heuristic-001080,IMG001795.jpeg,0.060068359375,6151,320,masks/IMG001795.png,832b1d720c9d6c55bd273d98db9886f117cfc6f07c5cf6d49ab6c09dce661097,0|255,320,4,,36,12,0.060615234375,3,0,3,0.6971637606620789,0.3536301851272583,0.00350663298740983,val,ok,0.15,1,2,15,6,21
51,18,0.9999999403953552,0.1974288821220398,0.0,0.999990234375,0.1894369125366211,ground_truth,,,,0.9989451766014099,0.011943359375,btxrd-heuristic-001083,IMG001798.jpeg,0.011943359375,1223,320,masks/IMG001798.png,cb3c5f542c1094965e84f3a1b7f66815d2ceb4132dff28052fdf0de6d6c1e1e1,0|255,320,9,,81,27,0.011943359375,3,0,3,0.7561904788017273,0.46776092052459717,0.003854588372632861,val,ok,0.149560546875,1,7,27,18,45
42,16,1.0,0.21950925886631012,0.0,0.999990234375,0.1916114091873169,ground_truth,,,,1.0,0.001611328125,btxrd-heuristic-001104,IMG001828.jpeg,0.001611328125,165,320,masks/IMG001828.png,debc93719b5fc21c7733a08fe726901c799d2d336f1f7e071607843e22d8f87c,0|255,320,8,,72,24,0.001611328125,3,0,3,0.751753568649292,0.43441957235336304,0.0002899197570513934,val,ok,0.15,1,1,23,14,37
14,16,1.0,0.2425694614648819,0.0,0.999990234375,0.16902852058410645,ground_truth,,,,0.9999998807907104,0.00146484375,btxrd-heuristic-001118,IMG001858.jpeg,0.00146484375,150,320,masks/IMG001858.png,4b39fa77b5a8fcc0ff8ffaafdc3abc5408fce16d979832301adacd892fa7e609,0|255,320,8,,72,24,0.00146484375,3,0,3,0.7529190182685852,0.22732755541801453,0.00017161630967166275,val,ok,0.15,1,2,22,22,44
22,16,1.0,0.1983792632818222,0.0,0.999990234375,0.16287873685359955,ground_truth,,,,1.0,0.037099609375,btxrd-heuristic-001123,IMG001867.jpeg,0.037099609375,3799,320,masks/IMG001867.png,5b1a31e4e6b58ab2d4b5d2f7981f3cf06e3c8c561716734b69103953add1b512,0|255,320,8,,72,24,0.03720703125,3,0,3,0.7567664384841919,0.32468855381011963,0.0034976594615727663,val,ok,0.15,1,8,27,16,43
0,0,,,,,,ground_truth,,,,0.012795734219253063,0.0,btxrd-heuristic-001124,IMG001868.jpeg,0.0,0,320,masks/IMG001868.png,14bf4fc16d7e9f17cb073a83ba89ab04bd4c22a2b6f80f25bf73a67ce7a0a340,0,320,0,known_image_label_normal,0,0,0.0,0,0,0,,,,val,empty_by_image_gate,0.0,0,0,0,0,0
0,0,,,,,,ground_truth,,,,0.0008863325347192585,0.0,btxrd-heuristic-001124,IMG001869.jpeg,0.0,0,320,masks/IMG001869.png,14bf4fc16d7e9f17cb073a83ba89ab04bd4c22a2b6f80f25bf73a67ce7a0a340,0,320,0,known_image_label_normal,0,0,0.0,0,0,0,,,,val,empty_by_image_gate,0.0,0,0,0,0,0
0,0,,,,,,ground_truth,,,,0.8298066854476929,0.0,btxrd-heuristic-001124,IMG001870.jpeg,0.0,0,320,masks/IMG001870.png,14bf4fc16d7e9f17cb073a83ba89ab04bd4c22a2b6f80f25bf73a67ce7a0a340,0,320,0,known_image_label_normal,0,0,0.0,0,0,0,,,,val,empty_by_image_gate,0.0,0,0,0,0,0
0,0,,,,,,ground_truth,,,,0.0008193377288989723,0.0,btxrd-heuristic-001124,IMG001871.jpeg,0.0,0,320,masks/IMG001871.png,14bf4fc16d7e9f17cb073a83ba89ab04bd4c22a2b6f80f25bf73a67ce7a0a340,0,320,0,known_image_label_normal,0,0,0.0,0,0,0,,,,val,empty_by_image_gate,0.0,0,0,0,0,0
0,0,,,,,,ground_truth,,,,0.3444572687149048,0.0,btxrd-heuristic-001125,IMG001872.jpeg,0.0,0,320,masks/IMG001872.png,14bf4fc16d7e9f17cb073a83ba89ab04bd4c22a2b6f80f25bf73a67ce7a0a340,0,320,0,known_image_label_normal,0,0,0.0,0,0,0,,,,val,empty_by_image_gate,0.0,0,0,0,0,0
0,0,,,,,,ground_truth,,,,0.00037847369094379246,0.0,btxrd-heuristic-001127,IMG001874.jpeg,0.0,0,320,masks/IMG001874.png,14bf4fc16d7e9f17cb073a83ba89ab04bd4c22a2b6f80f25bf73a67ce7a0a340,0,320,0,known_image_label_normal,0,0,0.0,0,0,0,,,,val,empty_by_image_gate,0.0,0,0,0,0,0
0,0,,,,,,ground_truth,,,,0.000617902260273695,0.0,btxrd-heuristic-001127,IMG001875.jpeg,0.0,0,320,masks/IMG001875.png,14bf4fc16d7e9f17cb073a83ba89ab04bd4c22a2b6f80f25bf73a67ce7a0a340,0,320,0,known_image_label_normal,0,0,0.0,0,0,0,,,,val,empty_by_image_gate,0.0,0,0,0,0,0
0,0,,,,,,ground_truth,,,,0.00016614599735476077,0.0,btxrd-heuristic-001127,IMG001876.jpeg,0.0,0,320,masks/IMG001876.png,14bf4fc16d7e9f17cb073a83ba89ab04bd4c22a2b6f80f25bf73a67ce7a0a340,0,320,0,known_image_label_normal,0,0,0.0,0,0,0,,,,val,empty_by_image_gate,0.0,0,0,0,0,0
0,0,,,,,,ground_truth,,,,0.06976968795061111,0.0,btxrd-heuristic-001127,IMG001877.jpeg,0.0,0,320,masks/IMG001877.png,14bf4fc16d7e9f17cb073a83ba89ab04bd4c22a2b6f80f25bf73a67ce7a0a340,0,320,0,known_image_label_normal,0,0,0.0,0,0,0,,,,val,empty_by_image_gate,0.0,0,0,0,0,0
0,0,,,,,,ground_truth,,,,0.9992990493774414,0.0,btxrd-heuristic-001130,IMG001881.jpeg,0.0,0,320,masks/IMG001881.png,14bf4fc16d7e9f17cb073a83ba89ab04bd4c22a2b6f80f25bf73a67ce7a0a340,0,320,0,known_image_label_normal,0,0,0.0,0,0,0,,,,val,empty_by_image_gate,0.0,0,0,0,0,0
0,0,,,,,,ground_truth,,,,0.9896414875984192,0.0,btxrd-heuristic-001132,IMG001883.jpeg,0.0,0,320,masks/IMG001883.png,14bf4fc16d7e9f17cb073a83ba89ab04bd4c22a2b6f80f25bf73a67ce7a0a340,0,320,0,known_image_label_normal,0,0,0.0,0,0,0,,,,val,empty_by_image_gate,0.0,0,0,0,0,0
0,0,,,,,,ground_truth,,,,6.282830922188509e-10,0.0,btxrd-heuristic-001134,IMG001887.jpeg,0.0,0,320,masks/IMG001887.png,14bf4fc16d7e9f17cb073a83ba89ab04bd4c22a2b6f80f25bf73a67ce7a0a340,0,320,0,known_image_label_normal,0,0,0.0,0,0,0,,,,val,empty_by_image_gate,0.0,0,0,0,0,0
0,0,,,,,,ground_truth,,,,9.576026968716178e-06,0.0,btxrd-heuristic-001134,IMG001888.jpeg,0.0,0,320,masks/IMG001888.png,14bf4fc16d7e9f17cb073a83ba89ab04bd4c22a2b6f80f25bf73a67ce7a0a340,0,320,0,known_image_label_normal,0,0,0.0,0,0,0,,,,val,empty_by_image_gate,0.0,0,0,0,0,0
0,0,,,,,,ground_truth,,,,4.846368710786919e-07,0.0,btxrd-heuristic-001134,IMG001889.jpeg,0.0,0,320,masks/IMG001889.png,14bf4fc16d7e9f17cb073a83ba89ab04bd4c22a2b6f80f25bf73a67ce7a0a340,0,320,0,known_image_label_normal,0,0,0.0,0,0,0,,,,val,empty_by_image_gate,0.0,0,0,0,0,0
0,0,,,,,,ground_truth,,,,2.8837660011049593e-06,0.0,btxrd-heuristic-001134,IMG001890.jpeg,0.0,0,320,masks/IMG001890.png,14bf4fc16d7e9f17cb073a83ba89ab04bd4c22a2b6f80f25bf73a67ce7a0a340,0,320,0,known_image_label_normal,0,0,0.0,0,0,0,,,,val,empty_by_image_gate,0.0,0,0,0,0,0
0,0,,,,,,ground_truth,,,,2.9738937428192003e-06,0.0,btxrd-heuristic-001141,IMG001915.jpeg,0.0,0,320,masks/IMG001915.png,14bf4fc16d7e9f17cb073a83ba89ab04bd4c22a2b6f80f25bf73a67ce7a0a340,0,320,0,known_image_label_normal,0,0,0.0,0,0,0,,,,val,empty_by_image_gate,0.0,0,0,0,0,0
0,0,,,,,,ground_truth,,,,4.717238698503934e-05,0.0,btxrd-heuristic-001141,IMG001916.jpeg,0.0,0,320,masks/IMG001916.png,14bf4fc16d7e9f17cb073a83ba89ab04bd4c22a2b6f80f25bf73a67ce7a0a340,0,320,0,known_image_label_normal,0,0,0.0,0,0,0,,,,val,empty_by_image_gate,0.0,0,0,0,0,0
0,0,,,,,,ground_truth,,,,3.439341185185185e-07,0.0,btxrd-heuristic-001141,IMG001917.jpeg,0.0,0,320,masks/IMG001917.png,14bf4fc16d7e9f17cb073a83ba89ab04bd4c22a2b6f80f25bf73a67ce7a0a340,0,320,0,known_image_label_normal,0,0,0.0,0,0,0,,,,val,empty_by_image_gate,0.0,0,0,0,0,0
0,0,,,,,,ground_truth,,,,4.306944276777358e-07,0.0,btxrd-heuristic-001141,IMG001918.jpeg,0.0,0,320,masks/IMG001918.png,14bf4fc16d7e9f17cb073a83ba89ab04bd4c22a2b6f80f25bf73a67ce7a0a340,0,320,0,known_image_label_normal,0,0,0.0,0,0,0,,,,val,empty_by_image_gate,0.0,0,0,0,0,0
0,0,,,,,,ground_truth,,,,0.005777799990028143,0.0,btxrd-heuristic-001145,IMG001932.jpeg,0.0,0,320,masks/IMG001932.png,14bf4fc16d7e9f17cb073a83ba89ab04bd4c22a2b6f80f25bf73a67ce7a0a340,0,320,0,known_image_label_normal,0,0,0.0,0,0,0,,,,val,empty_by_image_gate,0.0,0,0,0,0,0
0,0,,,,,,ground_truth,,,,9.89325599221047e-06,0.0,btxrd-heuristic-001145,IMG001933.jpeg,0.0,0,320,masks/IMG001933.png,14bf4fc16d7e9f17cb073a83ba89ab04bd4c22a2b6f80f25bf73a67ce7a0a340,0,320,0,known_image_label_normal,0,0,0.0,0,0,0,,,,val,empty_by_image_gate,0.0,0,0,0,0,0
0,0,,,,,,ground_truth,,,,1.3189021046855487e-05,0.0,btxrd-heuristic-001145,IMG001934.jpeg,0.0,0,320,masks/IMG001934.png,14bf4fc16d7e9f17cb073a83ba89ab04bd4c22a2b6f80f25bf73a67ce7a0a340,0,320,0,known_image_label_normal,0,0,0.0,0,0,0,,,,val,empty_by_image_gate,0.0,0,0,0,0,0
0,0,,,,,,ground_truth,,,,3.7514935684157535e-05,0.0,btxrd-heuristic-001147,IMG001937.jpeg,0.0,0,320,masks/IMG001937.png,14bf4fc16d7e9f17cb073a83ba89ab04bd4c22a2b6f80f25bf73a67ce7a0a340,0,320,0,known_image_label_normal,0,0,0.0,0,0,0,,,,val,empty_by_image_gate,0.0,0,0,0,0,0
0,0,,,,,,ground_truth,,,,0.9558295607566833,0.0,btxrd-heuristic-001148,IMG001938.jpeg,0.0,0,320,masks/IMG001938.png,14bf4fc16d7e9f17cb073a83ba89ab04bd4c22a2b6f80f25bf73a67ce7a0a340,0,320,0,known_image_label_normal,0,0,0.0,0,0,0,,,,val,empty_by_image_gate,0.0,0,0,0,0,0
0,0,,,,,,ground_truth,,,,0.005649687722325325,0.0,btxrd-heuristic-001148,IMG001939.jpeg,0.0,0,320,masks/IMG001939.png,14bf4fc16d7e9f17cb073a83ba89ab04bd4c22a2b6f80f25bf73a67ce7a0a340,0,320,0,known_image_label_normal,0,0,0.0,0,0,0,,,,val,empty_by_image_gate,0.0,0,0,0,0,0
0,0,,,,,,ground_truth,,,,0.01266248058527708,0.0,btxrd-heuristic-001148,IMG001940.jpeg,0.0,0,320,masks/IMG001940.png,14bf4fc16d7e9f17cb073a83ba89ab04bd4c22a2b6f80f25bf73a67ce7a0a340,0,320,0,known_image_label_normal,0,0,0.0,0,0,0,,,,val,empty_by_image_gate,0.0,0,0,0,0,0
0,0,,,,,,ground_truth,,,,2.2221800463739783e-05,0.0,btxrd-heuristic-001149,IMG001941.jpeg,0.0,0,320,masks/IMG001941.png,14bf4fc16d7e9f17cb073a83ba89ab04bd4c22a2b6f80f25bf73a67ce7a0a340,0,320,0,known_image_label_normal,0,0,0.0,0,0,0,,,,val,empty_by_image_gate,0.0,0,0,0,0,0
0,0,,,,,,ground_truth,,,,0.00016183426487259567,0.0,btxrd-heuristic-001149,IMG001942.jpeg,0.0,0,320,masks/IMG001942.png,14bf4fc16d7e9f17cb073a83ba89ab04bd4c22a2b6f80f25bf73a67ce7a0a340,0,320,0,known_image_label_normal,0,0,0.0,0,0,0,,,,val,empty_by_image_gate,0.0,0,0,0,0,0
0,0,,,,,,ground_truth,,,,0.00012319072266109288,0.0,btxrd-heuristic-001152,IMG001959.jpeg,0.0,0,320,masks/IMG001959.png,14bf4fc16d7e9f17cb073a83ba89ab04bd4c22a2b6f80f25bf73a67ce7a0a340,0,320,0,known_image_label_normal,0,0,0.0,0,0,0,,,,val,empty_by_image_gate,0.0,0,0,0,0,0
0,0,,,,,,ground_truth,,,,0.0009317375952377915,0.0,btxrd-heuristic-001162,IMG002005.jpeg,0.0,0,320,masks/IMG002005.png,14bf4fc16d7e9f17cb073a83ba89ab04bd4c22a2b6f80f25bf73a67ce7a0a340,0,320,0,known_image_label_normal,0,0,0.0,0,0,0,,,,val,empty_by_image_gate,0.0,0,0,0,0,0
0,0,,,,,,ground_truth,,,,9.65208382694982e-05,0.0,btxrd-heuristic-001162,IMG002006.jpeg,0.0,0,320,masks/IMG002006.png,14bf4fc16d7e9f17cb073a83ba89ab04bd4c22a2b6f80f25bf73a67ce7a0a340,0,320,0,known_image_label_normal,0,0,0.0,0,0,0,,,,val,empty_by_image_gate,0.0,0,0,0,0,0
0,0,,,,,,ground_truth,,,,0.9974040389060974,0.0,btxrd-heuristic-001162,IMG002007.jpeg,0.0,0,320,masks/IMG002007.png,14bf4fc16d7e9f17cb073a83ba89ab04bd4c22a2b6f80f25bf73a67ce7a0a340,0,320,0,known_image_label_normal,0,0,0.0,0,0,0,,,,val,empty_by_image_gate,0.0,0,0,0,0,0
0,0,,,,,,ground_truth,,,,0.8028103113174438,0.0,btxrd-heuristic-001168,IMG002030.jpeg,0.0,0,320,masks/IMG002030.png,14bf4fc16d7e9f17cb073a83ba89ab04bd4c22a2b6f80f25bf73a67ce7a0a340,0,320,0,known_image_label_normal,0,0,0.0,0,0,0,,,,val,empty_by_image_gate,0.0,0,0,0,0,0
0,0,,,,,,ground_truth,,,,6.837473165433039e-08,0.0,btxrd-heuristic-001170,IMG002035.jpeg,0.0,0,320,masks/IMG002035.png,14bf4fc16d7e9f17cb073a83ba89ab04bd4c22a2b6f80f25bf73a67ce7a0a340,0,320,0,known_image_label_normal,0,0,0.0,0,0,0,,,,val,empty_by_image_gate,0.0,0,0,0,0,0
0,0,,,,,,ground_truth,,,,0.00020352320279926062,0.0,btxrd-heuristic-001171,IMG002036.jpeg,0.0,0,320,masks/IMG002036.png,14bf4fc16d7e9f17cb073a83ba89ab04bd4c22a2b6f80f25bf73a67ce7a0a340,0,320,0,known_image_label_normal,0,0,0.0,0,0,0,,,,val,empty_by_image_gate,0.0,0,0,0,0,0
0,0,,,,,,ground_truth,,,,0.0019164389232173562,0.0,btxrd-heuristic-001179,IMG002073.jpeg,0.0,0,320,masks/IMG002073.png,14bf4fc16d7e9f17cb073a83ba89ab04bd4c22a2b6f80f25bf73a67ce7a0a340,0,320,0,known_image_label_normal,0,0,0.0,0,0,0,,,,val,empty_by_image_gate,0.0,0,0,0,0,0
0,0,,,,,,ground_truth,,,,0.00013890513218939304,0.0,btxrd-heuristic-001179,IMG002074.jpeg,0.0,0,320,masks/IMG002074.png,14bf4fc16d7e9f17cb073a83ba89ab04bd4c22a2b6f80f25bf73a67ce7a0a340,0,320,0,known_image_label_normal,0,0,0.0,0,0,0,,,,val,empty_by_image_gate,0.0,0,0,0,0,0
0,0,,,,,,ground_truth,,,,4.9033893446903676e-05,0.0,btxrd-heuristic-001179,IMG002075.jpeg,0.0,0,320,masks/IMG002075.png,14bf4fc16d7e9f17cb073a83ba89ab04bd4c22a2b6f80f25bf73a67ce7a0a340,0,320,0,known_image_label_normal,0,0,0.0,0,0,0,,,,val,empty_by_image_gate,0.0,0,0,0,0,0
0,0,,,,,,ground_truth,,,,2.000265567403403e-06,0.0,btxrd-heuristic-001179,IMG002076.jpeg,0.0,0,320,masks/IMG002076.png,14bf4fc16d7e9f17cb073a83ba89ab04bd4c22a2b6f80f25bf73a67ce7a0a340,0,320,0,known_image_label_normal,0,0,0.0,0,0,0,,,,val,empty_by_image_gate,0.0,0,0,0,0,0
0,0,,,,,,ground_truth,,,,0.00017890287563204765,0.0,btxrd-heuristic-001181,IMG002078.jpeg,0.0,0,320,masks/IMG002078.png,14bf4fc16d7e9f17cb073a83ba89ab04bd4c22a2b6f80f25bf73a67ce7a0a340,0,320,0,known_image_label_normal,0,0,0.0,0,0,0,,,,val,empty_by_image_gate,0.0,0,0,0,0,0
0,0,,,,,,ground_truth,,,,0.00012709574366454035,0.0,btxrd-heuristic-001181,IMG002079.jpeg,0.0,0,320,masks/IMG002079.png,14bf4fc16d7e9f17cb073a83ba89ab04bd4c22a2b6f80f25bf73a67ce7a0a340,0,320,0,known_image_label_normal,0,0,0.0,0,0,0,,,,val,empty_by_image_gate,0.0,0,0,0,0,0
0,0,,,,,,ground_truth,,,,0.00033326385891996324,0.0,btxrd-heuristic-001181,IMG002080.jpeg,0.0,0,320,masks/IMG002080.png,14bf4fc16d7e9f17cb073a83ba89ab04bd4c22a2b6f80f25bf73a67ce7a0a340,0,320,0,known_image_label_normal,0,0,0.0,0,0,0,,,,val,empty_by_image_gate,0.0,0,0,0,0,0
0,0,,,,,,ground_truth,,,,7.524343800469069e-06,0.0,btxrd-heuristic-001186,IMG002099.jpeg,0.0,0,320,masks/IMG002099.png,14bf4fc16d7e9f17cb073a83ba89ab04bd4c22a2b6f80f25bf73a67ce7a0a340,0,320,0,known_image_label_normal,0,0,0.0,0,0,0,,,,val,empty_by_image_gate,0.0,0,0,0,0,0
0,0,,,,,,ground_truth,,,,1.5520744511832163e-07,0.0,btxrd-heuristic-001186,IMG002100.jpeg,0.0,0,320,masks/IMG002100.png,14bf4fc16d7e9f17cb073a83ba89ab04bd4c22a2b6f80f25bf73a67ce7a0a340,0,320,0,known_image_label_normal,0,0,0.0,0,0,0,,,,val,empty_by_image_gate,0.0,0,0,0,0,0
0,0,,,,,,ground_truth,,,,2.6802558750205208e-06,0.0,btxrd-heuristic-001186,IMG002101.jpeg,0.0,0,320,masks/IMG002101.png,14bf4fc16d7e9f17cb073a83ba89ab04bd4c22a2b6f80f25bf73a67ce7a0a340,0,320,0,known_image_label_normal,0,0,0.0,0,0,0,,,,val,empty_by_image_gate,0.0,0,0,0,0,0
0,0,,,,,,ground_truth,,,,0.0009696262422949076,0.0,btxrd-heuristic-001188,IMG002107.jpeg,0.0,0,320,masks/IMG002107.png,14bf4fc16d7e9f17cb073a83ba89ab04bd4c22a2b6f80f25bf73a67ce7a0a340,0,320,0,known_image_label_normal,0,0,0.0,0,0,0,,,,val,empty_by_image_gate,0.0,0,0,0,0,0
0,0,,,,,,ground_truth,,,,0.0015834573423489928,0.0,btxrd-heuristic-001188,IMG002108.jpeg,0.0,0,320,masks/IMG002108.png,14bf4fc16d7e9f17cb073a83ba89ab04bd4c22a2b6f80f25bf73a67ce7a0a340,0,320,0,known_image_label_normal,0,0,0.0,0,0,0,,,,val,empty_by_image_gate,0.0,0,0,0,0,0
0,0,,,,,,ground_truth,,,,1.464901833969634e-05,0.0,btxrd-heuristic-001189,IMG002109.jpeg,0.0,0,320,masks/IMG002109.png,14bf4fc16d7e9f17cb073a83ba89ab04bd4c22a2b6f80f25bf73a67ce7a0a340,0,320,0,known_image_label_normal,0,0,0.0,0,0,0,,,,val,empty_by_image_gate,0.0,0,0,0,0,0
0,0,,,,,,ground_truth,,,,1.3323417533683823e-06,0.0,btxrd-heuristic-001189,IMG002110.jpeg,0.0,0,320,masks/IMG002110.png,14bf4fc16d7e9f17cb073a83ba89ab04bd4c22a2b6f80f25bf73a67ce7a0a340,0,320,0,known_image_label_normal,0,0,0.0,0,0,0,,,,val,empty_by_image_gate,0.0,0,0,0,0,0
0,0,,,,,,ground_truth,,,,6.792459316784516e-06,0.0,btxrd-heuristic-001191,IMG002117.jpeg,0.0,0,320,masks/IMG002117.png,14bf4fc16d7e9f17cb073a83ba89ab04bd4c22a2b6f80f25bf73a67ce7a0a340,0,320,0,known_image_label_normal,0,0,0.0,0,0,0,,,,val,empty_by_image_gate,0.0,0,0,0,0,0
0,0,,,,,,ground_truth,,,,4.903902208752697e-06,0.0,btxrd-heuristic-001191,IMG002118.jpeg,0.0,0,320,masks/IMG002118.png,14bf4fc16d7e9f17cb073a83ba89ab04bd4c22a2b6f80f25bf73a67ce7a0a340,0,320,0,known_image_label_normal,0,0,0.0,0,0,0,,,,val,empty_by_image_gate,0.0,0,0,0,0,0
0,0,,,,,,ground_truth,,,,0.0007554386975243688,0.0,btxrd-heuristic-001191,IMG002119.jpeg,0.0,0,320,masks/IMG002119.png,14bf4fc16d7e9f17cb073a83ba89ab04bd4c22a2b6f80f25bf73a67ce7a0a340,0,320,0,known_image_label_normal,0,0,0.0,0,0,0,,,,val,empty_by_image_gate,0.0,0,0,0,0,0
0,0,,,,,,ground_truth,,,,8.932744094636291e-05,0.0,btxrd-heuristic-001191,IMG002120.jpeg,0.0,0,320,masks/IMG002120.png,14bf4fc16d7e9f17cb073a83ba89ab04bd4c22a2b6f80f25bf73a67ce7a0a340,0,320,0,known_image_label_normal,0,0,0.0,0,0,0,,,,val,empty_by_image_gate,0.0,0,0,0,0,0
0,0,,,,,,ground_truth,,,,0.015554904006421566,0.0,btxrd-heuristic-001193,IMG002125.jpeg,0.0,0,320,masks/IMG002125.png,14bf4fc16d7e9f17cb073a83ba89ab04bd4c22a2b6f80f25bf73a67ce7a0a340,0,320,0,known_image_label_normal,0,0,0.0,0,0,0,,,,val,empty_by_image_gate,0.0,0,0,0,0,0
0,0,,,,,,ground_truth,,,,6.684956315439194e-05,0.0,btxrd-heuristic-001193,IMG002126.jpeg,0.0,0,320,masks/IMG002126.png,14bf4fc16d7e9f17cb073a83ba89ab04bd4c22a2b6f80f25bf73a67ce7a0a340,0,320,0,known_image_label_normal,0,0,0.0,0,0,0,,,,val,empty_by_image_gate,0.0,0,0,0,0,0
0,0,,,,,,ground_truth,,,,0.00020388078701216727,0.0,btxrd-heuristic-001193,IMG002127.jpeg,0.0,0,320,masks/IMG002127.png,14bf4fc16d7e9f17cb073a83ba89ab04bd4c22a2b6f80f25bf73a67ce7a0a340,0,320,0,known_image_label_normal,0,0,0.0,0,0,0,,,,val,empty_by_image_gate,0.0,0,0,0,0,0
0,0,,,,,,ground_truth,,,,0.005893096327781677,0.0,btxrd-heuristic-001195,IMG002130.jpeg,0.0,0,320,masks/IMG002130.png,14bf4fc16d7e9f17cb073a83ba89ab04bd4c22a2b6f80f25bf73a67ce7a0a340,0,320,0,known_image_label_normal,0,0,0.0,0,0,0,,,,val,empty_by_image_gate,0.0,0,0,0,0,0
0,0,,,,,,ground_truth,,,,0.3905332088470459,0.0,btxrd-heuristic-001195,IMG002131.jpeg,0.0,0,320,masks/IMG002131.png,14bf4fc16d7e9f17cb073a83ba89ab04bd4c22a2b6f80f25bf73a67ce7a0a340,0,320,0,known_image_label_normal,0,0,0.0,0,0,0,,,,val,empty_by_image_gate,0.0,0,0,0,0,0
0,0,,,,,,ground_truth,,,,1.6443169442936778e-05,0.0,btxrd-heuristic-001195,IMG002132.jpeg,0.0,0,320,masks/IMG002132.png,14bf4fc16d7e9f17cb073a83ba89ab04bd4c22a2b6f80f25bf73a67ce7a0a340,0,320,0,known_image_label_normal,0,0,0.0,0,0,0,,,,val,empty_by_image_gate,0.0,0,0,0,0,0
0,0,,,,,,ground_truth,,,,0.0030295413453131914,0.0,btxrd-heuristic-001195,IMG002133.jpeg,0.0,0,320,masks/IMG002133.png,14bf4fc16d7e9f17cb073a83ba89ab04bd4c22a2b6f80f25bf73a67ce7a0a340,0,320,0,known_image_label_normal,0,0,0.0,0,0,0,,,,val,empty_by_image_gate,0.0,0,0,0,0,0
0,0,,,,,,ground_truth,,,,3.4403594327159226e-05,0.0,btxrd-heuristic-001201,IMG002174.jpeg,0.0,0,320,masks/IMG002174.png,14bf4fc16d7e9f17cb073a83ba89ab04bd4c22a2b6f80f25bf73a67ce7a0a340,0,320,0,known_image_label_normal,0,0,0.0,0,0,0,,,,val,empty_by_image_gate,0.0,0,0,0,0,0
0,0,,,,,,ground_truth,,,,0.0006491878884844482,0.0,btxrd-heuristic-001203,IMG002180.jpeg,0.0,0,320,masks/IMG002180.png,14bf4fc16d7e9f17cb073a83ba89ab04bd4c22a2b6f80f25bf73a67ce7a0a340,0,320,0,known_image_label_normal,0,0,0.0,0,0,0,,,,val,empty_by_image_gate,0.0,0,0,0,0,0
0,0,,,,,,ground_truth,,,,0.021287953481078148,0.0,btxrd-heuristic-001203,IMG002181.jpeg,0.0,0,320,masks/IMG002181.png,14bf4fc16d7e9f17cb073a83ba89ab04bd4c22a2b6f80f25bf73a67ce7a0a340,0,320,0,known_image_label_normal,0,0,0.0,0,0,0,,,,val,empty_by_image_gate,0.0,0,0,0,0,0
0,0,,,,,,ground_truth,,,,0.0004034994635730982,0.0,btxrd-heuristic-001206,IMG002190.jpeg,0.0,0,320,masks/IMG002190.png,14bf4fc16d7e9f17cb073a83ba89ab04bd4c22a2b6f80f25bf73a67ce7a0a340,0,320,0,known_image_label_normal,0,0,0.0,0,0,0,,,,val,empty_by_image_gate,0.0,0,0,0,0,0
0,0,,,,,,ground_truth,,,,8.000488014658913e-05,0.0,btxrd-heuristic-001219,IMG002267.jpeg,0.0,0,320,masks/IMG002267.png,14bf4fc16d7e9f17cb073a83ba89ab04bd4c22a2b6f80f25bf73a67ce7a0a340,0,320,0,known_image_label_normal,0,0,0.0,0,0,0,,,,val,empty_by_image_gate,0.0,0,0,0,0,0
0,0,,,,,,ground_truth,,,,0.983849287033081,0.0,btxrd-heuristic-001219,IMG002268.jpeg,0.0,0,320,masks/IMG002268.png,14bf4fc16d7e9f17cb073a83ba89ab04bd4c22a2b6f80f25bf73a67ce7a0a340,0,320,0,known_image_label_normal,0,0,0.0,0,0,0,,,,val,empty_by_image_gate,0.0,0,0,0,0,0
0,0,,,,,,ground_truth,,,,6.259638030314818e-05,0.0,btxrd-heuristic-001219,IMG002269.jpeg,0.0,0,320,masks/IMG002269.png,14bf4fc16d7e9f17cb073a83ba89ab04bd4c22a2b6f80f25bf73a67ce7a0a340,0,320,0,known_image_label_normal,0,0,0.0,0,0,0,,,,val,empty_by_image_gate,0.0,0,0,0,0,0
0,0,,,,,,ground_truth,,,,0.14433835446834564,0.0,btxrd-heuristic-001219,IMG002270.jpeg,0.0,0,320,masks/IMG002270.png,14bf4fc16d7e9f17cb073a83ba89ab04bd4c22a2b6f80f25bf73a67ce7a0a340,0,320,0,known_image_label_normal,0,0,0.0,0,0,0,,,,val,empty_by_image_gate,0.0,0,0,0,0,0
0,0,,,,,,ground_truth,,,,0.0008814255706965923,0.0,btxrd-heuristic-001220,IMG002271.jpeg,0.0,0,320,masks/IMG002271.png,14bf4fc16d7e9f17cb073a83ba89ab04bd4c22a2b6f80f25bf73a67ce7a0a340,0,320,0,known_image_label_normal,0,0,0.0,0,0,0,,,,val,empty_by_image_gate,0.0,0,0,0,0,0
0,0,,,,,,ground_truth,,,,2.4751967430347577e-05,0.0,btxrd-heuristic-001220,IMG002272.jpeg,0.0,0,320,masks/IMG002272.png,14bf4fc16d7e9f17cb073a83ba89ab04bd4c22a2b6f80f25bf73a67ce7a0a340,0,320,0,known_image_label_normal,0,0,0.0,0,0,0,,,,val,empty_by_image_gate,0.0,0,0,0,0,0
0,0,,,,,,ground_truth,,,,7.395286957034841e-05,0.0,btxrd-heuristic-001220,IMG002273.jpeg,0.0,0,320,masks/IMG002273.png,14bf4fc16d7e9f17cb073a83ba89ab04bd4c22a2b6f80f25bf73a67ce7a0a340,0,320,0,known_image_label_normal,0,0,0.0,0,0,0,,,,val,empty_by_image_gate,0.0,0,0,0,0,0
0,0,,,,,,ground_truth,,,,0.0003634999447967857,0.0,btxrd-heuristic-001220,IMG002274.jpeg,0.0,0,320,masks/IMG002274.png,14bf4fc16d7e9f17cb073a83ba89ab04bd4c22a2b6f80f25bf73a67ce7a0a340,0,320,0,known_image_label_normal,0,0,0.0,0,0,0,,,,val,empty_by_image_gate,0.0,0,0,0,0,0
0,0,,,,,,ground_truth,,,,1.0418522151667275e-06,0.0,btxrd-heuristic-001229,IMG002345.jpeg,0.0,0,320,masks/IMG002345.png,14bf4fc16d7e9f17cb073a83ba89ab04bd4c22a2b6f80f25bf73a67ce7a0a340,0,320,0,known_image_label_normal,0,0,0.0,0,0,0,,,,val,empty_by_image_gate,0.0,0,0,0,0,0
0,0,,,,,,ground_truth,,,,5.111466634843964e-06,0.0,btxrd-heuristic-001229,IMG002346.jpeg,0.0,0,320,masks/IMG002346.png,14bf4fc16d7e9f17cb073a83ba89ab04bd4c22a2b6f80f25bf73a67ce7a0a340,0,320,0,known_image_label_normal,0,0,0.0,0,0,0,,,,val,empty_by_image_gate,0.0,0,0,0,0,0
0,0,,,,,,ground_truth,,,,6.428300548577681e-05,0.0,btxrd-heuristic-001229,IMG002347.jpeg,0.0,0,320,masks/IMG002347.png,14bf4fc16d7e9f17cb073a83ba89ab04bd4c22a2b6f80f25bf73a67ce7a0a340,0,320,0,known_image_label_normal,0,0,0.0,0,0,0,,,,val,empty_by_image_gate,0.0,0,0,0,0,0
0,0,,,,,,ground_truth,,,,0.009724760428071022,0.0,btxrd-heuristic-001229,IMG002348.jpeg,0.0,0,320,masks/IMG002348.png,14bf4fc16d7e9f17cb073a83ba89ab04bd4c22a2b6f80f25bf73a67ce7a0a340,0,320,0,known_image_label_normal,0,0,0.0,0,0,0,,,,val,empty_by_image_gate,0.0,0,0,0,0,0
0,0,,,,,,ground_truth,,,,0.010441400110721588,0.0,btxrd-heuristic-001232,IMG002364.jpeg,0.0,0,320,masks/IMG002364.png,14bf4fc16d7e9f17cb073a83ba89ab04bd4c22a2b6f80f25bf73a67ce7a0a340,0,320,0,known_image_label_normal,0,0,0.0,0,0,0,,,,val,empty_by_image_gate,0.0,0,0,0,0,0
0,0,,,,,,ground_truth,,,,0.010716831311583519,0.0,btxrd-heuristic-001232,IMG002365.jpeg,0.0,0,320,masks/IMG002365.png,14bf4fc16d7e9f17cb073a83ba89ab04bd4c22a2b6f80f25bf73a67ce7a0a340,0,320,0,known_image_label_normal,0,0,0.0,0,0,0,,,,val,empty_by_image_gate,0.0,0,0,0,0,0
0,0,,,,,,ground_truth,,,,2.6835892640519887e-05,0.0,btxrd-heuristic-001232,IMG002366.jpeg,0.0,0,320,masks/IMG002366.png,14bf4fc16d7e9f17cb073a83ba89ab04bd4c22a2b6f80f25bf73a67ce7a0a340,0,320,0,known_image_label_normal,0,0,0.0,0,0,0,,,,val,empty_by_image_gate,0.0,0,0,0,0,0
0,0,,,,,,ground_truth,,,,0.987165629863739,0.0,btxrd-heuristic-001233,IMG002367.jpeg,0.0,0,320,masks/IMG002367.png,14bf4fc16d7e9f17cb073a83ba89ab04bd4c22a2b6f80f25bf73a67ce7a0a340,0,320,0,known_image_label_normal,0,0,0.0,0,0,0,,,,val,empty_by_image_gate,0.0,0,0,0,0,0
0,0,,,,,,ground_truth,,,,0.00042582509922795,0.0,btxrd-heuristic-001233,IMG002368.jpeg,0.0,0,320,masks/IMG002368.png,14bf4fc16d7e9f17cb073a83ba89ab04bd4c22a2b6f80f25bf73a67ce7a0a340,0,320,0,known_image_label_normal,0,0,0.0,0,0,0,,,,val,empty_by_image_gate,0.0,0,0,0,0,0
0,0,,,,,,ground_truth,,,,0.0003333839413244277,0.0,btxrd-heuristic-001245,IMG002447.jpeg,0.0,0,320,masks/IMG002447.png,14bf4fc16d7e9f17cb073a83ba89ab04bd4c22a2b6f80f25bf73a67ce7a0a340,0,320,0,known_image_label_normal,0,0,0.0,0,0,0,,,,val,empty_by_image_gate,0.0,0,0,0,0,0
0,0,,,,,,ground_truth,,,,0.001137866172939539,0.0,btxrd-heuristic-001245,IMG002448.jpeg,0.0,0,320,masks/IMG002448.png,14bf4fc16d7e9f17cb073a83ba89ab04bd4c22a2b6f80f25bf73a67ce7a0a340,0,320,0,known_image_label_normal,0,0,0.0,0,0,0,,,,val,empty_by_image_gate,0.0,0,0,0,0,0
0,0,,,,,,ground_truth,,,,0.8804441094398499,0.0,btxrd-heuristic-001245,IMG002449.jpeg,0.0,0,320,masks/IMG002449.png,14bf4fc16d7e9f17cb073a83ba89ab04bd4c22a2b6f80f25bf73a67ce7a0a340,0,320,0,known_image_label_normal,0,0,0.0,0,0,0,,,,val,empty_by_image_gate,0.0,0,0,0,0,0
0,0,,,,,,ground_truth,,,,2.4430872144876048e-05,0.0,btxrd-heuristic-001246,IMG002450.jpeg,0.0,0,320,masks/IMG002450.png,14bf4fc16d7e9f17cb073a83ba89ab04bd4c22a2b6f80f25bf73a67ce7a0a340,0,320,0,known_image_label_normal,0,0,0.0,0,0,0,,,,val,empty_by_image_gate,0.0,0,0,0,0,0
0,0,,,,,,ground_truth,,,,8.33343219710514e-05,0.0,btxrd-heuristic-001246,IMG002451.jpeg,0.0,0,320,masks/IMG002451.png,14bf4fc16d7e9f17cb073a83ba89ab04bd4c22a2b6f80f25bf73a67ce7a0a340,0,320,0,known_image_label_normal,0,0,0.0,0,0,0,,,,val,empty_by_image_gate,0.0,0,0,0,0,0
0,0,,,,,,ground_truth,,,,3.434006794122979e-05,0.0,btxrd-heuristic-001246,IMG002452.jpeg,0.0,0,320,masks/IMG002452.png,14bf4fc16d7e9f17cb073a83ba89ab04bd4c22a2b6f80f25bf73a67ce7a0a340,0,320,0,known_image_label_normal,0,0,0.0,0,0,0,,,,val,empty_by_image_gate,0.0,0,0,0,0,0
0,0,,,,,,ground_truth,,,,3.2210853532887995e-05,0.0,btxrd-heuristic-001246,IMG002453.jpeg,0.0,0,320,masks/IMG002453.png,14bf4fc16d7e9f17cb073a83ba89ab04bd4c22a2b6f80f25bf73a67ce7a0a340,0,320,0,known_image_label_normal,0,0,0.0,0,0,0,,,,val,empty_by_image_gate,0.0,0,0,0,0,0
0,0,,,,,,ground_truth,,,,0.000369100394891575,0.0,btxrd-heuristic-001261,IMG002592.jpeg,0.0,0,320,masks/IMG002592.png,14bf4fc16d7e9f17cb073a83ba89ab04bd4c22a2b6f80f25bf73a67ce7a0a340,0,320,0,known_image_label_normal,0,0,0.0,0,0,0,,,,val,empty_by_image_gate,0.0,0,0,0,0,0
0,0,,,,,,ground_truth,,,,5.037507798988372e-05,0.0,btxrd-heuristic-001261,IMG002593.jpeg,0.0,0,320,masks/IMG002593.png,14bf4fc16d7e9f17cb073a83ba89ab04bd4c22a2b6f80f25bf73a67ce7a0a340,0,320,0,known_image_label_normal,0,0,0.0,0,0,0,,,,val,empty_by_image_gate,0.0,0,0,0,0,0
0,0,,,,,,ground_truth,,,,0.00032714082044549286,0.0,btxrd-heuristic-001261,IMG002594.jpeg,0.0,0,320,masks/IMG002594.png,14bf4fc16d7e9f17cb073a83ba89ab04bd4c22a2b6f80f25bf73a67ce7a0a340,0,320,0,known_image_label_normal,0,0,0.0,0,0,0,,,,val,empty_by_image_gate,0.0,0,0,0,0,0
0,0,,,,,,ground_truth,,,,7.846452353987843e-05,0.0,btxrd-heuristic-001261,IMG002595.jpeg,0.0,0,320,masks/IMG002595.png,14bf4fc16d7e9f17cb073a83ba89ab04bd4c22a2b6f80f25bf73a67ce7a0a340,0,320,0,known_image_label_normal,0,0,0.0,0,0,0,,,,val,empty_by_image_gate,0.0,0,0,0,0,0
0,0,,,,,,ground_truth,,,,5.937004971201532e-06,0.0,btxrd-heuristic-001271,IMG002704.jpeg,0.0,0,320,masks/IMG002704.png,14bf4fc16d7e9f17cb073a83ba89ab04bd4c22a2b6f80f25bf73a67ce7a0a340,0,320,0,known_image_label_normal,0,0,0.0,0,0,0,,,,val,empty_by_image_gate,0.0,0,0,0,0,0
0,0,,,,,,ground_truth,,,,0.00031021126778796315,0.0,btxrd-heuristic-001271,IMG002705.jpeg,0.0,0,320,masks/IMG002705.png,14bf4fc16d7e9f17cb073a83ba89ab04bd4c22a2b6f80f25bf73a67ce7a0a340,0,320,0,known_image_label_normal,0,0,0.0,0,0,0,,,,val,empty_by_image_gate,0.0,0,0,0,0,0
0,0,,,,,,ground_truth,,,,0.0014559264527633786,0.0,btxrd-heuristic-001275,IMG002728.jpeg,0.0,0,320,masks/IMG002728.png,14bf4fc16d7e9f17cb073a83ba89ab04bd4c22a2b6f80f25bf73a67ce7a0a340,0,320,0,known_image_label_normal,0,0,0.0,0,0,0,,,,val,empty_by_image_gate,0.0,0,0,0,0,0
0,0,,,,,,ground_truth,,,,8.357888873433694e-05,0.0,btxrd-heuristic-001275,IMG002729.jpeg,0.0,0,320,masks/IMG002729.png,14bf4fc16d7e9f17cb073a83ba89ab04bd4c22a2b6f80f25bf73a67ce7a0a340,0,320,0,known_image_label_normal,0,0,0.0,0,0,0,,,,val,empty_by_image_gate,0.0,0,0,0,0,0
0,0,,,,,,ground_truth,,,,0.00030544327455572784,0.0,btxrd-heuristic-001286,IMG002836.jpeg,0.0,0,320,masks/IMG002836.png,14bf4fc16d7e9f17cb073a83ba89ab04bd4c22a2b6f80f25bf73a67ce7a0a340,0,320,0,known_image_label_normal,0,0,0.0,0,0,0,,,,val,empty_by_image_gate,0.0,0,0,0,0,0
0,0,,,,,,ground_truth,,,,0.6030646562576294,0.0,btxrd-heuristic-001286,IMG002837.jpeg,0.0,0,320,masks/IMG002837.png,14bf4fc16d7e9f17cb073a83ba89ab04bd4c22a2b6f80f25bf73a67ce7a0a340,0,320,0,known_image_label_normal,0,0,0.0,0,0,0,,,,val,empty_by_image_gate,0.0,0,0,0,0,0
0,0,,,,,,ground_truth,,,,9.01391395018436e-05,0.0,btxrd-heuristic-001286,IMG002838.jpeg,0.0,0,320,masks/IMG002838.png,14bf4fc16d7e9f17cb073a83ba89ab04bd4c22a2b6f80f25bf73a67ce7a0a340,0,320,0,known_image_label_normal,0,0,0.0,0,0,0,,,,val,empty_by_image_gate,0.0,0,0,0,0,0
0,0,,,,,,ground_truth,,,,0.042848337441682816,0.0,btxrd-heuristic-001286,IMG002839.jpeg,0.0,0,320,masks/IMG002839.png,14bf4fc16d7e9f17cb073a83ba89ab04bd4c22a2b6f80f25bf73a67ce7a0a340,0,320,0,known_image_label_normal,0,0,0.0,0,0,0,,,,val,empty_by_image_gate,0.0,0,0,0,0,0
0,0,,,,,,ground_truth,,,,2.030264658969827e-05,0.0,btxrd-heuristic-001292,IMG002894.jpeg,0.0,0,320,masks/IMG002894.png,14bf4fc16d7e9f17cb073a83ba89ab04bd4c22a2b6f80f25bf73a67ce7a0a340,0,320,0,known_image_label_normal,0,0,0.0,0,0,0,,,,val,empty_by_image_gate,0.0,0,0,0,0,0
0,0,,,,,,ground_truth,,,,0.0001647123135626316,0.0,btxrd-heuristic-001292,IMG002895.jpeg,0.0,0,320,masks/IMG002895.png,14bf4fc16d7e9f17cb073a83ba89ab04bd4c22a2b6f80f25bf73a67ce7a0a340,0,320,0,known_image_label_normal,0,0,0.0,0,0,0,,,,val,empty_by_image_gate,0.0,0,0,0,0,0
0,0,,,,,,ground_truth,,,,3.646622280939482e-05,0.0,btxrd-heuristic-001292,IMG002896.jpeg,0.0,0,320,masks/IMG002896.png,14bf4fc16d7e9f17cb073a83ba89ab04bd4c22a2b6f80f25bf73a67ce7a0a340,0,320,0,known_image_label_normal,0,0,0.0,0,0,0,,,,val,empty_by_image_gate,0.0,0,0,0,0,0
0,0,,,,,,ground_truth,,,,6.994843715801835e-05,0.0,btxrd-heuristic-001292,IMG002897.jpeg,0.0,0,320,masks/IMG002897.png,14bf4fc16d7e9f17cb073a83ba89ab04bd4c22a2b6f80f25bf73a67ce7a0a340,0,320,0,known_image_label_normal,0,0,0.0,0,0,0,,,,val,empty_by_image_gate,0.0,0,0,0,0,0
0,0,,,,,,ground_truth,,,,3.3704209272400476e-06,0.0,btxrd-heuristic-001296,IMG002932.jpeg,0.0,0,320,masks/IMG002932.png,14bf4fc16d7e9f17cb073a83ba89ab04bd4c22a2b6f80f25bf73a67ce7a0a340,0,320,0,known_image_label_normal,0,0,0.0,0,0,0,,,,val,empty_by_image_gate,0.0,0,0,0,0,0
0,0,,,,,,ground_truth,,,,1.2233172128617298e-05,0.0,btxrd-heuristic-001296,IMG002933.jpeg,0.0,0,320,masks/IMG002933.png,14bf4fc16d7e9f17cb073a83ba89ab04bd4c22a2b6f80f25bf73a67ce7a0a340,0,320,0,known_image_label_normal,0,0,0.0,0,0,0,,,,val,empty_by_image_gate,0.0,0,0,0,0,0
0,0,,,,,,ground_truth,,,,2.3714053440926364e-06,0.0,btxrd-heuristic-001320,IMG003119.jpeg,0.0,0,320,masks/IMG003119.png,14bf4fc16d7e9f17cb073a83ba89ab04bd4c22a2b6f80f25bf73a67ce7a0a340,0,320,0,known_image_label_normal,0,0,0.0,0,0,0,,,,val,empty_by_image_gate,0.0,0,0,0,0,0
0,0,,,,,,ground_truth,,,,1.710869764792733e-05,0.0,btxrd-heuristic-001320,IMG003120.jpeg,0.0,0,320,masks/IMG003120.png,14bf4fc16d7e9f17cb073a83ba89ab04bd4c22a2b6f80f25bf73a67ce7a0a340,0,320,0,known_image_label_normal,0,0,0.0,0,0,0,,,,val,empty_by_image_gate,0.0,0,0,0,0,0
0,0,,,,,,ground_truth,,,,4.123898634134093e-06,0.0,btxrd-heuristic-001331,IMG003162.jpeg,0.0,0,320,masks/IMG003162.png,14bf4fc16d7e9f17cb073a83ba89ab04bd4c22a2b6f80f25bf73a67ce7a0a340,0,320,0,known_image_label_normal,0,0,0.0,0,0,0,,,,val,empty_by_image_gate,0.0,0,0,0,0,0
0,0,,,,,,ground_truth,,,,7.994463521754369e-05,0.0,btxrd-heuristic-001331,IMG003163.jpeg,0.0,0,320,masks/IMG003163.png,14bf4fc16d7e9f17cb073a83ba89ab04bd4c22a2b6f80f25bf73a67ce7a0a340,0,320,0,known_image_label_normal,0,0,0.0,0,0,0,,,,val,empty_by_image_gate,0.0,0,0,0,0,0
0,0,,,,,,ground_truth,,,,2.1780344468425028e-05,0.0,btxrd-heuristic-001331,IMG003164.jpeg,0.0,0,320,masks/IMG003164.png,14bf4fc16d7e9f17cb073a83ba89ab04bd4c22a2b6f80f25bf73a67ce7a0a340,0,320,0,known_image_label_normal,0,0,0.0,0,0,0,,,,val,empty_by_image_gate,0.0,0,0,0,0,0
0,0,,,,,,ground_truth,,,,0.0008436011848971248,0.0,btxrd-heuristic-001331,IMG003165.jpeg,0.0,0,320,masks/IMG003165.png,14bf4fc16d7e9f17cb073a83ba89ab04bd4c22a2b6f80f25bf73a67ce7a0a340,0,320,0,known_image_label_normal,0,0,0.0,0,0,0,,,,val,empty_by_image_gate,0.0,0,0,0,0,0
0,0,,,,,,ground_truth,,,,0.001038882415741682,0.0,btxrd-heuristic-001337,IMG003202.jpeg,0.0,0,320,masks/IMG003202.png,14bf4fc16d7e9f17cb073a83ba89ab04bd4c22a2b6f80f25bf73a67ce7a0a340,0,320,0,known_image_label_normal,0,0,0.0,0,0,0,,,,val,empty_by_image_gate,0.0,0,0,0,0,0
0,0,,,,,,ground_truth,,,,0.0013411234831437469,0.0,btxrd-heuristic-001337,IMG003203.jpeg,0.0,0,320,masks/IMG003203.png,14bf4fc16d7e9f17cb073a83ba89ab04bd4c22a2b6f80f25bf73a67ce7a0a340,0,320,0,known_image_label_normal,0,0,0.0,0,0,0,,,,val,empty_by_image_gate,0.0,0,0,0,0,0
0,0,,,,,,ground_truth,,,,0.0003210769791621715,0.0,btxrd-heuristic-001337,IMG003204.jpeg,0.0,0,320,masks/IMG003204.png,14bf4fc16d7e9f17cb073a83ba89ab04bd4c22a2b6f80f25bf73a67ce7a0a340,0,320,0,known_image_label_normal,0,0,0.0,0,0,0,,,,val,empty_by_image_gate,0.0,0,0,0,0,0
0,0,,,,,,ground_truth,,,,0.0008958435500971973,0.0,btxrd-heuristic-001347,IMG003234.jpeg,0.0,0,320,masks/IMG003234.png,14bf4fc16d7e9f17cb073a83ba89ab04bd4c22a2b6f80f25bf73a67ce7a0a340,0,320,0,known_image_label_normal,0,0,0.0,0,0,0,,,,val,empty_by_image_gate,0.0,0,0,0,0,0
0,0,,,,,,ground_truth,,,,0.00022960563364904374,0.0,btxrd-heuristic-001347,IMG003235.jpeg,0.0,0,320,masks/IMG003235.png,14bf4fc16d7e9f17cb073a83ba89ab04bd4c22a2b6f80f25bf73a67ce7a0a340,0,320,0,known_image_label_normal,0,0,0.0,0,0,0,,,,val,empty_by_image_gate,0.0,0,0,0,0,0
0,0,,,,,,ground_truth,,,,0.000514004030264914,0.0,btxrd-heuristic-001347,IMG003236.jpeg,0.0,0,320,masks/IMG003236.png,14bf4fc16d7e9f17cb073a83ba89ab04bd4c22a2b6f80f25bf73a67ce7a0a340,0,320,0,known_image_label_normal,0,0,0.0,0,0,0,,,,val,empty_by_image_gate,0.0,0,0,0,0,0
0,0,,,,,,ground_truth,,,,0.00028088767430745065,0.0,btxrd-heuristic-001347,IMG003237.jpeg,0.0,0,320,masks/IMG003237.png,14bf4fc16d7e9f17cb073a83ba89ab04bd4c22a2b6f80f25bf73a67ce7a0a340,0,320,0,known_image_label_normal,0,0,0.0,0,0,0,,,,val,empty_by_image_gate,0.0,0,0,0,0,0
0,0,,,,,,ground_truth,,,,0.9984700083732605,0.0,btxrd-heuristic-001350,IMG003243.jpeg,0.0,0,320,masks/IMG003243.png,14bf4fc16d7e9f17cb073a83ba89ab04bd4c22a2b6f80f25bf73a67ce7a0a340,0,320,0,known_image_label_normal,0,0,0.0,0,0,0,,,,val,empty_by_image_gate,0.0,0,0,0,0,0
0,0,,,,,,ground_truth,,,,0.8779993057250977,0.0,btxrd-heuristic-001350,IMG003244.jpeg,0.0,0,320,masks/IMG003244.png,14bf4fc16d7e9f17cb073a83ba89ab04bd4c22a2b6f80f25bf73a67ce7a0a340,0,320,0,known_image_label_normal,0,0,0.0,0,0,0,,,,val,empty_by_image_gate,0.0,0,0,0,0,0
0,0,,,,,,ground_truth,,,,0.00027325336122885346,0.0,btxrd-heuristic-001350,IMG003245.jpeg,0.0,0,320,masks/IMG003245.png,14bf4fc16d7e9f17cb073a83ba89ab04bd4c22a2b6f80f25bf73a67ce7a0a340,0,320,0,known_image_label_normal,0,0,0.0,0,0,0,,,,val,empty_by_image_gate,0.0,0,0,0,0,0
0,0,,,,,,ground_truth,,,,0.999887228012085,0.0,btxrd-heuristic-001350,IMG003246.jpeg,0.0,0,320,masks/IMG003246.png,14bf4fc16d7e9f17cb073a83ba89ab04bd4c22a2b6f80f25bf73a67ce7a0a340,0,320,0,known_image_label_normal,0,0,0.0,0,0,0,,,,val,empty_by_image_gate,0.0,0,0,0,0,0
0,0,,,,,,ground_truth,,,,7.304928658413701e-06,0.0,btxrd-heuristic-001351,IMG003247.jpeg,0.0,0,320,masks/IMG003247.png,14bf4fc16d7e9f17cb073a83ba89ab04bd4c22a2b6f80f25bf73a67ce7a0a340,0,320,0,known_image_label_normal,0,0,0.0,0,0,0,,,,val,empty_by_image_gate,0.0,0,0,0,0,0
0,0,,,,,,ground_truth,,,,6.75317642162554e-06,0.0,btxrd-heuristic-001351,IMG003248.jpeg,0.0,0,320,masks/IMG003248.png,14bf4fc16d7e9f17cb073a83ba89ab04bd4c22a2b6f80f25bf73a67ce7a0a340,0,320,0,known_image_label_normal,0,0,0.0,0,0,0,,,,val,empty_by_image_gate,0.0,0,0,0,0,0
0,0,,,,,,ground_truth,,,,0.9948711395263672,0.0,btxrd-heuristic-001353,IMG003250.jpeg,0.0,0,320,masks/IMG003250.png,14bf4fc16d7e9f17cb073a83ba89ab04bd4c22a2b6f80f25bf73a67ce7a0a340,0,320,0,known_image_label_normal,0,0,0.0,0,0,0,,,,val,empty_by_image_gate,0.0,0,0,0,0,0
0,0,,,,,,ground_truth,,,,0.4722176194190979,0.0,btxrd-heuristic-001354,IMG003251.jpeg,0.0,0,320,masks/IMG003251.png,14bf4fc16d7e9f17cb073a83ba89ab04bd4c22a2b6f80f25bf73a67ce7a0a340,0,320,0,known_image_label_normal,0,0,0.0,0,0,0,,,,val,empty_by_image_gate,0.0,0,0,0,0,0
0,0,,,,,,ground_truth,,,,0.5091306567192078,0.0,btxrd-heuristic-001354,IMG003252.jpeg,0.0,0,320,masks/IMG003252.png,14bf4fc16d7e9f17cb073a83ba89ab04bd4c22a2b6f80f25bf73a67ce7a0a340,0,320,0,known_image_label_normal,0,0,0.0,0,0,0,,,,val,empty_by_image_gate,0.0,0,0,0,0,0
0,0,,,,,,ground_truth,,,,0.03708288446068764,0.0,btxrd-heuristic-001356,IMG003259.jpeg,0.0,0,320,masks/IMG003259.png,14bf4fc16d7e9f17cb073a83ba89ab04bd4c22a2b6f80f25bf73a67ce7a0a340,0,320,0,known_image_label_normal,0,0,0.0,0,0,0,,,,val,empty_by_image_gate,0.0,0,0,0,0,0
0,0,,,,,,ground_truth,,,,0.9534316062927246,0.0,btxrd-heuristic-001356,IMG003260.jpeg,0.0,0,320,masks/IMG003260.png,14bf4fc16d7e9f17cb073a83ba89ab04bd4c22a2b6f80f25bf73a67ce7a0a340,0,320,0,known_image_label_normal,0,0,0.0,0,0,0,,,,val,empty_by_image_gate,0.0,0,0,0,0,0
0,0,,,,,,ground_truth,,,,0.08511025458574295,0.0,btxrd-heuristic-001356,IMG003261.jpeg,0.0,0,320,masks/IMG003261.png,14bf4fc16d7e9f17cb073a83ba89ab04bd4c22a2b6f80f25bf73a67ce7a0a340,0,320,0,known_image_label_normal,0,0,0.0,0,0,0,,,,val,empty_by_image_gate,0.0,0,0,0,0,0
0,0,,,,,,ground_truth,,,,0.8814118504524231,0.0,btxrd-heuristic-001359,IMG003266.jpeg,0.0,0,320,masks/IMG003266.png,14bf4fc16d7e9f17cb073a83ba89ab04bd4c22a2b6f80f25bf73a67ce7a0a340,0,320,0,known_image_label_normal,0,0,0.0,0,0,0,,,,val,empty_by_image_gate,0.0,0,0,0,0,0
0,0,,,,,,ground_truth,,,,0.31385236978530884,0.0,btxrd-heuristic-001361,IMG003268.jpeg,0.0,0,320,masks/IMG003268.png,14bf4fc16d7e9f17cb073a83ba89ab04bd4c22a2b6f80f25bf73a67ce7a0a340,0,320,0,known_image_label_normal,0,0,0.0,0,0,0,,,,val,empty_by_image_gate,0.0,0,0,0,0,0
0,0,,,,,,ground_truth,,,,0.12403954565525055,0.0,btxrd-heuristic-001361,IMG003269.jpeg,0.0,0,320,masks/IMG003269.png,14bf4fc16d7e9f17cb073a83ba89ab04bd4c22a2b6f80f25bf73a67ce7a0a340,0,320,0,known_image_label_normal,0,0,0.0,0,0,0,,,,val,empty_by_image_gate,0.0,0,0,0,0,0
0,0,,,,,,ground_truth,,,,1.4007772733748425e-05,0.0,btxrd-heuristic-001365,IMG003281.jpeg,0.0,0,320,masks/IMG003281.png,14bf4fc16d7e9f17cb073a83ba89ab04bd4c22a2b6f80f25bf73a67ce7a0a340,0,320,0,known_image_label_normal,0,0,0.0,0,0,0,,,,val,empty_by_image_gate,0.0,0,0,0,0,0
0,0,,,,,,ground_truth,,,,0.09900352358818054,0.0,btxrd-heuristic-001365,IMG003282.jpeg,0.0,0,320,masks/IMG003282.png,14bf4fc16d7e9f17cb073a83ba89ab04bd4c22a2b6f80f25bf73a67ce7a0a340,0,320,0,known_image_label_normal,0,0,0.0,0,0,0,,,,val,empty_by_image_gate,0.0,0,0,0,0,0
0,0,,,,,,ground_truth,,,,0.00385572062805295,0.0,btxrd-heuristic-001366,IMG003283.jpeg,0.0,0,320,masks/IMG003283.png,14bf4fc16d7e9f17cb073a83ba89ab04bd4c22a2b6f80f25bf73a67ce7a0a340,0,320,0,known_image_label_normal,0,0,0.0,0,0,0,,,,val,empty_by_image_gate,0.0,0,0,0,0,0
0,0,,,,,,ground_truth,,,,0.0004624818975571543,0.0,btxrd-heuristic-001366,IMG003284.jpeg,0.0,0,320,masks/IMG003284.png,14bf4fc16d7e9f17cb073a83ba89ab04bd4c22a2b6f80f25bf73a67ce7a0a340,0,320,0,known_image_label_normal,0,0,0.0,0,0,0,,,,val,empty_by_image_gate,0.0,0,0,0,0,0
0,0,,,,,,ground_truth,,,,0.00034433644032105803,0.0,btxrd-heuristic-001366,IMG003285.jpeg,0.0,0,320,masks/IMG003285.png,14bf4fc16d7e9f17cb073a83ba89ab04bd4c22a2b6f80f25bf73a67ce7a0a340,0,320,0,known_image_label_normal,0,0,0.0,0,0,0,,,,val,empty_by_image_gate,0.0,0,0,0,0,0
0,0,,,,,,ground_truth,,,,0.00014477732474915683,0.0,btxrd-heuristic-001366,IMG003286.jpeg,0.0,0,320,masks/IMG003286.png,14bf4fc16d7e9f17cb073a83ba89ab04bd4c22a2b6f80f25bf73a67ce7a0a340,0,320,0,known_image_label_normal,0,0,0.0,0,0,0,,,,val,empty_by_image_gate,0.0,0,0,0,0,0
0,0,,,,,,ground_truth,,,,0.8928140997886658,0.0,btxrd-heuristic-001369,IMG003295.jpeg,0.0,0,320,masks/IMG003295.png,14bf4fc16d7e9f17cb073a83ba89ab04bd4c22a2b6f80f25bf73a67ce7a0a340,0,320,0,known_image_label_normal,0,0,0.0,0,0,0,,,,val,empty_by_image_gate,0.0,0,0,0,0,0
0,0,,,,,,ground_truth,,,,0.7741946578025818,0.0,btxrd-heuristic-001369,IMG003296.jpeg,0.0,0,320,masks/IMG003296.png,14bf4fc16d7e9f17cb073a83ba89ab04bd4c22a2b6f80f25bf73a67ce7a0a340,0,320,0,known_image_label_normal,0,0,0.0,0,0,0,,,,val,empty_by_image_gate,0.0,0,0,0,0,0
0,0,,,,,,ground_truth,,,,0.0043268934823572636,0.0,btxrd-heuristic-001369,IMG003297.jpeg,0.0,0,320,masks/IMG003297.png,14bf4fc16d7e9f17cb073a83ba89ab04bd4c22a2b6f80f25bf73a67ce7a0a340,0,320,0,known_image_label_normal,0,0,0.0,0,0,0,,,,val,empty_by_image_gate,0.0,0,0,0,0,0
0,0,,,,,,ground_truth,,,,0.9919692873954773,0.0,btxrd-heuristic-001377,IMG003317.jpeg,0.0,0,320,masks/IMG003317.png,14bf4fc16d7e9f17cb073a83ba89ab04bd4c22a2b6f80f25bf73a67ce7a0a340,0,320,0,known_image_label_normal,0,0,0.0,0,0,0,,,,val,empty_by_image_gate,0.0,0,0,0,0,0
0,0,,,,,,ground_truth,,,,0.9999973773956299,0.0,btxrd-heuristic-001377,IMG003318.jpeg,0.0,0,320,masks/IMG003318.png,14bf4fc16d7e9f17cb073a83ba89ab04bd4c22a2b6f80f25bf73a67ce7a0a340,0,320,0,known_image_label_normal,0,0,0.0,0,0,0,,,,val,empty_by_image_gate,0.0,0,0,0,0,0
0,0,,,,,,ground_truth,,,,0.003317986149340868,0.0,btxrd-heuristic-001378,IMG003319.jpeg,0.0,0,320,masks/IMG003319.png,14bf4fc16d7e9f17cb073a83ba89ab04bd4c22a2b6f80f25bf73a67ce7a0a340,0,320,0,known_image_label_normal,0,0,0.0,0,0,0,,,,val,empty_by_image_gate,0.0,0,0,0,0,0
0,0,,,,,,ground_truth,,,,0.0025418871082365513,0.0,btxrd-heuristic-001384,IMG003339.jpeg,0.0,0,320,masks/IMG003339.png,14bf4fc16d7e9f17cb073a83ba89ab04bd4c22a2b6f80f25bf73a67ce7a0a340,0,320,0,known_image_label_normal,0,0,0.0,0,0,0,,,,val,empty_by_image_gate,0.0,0,0,0,0,0
0,0,,,,,,ground_truth,,,,0.0016098776832222939,0.0,btxrd-heuristic-001384,IMG003340.jpeg,0.0,0,320,masks/IMG003340.png,14bf4fc16d7e9f17cb073a83ba89ab04bd4c22a2b6f80f25bf73a67ce7a0a340,0,320,0,known_image_label_normal,0,0,0.0,0,0,0,,,,val,empty_by_image_gate,0.0,0,0,0,0,0
0,0,,,,,,ground_truth,,,,0.0019127076957374811,0.0,btxrd-heuristic-001384,IMG003341.jpeg,0.0,0,320,masks/IMG003341.png,14bf4fc16d7e9f17cb073a83ba89ab04bd4c22a2b6f80f25bf73a67ce7a0a340,0,320,0,known_image_label_normal,0,0,0.0,0,0,0,,,,val,empty_by_image_gate,0.0,0,0,0,0,0
0,0,,,,,,ground_truth,,,,0.00010144577390747145,0.0,btxrd-heuristic-001393,IMG003369.jpeg,0.0,0,320,masks/IMG003369.png,14bf4fc16d7e9f17cb073a83ba89ab04bd4c22a2b6f80f25bf73a67ce7a0a340,0,320,0,known_image_label_normal,0,0,0.0,0,0,0,,,,val,empty_by_image_gate,0.0,0,0,0,0,0
0,0,,,,,,ground_truth,,,,2.9663704026461346e-06,0.0,btxrd-heuristic-001393,IMG003370.jpeg,0.0,0,320,masks/IMG003370.png,14bf4fc16d7e9f17cb073a83ba89ab04bd4c22a2b6f80f25bf73a67ce7a0a340,0,320,0,known_image_label_normal,0,0,0.0,0,0,0,,,,val,empty_by_image_gate,0.0,0,0,0,0,0
0,0,,,,,,ground_truth,,,,0.036016467958688736,0.0,btxrd-heuristic-001395,IMG003375.jpeg,0.0,0,320,masks/IMG003375.png,14bf4fc16d7e9f17cb073a83ba89ab04bd4c22a2b6f80f25bf73a67ce7a0a340,0,320,0,known_image_label_normal,0,0,0.0,0,0,0,,,,val,empty_by_image_gate,0.0,0,0,0,0,0
0,0,,,,,,ground_truth,,,,7.610929606016725e-05,0.0,btxrd-heuristic-001395,IMG003376.jpeg,0.0,0,320,masks/IMG003376.png,14bf4fc16d7e9f17cb073a83ba89ab04bd4c22a2b6f80f25bf73a67ce7a0a340,0,320,0,known_image_label_normal,0,0,0.0,0,0,0,,,,val,empty_by_image_gate,0.0,0,0,0,0,0
0,0,,,,,,ground_truth,,,,0.0006944517372176051,0.0,btxrd-heuristic-001402,IMG003401.jpeg,0.0,0,320,masks/IMG003401.png,14bf4fc16d7e9f17cb073a83ba89ab04bd4c22a2b6f80f25bf73a67ce7a0a340,0,320,0,known_image_label_normal,0,0,0.0,0,0,0,,,,val,empty_by_image_gate,0.0,0,0,0,0,0
0,0,,,,,,ground_truth,,,,0.004934492986649275,0.0,btxrd-heuristic-001402,IMG003402.jpeg,0.0,0,320,masks/IMG003402.png,14bf4fc16d7e9f17cb073a83ba89ab04bd4c22a2b6f80f25bf73a67ce7a0a340,0,320,0,known_image_label_normal,0,0,0.0,0,0,0,,,,val,empty_by_image_gate,0.0,0,0,0,0,0
0,0,,,,,,ground_truth,,,,0.9999847412109375,0.0,btxrd-heuristic-001404,IMG003413.jpeg,0.0,0,320,masks/IMG003413.png,14bf4fc16d7e9f17cb073a83ba89ab04bd4c22a2b6f80f25bf73a67ce7a0a340,0,320,0,known_image_label_normal,0,0,0.0,0,0,0,,,,val,empty_by_image_gate,0.0,0,0,0,0,0
0,0,,,,,,ground_truth,,,,0.9999045133590698,0.0,btxrd-heuristic-001404,IMG003414.jpeg,0.0,0,320,masks/IMG003414.png,14bf4fc16d7e9f17cb073a83ba89ab04bd4c22a2b6f80f25bf73a67ce7a0a340,0,320,0,known_image_label_normal,0,0,0.0,0,0,0,,,,val,empty_by_image_gate,0.0,0,0,0,0,0
0,0,,,,,,ground_truth,,,,0.22090648114681244,0.0,btxrd-heuristic-001404,IMG003415.jpeg,0.0,0,320,masks/IMG003415.png,14bf4fc16d7e9f17cb073a83ba89ab04bd4c22a2b6f80f25bf73a67ce7a0a340,0,320,0,known_image_label_normal,0,0,0.0,0,0,0,,,,val,empty_by_image_gate,0.0,0,0,0,0,0
0,0,,,,,,ground_truth,,,,0.012901865877211094,0.0,btxrd-heuristic-001404,IMG003416.jpeg,0.0,0,320,masks/IMG003416.png,14bf4fc16d7e9f17cb073a83ba89ab04bd4c22a2b6f80f25bf73a67ce7a0a340,0,320,0,known_image_label_normal,0,0,0.0,0,0,0,,,,val,empty_by_image_gate,0.0,0,0,0,0,0
0,0,,,,,,ground_truth,,,,0.47313404083251953,0.0,btxrd-heuristic-001404,IMG003417.jpeg,0.0,0,320,masks/IMG003417.png,14bf4fc16d7e9f17cb073a83ba89ab04bd4c22a2b6f80f25bf73a67ce7a0a340,0,320,0,known_image_label_normal,0,0,0.0,0,0,0,,,,val,empty_by_image_gate,0.0,0,0,0,0,0
0,0,,,,,,ground_truth,,,,7.106171324267052e-06,0.0,btxrd-heuristic-001407,IMG003428.jpeg,0.0,0,320,masks/IMG003428.png,14bf4fc16d7e9f17cb073a83ba89ab04bd4c22a2b6f80f25bf73a67ce7a0a340,0,320,0,known_image_label_normal,0,0,0.0,0,0,0,,,,val,empty_by_image_gate,0.0,0,0,0,0,0
0,0,,,,,,ground_truth,,,,0.810675859451294,0.0,btxrd-heuristic-001408,IMG003429.jpeg,0.0,0,320,masks/IMG003429.png,14bf4fc16d7e9f17cb073a83ba89ab04bd4c22a2b6f80f25bf73a67ce7a0a340,0,320,0,known_image_label_normal,0,0,0.0,0,0,0,,,,val,empty_by_image_gate,0.0,0,0,0,0,0
0,0,,,,,,ground_truth,,,,0.14636963605880737,0.0,btxrd-heuristic-001408,IMG003430.jpeg,0.0,0,320,masks/IMG003430.png,14bf4fc16d7e9f17cb073a83ba89ab04bd4c22a2b6f80f25bf73a67ce7a0a340,0,320,0,known_image_label_normal,0,0,0.0,0,0,0,,,,val,empty_by_image_gate,0.0,0,0,0,0,0
0,0,,,,,,ground_truth,,,,0.02569233998656273,0.0,btxrd-heuristic-001411,IMG003436.jpeg,0.0,0,320,masks/IMG003436.png,14bf4fc16d7e9f17cb073a83ba89ab04bd4c22a2b6f80f25bf73a67ce7a0a340,0,320,0,known_image_label_normal,0,0,0.0,0,0,0,,,,val,empty_by_image_gate,0.0,0,0,0,0,0
0,0,,,,,,ground_truth,,,,0.0010320658329874277,0.0,btxrd-heuristic-001411,IMG003437.jpeg,0.0,0,320,masks/IMG003437.png,14bf4fc16d7e9f17cb073a83ba89ab04bd4c22a2b6f80f25bf73a67ce7a0a340,0,320,0,known_image_label_normal,0,0,0.0,0,0,0,,,,val,empty_by_image_gate,0.0,0,0,0,0,0
0,0,,,,,,ground_truth,,,,0.32398721575737,0.0,btxrd-heuristic-001424,IMG003489.jpeg,0.0,0,320,masks/IMG003489.png,14bf4fc16d7e9f17cb073a83ba89ab04bd4c22a2b6f80f25bf73a67ce7a0a340,0,320,0,known_image_label_normal,0,0,0.0,0,0,0,,,,val,empty_by_image_gate,0.0,0,0,0,0,0
0,0,,,,,,ground_truth,,,,0.000917648256290704,0.0,btxrd-heuristic-001430,IMG003521.jpeg,0.0,0,320,masks/IMG003521.png,14bf4fc16d7e9f17cb073a83ba89ab04bd4c22a2b6f80f25bf73a67ce7a0a340,0,320,0,known_image_label_normal,0,0,0.0,0,0,0,,,,val,empty_by_image_gate,0.0,0,0,0,0,0
0,0,,,,,,ground_truth,,,,0.0010021427879109979,0.0,btxrd-heuristic-001438,IMG003582.jpeg,0.0,0,320,masks/IMG003582.png,14bf4fc16d7e9f17cb073a83ba89ab04bd4c22a2b6f80f25bf73a67ce7a0a340,0,320,0,known_image_label_normal,0,0,0.0,0,0,0,,,,val,empty_by_image_gate,0.0,0,0,0,0,0
0,0,,,,,,ground_truth,,,,0.9818244576454163,0.0,btxrd-heuristic-001439,IMG003583.jpeg,0.0,0,320,masks/IMG003583.png,14bf4fc16d7e9f17cb073a83ba89ab04bd4c22a2b6f80f25bf73a67ce7a0a340,0,320,0,known_image_label_normal,0,0,0.0,0,0,0,,,,val,empty_by_image_gate,0.0,0,0,0,0,0
0,0,,,,,,ground_truth,,,,0.674444317817688,0.0,btxrd-heuristic-001440,IMG003584.jpeg,0.0,0,320,masks/IMG003584.png,14bf4fc16d7e9f17cb073a83ba89ab04bd4c22a2b6f80f25bf73a67ce7a0a340,0,320,0,known_image_label_normal,0,0,0.0,0,0,0,,,,val,empty_by_image_gate,0.0,0,0,0,0,0
0,0,,,,,,ground_truth,,,,0.9408606290817261,0.0,btxrd-heuristic-001445,IMG003618.jpeg,0.0,0,320,masks/IMG003618.png,14bf4fc16d7e9f17cb073a83ba89ab04bd4c22a2b6f80f25bf73a67ce7a0a340,0,320,0,known_image_label_normal,0,0,0.0,0,0,0,,,,val,empty_by_image_gate,0.0,0,0,0,0,0
0,0,,,,,,ground_truth,,,,0.07075947523117065,0.0,btxrd-heuristic-001445,IMG003619.jpeg,0.0,0,320,masks/IMG003619.png,14bf4fc16d7e9f17cb073a83ba89ab04bd4c22a2b6f80f25bf73a67ce7a0a340,0,320,0,known_image_label_normal,0,0,0.0,0,0,0,,,,val,empty_by_image_gate,0.0,0,0,0,0,0
0,0,,,,,,ground_truth,,,,0.9715781807899475,0.0,btxrd-heuristic-001445,IMG003620.jpeg,0.0,0,320,masks/IMG003620.png,14bf4fc16d7e9f17cb073a83ba89ab04bd4c22a2b6f80f25bf73a67ce7a0a340,0,320,0,known_image_label_normal,0,0,0.0,0,0,0,,,,val,empty_by_image_gate,0.0,0,0,0,0,0
0,0,,,,,,ground_truth,,,,0.02989104948937893,0.0,btxrd-heuristic-001445,IMG003621.jpeg,0.0,0,320,masks/IMG003621.png,14bf4fc16d7e9f17cb073a83ba89ab04bd4c22a2b6f80f25bf73a67ce7a0a340,0,320,0,known_image_label_normal,0,0,0.0,0,0,0,,,,val,empty_by_image_gate,0.0,0,0,0,0,0
0,0,,,,,,ground_truth,,,,0.36756542325019836,0.0,btxrd-heuristic-001458,IMG003701.jpeg,0.0,0,320,masks/IMG003701.png,14bf4fc16d7e9f17cb073a83ba89ab04bd4c22a2b6f80f25bf73a67ce7a0a340,0,320,0,known_image_label_normal,0,0,0.0,0,0,0,,,,val,empty_by_image_gate,0.0,0,0,0,0,0
0,0,,,,,,ground_truth,,,,0.3460201919078827,0.0,btxrd-heuristic-001458,IMG003702.jpeg,0.0,0,320,masks/IMG003702.png,14bf4fc16d7e9f17cb073a83ba89ab04bd4c22a2b6f80f25bf73a67ce7a0a340,0,320,0,known_image_label_normal,0,0,0.0,0,0,0,,,,val,empty_by_image_gate,0.0,0,0,0,0,0
0,0,,,,,,ground_truth,,,,0.02011445164680481,0.0,btxrd-heuristic-001458,IMG003703.jpeg,0.0,0,320,masks/IMG003703.png,14bf4fc16d7e9f17cb073a83ba89ab04bd4c22a2b6f80f25bf73a67ce7a0a340,0,320,0,known_image_label_normal,0,0,0.0,0,0,0,,,,val,empty_by_image_gate,0.0,0,0,0,0,0
0,0,,,,,,ground_truth,,,,0.17313052713871002,0.0,btxrd-heuristic-001458,IMG003704.jpeg,0.0,0,320,masks/IMG003704.png,14bf4fc16d7e9f17cb073a83ba89ab04bd4c22a2b6f80f25bf73a67ce7a0a340,0,320,0,known_image_label_normal,0,0,0.0,0,0,0,,,,val,empty_by_image_gate,0.0,0,0,0,0,0
0,0,,,,,,ground_truth,,,,0.012138012796640396,0.0,btxrd-heuristic-001460,IMG003709.jpeg,0.0,0,320,masks/IMG003709.png,14bf4fc16d7e9f17cb073a83ba89ab04bd4c22a2b6f80f25bf73a67ce7a0a340,0,320,0,known_image_label_normal,0,0,0.0,0,0,0,,,,val,empty_by_image_gate,0.0,0,0,0,0,0
0,0,,,,,,ground_truth,,,,0.5214639902114868,0.0,btxrd-heuristic-001460,IMG003710.jpeg,0.0,0,320,masks/IMG003710.png,14bf4fc16d7e9f17cb073a83ba89ab04bd4c22a2b6f80f25bf73a67ce7a0a340,0,320,0,known_image_label_normal,0,0,0.0,0,0,0,,,,val,empty_by_image_gate,0.0,0,0,0,0,0
0,0,,,,,,ground_truth,,,,0.012681961059570312,0.0,btxrd-heuristic-001460,IMG003711.jpeg,0.0,0,320,masks/IMG003711.png,14bf4fc16d7e9f17cb073a83ba89ab04bd4c22a2b6f80f25bf73a67ce7a0a340,0,320,0,known_image_label_normal,0,0,0.0,0,0,0,,,,val,empty_by_image_gate,0.0,0,0,0,0,0
0,0,,,,,,ground_truth,,,,0.9996700286865234,0.0,btxrd-heuristic-001462,IMG003720.jpg,0.0,0,320,masks/IMG003720.png,14bf4fc16d7e9f17cb073a83ba89ab04bd4c22a2b6f80f25bf73a67ce7a0a340,0,320,0,known_image_label_normal,0,0,0.0,0,0,0,,,,val,empty_by_image_gate,0.0,0,0,0,0,0
0,0,,,,,,ground_truth,,,,0.9999734163284302,0.0,btxrd-heuristic-001474,IMG003740.jpg,0.0,0,320,masks/IMG003740.png,14bf4fc16d7e9f17cb073a83ba89ab04bd4c22a2b6f80f25bf73a67ce7a0a340,0,320,0,known_image_label_normal,0,0,0.0,0,0,0,,,,val,empty_by_image_gate,0.0,0,0,0,0,0
0,0,,,,,,ground_truth,,,,0.9994794726371765,0.0,btxrd-heuristic-001475,IMG003741.jpg,0.0,0,320,masks/IMG003741.png,14bf4fc16d7e9f17cb073a83ba89ab04bd4c22a2b6f80f25bf73a67ce7a0a340,0,320,0,known_image_label_normal,0,0,0.0,0,0,0,,,,val,empty_by_image_gate,0.0,0,0,0,0,0
0,0,,,,,,ground_truth,,,,0.999991774559021,0.0,btxrd-heuristic-001475,IMG003742.jpg,0.0,0,320,masks/IMG003742.png,14bf4fc16d7e9f17cb073a83ba89ab04bd4c22a2b6f80f25bf73a67ce7a0a340,0,320,0,known_image_label_normal,0,0,0.0,0,0,0,,,,val,empty_by_image_gate,0.0,0,0,0,0,0
0,0,,,,,,ground_truth,,,,0.9999735355377197,0.0,btxrd-heuristic-001475,IMG003743.jpg,0.0,0,320,masks/IMG003743.png,14bf4fc16d7e9f17cb073a83ba89ab04bd4c22a2b6f80f25bf73a67ce7a0a340,0,320,0,known_image_label_normal,0,0,0.0,0,0,0,,,,val,empty_by_image_gate,0.0,0,0,0,0,0
0,0,,,,,,ground_truth,,,,1.0,0.0,btxrd-heuristic-001475,IMG003744.jpg,0.0,0,320,masks/IMG003744.png,14bf4fc16d7e9f17cb073a83ba89ab04bd4c22a2b6f80f25bf73a67ce7a0a340,0,320,0,known_image_label_normal,0,0,0.0,0,0,0,,,,val,empty_by_image_gate,0.0,0,0,0,0,0
