image_id,source_image_sha256,region_map_path,region_map_sha256,regions,uncovered_pixels,uncovered_fraction,map_width,map_height,map_dtype
IMG000002.jpeg,f7b58cd92eae19e5263ec114b96b5bbc2a4152da4c5e96823c3dcbb5d4213bbf,region_maps/IMG000002.png,6d74731c339e97ba5123902d2a5dc95e13984d1371d0bf07bedb86a322fec651,7,70,0.0109375000,80,80,uint16
IMG000003.jpeg,11bde800f29c60639c542bbf7e767c4f2786d6b60dfa1a023562934f2e861b43,region_maps/IMG000003.png,6025c2cb1aca530a03b39922b7dd71bbe6f99dd44b0c1653f95dc3f2ec58e01d,8,84,0.0131250000,80,80,uint16
IMG000004.jpeg,5526b61030169b3d8a0f0474721a71ac95456c56b50c088f5ad29ffec2dcec18,region_maps/IMG000004.png,ebb942f249e55efbab7662a04adcec1f766c0724ba6defc971f4e9f39871e6c9,4,364,0.0568750000,80,80,uint16
IMG000005.jpeg,6bbca0ca2b10b1676272aea91be111f8b4f1a06ffed6ce05921bca0ecfd46f6d,region_maps/IMG000005.png,77e37d2007f684c679e8823927ec06cb3bc9d1cdba8da7c9a6441bd45751f32b,4,362,0.0565625000,80,80,uint16
IMG000006.jpeg,52a66c90e47cfd5248797d6122d5841266813bf6a945f42a97670fb5a5d14e49,region_maps/IMG000006.png,9cabd232cd9221693eb04c0eccf61b4b916ad63cc2c492def2fc53a19ea62e42,12,3017,0.4714062500,80,80,uint16
IMG000007.jpeg,e416de59f060c05723d82a501321bf776f210db65dcb921d28c4a8a4db60514b,region_maps/IMG000007.png,2d45390073059b05f285839a31c55e7fc8e2d3b8bed05a6cd8ae83acd85c5114,7,2813,0.4395312500,80,80,uint16
IMG000008.jpeg,1773bf629d30b3ff29ab53e8c339a7b54ee191929791af48f95f38982d868ba6,region_maps/IMG000008.png,58910b1ffd56aa6172818575849d59a65bd33f050dc52da55ee171a939460933,2,6241,0.9751562500,80,80,uint16
IMG000009.jpeg,c1058372ad119109343ed5e7b689a8c115702a24fa11e64d3275755d7df3fc29,region_maps/IMG000009.png,e8644a84848ca5ef8e1a6d5f140a6842eeeaab0aca0ed0df0088804384bc4a27,3,6098,0.9528125000,80,80,uint16
IMG000011.jpeg,1abfa6aad002e6a0651f3ab6a3e8dc127f477e04c720b0a49b57305c2eed394f,region_maps/IMG000011.png,aa11c53fa26da8cb9ba1c4f4329e1ecc20b042624d80cdd3921dcfc1ade361a6,35,4339,0.6779687500,80,80,uint16
IMG000012.jpeg,04f8f935531fa4008eeaea0def83e903d54094af793208bf88d23f737abc0295,region_maps/IMG000012.png,857557d7a500f80a1582c57020847fb710444436c02138cbfd2d9681e291e86b,51,4775,0.7460937500,80,80,uint16
IMG000013.jpeg,a801451a61dff85507ffe5acdc7a09d7cb621f1bfed5700827a58d71237b0a93,region_maps/IMG000013.png,087bdda5b61efb29a8df8305d6bf9cb57ec04017065869779340aebe1f71d434,7,36,0.0056250000,80,80,uint16
IMG000014.jpeg,2a3d6a33ac7e804a7f0522e28e5ec499327f6d0634917c3e893a43155931358e,region_maps/IMG000014.png,68c7ae138ef9a805099b77b146ad8bba1482ae24c6b35082a0b8f12da0012c2b,2,194,0.0303125000,80,80,uint16
IMG000015.jpeg,0820d00116f59eb9312bd89a679e00929e4593989329df4bc14421600ee00589,region_maps/IMG000015.png,940d6693e5c11fac92e6fc412c3bea95fc8f3727ef3b1e1ef89aabd332d96d02,10,3842,0.6003125000,80,80,uint16
IMG000016.jpeg,4b864f7317472a59c375eb47076d0c62447c94835c49c5f0fa35db26f056c5b9,region_maps/IMG000016.png,9f4e6b1049d51d58639aef202789059b263023a5cdea3c8ba9a6fd2351483783,5,37,0.0057812500,80,80,uint16
IMG000019.jpeg,38747d2f254199836d9b2ca53f2ae92be5b5f207b79c5480f5a5bfe914264aed,region_maps/IMG000019.png,2d0da6483ebbb838769f6d4c63779ad2544950901b947fe4e908aef68e77fa29,10,2783,0.4348437500,80,80,uint16
IMG000020.jpeg,cddece6724137dd40bb75bcb0b5c1308cc85eba6de48f899f3dd8436294ee12f,region_maps/IMG000020.png,34164a33b2b995d56760f82da0b63ec58c6f272196dbcf309cf3cbc33b1e5ac1,8,2634,0.4115625000,80,80,uint16
IMG000021.jpeg,48bc594c1bf66f3901bc053d67905576e67a0560a4ac606ae00c2bd853f788e8,region_maps/IMG000021.png,eacbb61dada55cc65cadea6d627e06d6ca79e4d202a24c5deaea1fb9466a91d9,13,2127,0.3323437500,80,80,uint16
IMG000022.jpeg,3b7f7bc45b8842117be0363e2c9de414c24de9c3fbc2340d2e81f2313bbd1d75,region_maps/IMG000022.png,64fbf09cc961dcbdb02ee9a2aa469f68d0e7a84934f674d2b8e0c8cb4f5074cb,5,72,0.0112500000,80,80,uint16
IMG000023.jpeg,903b583be0569c805bd8b95b33db0b8f73aa3af632ccf92dc6b5f78ee63f1ef4,region_maps/IMG000023.png,cee5a9e1e4398cfcd9b54ebeff806a63016c4d3bf05f46d852d092d4ef7a277d,5,2812,0.4393750000,80,80,uint16
IMG000024.jpeg,56df1e50c40bbdbd301e99ac61e853a360af1ebdc9ec86efbde42ef6f364b92d,region_maps/IMG000024.png,6c87314469bd20f2eec36d8c0619d4e226a3a0486406911981847129d26cd217,5,3525,0.5507812500,80,80,uint16
IMG000025.jpeg,d8bfc813ee8413d0c308427c73bfd29648fc9f5bf4e71a035b3193ce9ca0a2ca,region_maps/IMG000025.png,131d768d538b1db29397c90c2fb00f6f4a06726c4ed6b6432f02db6dba567b5b,4,3547,0.5542187500,80,80,uint16
IMG000027.jpeg,4a4d30932bc66b91e67e85e72ab199cb38fc29a9b85a898f294ccec9458d0d16,region_maps/IMG000027.png,aef64dbca899007a99d5d77504861d590edaca64925c644d3d189a8fcc396bd0,13,4931,0.7704687500,80,80,uint16
IMG000028.jpeg,8a2ddf0663428a4bbb1c15299f7d52b8e77bba23263b0a196f71b754d2219cc2,region_maps/IMG000028.png,8a11eb6c46a3f22a83f6f31ac72d634c4832a1d2491021939a82e03bd143363f,11,3964,0.6193750000,80,80,uint16
IMG000029.jpeg,63db8bb98cdd693cce4862b6c0322860e1dee3697d81d9173e484ad0832e4f87,region_maps/IMG000029.png,ad28722fd10ff364e2d0ba44e4170850f9a5d0ae62b66ba826c43bd95c7d1811,10,3185,0.4976562500,80,80,uint16
IMG000030.jpeg,40e55d1b1edcac9d9209c176c7176bcd8469fe6823e33d633e94ddeff0e51d3e,region_maps/IMG000030.png,e633d0578e0fad4b0c1894595a52b359d0127a663bc1ddf47ee1fffb9c1659dc,7,70,0.0109375000,80,80,uint16
IMG000031.jpeg,8fb54ec2336861682bf717a932ce6b6039fbdf1050c1c2f46e029d9612270f09,region_maps/IMG000031.png,0a46813367f52fb3ce99371e6a640aed4271d48d77c0996100f8af7ab8be6cf4,10,1913,0.2989062500,80,80,uint16
IMG000032.jpeg,0ed45c1e464e4afc3d698dff3dfd3951e422d345999544d46b54a02c4a113c69,region_maps/IMG000032.png,eb2c436ad768f1b32d9da5327397984b1cee7f0ecad42519a0edc283facf159f,26,4829,0.7545312500,80,80,uint16
IMG000035.jpeg,d6e13c05705deafc259e553ca66b921998d65524bf67641d3e1e1331d7f6492a,region_maps/IMG000035.png,1cf0905acba703b45bfdd21a0a3ab4d27731d8f02052744713e9169b1f3ac237,4,41,0.0064062500,80,80,uint16
IMG000036.jpeg,b1637329dc0950994f935591a045fd3f2e8940f9e431bcf981ba38c7f6d1f44b,region_maps/IMG000036.png,6fe6c896988272e474972ab86941413f80d5d1e05dfa2c41a34e687770254c19,5,85,0.0132812500,80,80,uint16
IMG000037.jpeg,6150e7ee0bf76c053efd6c83ca0b582a77b4893671ebe0f019b6aedd47c32e28,region_maps/IMG000037.png,efdbb0728e20209cbcf064ae13f2f1eb3f6b5daef98b6731d7b829a0561586ef,7,2337,0.3651562500,80,80,uint16
IMG000038.jpeg,4f0583c480c8902701547a0479b28fb4a9e7f7c94d444dbfde1d2dd223eecebe,region_maps/IMG000038.png,41664d6350d52ec450de9b4894a63fb703f60e8dec1d9dea541f2c83ff074fc9,5,101,0.0157812500,80,80,uint16
IMG000040.jpeg,8acfae35ec8ead929d9a694aa25d698bee2e51b69b8770d327e15459915abccd,region_maps/IMG000040.png,abd175b078ba07e5e47e6bfb4651d952c23faaabbfb66534763d4396c6310940,4,153,0.0239062500,80,80,uint16
IMG000041.jpeg,18ef013368b4d957596e687665022efeb20eb7ba9e6004afeae0f149b68e194f,region_maps/IMG000041.png,db6ec49b1e29d691026c4bbfb1713c51448e10e8bd46ca7d161a44688786fd51,6,59,0.0092187500,80,80,uint16
IMG000042.jpeg,a71dba91e29b9b726e5be590c3a65c83244c3ecc3d34678a566030fd268ee4ce,region_maps/IMG000042.png,1c8ed30f264eebfb184702b6d6510b77d628f1c75bf4c0dbbc7c50cdcaf91db6,7,4673,0.7301562500,80,80,uint16
IMG000043.jpeg,57611f6d23651d1d63a5cf6b591ec5854b022eaa821bac95a802602ec0747adb,region_maps/IMG000043.png,9eb40f8b8c693cda4b0eb210722dc93deb0a6cc848dad12deaaa6d24c9ffcae9,6,2933,0.4582812500,80,80,uint16
IMG000044.jpeg,f54b6e6ae0b61a0a1a03e548c1d9e5bf2256e43587f3efb0959783715d9536d2,region_maps/IMG000044.png,a3cce94bc6fd8aecbf8cd35593a613a4686ae5e1a843b1606e0182f34c1e06a8,5,3783,0.5910937500,80,80,uint16
IMG000045.jpeg,c4b66e83bbfff280c3d959f47cda7e8ea92789bba604891ccc0cd5443ee4a215,region_maps/IMG000045.png,1888ca311f9d773220ebd9c1c0bbe3490aad6fdae2a417042ebcc07a1cb30357,9,3221,0.5032812500,80,80,uint16
IMG000046.jpeg,229849b524d3b56c514d9427e2f9b9217f4656d3f63ebc53b9182dc8ceb28414,region_maps/IMG000046.png,8ecebf24d699f3ca5545406ceed5a33ea3666de1728e1edb4a45de9c32029c13,6,3272,0.5112500000,80,80,uint16
IMG000047.jpeg,7843d4c48b2e21ae84dad578f379e1bb2db7eb9ed0629b06a8ef3655d0b850bf,region_maps/IMG000047.png,64992928c36cf4b5ce3c53b2d8fbb7af6f651105bbea06ec11613f4b40f35e43,5,68,0.0106250000,80,80,uint16
IMG000051.jpeg,c6f4e9d17ef405b7d54b1405ca466d969c81639374ed384af4bae66124fbed8c,region_maps/IMG000051.png,55e4ddaa213fddd28e464921a8fdb54a884a3902cecddc83243de34d300ff1c0,15,5263,0.8223437500,80,80,uint16
IMG000052.jpeg,bf9ae2dbf8793b892b5aa8e59e8149170fd0aa2e4ba01e6bcd9b5dde816c30fc,region_maps/IMG000052.png,a04cc013ef0558f88f12714dca20007a2d6411cb75869ed825dae3cac99aaed2,4,3103,0.4848437500,80,80,uint16
IMG000053.jpeg,2e218a24640f1bf26b357135cf771a1826b5101526f1af9d1675f92fb467f451,region_maps/IMG000053.png,2e1527ac2ec41ba8c557dd1dd6eb78c66ef49f786a498694350d249789f558d8,3,73,0.0114062500,80,80,uint16
IMG000054.jpeg,94b082b055af6e2dc67b278f75ec3f9082e0c70a6bd6b710948c2c465adc1c16,region_maps/IMG000054.png,78fb5b6a684f26eded5a11602c9e163b2182a7c2e24cfd78763ade6a83d301b3,6,43,0.0067187500,80,80,uint16
IMG000057.jpeg,69912bb0dda35cc3010fb19c96edac317e2a69e8a222b454ec9a5392b826c1ec,region_maps/IMG000057.png,c3d75172d31d2fa3b4e489063207ac92072f918109ec62a09aa47d114e784e94,8,44,0.0068750000,80,80,uint16
IMG000058.jpeg,dc360a6ae91132dac8ec9c7d4fa29e5e920ec98860f86b6d6dc50a66e1e6c85a,region_maps/IMG000058.png,79d5a4584fce5ca57aa96ff66ebbd94fbdc92f7e426fb264670febdbaa09b1db,6,33,0.0051562500,80,80,uint16
IMG000061.jpeg,09b4284c53cab391d580f1a6c3bb09da049303dfab86c547d0638ec56bc27da6,region_maps/IMG000061.png,f4dedda6b769c740e6f42d334c78658ff0b92e3d9ef5c434e0738c7675655a85,7,89,0.0139062500,80,80,uint16
IMG000062.jpeg,689de4ab173f22c80a709ec0352a04decca57b2b824958b070a783c8a578d83f,region_maps/IMG000062.png,204773ca4a5794a6f76b5509129b541bff68794ecac8b08fd9f2897652bde31e,3,1747,0.2729687500,80,80,uint16
IMG000063.jpeg,62b601c574edd5b267e5c8a47543c50e5288a74ca7850de8d40a308fabd3c1f8,region_maps/IMG000063.png,949c17a1d487f758aed93a1d6fd8cb1bfdd0aa495263ecb8fe64d75d74189d14,8,43,0.0067187500,80,80,uint16
IMG000064.jpeg,7e3aa155e11ccb0ea17ba22858f65deef4eebc88af5a5dc053db2e5c5d874145,region_maps/IMG000064.png,f6b23762c356eaeee495e559f7efd02579e613a61667b39c06790d6890886149,6,23,0.0035937500,80,80,uint16
IMG000067.jpeg,3efda30b5ffe19558c907dde09b4e0eda7d46ef3567daabd0f15146afb58911a,region_maps/IMG000067.png,16d095d79767c605413b5cf03ab564eba133392dec4d1e2d952acd5160c5dbd5,4,63,0.0098437500,80,80,uint16
IMG000068.jpeg,564803fdc605e8811ef2a2030341554c31d90ebecff109a6a1844a1ffdddacc8,region_maps/IMG000068.png,066c19d7bbc06b116de3a0230d6ec6914686b4326f5b855025e99b02cfd6c537,4,60,0.0093750000,80,80,uint16
IMG000069.jpeg,7332600cbd76dfec8af72e85ad2eaaa4d9d9f0b181191d95c9a7f2a1fffd7a7f,region_maps/IMG000069.png,c635c9cd020f66c2b09c7ec564b74200c5cddf0dc040a0c65bf75d4565c03a40,9,66,0.0103125000,80,80,uint16
IMG000070.jpeg,cb62368f5b26979df26dd507d6a6adbfe681a70d52e76adbb70a1f1a233c564a,region_maps/IMG000070.png,0ea4d3e24ac9ca63d11f7bb90eef7ea5bb6252c9747c2fdd67e6f08814f55284,8,34,0.0053125000,80,80,uint16
IMG000072.jpeg,3883c0bcc3979222829f3626ca31cb6d8b4ccceb6c1923ddeff260413171a49b,region_maps/IMG000072.png,b5654cbd882bdff20d075d7514f87222630ab0ab3d5e39d5f20d0d2f5a65d670,8,37,0.0057812500,80,80,uint16
IMG000073.jpeg,d786c9f8e7504e337ea96e202e23a5c694d0eb2de4e73a9b98762812b4ab6120,region_maps/IMG000073.png,c978838ab62b16be4a1f05f8b70f5df255c972d643ba07a26303f344e0160d2b,9,44,0.0068750000,80,80,uint16
IMG000074.jpeg,e0449698a33e8b8f77f8bcdf3b8ba8355ad811360d0ffedfd981de93897516f7,region_maps/IMG000074.png,ddd949617c03cb054a99d93824ce2b3da7b64fb48038334cfdf00b954d801f44,4,54,0.0084375000,80,80,uint16
IMG000075.jpeg,30f341328c2d7f870de15132a989a777cde00a8b4311452f0dfa75b8915b4bea,region_maps/IMG000075.png,31faaf4490976722f220210016de7bb40357538d50da6cdb944f4631224d2372,8,4004,0.6256250000,80,80,uint16
IMG000078.jpeg,8994aeb61c1b002a9a61577b0f0fc355b873a78d386b9f562a46835882179640,region_maps/IMG000078.png,ca26bcc00ae2beb6f3328928a885a04d79c3e8a7650964af2b5272ffc6b9a4ff,7,3376,0.5275000000,80,80,uint16
IMG000079.jpeg,24a3fd57f4df6833b426b1dae23ed22a7161ad32ca08dc3384dc208143b19a3f,region_maps/IMG000079.png,d475f3f4d7e866cee6298a38bc8bc5fcfd75f71a1eb29d886a365213b1e2880f,6,3470,0.5421875000,80,80,uint16
IMG000080.jpeg,f0a9bf218771488a7d4c34883e2fe13d7750e0ca6b5524b6c732ba9de1a2f27d,region_maps/IMG000080.png,58162bc750f46a7dca6dea1b60c7aa1391a9c68dbe3f331e47dd4cb8ee4378ad,12,5383,0.8410937500,80,80,uint16
IMG000083.jpeg,2957974e73c9b1dfbf301f99d05521c03a313d768178489a70f8f60d4fc5d516,region_maps/IMG000083.png,923f7dfaab36d68175273614de247dee44b81b28b9aa82971a094875d359d4f0,6,50,0.0078125000,80,80,uint16
IMG000084.jpeg,6b369d7723da96181dea78f3c7acf504a37fc3c66651191981818055702478da,region_maps/IMG000084.png,1275a05780bcdb37e91daeedbd590fdaa5b23a9470c9533f8a06eaf16eaec8f4,9,66,0.0103125000,80,80,uint16
IMG000085.jpeg,25aae0c745655ca0b746d341d15a82ba5ae1c8678ddc1133de5a3b0dff142a79,region_maps/IMG000085.png,be748f3f31532c1005fcc6ce8dacc81b90d0d88225221e27e0d46af4b35dd2f1,7,4608,0.7200000000,80,80,uint16
IMG000086.jpeg,8e33d8a688772d84dddf2506a70eb41bff9cfcc5086cacdbaf5968087ff9e301,region_maps/IMG000086.png,3c786919007e017d730b2078e3f0801084b62f7727908601f6078dd26d7b113f,3,5095,0.7960937500,80,80,uint16
IMG000087.jpeg,ae04b4f241906852cae313b2e51c4ec0d0fbc4a6ee9d302cca811500b9f08ead,region_maps/IMG000087.png,44bf1997603d9d440039b6bee4648b2fce09b4a82642aca5879ab0b4483a0c8e,4,4770,0.7453125000,80,80,uint16
IMG000088.jpeg,784dc3ab90582c261c9d22575e029c0c5c64ef0cd7c2a01aa8c05c48f1e5ae78,region_maps/IMG000088.png,0a29e7d64edcaa33954c21829ba15cd7b8ece3b2af1da8a3735da54d7cefb73c,6,38,0.0059375000,80,80,uint16
IMG000089.jpeg,14a14500af98d426146de533a5d05f62831009e98a64f8a1b6833cd55064be4e,region_maps/IMG000089.png,2873b5be0ae0e6b1497db9585ace55f24615a01809e673be337efc10d615a84e,7,2993,0.4676562500,80,80,uint16
IMG000090.jpeg,5e36d5a6208053aea8c9c9bd3f642bb6d76484bad4b1dcaac9d38ffd6602a7a1,region_maps/IMG000090.png,7ff368f57e5bead26f0c4e837c6219a8cdb836ae123439aae703f3f743519c5c,6,62,0.0096875000,80,80,uint16
IMG000091.jpeg,d83b3950b8003c7d88806671511ca89d6c323fd618287582e8f6e0ee6eba2593,region_maps/IMG000091.png,471c8817fa3eb5ab290e3b4037b6f82ac7e10abb27dea079eb4476cd081f2ac8,6,3494,0.5459375000,80,80,uint16
IMG000092.jpeg,665f16342ec2bfeacb7aa3ec7ecfed6a17a402fc928ffe0c09cb3986b1247ad5,region_maps/IMG000092.png,f31afa8d9b72a340ee3490429a5a6b813b915c5c119674fc2c228576180c5197,5,3161,0.4939062500,80,80,uint16
IMG000093.jpeg,86ed50c9722843071bb7d6064670726fd4fbbe51a827a904fa279d57e1b736f8,region_maps/IMG000093.png,6e4e343875e720df6bbb5463f45204a9d6b8842b6fdef0c48c8500e7f3090695,8,3916,0.6118750000,80,80,uint16
IMG000094.jpeg,664cd9dcafc3bc1ab495d4ced90b13bbe0635d0ca7fc24426e117984198d086b,region_maps/IMG000094.png,a8b203c435241fec7518444381f1f992cf675cacd5b24d787638f543f6402944,8,62,0.0096875000,80,80,uint16
IMG000095.jpeg,a20d18d9bf52001f3399512a53648a7decc2a1147b99d569f88c2a6fbb1efe84,region_maps/IMG000095.png,c38c72b388050f95f066458697656dd187b7c34a45ffc075bcd2f1d69f493c43,4,29,0.0045312500,80,80,uint16
IMG000096.jpeg,5c2f8f6d8be28c1ee5eb15b0b20f61698f804146c5372589fa382f88eef246ed,region_maps/IMG000096.png,c4a0e631f0cc002be803608ce7b0ab620f121e9f01472a70c8c5e4643b79b5fc,12,3044,0.4756250000,80,80,uint16
IMG000097.jpeg,ed78f4fc68909b722560c922692b68c624f1fc51b8b67872397667c5765a4ab1,region_maps/IMG000097.png,57ca97d0eb9ea530739a1b9ea5388d319cce831ba6930d853e61461ccd511c1e,6,199,0.0310937500,80,80,uint16
IMG000098.jpeg,f98c9dd8b448529207802a7991315bf24345d40c71399869000a6df59a862cfc,region_maps/IMG000098.png,3b919a53db5847e3903855849429246bb2afe98311f9c2623bee31d50e82f097,7,3554,0.5553125000,80,80,uint16
IMG000099.jpeg,de0e25ffd8d81a8c3e519ac4c1deb9e900ae2d949981165de0105d2414d45b46,region_maps/IMG000099.png,e307078371f9c72d264ea9ef95c817e079f8eef180a728883068ba68321efbf1,6,2666,0.4165625000,80,80,uint16
IMG000100.jpeg,fc9fae4a32985bf30a1e5db426b9fc5fa047f884a1a44d974b4a60620ffec084,region_maps/IMG000100.png,3201b65e37cb7cad1131bdf85789b0d06ba2beca17f98409defe95f4d1935eac,6,55,0.0085937500,80,80,uint16
IMG000102.jpeg,f3b344910023753ecc6d14db0825accf616080a91c559f0d0bddaea1b8fc982b,region_maps/IMG000102.png,5724ab8f9386bc15e125b56a64f72596eea8f2b5b550ccef30f2ff918dd4dc5f,6,1399,0.2185937500,80,80,uint16
IMG000103.jpeg,bd3c8301791f547e78f240accae6994587e39d165c6e0532adf91149396639bc,region_maps/IMG000103.png,79131760ddaf846808ccb9a8f0c8875ea1d29ae5212852f09155b59c02cb5c38,7,1217,0.1901562500,80,80,uint16
IMG000104.jpeg,22234987da5fbb94815375c3dd3e591ed841215626e7324cd23f5d13e7b8baca,region_maps/IMG000104.png,c6c408c88cddc5d231459029d49ad76da1ed61fe4118fd4d6489c17ee2cc5a7e,5,71,0.0110937500,80,80,uint16
IMG000105.jpeg,b30bd6b8f0676eed1c7f1477706a64c5d2e3c755444538b0797990e8cf0a3d3b,region_maps/IMG000105.png,d9a4c17c98a9284e0431318eac69c6087372160af8ebe83f086c556ad28d0bff,4,2825,0.4414062500,80,80,uint16
IMG000108.jpeg,6e6dbe56fa63e4d24f2a93752a09bf2ec5f692859e5f00025c42644d2b80ac54,region_maps/IMG000108.png,68001d43d81a1047ddf171ee166cee71443ac76d1124dd15f2b7fa4933c3bb89,4,58,0.0090625000,80,80,uint16
IMG000109.jpeg,e598364517be890102b3ca8ebfd603018c8e70e7338a07f1609f3183db6c54ad,region_maps/IMG000109.png,4a55b8f7593eb582d1046c9ebdc44544ad765d14ab7498828c7d39f6accd0cfc,5,43,0.0067187500,80,80,uint16
IMG000110.jpeg,059445749c2ae9a2f83c73a10372bb113ed57c3159535aeea115d2364d472f53,region_maps/IMG000110.png,3128027e0bbb6596c6707989deb7aa18c934f5525c7c339f666e2e379dad17f9,5,1846,0.2884375000,80,80,uint16
IMG000111.jpeg,540b1539674e83394ca092d69445aa718b86c548dccb767bd737d3d954c20ccc,region_maps/IMG000111.png,7bcab95bae2de932ae68c8cf8fcc3bb6e988634d411f218853ab987d2216b62d,5,42,0.0065625000,80,80,uint16
IMG000112.jpeg,93b19d3d985b99a4648ebf4bbdec556ac3ed9e1b2cf5c56640e4a66c186cae6a,region_maps/IMG000112.png,784f84441a565d15baa603927fc120e4f8c04ae40b25244e72d6d14b46bd5f38,6,44,0.0068750000,80,80,uint16
IMG000113.jpeg,c8a688a031d7abda4d48e1e13a30124035685ae4d497b5a95344fb535525bbbc,region_maps/IMG000113.png,cfeb203f0a8e9694fb99aab3fa92bc7557350642d8e123a2c6e89f44b8fd50b8,6,2630,0.4109375000,80,80,uint16
IMG000115.jpeg,e68629ff35bb20e0f067cf5ce1e992a3c4794449089e25039496244a2cbe9f72,region_maps/IMG000115.png,0c5df6120d0ef6cd668b9003667d52af60175a65afa1727f1f3ed5c7f815be87,6,1923,0.3004687500,80,80,uint16
IMG000116.jpeg,3ef29f52ca1ec35f1b95f87c9050aab67889c43d60fab95cd5c49bfc6ebd7e6e,region_maps/IMG000116.png,d9ac8d339db7569024936dcc05b44c9f64ed7ef2fc2d4327abf1758beaabdbfe,6,2298,0.3590625000,80,80,uint16
IMG000117.jpeg,df8993c6d1fe39aaee6f7b56bc8b31c01b657029180493c49893f11d81d41371,region_maps/IMG000117.png,468145afcd8f6235ad063a54a31d40fd49ea54972da6e9e9471463360fbd4111,6,2243,0.3504687500,80,80,uint16
IMG000118.jpeg,6f11da5ef0586c4bf9ca2288708b3476999c7d9f8181e79f96d034ea77d77743,region_maps/IMG000118.png,1f43c299ef29131c3c28f5635def95476fda5938e93005dab06dc1f0ac221f05,5,86,0.0134375000,80,80,uint16
IMG000119.jpeg,6511bc3fe111c239156c30f249075eff7da6c5e54b2262bd1b04749d9b32be67,region_maps/IMG000119.png,a8df1d3fdfb41fdd1e977a1c1634976f1a8847847401adb1123d5d155e6a335a,7,54,0.0084375000,80,80,uint16
IMG000120.jpeg,76bca432c039f56e1342a3f7fa6f8c629139157a518f6ca55d5b14af8b281c53,region_maps/IMG000120.png,089087821eec594f4f857c9dc269b1b77f5e8c801623429140b32f54466e33b0,4,94,0.0146875000,80,80,uint16
IMG000123.jpeg,b60230c28b7dca5123d199477d4ad605c1262219f167fac721017763c47648a0,region_maps/IMG000123.png,fb44b95e9c770fa6b50bb27a8d9ae35aa2339494ec0dc2f294b9a87ba6d06e9a,9,3152,0.4925000000,80,80,uint16
IMG000124.jpeg,65fd6acc4e615a493f0cd216c770060a0283133365a438444da59ea0685f39b2,region_maps/IMG000124.png,a1e882915470a4c5b805ec2fce77d2e962502bd7dc7b74fd3034ad845683e3fb,6,3700,0.5781250000,80,80,uint16
IMG000127.jpeg,ecb9eeeddc8d100825155981e6837e8a97fd19483a75990097ae09540c7d0f6d,region_maps/IMG000127.png,a79edb4aeaae513df62dadd005cec94103699ef8bd5161acaf811d098e2cac7a,10,2209,0.3451562500,80,80,uint16
IMG000128.jpeg,08d7f073ea65cfb04153f9b7fef97882cb3cef008a5c0ecbc315080d7a159d97,region_maps/IMG000128.png,1a21e5e785808e70c9b8a413e40256f14c014a5a2d4442d9cd99a0d9a307967c,5,142,0.0221875000,80,80,uint16
IMG000129.jpeg,d283994ac7eead7d9cd39532f01f699a736fc2fa7eb7553306ca817bd2fe8d49,region_maps/IMG000129.png,541dc4a2604cba4cf3ffc8b1fdc97eac6b846b515477ffa69d2d8698ab3f5455,7,63,0.0098437500,80,80,uint16
IMG000130.jpeg,17a7bdacf247bb1b77422838a55d97d043cb294ee5275230fc09871da3b25e90,region_maps/IMG000130.png,01329eaa97aaaae9c6d4edc0fd8348502f025c6ba2d53ae3abfc1978b4015745,7,3224,0.5037500000,80,80,uint16
IMG000131.jpeg,678e88b9a45c881f709ae0dbe400d52a0bafa8f00cbbb47df67349bccd1ef3f0,region_maps/IMG000131.png,e1a2daabe65b09de8e16c0e0943cdcac35432aa08f5b09ef406b470e4d0dc137,8,2573,0.4020312500,80,80,uint16
IMG000132.jpeg,fc5a19098d14d301de39b847bbd97dfd93c2a29308758971e1e375d70970ca92,region_maps/IMG000132.png,a58a07892446cfe58c17092cab88b44e2890709a233d0bed4c7ebca9b547a946,5,68,0.0106250000,80,80,uint16
IMG000133.jpeg,a9678226a9f3340708b4f07d349e3c2ffc730e9d808481740e24dac6d3bcd76f,region_maps/IMG000133.png,ed71a2681e184ed027431598ac90bdcd66126627e00ac523c9ac69ce4c3c728d,6,3021,0.4720312500,80,80,uint16
IMG000134.jpeg,39a1cb042db25a130ccf6d4f991f6b225e6bc760fc2143c4b68630611f47ba04,region_maps/IMG000134.png,f5fbe4d8e5f382fa023b3434c8c933635b120ff7ff6a8da43e9255c7f2c2836a,7,3769,0.5889062500,80,80,uint16
IMG000135.jpeg,eed047bf1920ee259ec224b67d2f8b81e2b8f9ca198e4bec75c1602ec1fbe9d7,region_maps/IMG000135.png,1e284014f6482ee532e1919d182972f14129ce7a1b7d61e1c84c7f1b8c6fa1cd,4,38,0.0059375000,80,80,uint16
IMG000136.jpeg,9156cb95c9c6bf1b218c5c2c3c41939477516f86704fd3cb7ab267a60a820faa,region_maps/IMG000136.png,7c1c4b93439f4401aca5b2aceaa2c1c28236a7c9efd59757126316f8ba1fdd4d,7,3693,0.5770312500,80,80,uint16
IMG000142.jpeg,12bf53fc731a1d9fd763f641513cd19af1f7c311d86c1452d63ef40d1360088b,region_maps/IMG000142.png,7e0c38072546e547a0913791e157db28aebd630e5aad943408176086c958235a,7,2610,0.4078125000,80,80,uint16
IMG000143.jpeg,396d813a878c6632c392154163f8cb4f27a3d57ca1ed943aee781ab5b9e79430,region_maps/IMG000143.png,a5b11cfc1f77e98e53824bf266dde94c6cad40eaa96c3f74324d073807cede0b,4,66,0.0103125000,80,80,uint16
IMG000145.jpeg,ef48c06080b0cab888888dc6f058fc69da086476278d90dfe4e56a1275de2836,region_maps/IMG000145.png,84bcebaf4bf0e0d75453679adceb6af9a3211e37aba9232d1a4a44a12b93a19a,10,682,0.1065625000,80,80,uint16
IMG000146.jpeg,1e25b2175bacc68f596bfd1daacb306b7855e58025441b8dc08a1ab63d616258,region_maps/IMG000146.png,ac72b2992c7fe499dfea279085e82fbd5700b609514c507504ba3ac9e85d0580,6,147,0.0229687500,80,80,uint16
IMG000147.jpeg,cc5a25825b8353222cef31ae6eff7417f13fabbb179df29bec42e9d85e737e6d,region_maps/IMG000147.png,6bfd6499fde9a92c6f061f4cfa06f68b6d0899f226b645622104d9f1cbd4a6ec,5,1984,0.3100000000,80,80,uint16
IMG000148.jpeg,03dc86e84b82f874a1878bf2f9752e74fb153922f25485bf3836ba75c64d5d4f,region_maps/IMG000148.png,8c7c85d38c9c26fce143d1efa9375109b379ecade9dae02ffb05b37094d0b1c1,4,63,0.0098437500,80,80,uint16
IMG000149.jpeg,d8736a29151fc62450ee1fdc3742cbf053c698f7c1a1b7212400f817077d09a5,region_maps/IMG000149.png,5065ec9ce36f3a5d1762721bcf50fde6aa7b10cbebe6848a14bf215ca6c89fb3,8,4820,0.7531250000,80,80,uint16
IMG000150.jpeg,54be95999bb10a5f347a48d6a0915e9382315d93205aee97d02d6f49a952ac26,region_maps/IMG000150.png,986e286d82c0a38973605be50b8da7809226ffe0a53d456c9d02116efba36596,5,5069,0.7920312500,80,80,uint16
IMG000151.jpeg,cd9d352ebe0aaafb2ddd17853a96eae52b9039d13171b6ddd596dc73a7a2c468,region_maps/IMG000151.png,3fdef5cfe7c991afc688b44229e5ba96024cf8d2ccd7c6ed5fdb1d45e0488685,15,5265,0.8226562500,80,80,uint16
IMG000153.jpeg,bbe01b03f14ad20390df48093a73d75dfe4d88f1abf40de9ba69cfc836d7b44e,region_maps/IMG000153.png,86eb8c61ca5dd072c0c9711b9554ecd21aa2609c29b9c2cd9a11e531ec2c7622,6,122,0.0190625000,80,80,uint16
IMG000154.jpeg,85ca565f5aaed99d124e786a2adca4f88917e50df59018276645a749c2630963,region_maps/IMG000154.png,061c5040e14de1a3d15665d025e24b17db9aaf020ac7c1c8f806c9cffad3e6ae,6,2874,0.4490625000,80,80,uint16
IMG000155.jpeg,d7634560ba3ebccc2db1613b33a8530ee07f5c37b1cece00c7d475fc53c9ef92,region_maps/IMG000155.png,f1d16a997eeea21ec4a9dda93f6b7164f4ecc19b4ce8ebc77540f2cb7a2d61b3,16,3780,0.5906250000,80,80,uint16
IMG000156.jpeg,bd9595697a50e34be76388e452faca29ac4f67a0c8f6bd8cc5bbf7aad135dd84,region_maps/IMG000156.png,12af99aeb46b4aee95f958e12fb9f96d08e114cc8e1258a6daf9662d25a02500,9,4394,0.6865625000,80,80,uint16
IMG000157.jpeg,097bb91bb135e770bfb9ca49cbf7269228e4100069a21e42b925c08f20b24503,region_maps/IMG000157.png,6ed50c15ce787b5102e48013d953b0a90dbe72b9747cffcada17d914cbdffc5c,9,4744,0.7412500000,80,80,uint16
IMG000158.jpeg,67f337b4242d3a0b31f533d8bf07635111db30fb4405c65f510809b93db40933,region_maps/IMG000158.png,b4c88b26d5d17354a3240a0c92285b372f6484e148941bf5295f70b9197d8f42,10,3779,0.5904687500,80,80,uint16
IMG000159.jpeg,4ff5b20ed7d34c593585ed29db9d6bbf7817100440e55ef63b1615a4f2dab4a1,region_maps/IMG000159.png,4e18f29b4c19dac266c909b2fc3c025884fd44750f83d8e17f52cfa5c32a0dd6,6,66,0.0103125000,80,80,uint16
IMG000162.jpeg,8ed5797095754623361c96415501e50a2d63a3159f127d659b7a5094ab5845a1,region_maps/IMG000162.png,a976ebefe4ac97ab3bf58f26b4676bbc1e71c730a47f9c5dada5e933e379f771,10,3081,0.4814062500,80,80,uint16
IMG000163.jpeg,d3962b5e8f5f4b7354e2965ad9133c9138409b441a92d33c62de33a0251326be,region_maps/IMG000163.png,638eda183754fb76c83fb9460b1ab79ebe15c13ffac8137de92003cf01ed492a,9,3718,0.5809375000,80,80,uint16
IMG000164.jpeg,6242d6e7bfd48ecc1ec86ea55b72fdb2c11dc465cce9eb75178332bcac039e40,region_maps/IMG000164.png,37f7942c71a24ecea313c4582ee86bc6b285067fca9fddbe6f537bc4fa19db1c,6,3075,0.4804687500,80,80,uint16
IMG000165.jpeg,aff951ee4d6a6441053f96cbc45ddcfbd17803353cef08235cb077d38f61d2de,region_maps/IMG000165.png,2d65a967fc4220a328ab2ef3706d81a22f587487427a0fd3448a632862f5b00a,7,2861,0.4470312500,80,80,uint16
IMG000166.jpeg,84f65ffabe58e7a4eaaaa69d873f31fac0cb3148ed1e598094891c323486e42a,region_maps/IMG000166.png,c4c8a2bacd2aeaf36773a11d94d01ce74ee07ae53c3842b3dafffc5f891938e0,7,124,0.0193750000,80,80,uint16
IMG000167.jpeg,7184af4e50f24f801faca5bfe9a1e3001aca3c4113b718facada002fc9bacfe5,region_maps/IMG000167.png,504fa28d9102a7521c5c47e6cfccedf2eb05baba479673475532b02cb6938c79,11,72,0.0112500000,80,80,uint16
IMG000168.jpeg,b31708e280da8b7530152bc5bab828c76b3ff51ed775a4be671c847b1b01d1e6,region_maps/IMG000168.png,0e01f7c7715be02047e2559c508657562f5b601acd2872f39694342be83362f9,4,137,0.0214062500,80,80,uint16
IMG000169.jpeg,6c011dc391c6bfdbfb95f3b4154983b3d178d52250e6b331b6af0e2f1d16e455,region_maps/IMG000169.png,9a084c633280bd3e4e9a16bc69f7c40879500454a809cdac6c43f9c803b30a98,8,4011,0.6267187500,80,80,uint16
IMG000170.jpeg,c2345d300a76cc2085065fc43e9215ca3c5d10fcd0ef4ad0ba179e5c7bf7b70d,region_maps/IMG000170.png,d489c5c1f9ac64fb2fc34f4f317704c133f20a315a29a0ee6e019d93d254ea4c,5,159,0.0248437500,80,80,uint16
IMG000171.jpeg,981ab98951466608d9c9626b970d8310b723d92f06af18ed8e2d54abd053302b,region_maps/IMG000171.png,165873f79775a765f458b04c181ed560ac2b0c5ae0e58cbc4dd07768a0fc5750,6,71,0.0110937500,80,80,uint16
IMG000172.jpeg,018a84d44eb2f8f1993a47b4ab476d5e01a36c8b5b0174bffd580451c301d32b,region_maps/IMG000172.png,4cfdc9139192019acd566cf8555e3470e0429503fb2c947c558b59984191db94,3,4146,0.6478125000,80,80,uint16
IMG000173.jpeg,727773de02a28222c658ff0a347a5ede38b032a394d7400bb3933ad377405446,region_maps/IMG000173.png,95d5e09e94bef1eb3b00b76d4301e847acd4a46a6cdf03c74ec777a2c8b55a6b,7,125,0.0195312500,80,80,uint16
IMG000174.jpeg,48d6dfb3d89ae4cc57630400b6b7ad47285440440bc546c09fbf10c25eaa5413,region_maps/IMG000174.png,c6123574384a3439c69eac4c5cb94829501a3849236c0ca145b3c715a83a42bb,12,4535,0.7085937500,80,80,uint16
IMG000175.jpeg,aa419a58ded8fd29212e6ec33889c3e233e08a62ce8c35e0e1f49d19ab65068c,region_maps/IMG000175.png,736b4e9a297143c109685afb0ebcbd072841e0e254c5b4ac028405fd369f3f31,7,5446,0.8509375000,80,80,uint16
IMG000176.jpeg,1769b18004b908bde065a3cf4ec359a253acbe4afaf1cc96cb6ee6eae61cf640,region_maps/IMG000176.png,3ce72aa38a596aa4a16c9cea9c593d189a65a36d24041358fe1d9e9f449bc930,8,4764,0.7443750000,80,80,uint16
IMG000177.jpeg,e44e4226f7076efc4490280ab1ffc9e564957603bb0d94b5e2a3da0b7c72a91c,region_maps/IMG000177.png,03c98aaa08e63a54fa334f33905b99be533b37fd2ed186d1a0d7d5b1c5d61020,8,2633,0.4114062500,80,80,uint16
IMG000178.jpeg,013f4b3cec20470152fc41ce91ecf2a4988990d37ae9faf305a38474ff011fab,region_maps/IMG000178.png,e17dcbc5598ceca9c0a706846a248b62bec584c14de7280b71418a6d19eebdb6,7,118,0.0184375000,80,80,uint16
IMG000179.jpeg,c68997d93784e65f72fd9b6d21dd970882001b3679158582f3d1350b86c46843,region_maps/IMG000179.png,2dd3ba241d93cfbe5f6097f2c7b2e920d6d3ec8516719338b0b4763bb3b15c81,7,4774,0.7459375000,80,80,uint16
IMG000180.jpeg,837adff0346acfa0b1bdea8df19d5a95cff89272856ca285c81243de083c9d24,region_maps/IMG000180.png,66c0f2973eac1b0cbc8d18ccd59913dbaf1ef082e82e235723fc85b6b58c138c,6,3054,0.4771875000,80,80,uint16
IMG000181.jpeg,48c42ae80d2698f82d6869ad825a6c2b552dd9a3823fe9a2bdaeafa236b7e469,region_maps/IMG000181.png,173b7a15f53dc35a35c15a417bae50759e8e5e33590bbef290cc3340a9e7ad89,12,3045,0.4757812500,80,80,uint16
IMG000182.jpeg,62f6f8e121ec10d366bf4c2403d4804f04bd93c37e26c56702b4657c73f00ab4,region_maps/IMG000182.png,cd03600749e536236e30d0616d41fff68a1b23f3a7fb1409e592c339f80aecb6,7,3185,0.4976562500,80,80,uint16
IMG000183.jpeg,562a391a2fcf31002caff8e0a4d9a7a8716013fa03587585f62238c7faad5580,region_maps/IMG000183.png,8cfba7f82f9fb22f61d45852b10d1259728c5bc4373044ab4a1a956f3be30e06,6,3202,0.5003125000,80,80,uint16
IMG000184.jpeg,5fb9faea7aea3e03ddb0d841e0d83d15b8628961bef4c917a42a5efac977e42b,region_maps/IMG000184.png,7ce968f9eca989ad39bec4c735fe8247413fe63f517c61c9b4bbc2dafc4a2ae1,7,3177,0.4964062500,80,80,uint16
IMG000185.jpeg,fc193a5295c94441f12ba59fe971ca4bb9f71905b4c541be65678a5e2758a2e6,region_maps/IMG000185.png,f00dcc992ece2ef6041a506dc6e9a4f27af4013eb387551214cb06443c8e2237,8,3998,0.6246875000,80,80,uint16
IMG000186.jpeg,7ee3926f8b2d2315987dae4b757d542a70a69cf6749e7568aac48b23b8b665ba,region_maps/IMG000186.png,45fe857fedc1053cb403ab5c6decaa257f2aa97fccd321f620b5e32421aaea05,4,91,0.0142187500,80,80,uint16
IMG000187.jpeg,8eff851494a202f4685cf1efe202ee80503b8f1a4276c5094738845dafca1f2d,region_maps/IMG000187.png,96e565b0cbcacc6124643fc86d50a62f1bdc608b92cccbda5eceabba5de16173,10,2847,0.4448437500,80,80,uint16
IMG000188.jpeg,78fae8ceb46df4dd7a11b545f8f3e68c702540e76888575c656e5167bb252fb0,region_maps/IMG000188.png,9d2876f411990866fc9d4b63bc04cf2baf73aef8d4eaeedf0b93f71909f28ea5,7,179,0.0279687500,80,80,uint16
IMG000189.jpeg,935ee3cc718325c649d98a9cddd254e49838fa27d423dc6af6136804bc143fb8,region_maps/IMG000189.png,962151db635ae8092f3b42706e8bf7b8a199124ebce284d3a60c5f5b46478174,7,3067,0.4792187500,80,80,uint16
IMG000190.jpeg,71525d148bde2b0945f1c87718df8af3ea7584f7049efce57481b4643f061041,region_maps/IMG000190.png,4753eec12ed7515738c4da71cd6c9a7107381370e8df215acb6d54c8696a2c11,8,135,0.0210937500,80,80,uint16
IMG000191.jpeg,66436f5069bccb96711980ca945bb34e2f16c72403fe2460819813fff033f86c,region_maps/IMG000191.png,549e1e09ff5610ca36b653732bb96d022897a7190d3a66ce3f9db82122bd4ece,8,2467,0.3854687500,80,80,uint16
IMG000192.jpeg,0d7fb79559cc80045f0d4bc69ff784cf1b954c7e22b2df0c33b31da4b1964112,region_maps/IMG000192.png,f6ac17b2224551c5d508eff1ba2765a7e7a7fbab57889fd75ff117f82ce04052,5,41,0.0064062500,80,80,uint16
IMG000193.jpeg,ee33d386d43d876937d1f9d4eab84f18b507a388d95d91ff392fa5c6a304bd7d,region_maps/IMG000193.png,69b8682a61f09bb594532a2e6d918554555133fecf9c9f435eec05a839b0932a,7,2650,0.4140625000,80,80,uint16
IMG000194.jpeg,b716b42847ab100edcf99b36639985937c786a2800c78ee6262366a62f86f5e0,region_maps/IMG000194.png,81f19ce949f456c1d7bc6c5c8d9c0d5b91567c2eccc800a15ee7ef7f81bb2f43,5,3395,0.5304687500,80,80,uint16
IMG000195.jpeg,37434127e1c57e6dfe25c94b5c9efcdc700a105b417ec3b61d56314505f35d14,region_maps/IMG000195.png,b1e9cd3d352ae3f8ba102c8bcf2084cd22fbc491b5314d572b9ca78135521322,5,3680,0.5750000000,80,80,uint16
IMG000196.jpeg,f571c10710626f2a188158a36e951d951f0ae076dc7db4918a8cd793928429c7,region_maps/IMG000196.png,e8c0519d34a98d1f97d748ac20ead238a0ea1f2104b47393df70b0fcbd1c0f6a,6,4181,0.6532812500,80,80,uint16
IMG000197.jpeg,66e615765790ab8eda44f3eb0c1b90cb786938b739003ad578c089b02e921956,region_maps/IMG000197.png,02c1c447df1a42caf5df92bcfd55b89796612264f75334e651b47c602829cc84,14,4832,0.7550000000,80,80,uint16
IMG000198.jpeg,6b50808f8406cce343536dc1abafe3f42d69ce0896d88a1ee8fafe5f18a4b41c,region_maps/IMG000198.png,57aadab82a12eec97edb99a90a4307b3f112ecf80f9826e64d9322afd985368f,4,281,0.0439062500,80,80,uint16
IMG000199.jpeg,c81f1288f6c6158fc91af66ec9419c124f22ae60b33b00f9aa40d25dfacd67d5,region_maps/IMG000199.png,1382ec7876797ac98239f52e45590d3aab409ab41c040362dce8854d0819b9fe,4,119,0.0185937500,80,80,uint16
IMG000203.jpeg,b88abe5a921cb5f51cff9294bc879744919cb392929700983983a65e41ae09a2,region_maps/IMG000203.png,1290938a2e2fcf5113129433bef0ec235b86865145517a216ca9709488a91a60,7,3118,0.4871875000,80,80,uint16
IMG000204.jpeg,6e656b8c5fdeaeccb4b57efd7b1dc70c6fda22f36d362a195d6872fd72aaa6c8,region_maps/IMG000204.png,b409a6920f6563f159742addbf26638012501f0923bdc837597c026c975fd3d8,6,1332,0.2081250000,80,80,uint16
IMG000205.jpeg,76eb9d9eef6f6145ac3ad6fe415529a207b6fd707d197e4ef2b5d3a1649099de,region_maps/IMG000205.png,4225fcb9ebff6de76a20997cebb84e6364654ba17916dcc5752a21df27bd4bc5,12,3081,0.4814062500,80,80,uint16
IMG000206.jpeg,4e3d3f5f391f32f2715d7bfe85853fbf318cc737e39d8f9e11919b8212f84133,region_maps/IMG000206.png,1c4e5e2e98ce6f439225ad5aceabe331dd02743dd5434a808094ea73da1e8758,5,2373,0.3707812500,80,80,uint16
IMG000207.jpeg,4c4bd38d16f843edfb7d45b6d18424ccf0da33845b55899d75432368bc31113e,region_maps/IMG000207.png,975169b2637d4d0c3b0f924bb3febb8f5faf45ae3c192490d1a0630a0978dfce,4,1735,0.2710937500,80,80,uint16
IMG000208.jpeg,3a01a83f74e5c6c1c01f054ff3f83f3a0a0e3491e80e2aea7ab6b6682e6ebd77,region_maps/IMG000208.png,286c241b3faaf7af66dac31d2f7ba77b4199603234d562f28d7b522c25a1e262,4,1380,0.2156250000,80,80,uint16
IMG000209.jpeg,8fee1eb55d4ee5d6dd6184341f9705d5eeb023de2c2a06848c926f313c7b1b6f,region_maps/IMG000209.png,02b81903698265aebc3b61546671c0bda21a34fab63eb37bf0f98a43ee7b6c34,6,3913,0.6114062500,80,80,uint16
IMG000210.jpeg,17caa21782a8813d0f59b8734b537074826ae58cee9bd718949057922527485a,region_maps/IMG000210.png,0e7a8f4404ea45e566cc2f8fa03d6ecb1fc64f6405dc9d6dbc9150f08e087967,20,5778,0.9028125000,80,80,uint16
IMG000211.jpeg,89cfd5f219b60855c2d9c9aa4a7f15a7a24b0e5955377734def4f925de9bdb29,region_maps/IMG000211.png,99544372759a86636931304faadd70b57da42e5ecf8de78dc83831c74f89ac24,4,5119,0.7998437500,80,80,uint16
IMG000212.jpeg,158378d483c97dfcddc815458652f17ae2ddbe3ffe494f0a9241fe413483e0c4,region_maps/IMG000212.png,27a1ab900666360973dc2e147644214e801aa0b0cf88b4e2afadf417dd453989,5,12,0.0018750000,80,80,uint16
IMG000213.jpeg,3deca3666f7c6d61442fcb6f05c8b4cd711e609956486e07da0d90fb547cf72d,region_maps/IMG000213.png,cd372768f994371aa81e121a4e724776d78b90f2bfc83bba081057b02f67051b,5,1,0.0001562500,80,80,uint16
IMG000214.jpeg,fb88f5ead9d2cf450a76535c8667040cf012334019182f21c4109107353f0d2f,region_maps/IMG000214.png,dc61be902bd1d3576c26e1452ef5b188c7f6a68c76de7d775abb14dbc8151ad2,4,4007,0.6260937500,80,80,uint16
IMG000215.jpeg,ff20a882e5f4e0975bbcdb1da2e7845ef4ab51a1b067f12167a2f02280431a5c,region_maps/IMG000215.png,bcf8a2ad5f8e86d72d54fbb5606e94368b036ebf93edd30bb77d863688063c51,7,4485,0.7007812500,80,80,uint16
IMG000216.jpeg,5dfc35ef4d1196e0ae844e84490601a58a8242d953bdab023d1448903230013b,region_maps/IMG000216.png,b11b79de4000fb18a7c8c29c8824f4efeb6b073af6274bb7211c66803961cf16,4,4129,0.6451562500,80,80,uint16
IMG000217.jpeg,b8a9a44d9284487e736b7dfeea98535b219e14d9f7f06d0d35c2f5fea819362b,region_maps/IMG000217.png,8bd60a985f39c6a92bd6d4b2cfabd18eadbe76874d5408d0f5be6d308696fa2c,7,2415,0.3773437500,80,80,uint16
IMG000218.jpeg,1b16149d1631287dfa8ad1e96956140fdd16e3b846f58924ca661fdc3975ca45,region_maps/IMG000218.png,d232921ed1ec98d41a251657eb9da4298e86ff09ae8c7412bd13709204175e8e,2,2940,0.4593750000,80,80,uint16
IMG000219.jpeg,db20154cdd68e14cd420af6af86f0d652290792b7b7d2eb669fdcfc01dcb3eca,region_maps/IMG000219.png,1d41438aacf1fbd636fc83aa6c244b1e09b48aa650f37d051086f808ba53e2d8,5,3457,0.5401562500,80,80,uint16
IMG000220.jpeg,dbc11d228e179c854829e219f6cb8fa2505e1ffcb47e0f8bed0cab0639f5caeb,region_maps/IMG000220.png,74085f7cd034615bcfa81afe061d1b8533d964087efb3eb159af126a136d493a,6,132,0.0206250000,80,80,uint16
IMG000221.jpeg,a2cc44a2384c7fad72106c1c821f519223facad13f09237ee8c7d0f35416c086,region_maps/IMG000221.png,eca0cce19083a25b700d2ac34818aa6880558202afa721b6ffbcbf23e4297e76,6,2712,0.4237500000,80,80,uint16
IMG000223.jpeg,d061886af94b610fb1f55e8e1884321aabb2cc239a00cf1f4d7e0908458671c7,region_maps/IMG000223.png,b1d8801fb74bf296fb65b1c15a4d2aaf5e02971cc07df127d1b95904ea3be96d,23,4735,0.7398437500,80,80,uint16
IMG000224.jpeg,74abd6d897f8433e4035024f80ecb8efb81b9b68c4e98221bf6e478ff1c7ea23,region_maps/IMG000224.png,5b2185b60c1d4edad8d8807d09305d0ddf2b437d2e9c98e79d84e88e94f3d900,8,4525,0.7070312500,80,80,uint16
IMG000225.jpeg,3c0f828312b2f5f7292c72e99b8a6ee7927799455858c054d781812d66b20a9a,region_maps/IMG000225.png,91511d692e5b08f58d10223d00baf2f9f1f9aff8b70c9ba235e97b511fd8c742,6,4537,0.7089062500,80,80,uint16
IMG000226.jpeg,a21794e4bb7b07b676c34cc6d1dd9ec1b7f1bf17647f53af14683bd75181ce88,region_maps/IMG000226.png,1f453e9337fc6102ee3dcfa624b85bc62b03d6cab00c60ebc68e73e2e997da51,9,4110,0.6421875000,80,80,uint16
IMG000227.jpeg,d1373e907872268c52fcfa78f679c47e37842736e06995e9a7a792e8e2379629,region_maps/IMG000227.png,7ce34445033a7d25a51b83322c4bab650e72e03eb71aae8f4b3075e47c649111,5,6300,0.9843750000,80,80,uint16
IMG000228.jpeg,cf79688c8b7405f4640eef70fd8dc821a1dbf6fce5e1111e8531d23d2bd2e4a1,region_maps/IMG000228.png,fbf6580065f25eb22c92166180533d442e3b88dbacbb822513bf08ebe663c278,9,4057,0.6339062500,80,80,uint16
IMG000229.jpeg,1f29d5ae3c5dfbb506691b2ade60491b7ee916b180b129127fe0fbe09e96bc74,region_maps/IMG000229.png,b6c05d38a9086ad46c891e2e33c667aa8f2916d1c3afbd5350d0b1362c3507ca,8,3343,0.5223437500,80,80,uint16
IMG000230.jpeg,dccdd18f7bc3d4e8e8c879423b9374638fc80ddc8460488fb4d13496c7090142,region_maps/IMG000230.png,a776ac49aef33f73bae72a0d09810fd1c2e9b61434931f4d45e7fe030069f5ee,9,3323,0.5192187500,80,80,uint16
IMG000231.jpeg,cc1768c2acd04d59a6fb3a1187487b9a0dc9f952df21af622eccaf266881b42c,region_maps/IMG000231.png,eec7ad5288dcab08d2837f83c636623b716afe057daa50d6e9c493681417c6da,10,2676,0.4181250000,80,80,uint16
IMG000232.jpeg,2f76390c267924224da8ab0334e459fafdba4f6d541154979cb6587c5705de2c,region_maps/IMG000232.png,b71a54d88c94668c9ea6b2eecf10e297fd15b64e534752259201f89968805e61,5,97,0.0151562500,80,80,uint16
IMG000233.jpeg,bccf5b13e35213c68164fddee3475dcd32024db6996e6487ec3af23531b89c1c,region_maps/IMG000233.png,207455d1de6260c1b992525ad27ec4eb664a8f7e00f90d7776ea10b74db28364,4,4229,0.6607812500,80,80,uint16
IMG000234.jpeg,a2590d7b0fcb40a97ae56ec880e37e35b3f997b9590a90e56173f37b49efaa32,region_maps/IMG000234.png,4862ccbb0e1a5af4b7f685bfb40e36e6ae97eb5f014861f7ed4d7c296d4b05e8,5,47,0.0073437500,80,80,uint16
IMG000235.jpeg,f2950ba8d7b056c4c3795b495303a2476797c53f342f2cf2287f036f484faf7c,region_maps/IMG000235.png,90eb13db43ea1575d4fac648d39cb596d9fa6dd41b2b4b02a1c28f95af6d4b18,7,46,0.0071875000,80,80,uint16
IMG000236.jpeg,f7cad55593d8e1224a0a416511fd905e6cbedee7004030c5cda4de7b5c9cfb01,region_maps/IMG000236.png,dad18f0910e3d36f5334cf6976825f730f0b9fcdd19e9e7055e39b688846b0b9,1,1180,0.1843750000,80,80,uint16
IMG000237.jpeg,f6741c10ca4d4887961f600f5edc4aec2e1e5919e038d716ffdf0496aafc4494,region_maps/IMG000237.png,17957e998ae672933f55bcc897b9306b199fba17055aafa7917e5ba6a039b54e,1,1130,0.1765625000,80,80,uint16
IMG000238.jpeg,603a1664f4e05dc49712458e3ef4d12412232d4c82d3079b74400b0d081ef435,region_maps/IMG000238.png,7b800c1131e9d1b10b38258a4e38641c694419f1cefe81e716bf0d31f80db79d,7,2022,0.3159375000,80,80,uint16
IMG000239.jpeg,2c0642c64b0a8a0de74c16850a229641529012d596cbe614708d0ed96daaa5df,region_maps/IMG000239.png,21aeb1bcd254534918a78684b9dd5923bb5c29a6fd7f62c5b1f61b35b8fb1779,6,2218,0.3465625000,80,80,uint16
IMG000240.jpeg,91cc87a8bb4f84f4c224d3d6a111ecff8df848c98b55814c7c1cdea20cb72cf2,region_maps/IMG000240.png,686bd2c09f96684b12744cb409a1e6a05fdb6751942dfb777b6f426ff54daa0f,10,2164,0.3381250000,80,80,uint16
IMG000241.jpeg,a40de091157442e236b19bbbacab61d9a29cf4ea95925b2aba16b654e729266d,region_maps/IMG000241.png,63668f3d8084fb207f49284f6a5b1da3a6839ab9e7c1fe6ca4500b9f2df41204,8,4073,0.6364062500,80,80,uint16
IMG000242.jpeg,a8f8a4db18dcb22e07cb9b6103d291604b592b9aca39b624d7fefeda65186105,region_maps/IMG000242.png,50deee0bab3b5c6610ef533a0fdbea8f42905b5ab165c0a60ca9384782ab6d15,6,1455,0.2273437500,80,80,uint16
IMG000243.jpeg,9b8913719306eab5f3094b796726b0fdfee28d1cdbffabea695e6338dce4affa,region_maps/IMG000243.png,b60ca0dfc5e044cca5dd62bc8584fc332aef0330c73c5c43070bdf90fb192278,8,1832,0.2862500000,80,80,uint16
IMG000247.jpeg,b887e57405a6623c3973273ea2cfb6c2644863081e9bbb292165f05cd40dabe5,region_maps/IMG000247.png,88c4a46012ba458f24132ff634db129e227e820155e0d153fcf3ac372a0f049b,10,5853,0.9145312500,80,80,uint16
IMG000248.jpeg,a4c442c7e0fe4392362789c6c394283f54ec2a489bcd0a8f6825f23679c04ff0,region_maps/IMG000248.png,1e70a1d375bd3746c65808bdc6ae5e571bfad7ecc5c310691956e1d6094cacf5,9,4918,0.7684375000,80,80,uint16
IMG000249.jpeg,750e361427ef2fe6fa94173d6ce26e9bdb1da05e393cc8df4521b93894ddbd3e,region_maps/IMG000249.png,ceaff679d7a2d485510a9af79b75fba6071414695f35529a626a2446c23ca706,5,294,0.0459375000,80,80,uint16
IMG000251.jpeg,49b6e4caf0c9dee75905f1ab73354869779f324b903cb4590726c03d88439bdb,region_maps/IMG000251.png,888d5276c35b1572c5eee580a61fb42e6a3a284d3779969b482964e23615aaea,10,3256,0.5087500000,80,80,uint16
IMG000252.jpeg,74c742ee705ba267ed029cdc20a2a8d133700a8f2b560668bf6c4e9eefbe26c5,region_maps/IMG000252.png,e18efd0d247b8c84d07c8e59e7ec7844d1d7cbbe07386348d326a828d54c9729,6,4209,0.6576562500,80,80,uint16
IMG000253.jpeg,97c18e52e69b10f47c2340741ee5308ca03551793ccb9fab7a1dcbba73d30381,region_maps/IMG000253.png,5ae9bf4c7b6f84f729dbd304e8d3eb28fc218b6e469105ac2babceb154b9d601,9,3113,0.4864062500,80,80,uint16
IMG000254.jpeg,c6a25e436d002d1406f49b7bc14c0a64e681e0cefa558de84f41ea9f8547a9c3,region_maps/IMG000254.png,e9cabe7f0f11fe3f25c968f862c0c8ec9c69a075f2ce03ce3b7b5a9e8ad8f624,7,2236,0.3493750000,80,80,uint16
IMG000255.jpeg,d1cf36ea4b9590c19660b4e2bee0038d8b676548248d9632805568b2138eb414,region_maps/IMG000255.png,d9a2439bad41ec2c6325f46d33683247a77e831e31ee1373dc3f1a3dfac15925,7,2503,0.3910937500,80,80,uint16
IMG000256.jpeg,61cc793f1b1c33c3c7f37ee6155f821dac7fc373e6f6dc84b26884f929de95a8,region_maps/IMG000256.png,b93ba07c9b4f0f64b03dd0f3314c27afc0aa5127d90d4efb424156b38ef7558c,16,5320,0.8312500000,80,80,uint16
IMG000257.jpeg,a9537be81887dd7b8864fe768e68cf88a8a3cd6e076ecafe1f1b1ec089f69516,region_maps/IMG000257.png,e075d56ddcd2fdb1091d391bd592f4965680f4ffcb821a4f2a263224a33274fe,22,3840,0.6000000000,80,80,uint16
IMG000258.jpeg,3fce87f5a531478aeba16da06314a6ed53732a846cce6d28a4696126e6292d03,region_maps/IMG000258.png,4e8c40369c24b867d0bc3168138259504293eeb564a1e17fa3db9ba449a5fbf9,17,5147,0.8042187500,80,80,uint16
IMG000259.jpeg,2d6f2ce5c55db2df66c93b63baef0c4ed752afce421fe1e5dd37941cc4adf7cc,region_maps/IMG000259.png,daba9e660486a7a637e5c010e59d4f1ba46f8ec4766eaa0ffd34ee92213569ab,8,2977,0.4651562500,80,80,uint16
IMG000261.jpeg,28aa02260f1f33f2f56d6d4e9d759c3edb400c16decf5ad36433e8ae06ebee22,region_maps/IMG000261.png,2aba01f58422ae8348f9b0ee4717d472d796a8a98ff77ff8ace5ed438c3008ae,4,4373,0.6832812500,80,80,uint16
IMG000262.jpeg,eaf6e3bc5517de9e37148ca1f17ca22cad41e71a15faf5086a9188fe7cc88db9,region_maps/IMG000262.png,32da9435f5783d00c0144e2b4bfcd40eb3b591a69c3b5a0d80402b938a601ad6,11,5934,0.9271875000,80,80,uint16
IMG000263.jpeg,e623dcbbdc0c25a17eecace8d566133963caf7ea5821fd2c4c49d77529303bf0,region_maps/IMG000263.png,b4a43c8af60cf0bf69022393c788941db66c6a18a8a17122a3126990f1cdcf29,7,2212,0.3456250000,80,80,uint16
IMG000264.jpeg,2aa58f1eb055ace4df6be3c325c51a7abded2325e99567395f10f8a4e8003df7,region_maps/IMG000264.png,d5c99ce0b3704742ee2686c850f389b58705bcf5bbfdfaf82722e4358aae35ff,8,2616,0.4087500000,80,80,uint16
IMG000265.jpeg,eacefafed5ed307acd87b7d81277754dcbb55dec58281389b8e90aec751bdc63,region_maps/IMG000265.png,c5fb99717f5c9e218c8bd823a4d14639ad02cc7bf10ca5d26b1d4ca5a4b732bb,6,1638,0.2559375000,80,80,uint16
IMG000266.jpeg,ff21f249586c87ec9d3dc94652ec988d5a1039e8a73c22919d4915e567be9193,region_maps/IMG000266.png,0336f391eb947d1249f8fc9a53452e79ceee8df92f1e3653a11230755810be6b,6,76,0.0118750000,80,80,uint16
IMG000267.jpeg,22cb6af1d4d97ff727cf3d538122f1bbc338e13261ce8dfddbf270833fe6f2cb,region_maps/IMG000267.png,8a8b867edc206abbf0c18daf172c1d714bc20df0531824744c68e6594cfeb707,4,49,0.0076562500,80,80,uint16
IMG000268.jpeg,dedeba9ea08fe606713a238bd7a5afa979714d69a8e8d46a539df6d38b00ebc1,region_maps/IMG000268.png,0009e99a3a149f2859c6e1bd50bb6c294e5ece7ee0dcf478e3db5ed57381c464,6,2797,0.4370312500,80,80,uint16
IMG000269.jpeg,04e67ec997831acf8acf225397d761d994a98b8ace2a22f27a8aa94f5e9d45d9,region_maps/IMG000269.png,57d438ef484f7530c653d610ab58e4c2c9e01d11aa94772937977ba459554bb1,11,2953,0.4614062500,80,80,uint16
IMG000270.jpeg,c4cf43c42dcc1d2609ec9f2b534fa9f0e07928adfc8e0e914249d9b7ace07431,region_maps/IMG000270.png,f12d1cb5bfb27bb71b77809e961c9367c35de3a5472de3e16b4f32951ddaeeb5,6,3342,0.5221875000,80,80,uint16
IMG000271.jpeg,98b0a9b35442f8a7e122751a48e96bf9c55762c7070d7346d4fc875a06b1e45f,region_maps/IMG000271.png,5ba8d9b66bfc50cba9c3488699fb20acb722660ac038ca37f75c65e79b497bf2,14,1904,0.2975000000,80,80,uint16
IMG000272.jpeg,774bc27632a1bdd227b26fb0c1e714d7e7c5b243ce574b8ff4048b338fadae37,region_maps/IMG000272.png,84c6caacdb72a92f04edfec089710cf2ae04c087d6c5ba07b67662ad520e80e9,6,2861,0.4470312500,80,80,uint16
IMG000273.jpeg,3199e697790534bd5e137ea066cc1bb77517f6ac4794f335458fd4f3dfbe4a89,region_maps/IMG000273.png,15893bddf3b3ddfcad5f929569df52e6b3f01f6f5345f7a1a5b80356c18fb7db,4,66,0.0103125000,80,80,uint16
IMG000274.jpeg,f1ac7923f8681e1727fabeaef24f1a4f874b829f0b8157b8e23dce5e2600c96b,region_maps/IMG000274.png,c217e13b2fa6f34295325b2277e24613c278b19644cec9cbfaf73960d1b87d62,6,4465,0.6976562500,80,80,uint16
IMG000276.jpeg,f09185c082c9908a1a0f58b9d8708aca3f169f429ec17f44f8e35dbcfc61acdb,region_maps/IMG000276.png,d2f623c7539195bc8356bf5573b454e87caea3edfdc8cf842c70722bf4e1724b,5,40,0.0062500000,80,80,uint16
IMG000277.jpeg,2f5831dc3cb852bdf5ad61a214fdad68dd0cf544b43b5459c4e033211bd789e5,region_maps/IMG000277.png,abf52c40c39dca4ce29ca6e098e59d39bed074f8c10fbaa269812f5014379141,6,2955,0.4617187500,80,80,uint16
IMG000278.jpeg,ef9205ecaf58b2df16a287f3535ceb8466e139acc6cf793b161b26aeb1581c82,region_maps/IMG000278.png,859220419672c72bd7fde4a8916bec1fcc6a55df22d1fe89fd2b8a2d6efb8708,2,990,0.1546875000,80,80,uint16
IMG000280.jpeg,020817a48443a9667434069c2ceda2a8d642e3387addd0877ab712b3a5da455d,region_maps/IMG000280.png,6dc5ce2f03d5c9dcc91d2cd6a4990cdc64b0de04a03c957bc4536227ca03eb54,10,2086,0.3259375000,80,80,uint16
IMG000281.jpeg,69133a6776731b50940fa9e027b7915894133641e89901ad5a959e4da8e62881,region_maps/IMG000281.png,7aba47d3d18b81795cf75056320d2f566556177f3070efa65a3f68fa600f5c8a,8,2324,0.3631250000,80,80,uint16
IMG000283.jpeg,3aa8ca2c171415ab3966c92e23c1b0018108bd0a0a0115e4e43f96f7bf4ddfc2,region_maps/IMG000283.png,21aa7cec6389cddc581d073c9d196277951e31ca9f5a4a251278eb906769d7c9,2,495,0.0773437500,80,80,uint16
IMG000284.jpeg,ca7b4acb38c290765f0896bfcfa6594379cf0a6997621ed3d0f1d0c366375526,region_maps/IMG000284.png,de34595e313f89a82c69b410ec9647712e60153ac5ac27e4de13199ded417bfa,3,130,0.0203125000,80,80,uint16
IMG000286.jpeg,a6dc6c7a0cd66d948b3993f6cb4cd9d0808c4e893e1cec0f2d5b1c830f100942,region_maps/IMG000286.png,4b2ed47a20ac7f0058a015b7449dbf366b0757810f92429a2e7cfa411357b433,5,73,0.0114062500,80,80,uint16
IMG000287.jpeg,ae751e048edb47022713a9de639685225db4af40d3c4527aa79bdd83c994d6cd,region_maps/IMG000287.png,b08feb864938f4216a778a2c938e3946f32c9b01e98afcad91eec02505ee7a71,3,874,0.1365625000,80,80,uint16
IMG000288.jpeg,2f7117a71ec3876a683b66753096ac9994d400ac3c095b0ecc7ce79892970dc0,region_maps/IMG000288.png,8e85a5a663407eabca27001ab2df3a24901add9e6185a63e2819e9b97c60e668,6,4465,0.6976562500,80,80,uint16
IMG000289.jpeg,5150a59cd1cfa36828cc9f171221231215843545261c4dbab15637cf9678e1c8,region_maps/IMG000289.png,d54f5b00fdb946d98f496dc03c7b38209cc569668fe992f91a94ed9ade888493,16,2281,0.3564062500,80,80,uint16
IMG000290.jpeg,9471ff24cc1fbd138b58079cb8d95f202311b51d7e7020690b6491a1f8831be2,region_maps/IMG000290.png,bab079c8f7c195463a5acab49e6f84a98049be144612ed22951c822797fb1c55,4,4564,0.7131250000,80,80,uint16
IMG000291.jpeg,1c866cd83fbd365bd8631c1360daefbeb1d786a8a58078cb2435f12773d168c4,region_maps/IMG000291.png,8bc25fc6751874f4d8af8878ae550e63e2eb8b8f5ac20ca6a90b9a1575a5a37f,5,4361,0.6814062500,80,80,uint16
IMG000293.jpeg,611a4890727e4a9ea2d280612203afc268f6daf935bcef55a4d6fd00624f277c,region_maps/IMG000293.png,482d34c628152bda75a58fac903f8b0283c783555c9d188beb042cdc51b17b91,10,5713,0.8926562500,80,80,uint16
IMG000294.jpeg,ab28e098d992294b6a2553d5849ac7561441d1b67945b17894b3694ae57f348c,region_maps/IMG000294.png,c96b0ff84bb211746ac9c8e148cac536178d72f06b75d59b2b792bcdf6772709,4,89,0.0139062500,80,80,uint16
IMG000295.jpeg,1cdd96ec0741303f3bc572dfc8ea9e33113909aa63f7926e529d57c9cbf27a4e,region_maps/IMG000295.png,12c0d5a840ba45d78ba018dd8dc96a162f0122ed8fe3c694ba294b20f57d33eb,5,275,0.0429687500,80,80,uint16
IMG000296.jpeg,4311978bc241968eee9bbc01715582206171a961a4ff850233a83736b800594d,region_maps/IMG000296.png,7efe01bd770c69a2e2fb4be2bb13484c63ed0f8d53117f1b0c48061f0c76f720,9,1766,0.2759375000,80,80,uint16
IMG000298.jpeg,eda3547800662e36eae86a69a248812d49d7b1f1f00f9643507f5e15829e572c,region_maps/IMG000298.png,39b86b089877a259eb5839e06dc70081e48821c896c7ef4d0fa01351e3e84cf6,8,2430,0.3796875000,80,80,uint16
IMG000299.jpeg,f172364b68ef27fc69adef02953e242c9613834a7e7b391305898f4881f6d7e6,region_maps/IMG000299.png,ed6c8a00648ad2956dbb70d06a77f45a1435e07a7335001b23f769903980f2f6,7,3239,0.5060937500,80,80,uint16
IMG000301.jpeg,a09e953322a5e8ff70660fe814bc8b40470aff1cfd39df0dfc99ee4137d32e2d,region_maps/IMG000301.png,fa82ec0980b0fc6c520bdf1faa1677f46056ef5f32081760746846fe098e756b,5,3244,0.5068750000,80,80,uint16
IMG000302.jpeg,e0914f0299c35a59548bf859488e1567f7ddd82a5dbf231b924d537ac02a25fe,region_maps/IMG000302.png,e38d414aeb5d096504b2164972bdad35e2983504643fbd73792c5c2a8eb1066f,6,38,0.0059375000,80,80,uint16
IMG000303.jpeg,9717c5e384d8914162887e5ec07cf3fa8e7b87ea764a8c25ef24d4aab33b1116,region_maps/IMG000303.png,71eb31c24e6263212f400ef1687d76acaf74855df861edf15cc1df3212f75673,6,245,0.0382812500,80,80,uint16
IMG000304.jpeg,4b473ee88ba714ebc81ba94e19cda6046c9f7b89a093bff84d9c866752249a9d,region_maps/IMG000304.png,78a12364d07e5b0385695bc8bd8f923ac918614ba678b5a3196b05066425cbaa,5,126,0.0196875000,80,80,uint16
IMG000308.jpeg,0507a0e6a4b196853dcef3231259ca48a95d5d7f73aaa5cb7428b9bf1b17f9a4,region_maps/IMG000308.png,41dca00500d9303217ba013667bfdc265b347140e942e84ff476bccad7d4b5cb,8,2431,0.3798437500,80,80,uint16
IMG000309.jpeg,a6469c2ab8b59c06f0dce9d00a373d6a188e5252c64fa5b01ff7bc68c84d06b1,region_maps/IMG000309.png,fd8c1a7251dea2ae67037f9ebea75c4fefdd1222e36427ad4f738785c3b2136b,7,2458,0.3840625000,80,80,uint16
IMG000310.jpeg,cbb81cd9d7027b7b2489e06d5ea62656366af9b8913ca0098f2e6020eb443ac0,region_maps/IMG000310.png,1adc6170983897b94f8f520ad96b7c79a9debb8922e9ff923d09c212315a29f8,5,45,0.0070312500,80,80,uint16
IMG000311.jpeg,14c88a77607bc6b269fc8d27b7adba3a7e41a89fa634166b1c86d24b7095b05e,region_maps/IMG000311.png,e3090dd0bc5f5cb0548e3559b7f4732583c4d60dc291d6351c273221be87a72d,5,3627,0.5667187500,80,80,uint16
IMG000312.jpeg,0f3fe44daa5e645f5140d2a5b6ce4b2c5ecb8770f66d82748569105253b6f969,region_maps/IMG000312.png,20c258a8b6575f1373cbd00d7293cb665a05588db993cd013647c30bd1ff7dca,11,2348,0.3668750000,80,80,uint16
IMG000313.jpeg,f039ccf874b7826cbb079c5e0e8c8831ff4a26767f0d2cc5cc8c79bcf8bc526b,region_maps/IMG000313.png,e6e72f565e12b774fe5d9d357dd50cb3e3e79136939788fc2d402dc7fdace63b,12,1106,0.1728125000,80,80,uint16
IMG000314.jpeg,959a31c92b1b7eb076c0ae279566b7039e50c46161d6665792ee516086f2eecc,region_maps/IMG000314.png,360948f90e4276e049e9ab87780a4db9d8c5e77895e9398ba53c5763689b88d6,7,4130,0.6453125000,80,80,uint16
IMG000315.jpeg,5b654fdab3e76d3f25ee916b1dca12b3ea0652be1c92ea0178e4e4ea8112c578,region_maps/IMG000315.png,6e7698321e6bb2a3d3522c8bd29f091b860b235dd2d2a024f7ace35c3f3b8e46,5,3976,0.6212500000,80,80,uint16
IMG000316.jpeg,b47d3e4a90c76848a9eee7dc9c198891dc0508aa0c7e3faf85bab7d677d1e138,region_maps/IMG000316.png,7b90a913e74d025a9aaae6e6e0e962bfeabe7b67fb49327818b9132788fc046d,7,3214,0.5021875000,80,80,uint16
IMG000317.jpeg,cacca00947853c84c06cf286e8bee925e44e0644624644294175b1e6d20fdef7,region_maps/IMG000317.png,e3d93b770672f86874ffc4e2907f09dd06f060b2874ca7b9230b8413175655dd,5,3206,0.5009375000,80,80,uint16
IMG000318.jpeg,ad4d4a8524ee6beb12a48fd47799f1c1908d69134d0e95d33b7c4610a03e4faa,region_maps/IMG000318.png,d43aca8bf90d83622d324eb87fa95179f9bc8b46398d9cdca6e4e4ae9f75f3c3,7,3136,0.4900000000,80,80,uint16
IMG000319.jpeg,f8429bf1d78069138a42015ec5cbd2fae04fa50a56be9b48f7a82e7afccdb605,region_maps/IMG000319.png,37b4112db3f705ec99888da7570072c06c4b6c5b4cc2da4a3eb34bfac914b62d,8,2562,0.4003125000,80,80,uint16
IMG000322.jpeg,057b4a8d0fa287d6dde04ad1397be13862cc2bfc525d23bd0c8ac2722ab8da4d,region_maps/IMG000322.png,3b42eccf317ae7dbdfb977c0c4f6c9f8867b5a85f79511ec3952bbb009ca4d66,5,834,0.1303125000,80,80,uint16
IMG000323.jpeg,91b03683666f7418258a0c4ea18e51146adeb74aa8022283e31081673cc07d9e,region_maps/IMG000323.png,9230bd372c220571cf92d3eb167efe9aa616e05ba5ec3db2067f9d117f10ae07,26,5324,0.8318750000,80,80,uint16
IMG000324.jpeg,390bc029f3df27bfb42448081dbfa82d4a47e24e35c163fdb2a2baafea05f623,region_maps/IMG000324.png,ee0197e87d408e438e1420f53a510fc291d4a49f004b5282a80884ca9e8c4df2,7,5988,0.9356250000,80,80,uint16
IMG000325.jpeg,e1b078a2e9425196cf124d0e99b75309a80b4a78fe7b2012e609451e1ec97900,region_maps/IMG000325.png,9d7fcca4713584d025fb3244e3da0c93eb3473fea75bec68a07badccedfca46d,7,2757,0.4307812500,80,80,uint16
IMG000326.jpeg,83fa0e44ab3e3402ecc598ecdc88b8b3cd09d89931953d0dcf89b1747bc89dff,region_maps/IMG000326.png,093e28c4fc2c816aab20d1cb8719aa3af1c3a8f117e4921a9855396c0ee6b96d,7,2706,0.4228125000,80,80,uint16
IMG000329.jpeg,963a145d42405894c9348e8f1535e0df027e443ea475bbe9835e2f69ff3b956e,region_maps/IMG000329.png,b896dfc3e8c36923d4c8f1113add0dfd385f8bf8d3714d15f567e6863f588ae3,9,3624,0.5662500000,80,80,uint16
IMG000330.jpeg,76b786864ddd0f9c6d1bf0c43f44d0706ff1f310755227e0f3c612232e069aea,region_maps/IMG000330.png,ff68694126283be2845d817fb1b9a31482c4fdc143247109a6e75eae83ff8c7a,4,4120,0.6437500000,80,80,uint16
IMG000331.jpeg,c47ac3842b15599b84f855c4d4ebcf4c00d8ed44aee531930e6b9ed92c2af8a6,region_maps/IMG000331.png,d74b302d596678e6d59945509bdf8724a23ee4e872d660d9a0161c4653bedee5,7,66,0.0103125000,80,80,uint16
IMG000334.jpeg,d2e2f7fddb1e43aeb27eddde9b431bb2ce67db0ac2daf9bf772931165a748d3a,region_maps/IMG000334.png,9a5a54d2b196494c6c9c31642133656fbc885babac653dc066fb81b390a4bbca,3,4528,0.7075000000,80,80,uint16
IMG000339.jpeg,6147d37d618154267887a68a1a6de823b04702b1cb1be7f32e8fa69d2a41d4d4,region_maps/IMG000339.png,12357dc043f5cd87a0f0d8a5f39e472781cf5621eda51975679c8a9bf92348a4,7,3181,0.4970312500,80,80,uint16
IMG000341.jpeg,d14531e30bdba81ff419f4235f8a608722b4f4c208d482d0b06ace936887e489,region_maps/IMG000341.png,b7c0ccc4714b7f92d8acf82de159f4b05328f44b8a95cea270e80e6205238a7e,6,3378,0.5278125000,80,80,uint16
IMG000342.jpeg,98cf4628fd531c3ec57f3f6026b5bc8c3e1557a62018a778d45eceeefd52489e,region_maps/IMG000342.png,a6e644b110df47370dbe6285d03b0aa15a0963a5ac9a36072c0c720bf9d2af3d,4,2396,0.3743750000,80,80,uint16
IMG000343.jpeg,b2fa554a974ab754646cb215f09309537794d6275e2cb1b6fc3223d0404caf98,region_maps/IMG000343.png,8eb2846f502ca92a7ac5a2345c5364ae5c5460d1ada4baa828d4f17dd5e37c3b,4,94,0.0146875000,80,80,uint16
IMG000344.jpeg,07dafb4b664381c8cffe39e6f9edd1a3a4ed6cbd63534cac03d7595131ad6b0e,region_maps/IMG000344.png,7f560c7aac9e9aa39c54be68cd779be37b29df4a07694b6f1773f462cc400b9b,6,2613,0.4082812500,80,80,uint16
IMG000345.jpeg,4da37f7eb1b7a345e135917a8edb0f2b9c9e701258bffb7ec256470642527510,region_maps/IMG000345.png,b18424dd044d52ff5cf899376b63212beb3b99e4caeb87e4409f36c99931c70e,6,2457,0.3839062500,80,80,uint16
IMG000346.jpeg,412f41b4c17e646fd3d9477cfcc12f8641110d240d6b9a91c7116fd46b12c799,region_maps/IMG000346.png,71833c66376e3bef6e9ce855a6755a31049a82a22e4c9892287d4ff0e22a090a,4,5896,0.9212500000,80,80,uint16
IMG000347.jpeg,5d10acac77ce0e22a6dff1ee8b31b1df3e34326da8f8cfc117125c6f857e21cc,region_maps/IMG000347.png,3a059507823d4031b5e763dea4fc1f0b5c07f778fc3af476ccd4772a4c916fbe,3,833,0.1301562500,80,80,uint16
IMG000349.jpeg,185f022efe7a835bae1911e173a3469d65364a1b9a2a3477e463bab352da6e41,region_maps/IMG000349.png,cbda3e421d661d28148cac3e19a46b51dbe02bdad701cce426e983b7177861e8,5,2800,0.4375000000,80,80,uint16
IMG000350.jpeg,8f2e5868596d3548e8671c84339b46fa24d86714b1ef670169231c053fba5a75,region_maps/IMG000350.png,de37552787ed3ceb9a81f0eb4d8b74f86f6dc92ecf23f9b756698d77fd2fcefb,9,4756,0.7431250000,80,80,uint16
IMG000351.jpeg,e398a1c73f25b76ecaf472d1fec00bcb4218cbdaf0593bd0c27f7bd9e699aa63,region_maps/IMG000351.png,720e3c2ac7483a9756b994f8618215921009b17b7d5cca08a580db4d515b634c,2,1102,0.1721875000,80,80,uint16
IMG000352.jpeg,675038d3b88012ee2f46a8f8bd4058159fc3615037c5b62028bd4f3c4a884a4b,region_maps/IMG000352.png,64b5e9a873d817e54f1122e9dac181b4160bf86d39443f96fb8f15709d3f00b0,3,6112,0.9550000000,80,80,uint16
IMG000353.jpeg,1d658b3cc56d00ca3cb70c143344d36f3e1bd4612aceda9c5943512fe7bee993,region_maps/IMG000353.png,984b941ae1c5b8ef8bc37bbe5c98e89e1845489252b184420bc6b59668f63ca1,3,1283,0.2004687500,80,80,uint16
IMG000354.jpeg,ee85a0a7ea735d00fb73b002b811f1dd855275db5fbf2040464363e5b0ecc8f9,region_maps/IMG000354.png,df4873625a2b0b72036d0628e4f30b188ccf901eeedee1a7ef0341ba6b865aaf,11,1248,0.1950000000,80,80,uint16
IMG000355.jpeg,79a06005f823295877a071c7c46bb323eed0614f4ca6020fbd840f654b0fda5b,region_maps/IMG000355.png,0a2affc55d50100883cc3a2ab12eefa4016874382433041b5de1b513af2a2f02,10,3077,0.4807812500,80,80,uint16
IMG000356.jpeg,728099bb0e590cec79d66b7bb979f077f6c0d5b414bbad93a6f88878af87e700,region_maps/IMG000356.png,7087c3f5fe1eabdd2e8a05bfc47865b52b0f8a7aeba6adf53907534a3943c2d6,11,1668,0.2606250000,80,80,uint16
IMG000357.jpeg,1f8c0b76845d89ce025ebe03356639e680197c65817c50c77d40f5334e33fb2c,region_maps/IMG000357.png,8025b01c1dbd8a9a3084bcfa10665745502fbaaa966a1549ef6d6abcfb761401,4,127,0.0198437500,80,80,uint16
IMG000358.jpeg,9715ec8403b5b38f53e1516f50804ad4ca40f969a9a88c9b0d985eb64c33f4f9,region_maps/IMG000358.png,0c0bebf67ebe37b07dd3b8056a17919f7c223f0c230d6e1d2f520ef922b3edc6,5,172,0.0268750000,80,80,uint16
IMG000360.jpeg,d48f7ad14d46a8ecff48a3df2190042de50287bbd03ebc30ac7a555bdb866315,region_maps/IMG000360.png,8302da3d7d79f808e5e6138a1b779e996735197e89294dfe677371c4e67d3d99,8,102,0.0159375000,80,80,uint16
IMG000361.jpeg,a730a90a7378ef3137d30b0d4a1d4591be2870ad5ee963ae0f2e46144317aa10,region_maps/IMG000361.png,54f2f886538d66a59824c5fee6802a7da5d13d9e12a7f8ef8af2a8dd755af6b8,3,4815,0.7523437500,80,80,uint16
IMG000362.jpeg,b13d7198fc8c2c2af0fb1100ea7a0f89817e5fa58eb90656b513baa4980f391a,region_maps/IMG000362.png,8f1a0716ade098c75baae0787e56a4bbdad0f7ac5bb816e0026c6bfd8c07b8f3,10,1415,0.2210937500,80,80,uint16
IMG000363.jpeg,077d26290be9fa02c239307c8f862020374dd01a9588d6aef472ed67201bd6af,region_maps/IMG000363.png,47cb41eeb27d779730271d1c2921c080f7ccf9f21766ab45cec80b8d5ef8588c,6,2224,0.3475000000,80,80,uint16
IMG000364.jpeg,a577e28e7c994620a748d1e2bcb2edaeb88fcd61e5f05658d64599b67e5335e8,region_maps/IMG000364.png,620cd8c7a8be4a76514b6a1f1dd7b51b13881f31bdd034c89faf96bfa79e44d0,5,2371,0.3704687500,80,80,uint16
IMG000365.jpeg,9125e3f7d5b7535424f115da47ad420103a1e57942576aca7c389e5835a706a7,region_maps/IMG000365.png,0fe09794e9efe1ab08e06dea6fcd34ebc6afa810c8326b1b7931ebc580eec20f,17,1331,0.2079687500,80,80,uint16
IMG000366.jpeg,b36d903b96057426bb93647eca1c8888ea6a5a81d7cfdaf60fc08515cfd7c7d1,region_maps/IMG000366.png,5de6f375ffa87d9eb72ba28573e5239926e3dc357200f9bca8573a39af262927,6,99,0.0154687500,80,80,uint16
IMG000369.jpeg,91be091e66886c50e751dee705e1f3b32a3ed95f244a64733a64aaaf4b1531fa,region_maps/IMG000369.png,a62dd4488d161a9c9cf2f6b6e21a92be240cf5376eed0096c84244b4da2f22dc,7,4984,0.7787500000,80,80,uint16
IMG000370.jpeg,8f38776cf57189c92d6cf3ce7a18a1d3098c1109916c4aa796a57fff3f3a33b9,region_maps/IMG000370.png,e41e884a469f3f5a88d9671041fefa2868a6abdff358b6285b4a92bc9e0cac01,5,2389,0.3732812500,80,80,uint16
IMG000375.jpeg,8db65fdb49dab2979ac67ba005a0b349f4a42798cafe81ddc89284c5da26306d,region_maps/IMG000375.png,7fe97e29b70e3d22d21122a9476b81ce7d974322a8eab82bef8eb806d1ced19a,8,2966,0.4634375000,80,80,uint16
IMG000376.jpeg,2f0f830ff4032045a5610b2c6bebcaceabebcc03017911f03ad03fc0e7d42839,region_maps/IMG000376.png,155169e2c167fdb86b7a5908e482297934bda19fc78dd845f413804bf6d5470c,6,60,0.0093750000,80,80,uint16
IMG000377.jpeg,f7bd78ba46f5388adafb798956c6f97ad8dd4c16bd67623da5803bcbf143e21e,region_maps/IMG000377.png,7b9f378f8c715ed2659fcc2dda24c92b69dab420fa255ab7cec9a91044f8e5c8,5,54,0.0084375000,80,80,uint16
IMG000379.jpeg,356ee93e054ff8a8f425657b5993c88ae205d75f831a00c0f35cda2077cccf3e,region_maps/IMG000379.png,3daec1ae6390aa6adf796eac6c2e0e3eb6b223220c6dc5a449512626e6f3d6a2,4,1984,0.3100000000,80,80,uint16
IMG000380.jpeg,4714c545efae4b8fbf9c1b99fb38676b75273e90fad44acc51f4fa66962a7405,region_maps/IMG000380.png,5052f33aec0b3ab88be19fb7b77f7b7d0fd65724bf3771652fdd4030e94af832,9,557,0.0870312500,80,80,uint16
IMG000381.jpeg,36a3eb1d359aa2ecc15e5b9823628b7affff6a4fd7d84b44476f048400729190,region_maps/IMG000381.png,8d1d3a6c66389836d91d438aed5bf3ce13c7d99bb96fcb9fef1e74402e45868d,5,4426,0.6915625000,80,80,uint16
IMG000383.jpeg,4ee5f4a53da328a2c0fddd7cc57fcb08c7650c586b89d2fd95f793526d357e13,region_maps/IMG000383.png,c0e1f80dd0ddad66a902a219928fda0bba50ff284eb22344d2ce6f537277907b,6,1998,0.3121875000,80,80,uint16
IMG000384.jpeg,7aea901375caaeb07d50c3179b478f8a5bf20c4aabd6caad705db1a49a69d8b7,region_maps/IMG000384.png,2202d5048ab104577404ef548d018c5d851fa8b0daa7c846bd3aff9b86fda115,4,2178,0.3403125000,80,80,uint16
IMG000385.jpeg,a2e47cb2d54cb11963dc1c21bc523bdbaaacac5ab2cc8378198e5bd3bf514b9f,region_maps/IMG000385.png,5bd8750860e504825ce5e61158634a6b052a7225e6b39ed8ab176fea4d344b76,8,1937,0.3026562500,80,80,uint16
IMG000386.jpeg,571981774ad685e4c810bd58bdbc46fc097c9d39e382903c836968e2478cd8ac,region_maps/IMG000386.png,4b71eebd4bab5aa3a9334ea47aebd11a68bc821fcc132aa640cf9c77b3b813e0,17,1559,0.2435937500,80,80,uint16
IMG000387.jpeg,f282aa6e34c7ad68b40db30824d32ff3154836b07a298134d251768d88de25e7,region_maps/IMG000387.png,f670d579c3faa58abecd5ce1feda2086fad637ce52399b42b0021fca76213920,4,142,0.0221875000,80,80,uint16
IMG000388.jpeg,2408aa327fbb5fe3eedbd879d72d478a3d47121f31e02a51c6278a7795700773,region_maps/IMG000388.png,8ca04afd0369205b238d0d1f66cdc20fa1a04dfad15a2de61849fad4807199c0,9,15,0.0023437500,80,80,uint16
IMG000389.jpeg,1a3a8ad41e3da7bee6766b94a16807c3963786a1b611949ed0a77bbe8d27d79d,region_maps/IMG000389.png,17c224543327c7c76b26c4ac089dc9fa943f696b072d20b395efc39af49eefb4,5,99,0.0154687500,80,80,uint16
IMG000390.jpeg,773e88a9f01ec534e38b93092addceef56f78e3d58c666b6732c01bbc6669439,region_maps/IMG000390.png,afc52dd86aaf6d5b424f92f579f30e713528db8f168ee1f67f1db93d0a59dac1,3,5198,0.8121875000,80,80,uint16
IMG000391.jpeg,495a7199f0e1506fc564da5a72bc7ab8400fb06bf7a2e82e0ba0d8be1e3594fd,region_maps/IMG000391.png,832062c7cc74b04c41e7b12eec987471f17ca1d08f2fed1acfa20c94a77005e7,10,2473,0.3864062500,80,80,uint16
IMG000392.jpeg,1176142ff474b7ca4115770992d8a899772d0423c104c254aaf6ea0dac8c6fa3,region_maps/IMG000392.png,846f9f17adbf3024471ecaa043e3bb3336d29541c27ea24f12d9bad6a247392a,8,4234,0.6615625000,80,80,uint16
IMG000393.jpeg,75ff81a1e1e0a3ec844de0c20c20a26bd570d52d1cb76e67cd601de297e0fee5,region_maps/IMG000393.png,66671dacd87e2c2361c874fb547fe7901c3ad75b68b6aefb57ff7c289fee8af6,6,3213,0.5020312500,80,80,uint16
IMG000394.jpeg,700868c45e76335a3b50845f0f5547a3a98fc5e9f76dea2167922834fdb42506,region_maps/IMG000394.png,402df6f7348293dd50556a0c508b0896b909e2827b0b76ce38eb38d272a9acbc,10,4445,0.6945312500,80,80,uint16
IMG000395.jpeg,6ace66333adc2bc61adf2300cc8db86817aae323e7c6b6dca0a5a76bd04b1fe4,region_maps/IMG000395.png,e78073e247182dc406ac06a7783bfc0dab5c27da66353a5cfeb24bf4bb2e0b61,8,2844,0.4443750000,80,80,uint16
IMG000396.jpeg,45b3ea10fa4bebba78cd5a05fd7935d111180adb70779aadae09743be0227273,region_maps/IMG000396.png,951edf0f73aaad3ee96b987286c4552579393d4edb113799fbaf422c1ad04806,7,4741,0.7407812500,80,80,uint16
IMG000397.jpeg,d5ec39956d9cd702e809d30bb2a0fec8f8234e8cf932c4a1f0c588329be0cc70,region_maps/IMG000397.png,4bc4e83a32d11b425bf59e488181910a6a878223907e0efdb9bd662627491e64,7,3796,0.5931250000,80,80,uint16
IMG000398.jpeg,0f35d30a8d62b1fa6f8c954d011b1fba0887065e620717ce94092bccfdd8624a,region_maps/IMG000398.png,4142d55fda06e381039577f16eca88625f0698b48a6ec2cef05c9921107c6666,8,1915,0.2992187500,80,80,uint16
IMG000399.jpeg,215cf2fde03197522bd28d563c350a86397e670f9345a18969d9e91a57c67c48,region_maps/IMG000399.png,c5d1a4ed0300ca05b544c859fcb6a6d6a4ffdbd4f2128a93396f8bb35149361c,6,2962,0.4628125000,80,80,uint16
IMG000400.jpeg,abed06fd76bff88ea8548f9ce6269450fd705da86559f9b9c4418f1e11276ed5,region_maps/IMG000400.png,e3870ea3092ebb7cf4951cb314aab4b62d25d5c48f56fc3c3129a25960edf45c,8,3520,0.5500000000,80,80,uint16
IMG000401.jpeg,96f31a1167e306c68aab1adc4d27a04d260fdb8de4cc24c2a330c4bac952069d,region_maps/IMG000401.png,931716e819970e55b30fa0056ca03bbbaa2228a3c4e382cc867f23970dfb96c3,7,3337,0.5214062500,80,80,uint16
IMG000402.jpeg,70f612cbd87a1cdd6ae4aa1b59bda7026e98e32682bec734d958aa2cd7478c85,region_maps/IMG000402.png,363fd0770c727613e17f93c7e82006347953a5967970bd53d3925d6cc1b1b2e3,9,3708,0.5793750000,80,80,uint16
IMG000403.jpeg,2c227b9c9b038d08df98e2d8873a7da984bd45143545615f0f494ed83b12c7df,region_maps/IMG000403.png,0c6ddc4d9c779ae186788e366e972926708faa8d777566f7ae852c69db12e27b,7,2413,0.3770312500,80,80,uint16
IMG000404.jpeg,c9a7aaa7bd850389b0a4295c4afc6b55e8938a4fc6aa01491ee4f143f80ac063,region_maps/IMG000404.png,a53266ccdfa365cd130a6acdc897118998d17b46a87e9b88370424698e92f0b2,3,4666,0.7290625000,80,80,uint16
IMG000405.jpeg,716dd54ba4c7332a4ef50855687a16b9aa99ff2d5d29c6b39a0f7aa63a7c7cbb,region_maps/IMG000405.png,e817c117620735db0783363cfa8ff41e913ab1e5790025d8cab185862ee6865a,6,3787,0.5917187500,80,80,uint16
IMG000407.jpeg,3cad2179a35d5c0d62aa562e3b583011cafb926aec960de6bd05801eb04a610d,region_maps/IMG000407.png,dbe5ae610a4beacda5f7db8eb8ff9f31daa96e12e069eaa237a9b6422795451f,5,4470,0.6984375000,80,80,uint16
IMG000411.jpeg,270aa0dfdcf447c973e396a4d28beae52f0905a28770ca7a73adb1c026ad4d9e,region_maps/IMG000411.png,b0ff6930ee90d12173674e3c700cb5558f0fdeffd4cf9e35a0d7f5fee50316bd,6,2371,0.3704687500,80,80,uint16
IMG000417.jpeg,a3b7a74ba3f49914867c3b7ecd57b9a21872eaf47199d1feca86c714df1a1964,region_maps/IMG000417.png,7ae65a14d45503b2e3a14b844c463e5fef76dc4d89a838ac61f44d013ba21b97,6,4592,0.7175000000,80,80,uint16
IMG000418.jpeg,b853b6a25c6ae5ab27785507e7b1f6d77e2a544554bcd16f78dfc4467cf49fa8,region_maps/IMG000418.png,8d0cf8fc4d928c2dadf7ad0fd1efe382d71d7595ea6e1f9153454280b5c84559,6,3693,0.5770312500,80,80,uint16
IMG000419.jpeg,958ec3b3d5d198c2c20ccfb6623b1add2217a73ab99998538d3383f2ab61779c,region_maps/IMG000419.png,087b48c33bcf66b4118c3368c178b01ce880bbcb8fae6bcffa5fa88a2aa7f370,4,41,0.0064062500,80,80,uint16
IMG000421.jpeg,4a791d6c6dd8d648563f94b4d935f71f3917bfba024498cccddc966c76afc444,region_maps/IMG000421.png,7f7a1f9defec21dd8686b0744acd825fd704783ee72c31522421fea87aece71a,8,3119,0.4873437500,80,80,uint16
IMG000422.jpeg,b8c48ca3aec131443368e2dce2c4cae3c2e38730ac5ceefb4f8b3ced448fbc1a,region_maps/IMG000422.png,98741cb1c65d876281de92d2418938fbba07b34a5801c570f86883d0a4b4888c,4,4128,0.6450000000,80,80,uint16
IMG000423.jpeg,6b70bd71e6fc35c9d9a3dab87d18d4d9129e0ff3467187a01ddc3a383bfcff80,region_maps/IMG000423.png,86b36a190bdeed9cfe4626a4debcd705e64f11f614f7f234df63c1a6c0b09c23,10,76,0.0118750000,80,80,uint16
IMG000424.jpeg,7bd442b685385fa33cd79d34f83c991c4051e5db3cd57eb398bf0334192af7ee,region_maps/IMG000424.png,2720cf9cf5ef6438cc06d20abbd145fbd43c029902ac2f0293e05e5bb53971d2,9,1177,0.1839062500,80,80,uint16
IMG000425.jpeg,9f00beebdae212d0b401373ba7353f80af2d4fb36868b41d2cdc540a6e566da2,region_maps/IMG000425.png,f2904dbd87dd9a25b50301cfe0cd108bf5e2e328d9e8283420800c9f94f3be3d,8,1066,0.1665625000,80,80,uint16
IMG000427.jpeg,733229badea878f7099dc7536475f26a2fe801c63005103746ed2a2419130369,region_maps/IMG000427.png,ddd30d0e0842a5995f0486bfb17d0fe335f83f4a0d7e9f4a9c0ddc3fe880dc25,5,101,0.0157812500,80,80,uint16
IMG000428.jpeg,baa51271704e1ec5d4493318d1e899e6486a5eac779cf40084745dc975b810eb,region_maps/IMG000428.png,4b43f0f5fa282cd867007d814a533b3f7099417dfa54afa64dd6001fca10eb48,5,117,0.0182812500,80,80,uint16
IMG000429.jpeg,5d7b78d18a50546e3d3ff354522fccc350b29f3688bd2ec0990befa1a682cce0,region_maps/IMG000429.png,fc997737e8960a322ae622bff41010522f5f3529a9a62eae6c91caf0c222b8c8,9,2022,0.3159375000,80,80,uint16
IMG000430.jpeg,1f90054dbce1eb245f25376792129ed3f11be013dedb9679884d395556983762,region_maps/IMG000430.png,4e925d3bc9dda7ec93ec9eb44527ac4571e6f9606615425eaaaa34d7c2421235,6,2174,0.3396875000,80,80,uint16
IMG000431.jpeg,21bf83b43559702b07143e35ca626a6b8d4f3b9b8b168151da8ed79293c637ff,region_maps/IMG000431.png,1d5a8ff34f25c80fa541779f6af56da31d4d2fcb4aa17f81e8fbd2892c604737,7,2261,0.3532812500,80,80,uint16
IMG000432.jpeg,541f122824446d57a1e919101dcf909b9708f796af0a9e9027a7b198afcc3422,region_maps/IMG000432.png,62d14864cb04cadd2efc0b9fbfc34583723dde275ca4369f368e290d55d33b5b,6,3601,0.5626562500,80,80,uint16
IMG000433.jpeg,45caa043fa15b1e4979c9ca371c477240fda1baca3e4e6fcc1753b07d73cdae6,region_maps/IMG000433.png,7d78da5b74a67365b00695a2873f794d84c2cf516e43f78f52f19993d230704f,5,2449,0.3826562500,80,80,uint16
IMG000434.jpeg,6c84804f496399766c4921ac9adf2225b8f0c74fd151a8782ecb6627bb6e2b21,region_maps/IMG000434.png,0b76f0b3be3958f9134929116973a3b628c701c5af17ee19115ecc6c0ad55340,5,2020,0.3156250000,80,80,uint16
IMG000435.jpeg,bf6267569e37ac29ac884442e299f937c54349a51c7ad06f8cdf23c54b3290b7,region_maps/IMG000435.png,be618b736d352adff12e10a70c9a7c578b4800ad2ff94f5b348baea60185525c,11,1185,0.1851562500,80,80,uint16
IMG000436.jpeg,cf95b9db213784d32b2987d603335fc56f571f5bdae026e9cfec8caae77a02df,region_maps/IMG000436.png,29c4a620e9494a20b3db90a86208cdb6e6cf9e1c8cf4b4e73afd11c3e9684036,8,1142,0.1784375000,80,80,uint16
IMG000440.jpeg,7166f3f08956bbc8c9e39c77712e72623636f6e7909cf73114fee881705c33a7,region_maps/IMG000440.png,a988ef5382bb726d1d27a165ccf7522e12877fdb655f01276976031ea5119b7b,7,3048,0.4762500000,80,80,uint16
IMG000441.jpeg,c9d2def588a67de98e9c76c5662eac7f95568fc46066f4329f679d27030a7d2b,region_maps/IMG000441.png,47d0e515bc53a63735239b6c7dd0d6c7323abf96f9dd0449b76d4064d4e89428,6,3828,0.5981250000,80,80,uint16
IMG000442.jpeg,b802d4b23f11567f46cdb81bf0017f606cbd943ee31bc29d7924a87563911ef1,region_maps/IMG000442.png,170454847a37ba943fe7a21f521cac616bf323894993b6bbfb63bde466b9be7c,10,1493,0.2332812500,80,80,uint16
IMG000443.jpeg,f2f27d9325a81924ee8fcc5c1ac86bbc57a5e7cb8ce6433ae90666b5db1bdd69,region_maps/IMG000443.png,c05a91d9eb65e45e91a9f4d1fb0b62db2363c3f7925fbaa1cfd6060d29d4d1bc,5,1984,0.3100000000,80,80,uint16
IMG000444.jpeg,01c4e1b438209c5679a36f5d5f002087d98ad8e8139973e342329b8d2d0ef712,region_maps/IMG000444.png,f3be5b67c4b8894d220d75bc5abddd4bc4674408001b7f9cf43ad373c670937d,6,3499,0.5467187500,80,80,uint16
IMG000445.jpeg,602a8935308c85172641a969f474ee054d7d0f4429eb1b635fffada218f56b51,region_maps/IMG000445.png,ec593f2d8f6f98842bdf872f5c04b13c984cc354c11658303418e3ade7f007be,11,2700,0.4218750000,80,80,uint16
IMG000446.jpeg,feaeb2517a4acedaad5c0478e13efd116f3f1a16abe71d4a4cb12bd4a3b00241,region_maps/IMG000446.png,a9034a8d92650bd4d9a74ffbbe536db5de94d819acef4796cf972db84ec647cd,23,4270,0.6671875000,80,80,uint16
IMG000447.jpeg,d2e8c1e2cf9467f24b57f37d50037d219cd7405ca771d14fddae5fffe9aaf754,region_maps/IMG000447.png,188139136ea4d4dde2cacf6019f8437e6ff8bc8b05d3d17b00ad8ad9700250c9,8,2809,0.4389062500,80,80,uint16
IMG000448.jpeg,2934c1ccfc8d0172fb0e16dc71e39cac6af4c12b6909d9db57f080761c5a28c7,region_maps/IMG000448.png,f566e545a8e77e1c68825cfaa4e26ed0c5e8ccbc771e63b4a55018c9e8bcf450,4,1384,0.2162500000,80,80,uint16
IMG000449.jpeg,31f2602e842fb486664118a8800a89f48f4ad9ba8400f2f2087ff9ab468ad84c,region_maps/IMG000449.png,d234caa12e2d826a485ac2ae2977d8fad19cc18459cd2f2a3c5d2d33208de735,8,4026,0.6290625000,80,80,uint16
IMG000450.jpeg,cdc8f77f1c07622901cb80177235cf65b3a09090863a167a1f5f0f5744f2639d,region_maps/IMG000450.png,48a0935987f85f03ecad5f26e9dc9e38fdda692601d9c59df644ac02e88b6b91,8,2771,0.4329687500,80,80,uint16
IMG000451.jpeg,0b4e25f592cc3f350193623da55c2d23f9af4576c97524b8ad3d885909daceec,region_maps/IMG000451.png,4d0a38181734f8583cca5a308509702e4ced27122ba1c6c4c9e22f7c64f2589e,5,3362,0.5253125000,80,80,uint16
IMG000452.jpeg,9f1bf29a35aef37d1ad46c81d20a6246db841cd1f30ab2d0299fb9c71aff6eff,region_maps/IMG000452.png,6fb882dbfafe67e2254d40f579a895c35c47f74f43d74efc416bb465f07a19ff,5,2459,0.3842187500,80,80,uint16
IMG000453.jpeg,30f962d03cfef82d458e739abd0cc65cfece5e3901f516a3c365c4bcf622e80a,region_maps/IMG000453.png,0cb9408735ce3055caa5d12b95a699e894c397a2bf1d60c1f52d98bf2cb90067,11,6024,0.9412500000,80,80,uint16
IMG000454.jpeg,c6fb4055613cf33cd7016759a8d85753c936df7e8198a895178136c471026386,region_maps/IMG000454.png,ee3d9294eb86bd00a8a6062b33005992b0af35f152c525e0841bf92459e6cefe,14,4294,0.6709375000,80,80,uint16
IMG000455.jpeg,37b4d9efa83de87d79a16788a947348712201c5266e1d13b8b394b4983990104,region_maps/IMG000455.png,3c81bb8d3d37820f08f358b1919ead661e4e6cf4910da85cb5ae78b941fcf4da,6,108,0.0168750000,80,80,uint16
IMG000456.jpeg,1656ffed0d5d82e1ee1e9de79c4d71ea0b9a41dfec1ee1786dd1d0dcada4d665,region_maps/IMG000456.png,b83ae88f1792209ac6f8e7128f79e2da3895a6f9f1d2420cb3af9e810d000f1d,8,222,0.0346875000,80,80,uint16
IMG000457.jpeg,9de684751dcfe7d872fd651a77645e26f395ffd494d510729e6bca23863065e4,region_maps/IMG000457.png,e46f3b45c1171d8f30e6ed07c3b6d46a999c15c840be07ed4d5f1133f63515c8,3,80,0.0125000000,80,80,uint16
IMG000458.jpeg,096571786710e0829ecba0fe501fc2c4a4f253d8f9be678db52fe2a741e29f51,region_maps/IMG000458.png,96697ca45ef6d709de3a8798f8f44d58a0031b0cb79ce9a308c5b30e8bc2bc9d,6,42,0.0065625000,80,80,uint16
IMG000459.jpeg,af0879975c581aee637a0044ee972b6295a15b388d6736e4bd001b23f04658f6,region_maps/IMG000459.png,70a57972c9f91090d1dcb0d9a1844feca2772fa3da925d9fe27496ec4672b655,7,3903,0.6098437500,80,80,uint16
IMG000460.jpeg,b541bcd66f6e2702220b1ce355466bd5c9623c4b196df8bc230ff4e3305d2437,region_maps/IMG000460.png,8c799e3430c29db737c984b32d83f55b96f792e66e6e0c73e0d653f74eb80f40,4,3415,0.5335937500,80,80,uint16
IMG000461.jpeg,d0292f49db3dfc3c2fec18532ad557e9528951b0a0d3543b1c11bda81bba2129,region_maps/IMG000461.png,c0d436387119087731497a105c8cbb90a903e62cba8c3bf4bb9a7d2a6583b2f9,4,45,0.0070312500,80,80,uint16
IMG000462.jpeg,6370f17004bfaebfc4b1b64d4619dc6c627bbb9e3eb0016175372ac03c3e2514,region_maps/IMG000462.png,2ab6842786d56e30c3b96b9f3954a6219c0958d6097d827ecdae1203b2686a15,3,3442,0.5378125000,80,80,uint16
IMG000463.jpeg,68691528bd280f72a4288697cc4dbb15116bc77cf2eece31305d0bda5f22f9fe,region_maps/IMG000463.png,67676994c6864cc3ea9fa6c51df1384659ea73972c8ba82f766cdee4061a2131,6,1239,0.1935937500,80,80,uint16
IMG000464.jpeg,8dd7698002f2774d48d030764f209408a46cc488b7dd6b3fb1c2c67cb77f6e48,region_maps/IMG000464.png,ed6f3e1161c3f230562c88bd55e43f4bf75c1e9fb511af6b12e056bd4ddf7125,7,2516,0.3931250000,80,80,uint16
IMG000465.jpeg,8a72d5e451c1c596d10dad98a2e60b72ee22af3211295f0561b6c0d513df2e8b,region_maps/IMG000465.png,d79de0223beba4b2bd1cf78ad2e7fe333850d789baac2744ddf2d0e3ab4b4148,5,99,0.0154687500,80,80,uint16
IMG000466.jpeg,7e42224eec9d26f573c4c456e081176257acc6b1e05164d823c64a839813425a,region_maps/IMG000466.png,a84fdd98f678edc319c9b20c41447c8d900a355db02492a18ab6cb16b58471d6,5,59,0.0092187500,80,80,uint16
IMG000468.jpeg,42244242ca85d273c6428a71449c8b4bc11824505239ce3e426b366fcafcfb2c,region_maps/IMG000468.png,65b85cbe58a80ff2cc886e01a264bed2ffd4e8be66b2a716eb60237fb2ae69d9,8,931,0.1454687500,80,80,uint16
IMG000469.jpeg,a17a011e947e7a52c37b748ab5bdeaa0cdb1902ec7230c70c8f4604dec4eab25,region_maps/IMG000469.png,f66eb9638fa31c7caa524f8fc82029877b3d073b50acc22beca07fc97bec86f4,7,4956,0.7743750000,80,80,uint16
IMG000470.jpeg,dcb59d7cbb0379e498542b5385da3dce3da7927e83ba75863c00513a780452d2,region_maps/IMG000470.png,ae937d151c87be0919147009f219c832e3ecd94931a171087edef9c68cd252ec,6,2628,0.4106250000,80,80,uint16
IMG000471.jpeg,88cab5dac71f4071f54899692246d525ef4e5e0894a14942256c24c031971e3f,region_maps/IMG000471.png,f1b13571d1729eb36711a2f88658794c51a6da4d64f79e8ea4e00881ddb1c6ac,8,2517,0.3932812500,80,80,uint16
IMG000472.jpeg,9fd858c6490f6bb1acf52e8c5beeb7f056afb1b95b441c751827466c488869dd,region_maps/IMG000472.png,879d3b3a8c82238583c4fea532075390b24ac4bf61b119a2f7a62aa805080244,3,831,0.1298437500,80,80,uint16
IMG000473.jpeg,cb9c94bc2614368844e6ea21d11d58b40d9463ca6db3d7ad4b1f7fd3c5f69a43,region_maps/IMG000473.png,12efbefece1b11f0afb5967997112f3b13875b49fc4446e07c8c9f7704b3a169,9,3980,0.6218750000,80,80,uint16
IMG000474.jpeg,60ac75f55213e5630f7300c7aeea2e9c6603e5add8b44d5806ba1fe9353db4c5,region_maps/IMG000474.png,cb706795669998c64bdcbce227949f58bf82471e51503206c4d0d6bb81d432f9,6,4643,0.7254687500,80,80,uint16
IMG000475.jpeg,d4c64d600e956ccff46609fd2d5c439734559254639cbae1b832e343a059f251,region_maps/IMG000475.png,8fd927e5a62108e13f81f1d64de754f15eb30b0680b0beeca4b453fb8c579df6,7,2881,0.4501562500,80,80,uint16
IMG000476.jpeg,b533a647de50e11d7ccb2e3394e735cc31e70dd69cfbc62dd7d6e6de513c727b,region_maps/IMG000476.png,8c23164fc084eb3ac4244a5b46df43c756b3392ad635ecaca23eb98c08b6db1c,4,1093,0.1707812500,80,80,uint16
IMG000479.jpeg,2bb764e62d68039f766e559d04cb2d27a63da7af6e350b49b71f2908df30dc8f,region_maps/IMG000479.png,9a8a70426284ae347b419ae180606b48501751913bc61368fdcd6b6104c87f05,5,3371,0.5267187500,80,80,uint16
IMG000480.jpeg,680a6e313f97f89694848f5e68a0a731093f5e4d29064276f4513f018c21fbb6,region_maps/IMG000480.png,73535eff7be602f4553e22ecaa5f069390c30fcfab656179581f62b7ac446d37,14,1929,0.3014062500,80,80,uint16
IMG000482.jpeg,074f02040384e5ec3930df9a037765fe1edff32f0f73771a65eb10ca93ca5274,region_maps/IMG000482.png,c86a435f620edb40b7e1b40b6bdaf41779d9778788fce09dc2e4099d253ce81b,3,1004,0.1568750000,80,80,uint16
IMG000483.jpeg,c1015d6a21e09c099de8972312d064110ed3aea9ee29c487281d0e39797ced1c,region_maps/IMG000483.png,476d1788d37cbf052d781ffd970d78b61be23a0da15128ad0173255ad165567e,8,4185,0.6539062500,80,80,uint16
IMG000484.jpeg,ba9f4fee4872bd41789ad5d8b8f8e3f2d4f9d64cc8dd068856adc92f10fe5338,region_maps/IMG000484.png,ae66d811b59874321075769000b5fc0c5252ac159f062800af2c608b9cb9053d,8,2128,0.3325000000,80,80,uint16
IMG000485.jpeg,a4e7cc5a7bc74452ec4db2e280e745d3ae91f22f3730a7497ddca6759c573200,region_maps/IMG000485.png,536f83421fc467d8a33f0452f486ddb44de8bcef721228a4fd90d997ea2697db,5,4672,0.7300000000,80,80,uint16
IMG000486.jpeg,7f5a8287bef6bb76ef40b8570494ecd1f962d7dbd5767be574aa20bd3247333a,region_maps/IMG000486.png,b8223ce14d39acfbd5745d9c513be3ec2e23781227d3a2010b5d9cfda1e368a0,12,2929,0.4576562500,80,80,uint16
IMG000487.jpeg,21df7b2bd69091a856579396fd34f832062e5086fc999cd8873364788b042e7d,region_maps/IMG000487.png,e9bbe89d928230775e03c1906373c6e92258e13d8bbad2d7f87313be4383d80b,10,3496,0.5462500000,80,80,uint16
IMG000488.jpeg,58ecd332bfc7218e2e2d5d1feeca923035681b9ff998f5841ef6bd78cfa07790,region_maps/IMG000488.png,af0a42d7081cf815c54e4dd78c2037519abe75ab6658655f05d075c6b4ae1596,6,2066,0.3228125000,80,80,uint16
IMG000489.jpeg,a54c34b4bf9db37866009cd1d9ab52c61beb98ad752c06e34ff092222b2e2b55,region_maps/IMG000489.png,c554c1ce82288211eb28a60d3bfb18427b8dd0709749b55e6af559e1e4d17ed3,5,2177,0.3401562500,80,80,uint16
IMG000490.jpeg,49f9873271b61a7828af0f136cc62c70d18125cbfde05952d5c8e75b466d9c37,region_maps/IMG000490.png,f0a6cb0dbe7a76ea443da64252839bf2c10a65b94dafd96579fb5f737289a31f,4,959,0.1498437500,80,80,uint16
IMG000491.jpeg,646adfcc1f2f48f86098234fd7e43c1d54a955752cef6c3026fd9ca4b6af8770,region_maps/IMG000491.png,832a0eb9b16f43bca7991445987599073d126c4733d45d67a3e8827e6f78f3e9,5,4718,0.7371875000,80,80,uint16
IMG000492.jpeg,8c47ce6194bafe635b8815e3adf9e5a9e51d1bc38b56e9011415d3a8b565a65d,region_maps/IMG000492.png,a039d10cd2f06787c12a4014bf802234be71b9f4cd5fc4de6fc82bced9e60555,9,4429,0.6920312500,80,80,uint16
IMG000493.jpeg,f21570831f16e4e7b3a4777f47e74a14af61e4bef40244149fda0ef9771f4c79,region_maps/IMG000493.png,1ed591177b269c4bd294efb51afcb21dbfb89e6a8b6bee7543479dbd87215649,2,813,0.1270312500,80,80,uint16
IMG000494.jpeg,6d45ccccad5ef90fbab30e0304463f0068d5c5ddd00d733e5b6b0edea394acf3,region_maps/IMG000494.png,4ca14291074a5d2eea4ca8a79cd6daaae5a78aa2105a73210bd46ecc0b9f8b32,2,561,0.0876562500,80,80,uint16
IMG000495.jpeg,c16483f75496a05d2deddf25ce0d14d3e36e295f8f023443d2725011da13c8ff,region_maps/IMG000495.png,cad7943a4155cd68322ad0fd56dadc4b1a05e7964796590f7029dfc27d77d553,3,575,0.0898437500,80,80,uint16
IMG000498.jpeg,9a539d98989ea97eb9d3543f2f5e0a413bc4cdaae1d3088c5b861cf99b8606a5,region_maps/IMG000498.png,73cc498e46ab9a80fb4d854755aff5af656f42804e05fdd17945c75d2e3f23dd,5,79,0.0123437500,80,80,uint16
IMG000499.jpeg,ab8d3b0089f0649ec31292bc6207d4659bf0747746b78a6e4c6dbc4f38040a82,region_maps/IMG000499.png,e9971d7be7ed559370e44cd66fb4e4d7ce1764eab365b8fb8f5835bd438c120e,7,32,0.0050000000,80,80,uint16
IMG000500.jpeg,eb14f4984ba848f6d0d2f5971b2655a8dc103e32efb7d015dfcd5a76d6ba4567,region_maps/IMG000500.png,80dc34fd0e1224825e36573307765b5477295c727edf2e016da03818ce636751,11,1612,0.2518750000,80,80,uint16
IMG000501.jpeg,9ab8d413757f79c9d66b453cbdac1d8398381993ed8fcc887fc55ca170dc8613,region_maps/IMG000501.png,b683b2a3c3a2a39b9dd79aaac33daa194e20bdcbdf5808f61e9c6b94e5e6e9de,11,3205,0.5007812500,80,80,uint16
IMG000503.jpeg,60ba8bb9bf310c15398272a78eda2c8c8e3d65567dc930715bf27a2a6afade2d,region_maps/IMG000503.png,34d2e3228f42a83c1525b3a95453901868e38b0a50898fdd96f2627e6031a32e,6,172,0.0268750000,80,80,uint16
IMG000504.jpeg,6574d2d060fb2de89fbf0721e0c3f14f7b8ad968e76833ffe708e520d25a4647,region_maps/IMG000504.png,ceb68fdce4a2ffee5f3dea7c0bcdfe1a568e3afca1ccedc9027d1b50b6510c87,14,3222,0.5034375000,80,80,uint16
IMG000505.jpeg,0ae6c49d492f4a97b7e6bfa9132cb0ffbc7acef156ddcf8606852755778ddcc4,region_maps/IMG000505.png,c0c2ee1c23a066f4cb087a20bcf6a3159e475735bd0624d0e13e17a755f0513e,5,1606,0.2509375000,80,80,uint16
IMG000506.jpeg,d5b9353f8693afb21a8cb397466b6ab5c5cc55172ef7bf41a345bd089aaa5f3e,region_maps/IMG000506.png,a527030ded228744b3d5ae173b59ec959d5004400eec289fe17fa640a11f4417,5,101,0.0157812500,80,80,uint16
IMG000507.jpeg,4f0bc5dd207e5c9262d7136a41e0ff7c82d014af3998e7dfcca40a06a47f81ce,region_maps/IMG000507.png,32327ada3fde691116fc11598e5d7adc5af9d9117d701eff60b1f52661aa99ce,8,2280,0.3562500000,80,80,uint16
IMG000508.jpeg,458624d6463ee737772954a40f7e630096715874d95a125dec05970b54a4f2ec,region_maps/IMG000508.png,cb6c3424e50a9f334ce95e220a3c9b56721050b86df0fc4bf99b145026c0d7ae,8,2511,0.3923437500,80,80,uint16
IMG000509.jpeg,1734c21abb7bb55d4a2489d6b142ea5df83b072e1c41cf2ab4d6859fa3167f8f,region_maps/IMG000509.png,7c6743e6bbf83cd79580604299c1d7b6edf369483e0803aa06ea658db9de9400,6,82,0.0128125000,80,80,uint16
IMG000510.jpeg,8cfef3508086f2945fb25a484ba96f81fa0ece1af2009db49193dedf0966f57a,region_maps/IMG000510.png,5de29fb8da02b433deceda05584276a4ce3e86b9f830979a62af1c4e8b6cbe4d,9,2595,0.4054687500,80,80,uint16
IMG000511.jpeg,b988cbb2c7c69696407d8b95d71b1ae1057ce38cccfa23ec574570fc9234741d,region_maps/IMG000511.png,ec94ca98d72626d3a743c84605441f8d231129a2aebee8c9533f75b0fe4d3ba4,18,1992,0.3112500000,80,80,uint16
IMG000512.jpeg,b28a29ba8fb0f797b5f611fd757148b9e877f67aa8e259b82207a897774290f0,region_maps/IMG000512.png,49dd689314ba95570d0b5dd643ca7fb5745dc9530869a88c7f380f44f62ad2cb,9,2141,0.3345312500,80,80,uint16
IMG000514.jpeg,6a3011037ce73bac85a9db335ae90e8de5d0c4e9be5fa9c49c959e0a5a3d7217,region_maps/IMG000514.png,7ad13f7a1e68b9446d2c812a247a57c6fc7ae0b7cd4b0ec2bbcab410d0a7d7bd,8,5243,0.8192187500,80,80,uint16
IMG000516.jpeg,fab747dd72bf1898e36dab8ce1245778218e1510c0bc9e1deab47613906f78ce,region_maps/IMG000516.png,ec5bd45b94e4153ad63508f4635b91c5a4752f8e6db7c5d950d4d65b387d0a90,18,4849,0.7576562500,80,80,uint16
IMG000517.jpeg,6d9214ae6726612c81f7a0d6882079222170916996c468dfbfd7e8be9b5e89e7,region_maps/IMG000517.png,97fdb05ad2b4443583e21ee3e76ad19ebc9a1b89d4e0299734a3456c0115e6e7,9,63,0.0098437500,80,80,uint16
IMG000518.jpeg,aa10b1a9f6dc224fe7c701c92f7db915200819d5e0b3b30de9d6dc1d542db289,region_maps/IMG000518.png,5ce59ae42f1a7e117604cf79b757145f3b0fe6e17387fd45e677a6c2b8e31aa4,4,227,0.0354687500,80,80,uint16
IMG000519.jpeg,41683199bc36468861067c08161dd8a91a3ebdd4b6e967ce9665fc603b0d136c,region_maps/IMG000519.png,ecdc8d971a0e4a8483cdaf8bdc408f26f5543de8667cf6c1c1c50ae653647107,1,615,0.0960937500,80,80,uint16
IMG000520.jpeg,72fb05cc8bb7d78961e9373a3b8bd6b554aba7391e1a26d4904494a6c217e07f,region_maps/IMG000520.png,d0b7d2f75fd58006d5c4e8072d73e24c76129cdd9172e92343036b13162e7985,4,208,0.0325000000,80,80,uint16
IMG000521.jpeg,8c41c74cc98368ffe337a8ddbb9884db28579e3624083b131508d80a99415954,region_maps/IMG000521.png,69ff8a8b0292dc8c7c584eb1ac8fcd6448db10ce2d28644a9f660c4b70eb00d6,4,2608,0.4075000000,80,80,uint16
IMG000522.jpeg,0d34a4caffe155ae09a8371f11edfc086407297f51c16d8311c76d154621d63c,region_maps/IMG000522.png,980e95836175a8648fd180b62926aa6a1c969eefa3f3c94bf323291b3da6e3dd,4,3284,0.5131250000,80,80,uint16
IMG000523.jpeg,515a20b3c057864e951bc52cfd6f1ab4e2da3a8dc95fc64ae1942b8cc2e8a949,region_maps/IMG000523.png,dd51e5f324b0b864652ca72629f2f2398b9d1ee9c9361883725518d55eb789d4,4,79,0.0123437500,80,80,uint16
IMG000524.jpeg,adcd3399933b520d0660783ffd44df4fd18d1e3614c8c84fc7af39f4986547ba,region_maps/IMG000524.png,de41bc254a5a796059a64ef8f2e67b093662c9e90a1b56881ed6dfc87263a5ca,3,178,0.0278125000,80,80,uint16
IMG000525.jpeg,fefb787bf7f0ba9d01c73dd9714daac0c7a7578fecb0470bcd2914a920acafb6,region_maps/IMG000525.png,fb7309834a15b15ad6f6447929ea97e1957830388ff3f55a41cb12b1bfea4df5,10,4602,0.7190625000,80,80,uint16
IMG000526.jpeg,66b2f6447e0f674c9d3d7d799e85abee73510bb13b2e4f10c288dc8c6ef49c08,region_maps/IMG000526.png,ff4aae972b531642ef1b3a01eb60d663340251566d5aee348a80eadf091b329e,5,5518,0.8621875000,80,80,uint16
IMG000527.jpeg,b436d4f0b65d0b0b4d8b29749c91bf45d501b6c2de34b1ae15dcfb7cba603a1a,region_maps/IMG000527.png,205d272775524455b277459d0c1358d0a6b7dc68d8d12bfeed1fc2c97d2ec355,6,3993,0.6239062500,80,80,uint16
IMG000528.jpeg,928e99e31c287e0ce9009743923e462fb038651a968170a13072d095911badef,region_maps/IMG000528.png,0c1d7f6560126cbe8192fb9d35a0d4c56674db3d0620d268f4ec09ba172ea698,31,1150,0.1796875000,80,80,uint16
IMG000529.jpeg,faf58f8e26c2d93f13d455262a3bf69890c9493941a34be88e9c1e42bcf400b3,region_maps/IMG000529.png,3b08eeb2c533900ad622dc18fb4e678a2d2223b3af2ce9dceb386474633c7146,4,85,0.0132812500,80,80,uint16
IMG000530.jpeg,b39c967ab7e2fe593009d1e9bf47bc45972c2717683fc173e80711088746f13a,region_maps/IMG000530.png,3b3933ee196f69b1b035031d06570973f824b92b2c335a5d3dec066d94bf329c,5,6271,0.9798437500,80,80,uint16
IMG000531.jpeg,31b71fcd819940d89cdcd62f457a3ffa3a04ab5c8f8056d3dab7f9ee34f16e56,region_maps/IMG000531.png,f64041c09e54193e25447d3fe34203db14d4a0c615c55eff7a6d21f3e8fa9b61,8,5937,0.9276562500,80,80,uint16
IMG000532.jpeg,e39a74cd5bf1f858f127ff17a422be055db8e23f4a41559b02e0ad2796354f80,region_maps/IMG000532.png,6bc5e0e4a59a2dd24e00308dc61573cf8aa2255acd4ad7649fc981582c718b06,7,4587,0.7167187500,80,80,uint16
IMG000533.jpeg,a4e1a6248c5ca0a00d05a7d82862b8406020d15ab90e3154d6a45cb567b0a8ea,region_maps/IMG000533.png,02021359d5924077c46aef153dc7828caffef8b3726d66dd78f8a04d5e6a1950,4,39,0.0060937500,80,80,uint16
IMG000534.jpeg,90ce155827c9ef40f5e07b422b9c55e30d290ee9fdf8f9ed0fb3be1cd83f3f20,region_maps/IMG000534.png,7e94053698657b897dba4816d16ee2b74b4887ea9b5751ddb256adea96727b66,6,2741,0.4282812500,80,80,uint16
IMG000535.jpeg,1b58912c20de9c8c2fd94a6ed258bf8c19640ec33cc554f7e9df3c080cedb806,region_maps/IMG000535.png,529dc9ae01b5e19a051b16cb0688bd15fb0600c8162785979375c4d91705ffda,5,3120,0.4875000000,80,80,uint16
IMG000536.jpeg,38a0e30199d008f8514ac56284bebd514d87c14dc5ce4e68624d637863676d8e,region_maps/IMG000536.png,75c03405f063c56ad5a2b0386b7c1e59d75b60e461257334e8a62104dbeef8b6,7,1911,0.2985937500,80,80,uint16
IMG000537.jpeg,6026f650c0643528669ab2b2f909a39154c234f39937873737284c0b5ff3ae1f,region_maps/IMG000537.png,aef9b1dd29937f3f77cac96a86742dca3e805375808c4b15abc569ce3f35c7e5,10,2202,0.3440625000,80,80,uint16
IMG000538.jpeg,dd796a76e516948768a1a744a927e2038f266f28d214e3b29d02996e40fb1165,region_maps/IMG000538.png,6ef8ce9738cbfed5806ec48cbc689b8e9e7ae2724faac68b12389e38942e7e57,7,2570,0.4015625000,80,80,uint16
IMG000539.jpeg,b232802fa9907ab8084c395d9181eaf1a22bc0cc5e10fd97d82e7faff967f6c1,region_maps/IMG000539.png,1a6123c9e2ac2e85a988851c07d3831b5298d09397ff07247682931f31cbbabf,8,2660,0.4156250000,80,80,uint16
IMG000540.jpeg,dfedc6699b3999cd64f0d069a607297b8b1e11fb7f98a98dc408b579abfb638c,region_maps/IMG000540.png,96217e9538ce5a442cd754039952248d5dc016eaaed56e3198ee26eeebc6a532,9,4225,0.6601562500,80,80,uint16
IMG000541.jpeg,13571bd9760b7626182e33572f4a79344aa353d104586747fe155c0a1807725e,region_maps/IMG000541.png,6a6a88a328a463376f2c7a8cff7502cf8d0c2764b31795fd41e6a2673dc29323,6,3909,0.6107812500,80,80,uint16
IMG000543.jpeg,914b124a74f24a993faddc3916179abaa93cd9bd6974bc01f9baf3b934508d20,region_maps/IMG000543.png,53f523a0887ea60aa85eade03c76b79b465a5d2c5e12453a53351c1a1a704ac2,5,2063,0.3223437500,80,80,uint16
IMG000544.jpeg,31f47b435038458b61b6af1f8991f0c85b757e0511be582fddee3a1e2c99d46f,region_maps/IMG000544.png,47a7a17096f55f68ba74611f675da7b94402e002ce7238011fa130c69da6527b,5,1581,0.2470312500,80,80,uint16
IMG000545.jpeg,8f9baf7f273247a0a6a4101ef9614088c8fef6f208a2c08fea39e569ada302c5,region_maps/IMG000545.png,3e164cb9613e6c49221b56dbbbc9b57625947fb904fdcf75b5e47ef9815c2b18,6,2384,0.3725000000,80,80,uint16
IMG000546.jpeg,1877a1dd1e9accb2ab9aec43eecdc48b757713face3aa4f7e8ee2ed8b4b80158,region_maps/IMG000546.png,0d037585543fc8b8fb200d952b9dc097567ccb35d45318593d3b7f8a9cc0020e,9,2844,0.4443750000,80,80,uint16
IMG000547.jpeg,451241bb31430455e1ed9b56916b1ebaeeb4532998b43988bffa0c1e8d791260,region_maps/IMG000547.png,e2f715ba9f7d675bd830045491f689f483028a3de59ff2d130625f715f5603ad,6,4136,0.6462500000,80,80,uint16
IMG000550.jpeg,b7a004063f82e4d2b07313bce99b9f57db6123fbbecd58c06380fdd60ec0ec07,region_maps/IMG000550.png,18af50a76b6ad9462470589dc376b2417af8371bb657b1b47497ce448ce9bc45,6,382,0.0596875000,80,80,uint16
IMG000551.jpeg,b65de6ff1825af015dccb8e229e39996e940221e9db6d7eb696ac802a9c8a965,region_maps/IMG000551.png,9aaa248370d589cfc68ba0f1d3304c8cd53e86acd8a73837d118abf22ecd336b,5,74,0.0115625000,80,80,uint16
IMG000552.jpeg,17d5e7ef389c803bee319e43d140d0c94adccd32aa578b5f322c03cf458ac1ce,region_maps/IMG000552.png,549c502fe8b901ce25271ec8c9d7cef0b5b0618f23eb27db9e96f91d30e1035a,14,4127,0.6448437500,80,80,uint16
IMG000553.jpeg,3c8fc5c1bc57dc8dc2f132f65dcbd24ab6968de6b4f237f687f533ab38532e6e,region_maps/IMG000553.png,ce9a14e4f157f9b749e270c35fab3e255c420a97181ddd090134e5f5e1463ff6,12,822,0.1284375000,80,80,uint16
IMG000554.jpeg,8fe2bbc77233e92a8195cd94a8e7846c8169c72f3790b418a7b62c1dbab8006a,region_maps/IMG000554.png,a227adb03995d8d94ee70fffedd987d2c554274f65cf0b3203db9f8b26ab5b2b,7,989,0.1545312500,80,80,uint16
IMG000557.jpeg,7e3e650092617227dcb8bce773a72e4eac22518d311b1e75db7a2a5eff454589,region_maps/IMG000557.png,4d6239b0c491d6d907e64448e36cdcff32f805f694daa085a04e24310dd3a554,3,35,0.0054687500,80,80,uint16
IMG000558.jpeg,5fa52d3cb958c807cfa60ce6676463f77c44eb090f5569b9e3c52bbedb68108c,region_maps/IMG000558.png,8cc627a34a90f99a7a9f76131cb1a910acfbafd69fb8104c79296987b3c61f04,3,59,0.0092187500,80,80,uint16
IMG000559.jpeg,a48a7693b0d22e9f6baefdf8e27d74d75c9bfee352a2e0574b99920d2d0f803b,region_maps/IMG000559.png,10b29a668676e84fb214aafd5f216930559a657b989f8a1faf483af0ea7ad2cb,2,31,0.0048437500,80,80,uint16
IMG000560.jpeg,77c14ebac6aaf1d4eee626cd271b43bf4e90031d17aaedd869886a9991a5ac13,region_maps/IMG000560.png,603fd9fb51d466c64e7444168b2be3299d07d923d1568276c18d75ef0fd69830,4,69,0.0107812500,80,80,uint16
IMG000564.jpeg,cc5ad4922d5a9a2ba4a8eed95cd2a1c3af1a8e6e43ac9d9dc6359695cad26da8,region_maps/IMG000564.png,26d18bc642c014fdcabf2ba86c9d045ba84a119835f60908502206ea131223a3,11,5247,0.8198437500,80,80,uint16
IMG000565.jpeg,40603cb63ef7f549911414febc32ee8c4bd0bcd1d61d5d831f6a561ebc347375,region_maps/IMG000565.png,8da4338977e94cf21a81bc39d1c6cf33b117a858f928da4e7cc56c81c49363d5,17,1569,0.2451562500,80,80,uint16
IMG000566.jpeg,a2dd7fd0cae4ac6c33a7f96dc30c11669ae62dd42fdcc22711df294570792f12,region_maps/IMG000566.png,fa033647adab0549f69589151ec91873745c7756878a20c62d8201a46e49c89c,5,23,0.0035937500,80,80,uint16
IMG000569.jpeg,f561e2544420eda663bf0a3466dc55ae0bca3ed42e58c01a9342608c0729388d,region_maps/IMG000569.png,677326a8aa4df8eec9a5aeedb5087b1bda25a8e8d1d0b3dadb0b924b4f0908c2,9,1934,0.3021875000,80,80,uint16
IMG000570.jpeg,e722314e2e2017738833993688482945be248b4916808d61ad74f6783dcc9584,region_maps/IMG000570.png,0ffafda9173f498ee879ee1a10f93cb53cb9e8219564248830841284d915f90c,8,2598,0.4059375000,80,80,uint16
IMG000571.jpeg,bc262e005f6b50106113d0f9d3a5e104bb6c7b48c2a9cc16eb869c3313495d8a,region_maps/IMG000571.png,549c96012a02917ac59b995f31885228f7c749476608635d26192f78b888ce20,10,2549,0.3982812500,80,80,uint16
IMG000572.jpeg,95ca54c813be8db91670e750376cae0be101533a9f9fa2e84369e8de08a88196,region_maps/IMG000572.png,509f52b95c59bfd460b33c14e9a731e8135dafe9e50bb8773390b0a5a3f3001f,9,2320,0.3625000000,80,80,uint16
IMG000573.jpeg,7c48dd91e725ce939a2b8544e867c3a2b542d113b1f2b0c1210563eecf0bc507,region_maps/IMG000573.png,4c6e96526610b45996283c27f2c1735dcf56a7624ddc1dce81de8a51cf623324,6,100,0.0156250000,80,80,uint16
IMG000574.jpeg,6aed9eae644ef54538a76b79c041e9097800710fd925f0870c732ed8d706f7ab,region_maps/IMG000574.png,4c3bdbcf0ed1625f00f7ef169ef1f6c4b07beeae2b5e34a03fb712961153acdb,6,68,0.0106250000,80,80,uint16
IMG000575.jpeg,6a18210bec72ebfd405dfc7cf838329254bd53767c564ec100334beb82eaebb1,region_maps/IMG000575.png,7066b3f7bcc100e94c7e402b7506e3d3ccc24d01cca5ead9c363258a40d6b6b9,5,3418,0.5340625000,80,80,uint16
IMG000577.jpeg,b45c342cecb69929f952df8980bed30b1507aa7a3ee02465599a088b4988d16f,region_maps/IMG000577.png,5d835ce06c672ff95230d7b4f1de887598c53bc77d94a7486b8a0a1aaf31b8d3,5,1774,0.2771875000,80,80,uint16
IMG000578.jpeg,6480ff566e206d11fe2c4edc69d2218a065240c6d811584e3b8c7e1ff57da49c,region_maps/IMG000578.png,ebe198bcbc20c5d0ba126a399475415a6b1a7d1c51d0d4dcf7f876f72968e30d,6,2269,0.3545312500,80,80,uint16
IMG000579.jpeg,bef2227578c8d4e62489cf14e368c96a4f0fffc10520dc3a4704c3368cae83f7,region_maps/IMG000579.png,f5ee6550b19ee1204b2b725f36163646adffa62eb983c84491745883c9de7d8e,5,3361,0.5251562500,80,80,uint16
IMG000580.jpeg,79c32605bacbe85fb6b269907cb392c93ed69e17d5833f7236ed4507c325be66,region_maps/IMG000580.png,dcf4ac18157da720bb95bb771ff30235f7ecd12ba559ec930003ebe37cfa1c07,7,1349,0.2107812500,80,80,uint16
IMG000581.jpeg,e88b8f43848bf3c6213335d4b8571404bc686440b1265c6d27ed0459fb0dab0d,region_maps/IMG000581.png,bda0c24d0e9f7c394ec1139f8a9ca7174f7ef6872fc00e4e85d6d5b84234cdbc,4,2252,0.3518750000,80,80,uint16
IMG000583.jpeg,bbb1bc121be37683466efc82c10b42f6c6e0bba3b82e4dfe011432d4f125d0e4,region_maps/IMG000583.png,5aa28bc51a7a43b567177c137f24cc15c779f7eb2ba0a81bb480f6b17eb51b6a,7,54,0.0084375000,80,80,uint16
IMG000584.jpeg,1061d5f1033be2ae471a50469ee14a54cba55be1604841f04c0ae4977f480d5d,region_maps/IMG000584.png,71ee9267e7afaabf0a91499ef76083e9afdab113030603754cf82e41b90e3400,3,1890,0.2953125000,80,80,uint16
IMG000585.jpeg,e1a4abac5ac637125dd0ab420a15ec70b2d00311102a043da52f3cd3618b844e,region_maps/IMG000585.png,513fa19fb223b3f161f83d853b98e355c71171e0ab8abeefbaa1a56f34f3a2db,13,3730,0.5828125000,80,80,uint16
IMG000586.jpeg,24ca2cfab98d9bd979efd4d599c14fcd8f4e77fb3281b8790db24270844f5769,region_maps/IMG000586.png,a27faa5e1e2a60b0017d9c5897584ab349851e2038a41291d3406a44bc9c02e5,4,4320,0.6750000000,80,80,uint16
IMG000587.jpeg,a97940c180b18406328794153f636c80d9e0485b057a14778db99509a4020aab,region_maps/IMG000587.png,6982d46889ce82dee76592d6887d778e9a18e771c6f2039830c44e2191236a18,5,3264,0.5100000000,80,80,uint16
IMG000588.jpeg,f49ea9f69aeb349330554b1772e320b1a751f3059d9e9ad684a64344b122ac5a,region_maps/IMG000588.png,5dac39f69fbddef417a370517ae6fef92f52d83bff8bdd6d3b13155869dbf5ba,4,3133,0.4895312500,80,80,uint16
IMG000589.jpeg,c7631f601c717a5bc46f6e658db1efa4ce8ea6f47dd84ae6c365a39ef1e4cfdf,region_maps/IMG000589.png,1cbb52df0ab2bfde7730e43588120c12e82f3fd4bb1d9bd5147b6ad7d70abc45,10,1941,0.3032812500,80,80,uint16
IMG000590.jpeg,48afab5e511c79bcb2362711408b49404da0e0b1a29e6d3f9eef5ddef89d1fb3,region_maps/IMG000590.png,204f22876504ad1546a26089428564cfd0f19f46cd536f907de838fba04faf4a,2,114,0.0178125000,80,80,uint16
IMG000591.jpeg,9922a655a63d9916199ff7e4c2abf2362881598f196ed07621b5168f59bc3f55,region_maps/IMG000591.png,d5931c4d66e6ad3595e1ea8d2d14b0b8862b6ad21147ab66da0c3bf0fcc127d1,4,1682,0.2628125000,80,80,uint16
IMG000592.jpeg,e353df96ce92bd05bd124b39d50150bf9e477275e045d927769f099400585dfb,region_maps/IMG000592.png,edc16074d2961ba545e760409dc9563ced09fd2577444d57c9babd4073f5a23a,5,64,0.0100000000,80,80,uint16
IMG000593.jpeg,fbd80d05a80e0f8c2dcff55cf317b43acc07ee1ebaa3e22592455364c4a4f51d,region_maps/IMG000593.png,0268c8c4530b506f7b0d359290c5ac3703e63d24d4693a1abc8bb816697103c1,5,2297,0.3589062500,80,80,uint16
IMG000594.jpeg,f46d880693d0906e89ff62494578e6360cc74197f2451cde6b7cb11054ae00be,region_maps/IMG000594.png,a92bf395803a144b3d0b0630937a4938cb9d9a6c208fb6bdde165b244ef81f4b,5,118,0.0184375000,80,80,uint16
IMG000595.jpeg,f584abe5d68a828ed2e1209a1c6b2ed3af359c53b96ba8e124a655dd9e906bbd,region_maps/IMG000595.png,eedd95d486d46e0106324f315cb21328763d0b0db8fb9a9c85f19030baf050c9,8,63,0.0098437500,80,80,uint16
IMG000596.jpeg,059034b7e950e4828460b2e91df201307ac52ccda94b78f4aba4232aa8bae5d4,region_maps/IMG000596.png,28a28b9283d1b4c179ce4e0f4e7edf8e39f9b542fbe22eeed8578f43f6496349,6,68,0.0106250000,80,80,uint16
IMG000597.jpeg,c8ee96f5d46b94c7cdbe87f5adf8aa0335073df01977996ee36da96500ea88a0,region_maps/IMG000597.png,32ef277a56ae354ee80374472f7164f29d16a25716bff10bd246355ba888e12f,6,158,0.0246875000,80,80,uint16
IMG000598.jpeg,b0f45ac3898fe2e6bf89e1ffa3b940d41ffd1253999943102af02ed64fde7bfc,region_maps/IMG000598.png,14e4492f59e5125ef6211918d38aac1fe8154c3a47ed0356343f3883ab644abf,7,2099,0.3279687500,80,80,uint16
IMG000599.jpeg,fc933ce01d4619fefbd8e7a21ef96e343e6f37e5863c3dc3b6f165f57cfe99cc,region_maps/IMG000599.png,fe953b2bc9fae9df65538b06188dd168e496db237aabe1995b2f2ff678cfd060,4,3568,0.5575000000,80,80,uint16
IMG000600.jpeg,3e1c886c8a89090820c31e9a56c3e24952f28cc8b353d3d628839dfe9390c24e,region_maps/IMG000600.png,add6112ce5a28171dfc1876570479d9aa675b0b1c32562272d205e1741b0eccb,10,5428,0.8481250000,80,80,uint16
IMG000601.jpeg,2c68c4967cff13275396f5f16fc108daea43844643ddc73b4e8b8f9f2bbdc858,region_maps/IMG000601.png,b5c619ecf252b213aa6bb0592300d56672bcb0c37b84b27a5366256a6947cceb,7,1489,0.2326562500,80,80,uint16
IMG000602.jpeg,108caf4a5cecb0021f48ee018f5f6ee7a521b7e1d8bcd95203d95af6b55f6517,region_maps/IMG000602.png,c8d72f182cbaca380afe2d1610dcfda4191a5bdc9c6be6c5b0a9eff0a611efb2,5,1700,0.2656250000,80,80,uint16
IMG000604.jpeg,5daba7a9de9af0797a9f3094e805b519b660e5fa4b77969a625261d1a0be311f,region_maps/IMG000604.png,236b1e2138cbe1e2489d6a96547ff97b35c275b7f6de37b14f84e227a35116af,9,4953,0.7739062500,80,80,uint16
IMG000605.jpeg,a25f8cb4086c9d79a4ea61a730a93dd7e95215276fd1ffefc416cd9d967f74fc,region_maps/IMG000605.png,ec4d7eee4fc28992ab073e3394b6c4eb6f66743318ccde973bb4d8f922b228af,13,1033,0.1614062500,80,80,uint16
IMG000606.jpeg,db601b47eba79ec9390751f50a27f739bd4bc34d57822d42def097c4c93f2122,region_maps/IMG000606.png,c840275e900a3b3f030e1331de4f32ba57220e543fbf008a2e3633ac55116846,8,976,0.1525000000,80,80,uint16
IMG000607.jpeg,ecaa857e5eaa89cdd834e4a57f4201f52224b1ebf0d587df5c95956da720181b,region_maps/IMG000607.png,4c8555e8b42732e29c55df42b3fe623f3e3e5bfe2b98e0af715604f4b1cf9e15,6,3526,0.5509375000,80,80,uint16
IMG000608.jpeg,3ae799cad861721f2b9138e4d2131cf6ec326d09c1cd341be49d72f3604fe4e5,region_maps/IMG000608.png,3a249db5cea76402b45da547627d147c547e72ce0219ed9d555cb63af3644d17,8,518,0.0809375000,80,80,uint16
IMG000609.jpeg,db22be3d0391f25a79d8665f966023d82a8c0720ce3403cf8c96646e62d7c1b7,region_maps/IMG000609.png,b09dd3e817ce86c8f1a8664816a52e52f12a4d45f7854e7769ac2f51613ef126,2,92,0.0143750000,80,80,uint16
IMG000610.jpeg,cdeea84f1282d05b4e6b6df94627b4f39473d1047f85556f94e3da44acfe49ac,region_maps/IMG000610.png,3915be4969c389a9cda34a30e5b0567a122ca6c1bf78f135da322823762070d9,3,88,0.0137500000,80,80,uint16
IMG000611.jpeg,de4897b25ab6b6ca6fed1b066012f4cffd02c5bd11b5437374aa45be1e9fd5df,region_maps/IMG000611.png,78aaa60b0526b2cccb69aadb01246f6708b88a20d67b011143264acc92afdfad,2,96,0.0150000000,80,80,uint16
IMG000613.jpeg,e3b8e534aaf159d3e9b72c51a3ce8053460a4ac7da232a816e9ad9492b736865,region_maps/IMG000613.png,6cae087a3000f226bad6d62942062e783dd994401dc193915cc7c6740995e6ff,6,1981,0.3095312500,80,80,uint16
IMG000614.jpeg,566abb6e9de36d01ad1cd139af2d21c419e6c6224304947705a1c24f5d1b2e6f,region_maps/IMG000614.png,aa85dddd17b001be38a0a09964c3f1c222cf63b5752ebb3cf5d5fac49829d876,4,2105,0.3289062500,80,80,uint16
IMG000615.jpeg,4afd7c465d2f6dc011787fb6de2144db6b5fb1fb363c6e36f085b8e838e30704,region_maps/IMG000615.png,1d6d78886661cee7afa308855e30def42d61e3fc456d4dfa4cb78a117dab7e39,10,2091,0.3267187500,80,80,uint16
IMG000616.jpeg,49a4a59e8c618b3884e6dbf2c2fd51a0d73cdef4cb8db243708cbd6c39ca9f8b,region_maps/IMG000616.png,17d20abbaa756b6234c0ef0026d47f3390e93852ca626eb260434c46c5c71d6e,8,4292,0.6706250000,80,80,uint16
IMG000617.jpeg,caf191f481f1f76e1e064886c1a6b8dc29515ca17ab8fca1a28a19657663b097,region_maps/IMG000617.png,b27af9bcb9172cbed70223c90c02abe272e644bca4d376f78defc8359e80d1ca,4,101,0.0157812500,80,80,uint16
IMG000618.jpeg,770b99ec64ff2d8223ea3cb5c86396390f0fd5cc23a901b342e1008e53455883,region_maps/IMG000618.png,8d438c4f308776fa2c019066c1fc40f108f87f610ccc92da44398563cc973498,9,3089,0.4826562500,80,80,uint16
IMG000619.jpeg,c2a2a1d1d5a82260dcb3b05b51a13298a19a4eedcdd881e5ad066e4c30cb8e6c,region_maps/IMG000619.png,6ad8c68b3fa690a36e6015d9a5aec83288be5276b6fc2294bd19fecaa0e0ce18,8,39,0.0060937500,80,80,uint16
IMG000620.jpeg,aefd6327a93113dd4fcae9553284446987350c7cbdd80207632c86f3c2ec5462,region_maps/IMG000620.png,9abc11bd6d9bf7f877eea6e5b395cbdaf1e8b073c63194912f7287bd6d72d2a8,9,2229,0.3482812500,80,80,uint16
IMG000621.jpeg,2e055a91ccfc2fc4a29d76f952bee4f5ee12a33751d252dbcc5616fcb7a840aa,region_maps/IMG000621.png,28c138418f1382c8346244a72baf7d8e11ac067cecd737bf29ad35fe9bec0a98,8,543,0.0848437500,80,80,uint16
IMG000622.jpeg,d0394217345c32086a36c9024536d3c5cd321b67fee0da9172f274e121ed77b0,region_maps/IMG000622.png,98dee69fe738d4ffd2721cfb41e664094c996fc4551d9a92204c46b5f1c11c88,16,3031,0.4735937500,80,80,uint16
IMG000623.jpeg,d7ba09c90b7ebbb2c0a415bc7b9c9e0046b5e81a0d804513d7f59d4869bcc0fc,region_maps/IMG000623.png,f313f33bafc7e6111376c93da16db6a2b263eef5f734170efe7461d562f5e29d,24,4261,0.6657812500,80,80,uint16
IMG000624.jpeg,428cc8f04823ae870559936994a56d0545e17be9b68b68d2d02fcf76f60b4c79,region_maps/IMG000624.png,8211313dd955bbfeb9ef258287ca8711c46401b2c72de3b7956b1dcf467a4d69,21,5314,0.8303125000,80,80,uint16
IMG000626.jpeg,ac602a49df710bd18934aa01cd19080f2d9182a80180c77525fc9c92a6c823c2,region_maps/IMG000626.png,ec39506f38f530e857ab6a84bf17c0a806b3499e6354ca9d76d3723ce6344828,7,2472,0.3862500000,80,80,uint16
IMG000627.jpeg,c50a5a424a760d98c41a9e809a124ba0ba5a2b483244261773da4ebe79586bae,region_maps/IMG000627.png,e8fbd452885289e0850251e9041d8709fbac6f7c67a2de25d7a17b0cb5be3a1f,6,3684,0.5756250000,80,80,uint16
IMG000629.jpeg,e4d873b57e07165e5bb5c53722b53691d9b52e126593ccd533cf4fc5e2e3c4d4,region_maps/IMG000629.png,88dad8a95756ed3a20126114f98040d2f4bdff1aa986eda691ac9c975a562e21,5,63,0.0098437500,80,80,uint16
IMG000630.jpeg,f36c73359982e6b4d980853b60b2c5dac5bf539fe2d80cd036597231dd1308ee,region_maps/IMG000630.png,f8869701551cc4aee1eade2f9371ea265df982c394f5785aa3c36395d806c7ed,6,2478,0.3871875000,80,80,uint16
IMG000631.jpeg,9cd2c25e38c0e40cb00e7efa4ab38b14ea7dda6b66f075a9e3b2b66b8f2a4097,region_maps/IMG000631.png,2bdbee705ceb2edd01eacac73aa69df54f62952a0c999ddb23aaba8570773483,8,4581,0.7157812500,80,80,uint16
IMG000632.jpeg,2095b72dfb20b49e2ba55db21e77e3eaa6356aa093cfe3c74e042901206f4538,region_maps/IMG000632.png,84e10d43922e3f53da80299b8db6f5639d4d76fbfb604818dc35427fdde59468,6,201,0.0314062500,80,80,uint16
IMG000633.jpeg,3fb3c6126c5fd1d69975326b0381fd4133169145803c777d4eec632055fc363a,region_maps/IMG000633.png,ee340c14edcf80542ba37e39c67aae2b42dddee675fef8efd5a638d0043be2d0,10,6034,0.9428125000,80,80,uint16
IMG000634.jpeg,c2c3565c8301a3cdbcbbd2b46de9a20c15b56be00bac9d8d84ee2c92503c6a4f,region_maps/IMG000634.png,046e624848d6dcbc6c60ea8411841d4ca5e18a61bb97507a697cb7a69c68a04c,1,796,0.1243750000,80,80,uint16
IMG000637.jpeg,f3a9ec225ffca55df48537209be39ef7a894407043aaabdf181ad80bd6ed2f81,region_maps/IMG000637.png,f0f827bc6d68bc64289647d42b1fc28d9b750324298dead5fbdf889c9da7908b,8,3050,0.4765625000,80,80,uint16
IMG000638.jpeg,7500b427ac723239bd1bcc00d260f33ec47706899902429d0ac28695499af176,region_maps/IMG000638.png,8ddbba7bca976a629c45975d12d4c7500060bf784368898e2792307b0af23e5d,4,3334,0.5209375000,80,80,uint16
IMG000639.jpeg,509fe49822421dd3942bd301a668941b4f980d9ea6478676e4672dacc49a7338,region_maps/IMG000639.png,6ab930159f076de5110b41142327b94c40e181063d961c5740e6075e85bdbaac,3,2657,0.4151562500,80,80,uint16
IMG000640.jpeg,6229d6c513c79f148b6c8a38b9b89cc06473c570b5b463b60d30213aaf96bee7,region_maps/IMG000640.png,e34d634f3840c839a03aaac93bc320820d565cc9420052dbff6107d5d7155623,23,5519,0.8623437500,80,80,uint16
IMG000643.jpeg,0ebb56905f634ce38ce95167a047c6edfb63a7c75ae206a71076c34eab575b5f,region_maps/IMG000643.png,ea810a5d473b601178e187a9cc67725b5c08cf0c5a7f0ee55f817d636021b615,2,21,0.0032812500,80,80,uint16
IMG000644.jpeg,80863f1ec5ee5c77896cb5040ab26470c6c5de3a1727bda089ae4c3e476b963f,region_maps/IMG000644.png,91cfc67bdedcf86c5e0740c2c9d4aefb5abee8925f39cb6079a6b3c385b2052e,11,2764,0.4318750000,80,80,uint16
IMG000645.jpeg,29d39019cbe97767689d4f2b393b41e43ba310b81acc4e582a44f42d4b966a5c,region_maps/IMG000645.png,7247fc87e00d2932950a06c711f1ca67f9c01476777c5649c9768d0dd4d48ddb,17,3771,0.5892187500,80,80,uint16
IMG000646.jpeg,07e83c39a4a1c325987fe3a9840cb87bb0a18425b70838403eff74b32d56e6e6,region_maps/IMG000646.png,ad8c30d76b88a5eb561063c972086d0b37767dc1836d8282ed9741f461b2d7e5,10,2927,0.4573437500,80,80,uint16
IMG000647.jpeg,3f5f6bbec43cb39fdcc37b7128da8da4fffb0976600c989196ce177bd22717ee,region_maps/IMG000647.png,aa49583f56ba3e789029b167069790876e94695c9a263c164604d6f2707df5cd,6,3632,0.5675000000,80,80,uint16
IMG000648.jpeg,45c36df9b474cdd7e877462954148fe8dea4e7204bdf88f88349c648ae85d701,region_maps/IMG000648.png,50be138c6c4bee07a5433c08d8fe95a9c893cb57ec5583afa162969153de690a,3,112,0.0175000000,80,80,uint16
IMG000649.jpeg,241440243955ac848dce1a8d655d2bb3be1083ef769be68c8d45627dcd258c65,region_maps/IMG000649.png,23ccf0b936904f5de155bbaa8d10b24b2c6095affe7fe2e34e3863dba07756b4,2,80,0.0125000000,80,80,uint16
IMG000650.jpeg,fd4d390410a1e6af1932fdfdfa79ca36c11091024f3caf2fdd3aabaffaa89bf8,region_maps/IMG000650.png,13e88e8ffbf7252e7fbe67ff6eccb0548bd4423d6524805058632d7275052419,5,56,0.0087500000,80,80,uint16
IMG000651.jpeg,c24037d55a08115a507f782f2f81250cd811056bce1d8aa417b53b3db28aa348,region_maps/IMG000651.png,ad446cda69281f2842dd1590e1012b312128af4acf0123d72c09a12850d2e52a,7,3065,0.4789062500,80,80,uint16
IMG000652.jpeg,6fd7a5f292b11626a0090ed4527c8fede90aa293193c37d1ae09d0d0bb029145,region_maps/IMG000652.png,a4f2068dab4673387ee769fd9310696d5f73389bc8289d0560bcb7a34d16316f,7,2506,0.3915625000,80,80,uint16
IMG000653.jpeg,e16b935684f505f0184bfbf348aa4966e050df4d52f88f19f3fa1fd2b7ebe671,region_maps/IMG000653.png,6946a94914830d8afbfa7b1b79a06b575d7da10bb70834296ed9ad65918289b2,9,210,0.0328125000,80,80,uint16
IMG000654.jpeg,e97d7c06490edf17a29bd9594a08cad6bafda7dc569b12ef505d24d193acd9a6,region_maps/IMG000654.png,2cf3aab2c6a1b8a4c64e1f186a20bc0d831558cb6c2346a9853a8ffa1710cd68,2,160,0.0250000000,80,80,uint16
IMG000655.jpeg,fa354f73b68931d79ca08ede9ed31b46cd749a8f2c7c7d2098b180ffbc880a3b,region_maps/IMG000655.png,2ceb42350e5eda85329c4a5320aaea2eb53ae8551792ab7b1bf74a50b32fe5db,10,5509,0.8607812500,80,80,uint16
IMG000656.jpeg,6062631d2647ca636a5c06597ee993cfce6fef7953f5e9b32b517046685c7edc,region_maps/IMG000656.png,54c6ea538a19ee205b7157e927b8db8f0b30690b579bdaf897192e074d09e9bd,6,61,0.0095312500,80,80,uint16
IMG000657.jpeg,785acec0f7416da4c4af6fd807c3876d614ede9df031c59a7c29f94e5c083ff3,region_maps/IMG000657.png,fd57fb37b35d23b27c0c3b42e197d7fd9a1544d4bd64bd33e495bae0e8df78b8,8,17,0.0026562500,80,80,uint16
IMG000658.jpeg,8b9308b45ca2bd3f578d7d601386371867e458fbd133ca6be19e0a4c964dbdfe,region_maps/IMG000658.png,94393fbebf51fab0735c8e8ae2fceeea6f5658f56ff48058df7466a719bfa5b6,27,5623,0.8785937500,80,80,uint16
IMG000659.jpeg,a76ee6cc24a47adcaefa3ca9ae64ab02de9fd20cc708d9c4ed056222c80f1ef1,region_maps/IMG000659.png,df057e7dcc32d0ce10f36f55a15d32561cbb1d9064800d66aeb2cde0cb3ead4b,10,4390,0.6859375000,80,80,uint16
IMG000661.jpeg,64cb2ca15e0ad0592fb127a6b5771ece62411b60dec7376ee884b2d00b7e9fb3,region_maps/IMG000661.png,327c9ef0c6ec129c72634158b1b5d3ff1e7b80932153893da9395cde0780ac32,11,4793,0.7489062500,80,80,uint16
IMG000662.jpeg,6699790373df1911b01eafa151c47ba0ec0def4169eb599c79bca652d83c0192,region_maps/IMG000662.png,7591e24e36d49853161b8d85e068c262ebb39927b063b2f9cc5175e4565b7779,8,4191,0.6548437500,80,80,uint16
IMG000663.jpeg,2b15a0e2f45a42e02ed91fffd19e48e78d4595e315cbc6317c9be459b17fbe2d,region_maps/IMG000663.png,42c5491e3052ee6ea894581bb0414c6e7edc4a37ac259e053827e12e04eaa722,7,4108,0.6418750000,80,80,uint16
IMG000664.jpeg,d6294b485e533e12a121722c3b60f02d04c06a8fa319590a3fab67cd2be3dc9b,region_maps/IMG000664.png,2f33b09533dc174f287e8b9a03c253c1b4bee4a98e30271cdeb0886854fe4f94,9,4215,0.6585937500,80,80,uint16
IMG000665.jpeg,e821a33b112effe281ffe59c526078c6de9159698d682bdcdce739aea7c84ebb,region_maps/IMG000665.png,799314c8797ff961528e2e653736bb89a6c65107399afed283b03831e9964f1f,13,2518,0.3934375000,80,80,uint16
IMG000666.jpeg,30b0825f307366e91907ad1a70a900699be3e918f38145668044a60e04911b85,region_maps/IMG000666.png,93c347f5de18d1256ab59e65950e0516c239d6383564a3f9d0aa6e757feb308b,11,2644,0.4131250000,80,80,uint16
IMG000667.jpeg,fb28e41b8c7146794a19669445281c33bb57afe2a3bb4b8f2ce77e1808a44ca0,region_maps/IMG000667.png,1a31a446da112b07f71c19856d7a869f68b931af9189a1f6d898bbf5bf480562,6,2255,0.3523437500,80,80,uint16
IMG000668.jpeg,2b4c565a341ae9711643746120077fbb1c821e981f9a9f71123fb56bac20934d,region_maps/IMG000668.png,9c9ebd441080edaef7f010551454db47d84cb27225c0ea3a162d0664e9910121,8,2780,0.4343750000,80,80,uint16
IMG000669.jpeg,d7a09d4b1504398de9e7cf8ca7f9e84e16a2e99f110ea6e3a90cc65a6f43f90e,region_maps/IMG000669.png,1b2220189566bdd25740ad7e060af6316f6b6154638d5ba7a6ef36a93476add7,8,54,0.0084375000,80,80,uint16
IMG000670.jpeg,b859230b31680babde641fb6fe24ae8b69e0308cb93d4864f7c711c9c66b4e3c,region_maps/IMG000670.png,90d96fd477a0ed5ecb22f015ed01f725e26620a3bf217974be6918bd24cc372b,7,2139,0.3342187500,80,80,uint16
IMG000671.jpeg,d5e2c8c0aea2e635f4116d4616661316dfb84a1d1645c57f3b48c1fc28052739,region_maps/IMG000671.png,caf76a7840922b2f1beea081de535107b1cdf365eccc01b40f3a594f6386352c,8,5634,0.8803125000,80,80,uint16
IMG000674.jpeg,b3ccbbc90d839c8c75eb8dbeb209e2f48e50a06790e3f8bc34ba919fcc453e08,region_maps/IMG000674.png,f000464f28b3c2b9e36548dd7baf2099ad4823bfb7adfe871408895a0db7b0d5,5,917,0.1432812500,80,80,uint16
IMG000675.jpeg,8f61846832995d011439141bca1e58386897a34e6860112e0335194f1546734b,region_maps/IMG000675.png,2e4d8389696b662bb2e58d77c13e48693fc09393a7402186ce67ad67bdc46de0,5,3221,0.5032812500,80,80,uint16
IMG000676.jpeg,75f4fc4e8317d20eb9ee4034288301efc4ed8cef9fc3bb5b9c894557949b8c67,region_maps/IMG000676.png,fde1b22b91204e750cc378c60c58af2215193dac87002b571f8bdd4bf8edb356,6,2547,0.3979687500,80,80,uint16
IMG000677.jpeg,bff37be314f3222e4739db12b14922a22d378a3d0aa051d3d765e48c76cac223,region_maps/IMG000677.png,6cfbf3f4b51c13f15544f968c5d171497e356f487d184723bf9a67fb45e36c09,6,3246,0.5071875000,80,80,uint16
IMG000678.jpeg,6b752a9b442e54ca09e72cf1c3b6bb3ceb2beb3380c5530bc5784b5d00aaad06,region_maps/IMG000678.png,eeb5363db41fe06d9b931fabd463f8b5b6df09009c41b5b1ccc55b146a3ecbf3,10,3715,0.5804687500,80,80,uint16
IMG000679.jpeg,62c45cd06abc43dd5458b335edf0e61bca8110467af6e4329a8fb6c54670ae7a,region_maps/IMG000679.png,e788a23843c42982abe5c64f5ae72ea08f628a3612daf5a69da5b47fad341f76,6,3808,0.5950000000,80,80,uint16
IMG000684.jpeg,3c859d59097df3352e54f1a6be9c5616aa1ca7762b23b46a4d0e118035e24d15,region_maps/IMG000684.png,07d12d0631de1230458fc27165d7d1f5f4d77aff45e491fbaafceaa5779e9f89,9,2909,0.4545312500,80,80,uint16
IMG000685.jpeg,5333de9457f78797b10f39ee9f698df018b6f19e93a69053ff829cec76bff2ac,region_maps/IMG000685.png,e3b1cb0b567934ab1aa2ce670978ab2fca5595198ea86d67a1ee2b2a1317da15,8,1846,0.2884375000,80,80,uint16
IMG000686.jpeg,487d0fd96a77f8d7d45dca2631f39bc641b253a370e809076b5fbbe2efc30881,region_maps/IMG000686.png,8e1396e37d0cda66d498015769e86ee033836f3e196297b7c14d2a7d9a2c6a47,9,2843,0.4442187500,80,80,uint16
IMG000687.jpeg,53fdd492e034d59549de9a8e34e639b48be0ea36a0e1b9b984f814f7907dd3b3,region_maps/IMG000687.png,96a04e3136110b4c0264c8e64ee3475899b0a84e02df62e2712a3507d1ca489a,8,3839,0.5998437500,80,80,uint16
IMG000688.jpeg,dc13ecb3067c61c475ab0c3250cf2166558247fb6f3a3592e5346c427e69ebbf,region_maps/IMG000688.png,14607e05e4d9552e715ec1a54950ae6b6c13b51882fda18d34e4f43a27cb2dfc,7,1898,0.2965625000,80,80,uint16
IMG000689.jpeg,4e00a3a9e256bc02e157b50dd9255afb7862f9b79a38a25c1638da1f01e16b7c,region_maps/IMG000689.png,9c1563d7dd94879fc01fb2cb3d0d70bf98f8fbdaba35b5c5f434fa3c2066c72b,13,4145,0.6476562500,80,80,uint16
IMG000690.jpeg,aae7ab825feccd4fbaf924fda2ed440653a6e3f3bcb7acf3f2b1617ee01a2662,region_maps/IMG000690.png,d524ae39fcb08b956ae42e6ebd479ddbc3825a3377cec135a968c9818d35d635,17,4664,0.7287500000,80,80,uint16
IMG000691.jpeg,fb1cee8e670b1eb90608ada8ca1acb4fbea31717951cfca69e78aac3be2fc4b6,region_maps/IMG000691.png,95e06f08537eca0d796497cec0f6cb7111db999d72c52573e5b14386be3d19f3,9,4095,0.6398437500,80,80,uint16
IMG000694.jpeg,c55e37ef123a4e5aa727d2ecc496807448638c44efc090d5ebbbf1a71fddd5a7,region_maps/IMG000694.png,0f79f253943a557cbf03675de053e3c215936def74948acaebd71eaacdbd0a25,5,2927,0.4573437500,80,80,uint16
IMG000695.jpeg,217ad94d321c202d5fbf8c8227016832b8b95c6a063e79e23995041069b5b376,region_maps/IMG000695.png,67741fc18cf747998220683ab2848a723459f8bd5b215d6ada25c02821bd5adb,5,186,0.0290625000,80,80,uint16
IMG000696.jpeg,68254d6baa7ada4b6ef5281a1fe77971e47fae9649fdc69074180932f530f745,region_maps/IMG000696.png,f1a08d881356d8fb82c4d1c758c70e1ca3da20f838ef4461d7094fd76d2e0ae4,5,4528,0.7075000000,80,80,uint16
IMG000697.jpeg,926656461f105b15d91db25c531fd99533736e0e5cb55dabe55ef83ef99a81ef,region_maps/IMG000697.png,e1fe53365c9b18967a1d9a558f9e96cecd0219e5e103d3d6885bac1730353670,9,2703,0.4223437500,80,80,uint16
IMG000700.jpeg,d2e51abdfbbfab37d035fb2be94d4c4ce93bfc4cb8657a8952aad008fbc76252,region_maps/IMG000700.png,ab332e1a4b81963c695c021bfb0800bf4a74eba24144ed08791aca9c38d315b3,8,2825,0.4414062500,80,80,uint16
IMG000701.jpeg,9822a60990ded78b7ce16bc7c54e046ba538d14233fa7e651472b05bc1728f18,region_maps/IMG000701.png,ac8888ef2072d31109b67ec3deea3bcd871006502b8f6086a1a0387495a40186,9,1672,0.2612500000,80,80,uint16
IMG000702.jpeg,883bec7dee384aa099d645ff12087d515d651acfbd4662e75f124102f32e0cf6,region_maps/IMG000702.png,49986bd641791117d35b09307194a8e191b3ff94215fdc2718dec764fb0784f6,4,6109,0.9545312500,80,80,uint16
IMG000704.jpeg,c99927551d4e0588061b5a8da192cbb7289e3e51ccf001b4177792b8874c3da5,region_maps/IMG000704.png,33a5aa40846951dc5b854cea498a03c0226aa78c19ac4379daf7392950d5afd2,8,1139,0.1779687500,80,80,uint16
IMG000705.jpeg,c869acd6b821b6f069d49d4abdc254f309b7468533acac4007f24fe8a21274f5,region_maps/IMG000705.png,effe541ce37a7c74105d29092d550266c1c83bcaf938ea68087af73090446dc0,5,3662,0.5721875000,80,80,uint16
IMG000707.jpeg,2a821efbeb008dad957bef906147eb31c8cdbad2c5aa09eba722de14e1820d22,region_maps/IMG000707.png,ecec4c6331b63d651258b3d9e2ba651996ce73816da3264460dd08a81abd750b,5,3462,0.5409375000,80,80,uint16
IMG000708.jpeg,6f96d2a3553e696f2335d6a3de218e7a06c0d571b844a3d596588ad1c9be58d2,region_maps/IMG000708.png,b8a01db7a25fadfc39d1d7624a705acc6a790647b1ac2ebffa0fed0fe4b8de42,3,40,0.0062500000,80,80,uint16
IMG000709.jpeg,4de0b77af9cdf69293618899cf85c389e9e81353bad1b5b4039b7046106b00b9,region_maps/IMG000709.png,5b663222f8f4e4737bdf0a782a019a81cd3fcd316e992fc869c1799d68d399cd,6,470,0.0734375000,80,80,uint16
IMG000710.jpeg,e2a5b9a114e396f473f10bc2fedd78fde62fdddcc9fb61fdbfd08d5e47c880a1,region_maps/IMG000710.png,bcafc5708c50b5a8b88c03cce3d0dfe0ce68b53ab5624410d6f42b7884cbc87f,8,6262,0.9784375000,80,80,uint16
IMG000711.jpeg,20adc99900e03768fecb977910d01c7030e6bf7b15d86864748dd45fe9d7690d,region_maps/IMG000711.png,717c4169f39074230099c5453370a4bb0d9150362627ef3ba1fda06af49a244f,8,2933,0.4582812500,80,80,uint16
IMG000712.jpeg,284767f872d50c2e1c93f6ff4297cac5d0b6f854f75998491f6aeecdf3bb5a69,region_maps/IMG000712.png,67e940062966d2e504b5006bf8f53ad1f7f633400459d56458fd225581af5058,1,1073,0.1676562500,80,80,uint16
IMG000713.jpeg,e718941387aec36f33ef82eb5417a90e0326d250bea00420cd097a9701754672,region_maps/IMG000713.png,c9e33025080ae20f6bf1878b05f157f64e26f77625c65d310b41c710b6d4f8d5,1,1215,0.1898437500,80,80,uint16
IMG000714.jpeg,412405b90c19051665a5fbd346e887c8ed09d94121096ddc45825043b1a7700a,region_maps/IMG000714.png,5a5e5bd91b41f446684971376befc3ddb16503e2527895a8085466b410fa524b,7,19,0.0029687500,80,80,uint16
IMG000715.jpeg,0ac1e8fcea2d77812eb6d3525ad90911d02048936152c1dc0431bc41ea578cc8,region_maps/IMG000715.png,e795dae000cdd9e33da7fd9c1556da298e03e8004482eb17f2250a6c2a0e4d35,5,1235,0.1929687500,80,80,uint16
IMG000716.jpeg,3ffbe523402385d2c7ded110c701ecb1c298c502a18ff3b6516007cd34f7abc0,region_maps/IMG000716.png,59f76cb1f56ea01f5a25bd61f74de21f0d248febae75a5b5b92585d99f54b357,7,139,0.0217187500,80,80,uint16
IMG000717.jpeg,d2b4b6af1b1fd0dd58973062c31ce999cb8cfc4860ca4f48ad022e71a7281b0d,region_maps/IMG000717.png,69520211bb1ba7bdfa3bee5e168ef556a1037d411cd86d5f1f992655fe91b842,6,2939,0.4592187500,80,80,uint16
IMG000718.jpeg,d47e3131607129dee6f4d70654544e628269656dffd69cdb6b358a709fdbb56e,region_maps/IMG000718.png,918e70395be5e587e0723f9b95d2f31eae23fae57dd4daec05deb1f4d5b424cc,5,55,0.0085937500,80,80,uint16
IMG000719.jpeg,b917a89aa3cc85726203adcca235c3e819bc812adbfc130eb1576ebfe695d47b,region_maps/IMG000719.png,2c104672a37dc9f8b26260fb0271aef37dd047a11452bf11ebc473297e4eea2d,4,58,0.0090625000,80,80,uint16
IMG000720.jpeg,3e27c4c422d6f64fadc0a2ca720189d316882c308996d9f8bca86b042fa42963,region_maps/IMG000720.png,fedb08f23d4cba70e3d3a7e049e23b39e814656d8973d6b0a3c1201dbb0cff65,6,5539,0.8654687500,80,80,uint16
IMG000721.jpeg,baa09dc154f458b9a6f90fc7b9bf462447373a78638b437ba00b908f85f4d8c1,region_maps/IMG000721.png,2b2f7c332f4757c0fcccdd9c1279de5bcc0894a4c9969426f99efe44edfa60fa,6,5393,0.8426562500,80,80,uint16
IMG000722.jpeg,b2e7c653f1562b9169ec3fcdac0ab4981c34902a6074a2c03d46e01d8ce78942,region_maps/IMG000722.png,ef4d62dc535cae2cc09fbd68c34ea865e7b084d08f891f36f8104691d0c90c5c,5,1757,0.2745312500,80,80,uint16
IMG000723.jpeg,eea86c33b7ca64d7d7ea11f496b34991dd563f41da17541e53875ad5470ec731,region_maps/IMG000723.png,d0c5ea0a93dfcac27089c0ecca9937897473906208c764f208c86483a01d9166,6,3114,0.4865625000,80,80,uint16
IMG000724.jpeg,317e1aa6fce5943985019d01dcf89d6ba2db8941beb7e04bddbdd1388b2686a1,region_maps/IMG000724.png,a98544939e7907a41568138f9ec624040b81d6332bd3188e17edb0149d8693f0,5,43,0.0067187500,80,80,uint16
IMG000725.jpeg,597faec4ab73557475ccd1d7cd89c1955786012dffcd51ece2d59b3c544dfe5a,region_maps/IMG000725.png,a07d82bdea4a8d76d4e5bfd3de3ccbd037066f31f0e1f6a3500156f430b32ae5,7,2992,0.4675000000,80,80,uint16
IMG000726.jpeg,9e0cbf41352a5cfcc4ab668ad192c159162913d6f71fbd02fca8c2ce588bb457,region_maps/IMG000726.png,2067a0b36be4f133c795dc3e2cb487f00d7d111b06e5e7654afab7abb7c8f7a5,6,4537,0.7089062500,80,80,uint16
IMG000729.jpeg,4518c0b845233563a084d2ca0d1212eeda7e46e2c4007f54f0d09d7a8b2bf9ad,region_maps/IMG000729.png,ee7e02cd8a7fd057eb61cb76482eb183febb501367a016818e74ee17b816e286,31,1684,0.2631250000,80,80,uint16
IMG000730.jpeg,6b34629011381ab751266643aceb7f31509f3414be31286cebb098d870dc16d5,region_maps/IMG000730.png,17ed3035829031be6e727e339a87eb67415908ec5b773493568e48df7139c17f,9,2410,0.3765625000,80,80,uint16
IMG000731.jpeg,58a324d8010ba514e73d1594f781ce4247510aedd5092624a3ba4779e2fbfab4,region_maps/IMG000731.png,55e42ed8b0a868e5ab890e1f4a6847b32d0585723d29fe69453dca00111362e1,7,2325,0.3632812500,80,80,uint16
IMG000732.jpeg,0078d87ac0de6e9f31211d5a9629520ac6de95d54694a9923aba2bc6fb5077ab,region_maps/IMG000732.png,5e50c5742dd73d068c13231b0c444655ef4dce713150ddcde265cedefe198a5f,10,1802,0.2815625000,80,80,uint16
IMG000733.jpeg,a6c9848a3fd0cc2d4abcee0bb66db5cff3d898fbd9c1a14faabcec2e35a3ff0b,region_maps/IMG000733.png,2be02de90ba9b51831cc5c6446966139a8565d6aab2e388d96cf031d9e7ec4b9,8,3117,0.4870312500,80,80,uint16
IMG000734.jpeg,3d5cce33a1c243c7302183d9b93e307800979f2b6e66b788d59c20a9759fad59,region_maps/IMG000734.png,8395d4e73d22672015014a4f291f3b74d807adc41fa0f3bb70b5eebb26b7e024,7,2495,0.3898437500,80,80,uint16
IMG000735.jpeg,f45f8ffd93aaa409e911091b6879b721ed7f4c03c09981bcc2be4f1b3850000d,region_maps/IMG000735.png,6dc4a0b72b6aa75eccfc82670adddeff17473ab24cce592d6f4e3a2acc9d790c,8,1203,0.1879687500,80,80,uint16
IMG000736.jpeg,45705d37bca562c570770744f5f28479360621a4f895697780e5b73561fcdc92,region_maps/IMG000736.png,789aafd6fe3ac49ea438db97c7a49ab2769f4bcad5eb7f94f54fee4477632415,5,2150,0.3359375000,80,80,uint16
IMG000737.jpeg,092678faa5beaeab2892b239e00f491068545976611885b7018fe98abee12710,region_maps/IMG000737.png,30fba82d8b4c88d695abcb617c48686d8b5464386bce2bb0d370a90125679910,7,33,0.0051562500,80,80,uint16
IMG000738.jpeg,c3ba2baae826b31ee0ea7ebf2908c0d567d130d7e0a7680a112bc4ac72ada808,region_maps/IMG000738.png,822bb19a0740b0a250b2d9697168016a326984693b716d3e8e01e9efd0ce8dbd,9,2437,0.3807812500,80,80,uint16
IMG000739.jpeg,5d52aa59da7c007ae14a0bc4dfb228bbe2dddd5b627c4c9d40dbd1c5a789698e,region_maps/IMG000739.png,8ccfc2ecdb9a15ec2e4b279310b81d4971a112dd949a1731a9a7603dcf0d37cf,1,950,0.1484375000,80,80,uint16
IMG000740.jpeg,130b5c3845e1d4fc67831ef4f698e352ccca5a1ec2c8e5c01325cc1f2d63921f,region_maps/IMG000740.png,05332e9dfffcf84b79282f4430eeb4f2de456ca801740ded775789b588f7cbbe,1,874,0.1365625000,80,80,uint16
IMG000741.jpeg,f12c78bc6e0b4cd155fe2452d10eb436d6c67ffe33ee3201020a4b6c706f52cd,region_maps/IMG000741.png,52bc02e4c5e7a5874ddf059ddffcc0702d2270150355d43727a5d2a30e9bcf5b,7,114,0.0178125000,80,80,uint16
IMG000742.jpeg,5161564d3673a087676a66ac93d4af38746737b91344014a0f0d44a5ae2a4567,region_maps/IMG000742.png,9e576fee58eb8ff2f12ae495bd0a2ba3dd334fe2f4007081816199280521ede2,8,1678,0.2621875000,80,80,uint16
IMG000743.jpeg,ab7d4ba2359560613f9c01ca1b03e724faec69fac043547c6a8dd1b71319ebd6,region_maps/IMG000743.png,9732b260bf367edb3540396aae184d67b9bcaf4ad99f91293b23fd674aba3698,8,3367,0.5260937500,80,80,uint16
IMG000744.jpeg,37a86f489036522e50b711271bf2401e24b4869ff6a32c74407915ed6cde3a03,region_maps/IMG000744.png,f8ce37b9c4a0e07216e1fdc8abc448d10ee1defa517715e83bff6fd9006f4caf,8,4502,0.7034375000,80,80,uint16
IMG000745.jpeg,a5ea875fe3f30dc65710b0fc487ee74d4473b868042fb4f7e499d9efb812f885,region_maps/IMG000745.png,d9fe0001e17ea703f11a476203dd7963518f51f5459f55460e46e0fa2db934b7,10,2610,0.4078125000,80,80,uint16
IMG000746.jpeg,817c9d2fa0d68884a576448f09c421f3c5dd860957f0d4c0a846b4f9c438470e,region_maps/IMG000746.png,bb4821c063c18a21ea07a1fea92396be15db49cfd2ee9e35fa3f423453c80815,6,4028,0.6293750000,80,80,uint16
IMG000754.jpeg,265f796952be706ec0e8abeb68f0d1d9a821866e665ef0d32414f1ebb05358f1,region_maps/IMG000754.png,1aa7397e55e871459636460a9e064f648a5458fa9559cff5688e2316c44dccc7,1,984,0.1537500000,80,80,uint16
IMG000755.jpeg,5fa4efe5c7b0e224921b655eed464dd2a5e251bfe4735cb47b92e15c2f096c74,region_maps/IMG000755.png,e64f522f5137a78193c3e8e7f3e1cc677aa7b94c01c6a166c15709fbd53692a9,1,939,0.1467187500,80,80,uint16
IMG000756.jpeg,bc32ab1ea022138e89cd5f2381de5c480e6aeea59fb6517186dacb580ea0d70c,region_maps/IMG000756.png,8bfc1e8b5839702a683f96b00b4ef17754050ff19c96baa7ab376dd1f3c535d8,8,2222,0.3471875000,80,80,uint16
IMG000757.jpeg,d4948ec6b681926888fa008ceb52534e88f28d84948840fc797cb675d9278f8a,region_maps/IMG000757.png,c95e4c3ec60234aac92f9c536062cd7dbfac6ba26d4dbca3593acc516143786f,8,2499,0.3904687500,80,80,uint16
IMG000758.jpeg,98a8312399ce93164c017e388ba4f5cb8eef23c14890fbf2cb39a9b7d07141ae,region_maps/IMG000758.png,cfc17e7549e92eb3f83580b95811f5b71f79de3f93ea8c05b650696977ca990b,5,55,0.0085937500,80,80,uint16
IMG000759.jpeg,bfac9fed3c5d236cad528feba50f5a5367cbdf158500a67ff8593a5b77a8b069,region_maps/IMG000759.png,4aee9d224e7c1b8e0208903670d92360545b77cf2aae8c6facf7309c0f953f25,5,1262,0.1971875000,80,80,uint16
IMG000760.jpeg,3b3eeefa014a27b892439ce0085e1a0dcb21c57a3f47856ed8d7127b3b19c97f,region_maps/IMG000760.png,8cdbaadce84a3e7b380212ab03f4f60af9ffb8c9578b9808c4ca3e39a705634f,13,1512,0.2362500000,80,80,uint16
IMG000764.jpeg,a88260da389dd7873100736d3f8afcdcddc513709b7ba958b7e46ed12c3765ac,region_maps/IMG000764.png,8fff89eb0a6d4042d4354f3ce0af86592f56ba6842863d6ac60963681433d9fc,9,2943,0.4598437500,80,80,uint16
IMG000766.jpeg,35f57149cc186049d6d67011bfdc562827475dd01f9e0ec8a3e072b0f0bf6096,region_maps/IMG000766.png,3e6464c368a39b17494c9ebee36c1fd0f442467b592f4952ed1cbc83213618ea,6,2381,0.3720312500,80,80,uint16
IMG000767.jpeg,d521b0cb7c07e8f3cd5b3861652fc912d353bdb0f5e0e01b8962bed048a4b329,region_maps/IMG000767.png,f262b3d1b137fc7084afa3d90f83ba41d47bf7aeea0ea384ba97a6e58827562d,5,2956,0.4618750000,80,80,uint16
IMG000768.jpeg,261d9cdd900c925ef22078887df905e8c5d32793b78b1138da6d772d1dac3a89,region_maps/IMG000768.png,3605e624200e93a8beef3ba7e55c2cd2fef6158e9325f25eae4e881d957fe05c,3,4003,0.6254687500,80,80,uint16
IMG000769.jpeg,44ef9e5d2c6b541ba3acc745850caa3cc827c628aa42b43991c6a87dc34d6b8d,region_maps/IMG000769.png,81939723f3180133f8e33804d343fb2b8036a6ba7dbcf3c8d579a789dd15edb1,5,3065,0.4789062500,80,80,uint16
IMG000770.jpeg,9929870c78a4184eaca9b165f2d7688f4dd05172f8976f3831d0f54b903d4c5b,region_maps/IMG000770.png,afed5f92b42f96b68416fbced09ab48971dd67c55a3180fad63d670279ec8890,6,3216,0.5025000000,80,80,uint16
IMG000771.jpeg,666083672d51c61d43e09f058d3af337ae1e153c6f9eebd63705a3138a7eb92e,region_maps/IMG000771.png,d585a302c6765e77c24b11e0dc804b1e5ec97636264d2696fa85c8090f84242a,12,130,0.0203125000,80,80,uint16
IMG000772.jpeg,7115d8f12f60f4b9b67237d33690be1e60e8019fbcb8fcf7c374fdd7a4e882fd,region_maps/IMG000772.png,ded7d29856d4bbd2b3cf1c38b61a8203788e284878a5573984e0e0d2cb311e04,6,2268,0.3543750000,80,80,uint16
IMG000773.jpeg,3c591799eea40947f812077eab4d72680a901cdc87a7ee359b2b8ad4c2d5570a,region_maps/IMG000773.png,98e1fa2c3693096677c78a7d36a6078c8c9c2142a02e863802041f153439dad5,3,5154,0.8053125000,80,80,uint16
IMG000774.jpeg,d54d032431cf11cc6b20daf8f0a688fbec10a40ec05c6e72c6847f68b37d426e,region_maps/IMG000774.png,9a4d35ed0c00875e6f708de0c3bde5c63c49fc3ec1afed10e7f1907c177df186,7,3859,0.6029687500,80,80,uint16
IMG000775.jpeg,470a6c76acfe8c4208717a13ba6ffe2ee82df55ec7563d8a94e4559bde5509ca,region_maps/IMG000775.png,24e52c010b6ab622c82220f68edaeac1658d979e62bbb94a1dee14a6de95f73e,7,3135,0.4898437500,80,80,uint16
IMG000776.jpeg,25d5a0b251fa70d119e9ae289354e5c46b611c95f1f88e66411b5c803f17c5c5,region_maps/IMG000776.png,f53fe7c27ec7a786fe7d91695e49de5ae95ca51390ba6cd3e591497c907e2bba,3,6139,0.9592187500,80,80,uint16
IMG000777.jpeg,747c1566f45446a941461ce31d0748925df741e4cb2f50ac912226c21feddf05,region_maps/IMG000777.png,f143d8dd4a044369baebe5d0048adb2e455bb2166e695147c0e6921d12921e76,6,79,0.0123437500,80,80,uint16
IMG000778.jpeg,3a10f5045f022936ee6ada127e759b3e0c5509144e5d589734a1a28fb428a682,region_maps/IMG000778.png,66bef008ac9f39b8da1cbf6a03594297eebfc5f0a1732026cbd0e4df350762f9,8,2486,0.3884375000,80,80,uint16
IMG000779.jpeg,c7377e9ac655eba323fd147e2589a4f3c1c5ce93ea10cda6d29085b7783040e3,region_maps/IMG000779.png,97219b0b28d86e398801796b9e9335de95e3503701f8105cd2675a4044b7bad4,6,6071,0.9485937500,80,80,uint16
IMG000780.jpeg,986b602fbd2cef72e3a649bbff67c8da03b3d4222563e97f743dad941a1a09d0,region_maps/IMG000780.png,116e5e0c65e0b6e07701ee48cbf497eaf0864ce0c4297982c8f2eee087d3c4ca,7,1779,0.2779687500,80,80,uint16
IMG000781.jpeg,e47b6e91987acbf9ab4c01520fe771c5b33375398f7ca7ac219af531bc3f006e,region_maps/IMG000781.png,ccbbc1629c499882486b1fb99c67be6a9d96b8237118e83dabcf5ccdabc99d0c,8,2162,0.3378125000,80,80,uint16
IMG000782.jpeg,69f8b6c91818953edfa729ba19287dbd6761dd3ffab0c097fb97069cc88331f2,region_maps/IMG000782.png,68080e12445da4de6f5d8c82d4f3596fc8436a253fc35f9aa3ea21b333759f42,6,2537,0.3964062500,80,80,uint16
IMG000783.jpeg,184644f438827feee9fe33aaec8b75bc79c485cd11465bbc33786a5e1fe3f9d1,region_maps/IMG000783.png,a33f8f50f84430a1dccf23500ebb6cd088a51aeb26bba2f5114b4ae802442976,9,3316,0.5181250000,80,80,uint16
IMG000784.jpeg,9f2a013ba6328102644a748c137e5e8aa8116742868fbc7c0e888de88de30d1f,region_maps/IMG000784.png,f922b9bf5d98c93d49331ebe5566fc9ef990774e015d35c341906c23e5eb18e2,8,102,0.0159375000,80,80,uint16
IMG000785.jpeg,128b6e6948c2adb0d142dc93eaf693c9e0a194bf0caa90a6ecd21b0203712f04,region_maps/IMG000785.png,279cf02de3717d59ccb1452c51e02c7d7464b4bc7b665281959cbf562fe77830,3,76,0.0118750000,80,80,uint16
IMG000786.jpeg,9214c088e466a9a779ebac40bad54b238589a48689e2cacaa3e56b47dfe63570,region_maps/IMG000786.png,6017df5ce12d4795d7550a688e28cd7d4f21221cdfaa8866da3867e545185d9a,6,3800,0.5937500000,80,80,uint16
IMG000788.jpeg,68c44a66b629487111a604cd0b034fe69aab5c1983fca7a0399fd2bc6364e687,region_maps/IMG000788.png,768997fea4582d5fb4f22ad2710e0312a82119cdb3bdf730e4229881e238672b,6,961,0.1501562500,80,80,uint16
IMG000789.jpeg,98e43c6f68dd9318adaf1156335a3d97fd10937728a4e829dc98780e44248b8e,region_maps/IMG000789.png,23f37537ba92ea69ea4313b7095fad30a53518e78930b44cf78f98226c42ad89,8,2621,0.4095312500,80,80,uint16
IMG000791.jpeg,ff74b8b486ca5190aff1f78e77dea62a98d1db0717a219c58757d51d80b06985,region_maps/IMG000791.png,4a7fca826f07a985aebe287b0893b768e8d079f8bbe7270b078f83ced6898859,13,4368,0.6825000000,80,80,uint16
IMG000792.jpeg,3a4749acee94dc4195c81c71738f76ee2aede1dacab6179ba480fcbec86d8917,region_maps/IMG000792.png,bf806b00ade54be28fe0118b811a699a31818a3c9ec78bec79fbb17bed442891,10,5008,0.7825000000,80,80,uint16
IMG000796.jpeg,27f6f0676a26af7907b14e1db56ed5011a47c10d2dc16abcb15d3aa4714a42de,region_maps/IMG000796.png,140c8732321a65f03832bfa5263edafa49011a877e3cb6ffc8821b817f091d74,5,326,0.0509375000,80,80,uint16
IMG000797.jpeg,b416e2c483b2c5eaa8f9dc33e53cb1a0815a7617cce55e83681a544b19f5dcbc,region_maps/IMG000797.png,76ad3b5cca8a56b452c71b6b0d5b52e9715c4d3e8fd2f0dbb0763bc133a29c09,3,253,0.0395312500,80,80,uint16
IMG000798.jpeg,bab78adee3dd930083d97e66d56fb7d9d957337e60c4f22840b86017e71a7ab8,region_maps/IMG000798.png,5cd12b96f02d6625b64bb38b92cd2192e26dad798ca909e8d3814b8bce3e1e35,7,3148,0.4918750000,80,80,uint16
IMG000799.jpeg,f2dc742fbb4135681309180dc346e1ec2721f758150623305ab4f082fd6d9efb,region_maps/IMG000799.png,a5a04711eb8e522886d15bb51aaea81cb6a53c8228765f85ac79013d1dce2ef7,5,94,0.0146875000,80,80,uint16
IMG000800.jpeg,73e506f871666410d80506ca108ffcea4846a48017621409993151647d7e5600,region_maps/IMG000800.png,8750151384a7529087156fbef5254b461446e7d0ee5cadaf152476d14b2ad563,8,4160,0.6500000000,80,80,uint16
IMG000801.jpeg,b48b3730c12f91959480712182eb6e96e0445cdd0808986aadadcea40692da87,region_maps/IMG000801.png,80e0bc97cc5260b94d60be23bf62a40dc49471e5ce197da93ee10ae268705e85,9,5018,0.7840625000,80,80,uint16
IMG000802.jpeg,d639f6fe59bbf460cdc61eff9c05d385c74ba117c46d97ee9dc31816a3405133,region_maps/IMG000802.png,5f6990cc0f46a9355f0ff0e75d2b6b5259dcd22392e4573e2b83541408f62898,7,3098,0.4840625000,80,80,uint16
IMG000803.jpeg,0674917714a00db19501aa7cf0bf2e5ee6ec9d919cdb7f9ec0f2aff97b9e2ade,region_maps/IMG000803.png,a0855df4439f8f1ef9aae06c28b95d86a1d638571e78d0d6ec7e9e730c4f8f06,3,2091,0.3267187500,80,80,uint16
IMG000804.jpeg,df4e620a52012ad466e673fc3eea834243ee1124c68bec207070e512f0f01087,region_maps/IMG000804.png,19e1c4eda7b1096f24ee3170ed758a475a7c57e77c98bfa5fcee1bf30b13535e,6,70,0.0109375000,80,80,uint16
IMG000805.jpeg,637f78930e872091898cba135295a4d1d41b1a393d7da45e34d93bc56f823c40,region_maps/IMG000805.png,4587099664e5ac456abbe7e95bee3b1334bdcceca1eebcdd4056a8b09b3446d5,5,59,0.0092187500,80,80,uint16
IMG000806.jpeg,16c91ae3ffc1f068fa8758b2bb379573a1024f0c87379f886a30d5e7fc26bf99,region_maps/IMG000806.png,12c5b2797059daaf0ce22b067f63cb0a6659ed679edcfca5a74573262dbae5be,7,1842,0.2878125000,80,80,uint16
IMG000809.jpeg,bb6ec274b4a90a3b85b9cce4073aa0735b0f308b0b4377989d32cdc8f7a23dfb,region_maps/IMG000809.png,db168ae83596227652946ab250e54f8aaa4a20afa21495e2e13f36d55abf923c,7,97,0.0151562500,80,80,uint16
IMG000810.jpeg,0d2837e5e4fcba3b8935b9b3b1cacf8c001bd8a91510a1e559d6586520d28eca,region_maps/IMG000810.png,8b924ab6a96040e1a64d5c2a3412f9d525c827dae59b1cb389c0c07807748722,10,464,0.0725000000,80,80,uint16
IMG000811.jpeg,5fb71ee377b4921f825490110d8b1c7a784a33b63ff46c231eb5f9a3d905d040,region_maps/IMG000811.png,0dd737cd78b23c85b872bab123dd5bdb7a2e1882a805c0d44bfb456c1cae5fca,8,2352,0.3675000000,80,80,uint16
IMG000812.jpeg,e0aaa871af349d268fce5008902e737537414ae8c5ef8fe9fac463b0ce3e9baa,region_maps/IMG000812.png,51d23d69473045713b9e9ceb19c6312ff5911e5c99c85f0070d326d169774315,4,119,0.0185937500,80,80,uint16
IMG000813.jpeg,9a883fa6b2420e4e4402123d48349c7a33079b2b5591916866541ac0d43ccc41,region_maps/IMG000813.png,57c84d7ee757b736e1ea0ba58e11a5690c95f6cffaae43e0008fd0985b810cb9,7,3260,0.5093750000,80,80,uint16
IMG000814.jpeg,54d36f4346c88f0019601e462db86b934f17ce5166df4c1d3e2f3586d6b1ce36,region_maps/IMG000814.png,564344cee2f85163f07604ca64fc48eb5f18b00d56d33317f7a9cdeb396772dc,7,1199,0.1873437500,80,80,uint16
IMG000815.jpeg,496da3eaa48586ac28aa3279a7699763bb11aa65d1f6cf9ad6efc8429a949359,region_maps/IMG000815.png,1c9e0aedab411a1717e79e350f3ff95a7548cc8a20b1fb81ff36d5b0433bcfa9,5,1410,0.2203125000,80,80,uint16
IMG000816.jpeg,6faeda2bb8a395addbe09e043ba2a3ae98e7ebe792b67b905072eea0121615d7,region_maps/IMG000816.png,0c0213e80c2bc0e0869fd41d7643748bf6b1e2960aebd9fa8d61ca0b9d448754,6,103,0.0160937500,80,80,uint16
IMG000817.jpeg,f73268fd3c624dd146536807cd6abcc479bf46d1e7eedab48b0f9c7dc9129744,region_maps/IMG000817.png,f175a90eda64ed3c9503da435297756493dc3534670eee16715760feb1a39088,2,2074,0.3240625000,80,80,uint16
IMG000818.jpeg,603d704453eab791c375ff7ec1602a2c148b30a7fa8c1b14188b0ca87627a536,region_maps/IMG000818.png,71d9bba8aa85ac6bb04c95cf5f33c09ac7bc6f6c8f5e2ef81eb04fde0c848cf0,7,82,0.0128125000,80,80,uint16
IMG000819.jpeg,baf034ecc07e971e67b77cad251a683229b02ad891cedbb19addcae22fd48547,region_maps/IMG000819.png,36422cd33068892a8fa39f15ac30880fd52757635e0c9284900d9dc2b8b268b2,7,115,0.0179687500,80,80,uint16
IMG000820.jpeg,192a25748c30e220da97bb6d8c078a721646b89f5424ffb82e97b87c03c0ca83,region_maps/IMG000820.png,1bc88b8c7e9ff3fe30b3d1f4b8d9e38ed71de1f2b52c256b7f17d1dc2ae09033,7,3885,0.6070312500,80,80,uint16
IMG000821.jpeg,73a073bf2bd37f1b3ed9acd82eaa4ac43745fea18d149ce62cdb206150c91836,region_maps/IMG000821.png,4af3685f5ed0a1ef19e45db3fea18ccd6df1c4475e2ccb11f084a03bbf208996,9,105,0.0164062500,80,80,uint16
IMG000822.jpeg,255322e3625b412b610c5900635b2a85492c441e06f94db823b9c9854303ef05,region_maps/IMG000822.png,b0ff971db6cd652747c97f4fa3899737547556754fed1caf1ebc7c6036b37631,8,2562,0.4003125000,80,80,uint16
IMG000823.jpeg,598b304c9c8aac5d26ac043a95a8241f223b6837f954b6ddeac460335d9e497f,region_maps/IMG000823.png,c65b2d83018f9bb91ea55dda415c4ea93d7045aee124934161651c2f15222a6d,4,43,0.0067187500,80,80,uint16
IMG000824.jpeg,aad0b5b39f8332f52301a7750d0c3d455fc2798899c94bed47fb1b1227c7b815,region_maps/IMG000824.png,18369422372d78f731fc4dc47a658bfeff6fdc133c16bdeb2bad6a488e4e7c2f,4,2302,0.3596875000,80,80,uint16
IMG000825.jpeg,b85eef5a82ac61c253d62386e25641ae857bb2332ce0c654332ea94995178a77,region_maps/IMG000825.png,581974cabaf7b5fef50470cef5f7bc37ec74130fbcf5055d74ceddaaa7bf4c71,9,132,0.0206250000,80,80,uint16
IMG000826.jpeg,fec5990c386c8bba6a7393fbf0601c614e3ce8a2657aba192134a199c4d0ab35,region_maps/IMG000826.png,9146a3ce547b528953ce1e4fae009579d04232081b7bd0f488baf44f73d337b4,9,2151,0.3360937500,80,80,uint16
IMG000827.jpeg,2c3cddea84dbf135201fa2bbe3b4da48fbeb53fd66e235b640f60d466da7bdf3,region_maps/IMG000827.png,3d2ab8dd3f7c260af710dd2ba9774ca364f8bb2113260814245045d33c0f271e,13,3289,0.5139062500,80,80,uint16
IMG000828.jpeg,67ca68f994a767bc07a9ff0b7c0f5a4847c6c5b86c0d66afe7e64311586a8521,region_maps/IMG000828.png,76f791bb4c4d6d46b2181174cad19e0f95f8847d6983972cc44f91e43895826b,20,4044,0.6318750000,80,80,uint16
IMG000829.jpeg,96e8ab72af6dfd600446b79a7d8762358506554b97adf3a1d33e619f526fbe16,region_maps/IMG000829.png,1cdf51ea01ca3d6871198339598608d1ee329532889d3a4d8cdc681c9d8f4ab9,7,3683,0.5754687500,80,80,uint16
IMG000830.jpeg,6153ac200efc0663ce074e630b70158711c4aab35dfea0a0b97f389a713fbba5,region_maps/IMG000830.png,bd52e0a1f2b0c99046a6b0fc8c7e7c76794d66fef41f45abf9eb69d6cd806e86,7,3104,0.4850000000,80,80,uint16
IMG000831.jpeg,d0ca16755e1f2c38f6f21de666d65ddfaec3d97f4af22888e295fd76670f8d08,region_maps/IMG000831.png,acadf781e7f969174cb946522699bd8b382f90e8627bc5a4dc1cbfd875885738,22,4610,0.7203125000,80,80,uint16
IMG000832.jpeg,c5ca211a54a954ae6437903672055b926cdfc31b87922a0d10a5ac41b0c43b04,region_maps/IMG000832.png,a209107049f37f4cc32c16d8620e9c5c8d95575e50783b503ebde37f4ba9ff4e,7,3348,0.5231250000,80,80,uint16
IMG000833.jpeg,e2fd74382a81c710dd65b10e44eed34f62ffa1f2bc90ed27d02b7a8287c68c8e,region_maps/IMG000833.png,da08707f757e763ef67a96b3758a7e09323def2f4f5478b629233d0fe572d4fa,21,3624,0.5662500000,80,80,uint16
IMG000834.jpeg,0c3f88c5a73c5ff830b63e92947633e9b04e8385549049ad8fc255c6490f12ac,region_maps/IMG000834.png,d6f5b1c90494f6403677c109e727891d12f563a52eda95d5bc8911f06df2b22b,5,570,0.0890625000,80,80,uint16
IMG000835.jpeg,a2228300fa761fc44676ef621b96e6e013813cb524c39f996eaa518bc14adda8,region_maps/IMG000835.png,47aae0816bba5c9dee3a8ca15809c1f06e852c196a9746f3a270f54f6c6f2dee,7,5521,0.8626562500,80,80,uint16
IMG000836.jpeg,b45dccef80fe378dfb1b15195b4278468ac31930f1af5dfe752901f5597bbac2,region_maps/IMG000836.png,163b40420533b73dee1020f8b8343bc772853edc1a6788fd1c38eeb7e2c1f11b,8,2898,0.4528125000,80,80,uint16
IMG000837.jpeg,34880b88791c6d7232c32f5a7cf7fd9ff24da410a52906c0d50cdbcb3fff6388,region_maps/IMG000837.png,c5ac3b3d4fae78eb357c1081d2882a49b06ba99e23f2fb568b6b09b936ee8749,8,3001,0.4689062500,80,80,uint16
IMG000839.jpeg,21dd26163e1d27fbce19933eb8a676c228c61112850d5eeff685e2be1501f91a,region_maps/IMG000839.png,68591ea5f7e49b02d79631090fb64632341d888613eac9c51f9bdef1270063ba,3,217,0.0339062500,80,80,uint16
IMG000840.jpeg,c25902adb23b1e4bc7075fe7c124aa107de2afadd39a5bf281e1ae72fa8924b6,region_maps/IMG000840.png,69be13eab4ef20e4cba7e0ca6f7fad218b603947d1d227d2da8bc0eabc206d87,4,2866,0.4478125000,80,80,uint16
IMG000841.jpeg,a26233c1466c0f890515f747f22b30192fbe4a7fc0cec8e2250bc6a31f8e5ba2,region_maps/IMG000841.png,5e66950fe46f760007c45d011deb8f3ed441ed39e1cc9e62b641e2dc397ca63c,7,2905,0.4539062500,80,80,uint16
IMG000842.jpeg,4aaed93dba91b34a933e4c39e84cad53faf9fb2a8524b0afdf254ee7d4244e93,region_maps/IMG000842.png,f9fa79410b5014c820130df096cd81a2b7d1eec1a4cec5d8e240f0a6771acf4a,5,5148,0.8043750000,80,80,uint16
IMG000843.jpeg,041b04eb8fd8b44f4da26c9d080e15e04a6450195c2fe6cc2b6978554f8f0f35,region_maps/IMG000843.png,8fdbed76b1f235f61dfd1cc9450cad028a46d635b189f9c5402ebda8214ecfcc,6,4545,0.7101562500,80,80,uint16
IMG000844.jpeg,1974ddb1824dc116174c317f0343fa2837e3a449f1f419cb920bf5e4497e96fb,region_maps/IMG000844.png,775321b2da8de669f513156407d4952a28b9272e15409b58f1c3b639828bf11b,14,5017,0.7839062500,80,80,uint16
IMG000845.jpeg,e063c9a5c8ce1b7ac514c8e85ba931cd4768e92acb7b0205c73ad14951d96684,region_maps/IMG000845.png,a97cdddbce98c6b7214c362c2817abe601dfcd0a785ee2656a3961ba1664bf64,9,3146,0.4915625000,80,80,uint16
IMG000846.jpeg,0d24a06e0cc0f3df70dd3e9d3e55915ad83752aabd24b2f6083049343a72f72f,region_maps/IMG000846.png,dc5255be29d2f44a5d0ed6477d9031b10c7039a4183b7caf87e724491549368f,5,3283,0.5129687500,80,80,uint16
IMG000847.jpeg,d96090ff4ec19b8d2a9a105d12a5ffa09780126416ddd95ed1865e3c0296af5c,region_maps/IMG000847.png,6f3c8e41dec54d54440298d25df50d0ec0b1b7bfbdf03f9d8bcff19fe9ca5bfa,7,2489,0.3889062500,80,80,uint16
IMG000848.jpeg,ffec26bd57c2badd58118ae97974045d7bcb5070ef250bafe1c24b02f756eead,region_maps/IMG000848.png,4bff24c17bfbd35356a19fcabac4e28002a406dc3395d09b2498b07ea979a3af,6,2272,0.3550000000,80,80,uint16
IMG000849.jpeg,6438112a48ecc0fc406c867de70cb71197e2d091055c90e374a231bcc63aa960,region_maps/IMG000849.png,fd207a24ce7429b3b14807522abd40c94466d2c2d15203c30720e59943cc8310,8,2121,0.3314062500,80,80,uint16
IMG000850.jpeg,43bf542f0324b3566425a88f892412babd5db8e8749402008f42f9491a7acf2e,region_maps/IMG000850.png,d3311e7fa7a03f1879587fbfb6bf72c1c4a3ab97071f15564db46b49b779be48,7,3667,0.5729687500,80,80,uint16
IMG000851.jpeg,cd0e7591dbc5bc0251941a492765f5f502f038f01faf0de448ada81fb41ceffc,region_maps/IMG000851.png,e34951073c26df0b459e726d9a675ded9b7f7753c20c0d899871ae2af6ea3f65,4,6100,0.9531250000,80,80,uint16
IMG000852.jpeg,74d5ead556aa0f5b1239020bf52eb5823e006ece3871748ef0df5c97efffb5ee,region_maps/IMG000852.png,902d9a253ec1e0602013f6ca782e0fcb7edb20ffb208636b8185cf34659d79a4,3,4831,0.7548437500,80,80,uint16
IMG000853.jpeg,f3532dcd5910d9964b8e8242a5e8a893e9db887c4a4ebddc40ef82effc91865c,region_maps/IMG000853.png,2556293e2fa934a26ca0cd100d3c3acc2a60044dcba54f37252941111375c164,8,96,0.0150000000,80,80,uint16
IMG000854.jpeg,ab9304affc0a2a67c5fed7cf106be2285f2cda520e34547477e798a00500b12c,region_maps/IMG000854.png,fdcdf1ababb6103c1f0ccbd622d2e36cb707197bc60276376e2a15024fc5bc16,9,2302,0.3596875000,80,80,uint16
IMG000855.jpeg,9a4d9d5426b85a5922439144b581070a382fa74ff4221087d018d24d37860fdd,region_maps/IMG000855.png,39a2af79bb7718b3ab10950d1166ac5000e25879337795cf4a2a0750ed4d9329,6,2172,0.3393750000,80,80,uint16
IMG000856.jpeg,eb66bf658988292bb878c2a59b096fbb8ebd0189d461e002590d6229cf73f728,region_maps/IMG000856.png,a22f9ea64ef189dad6a04990f2847331fa4deee03209b36819c867f252b1e7da,5,2461,0.3845312500,80,80,uint16
IMG000858.jpeg,603140ada111c0757eb380f1b7669f1b700c452fd9b78a44c482e04c8732bef4,region_maps/IMG000858.png,a71400e15dffb740879967721604fffa778f04827080cbb51dc75d8b1a524b67,6,3160,0.4937500000,80,80,uint16
IMG000859.jpeg,838cf87fb66b836fed433a572c9c7f30063a16a5327cbc2aba9784503077a838,region_maps/IMG000859.png,f93b3e39e986ccd131620b6b60ec5d24981afa6aa8a11a031008c232fd1da6f6,6,3021,0.4720312500,80,80,uint16
IMG000860.jpeg,ca5ac0863323fabfd4b4ec95cbe4d8d716c0414f14361b037e5cfd34ff181efe,region_maps/IMG000860.png,0e4405b1f08f2254028cb9279377db5b4e8abb5a22b5ad59f89e87b0f15c3e8f,7,1803,0.2817187500,80,80,uint16
IMG000861.jpeg,5a816b65ac285c3a4f31df6a097c29d4c201c0118f83ac7c9325da7388edbcfc,region_maps/IMG000861.png,566acba3fc68c452aa1a827a8d736513911a4422ffedb561367b785d0307a4ae,4,6187,0.9667187500,80,80,uint16
IMG000862.jpeg,f8abd30ebaffd3ebf458384a068d4b867a1dcdca7660d80dbf2e43daae5feba3,region_maps/IMG000862.png,86a556d89cbd7427cd1a59b706e8f945a134b6b3d2aaae7f23c65fc828737274,10,3619,0.5654687500,80,80,uint16
IMG000864.jpeg,8ee327555a76f8e013742b44dc1c577f8deb2398964fa03297764b7ea60f67f6,region_maps/IMG000864.png,f420b99c8bbebc2aeb2e6bb1e3005c415d10731b8dd9648b9f9bc42d17855e05,8,1937,0.3026562500,80,80,uint16
IMG000865.jpeg,a35b6373352cdac688780c9b7d019fe817c3df0c17754a0676c29f27f9805a97,region_maps/IMG000865.png,adc7cd108ac0f244dc595ee4be1bcb0b79651e54a4374a889468d6f76f05af08,9,357,0.0557812500,80,80,uint16
IMG000866.jpeg,279c7833aa515d4191626c42e9c450cdc903dd3ff66265d56db229af0fd6ae6b,region_maps/IMG000866.png,72e70c055dff127fb6e37461ac3704be4e6a910a623c77dc62064d104fefea31,6,134,0.0209375000,80,80,uint16
IMG000867.jpeg,cdcaf49991a7b39016aacdecb999eb5d058bc5505a5aef734f5242fd17af12a9,region_maps/IMG000867.png,8ec00e0fdd5c50a4cb8859fa9f03e2168742da8fb836f4356d2f57a2a26d50aa,8,2062,0.3221875000,80,80,uint16
IMG000868.jpeg,3e425a1dc7cd56a0d4163458847407d45a2a604b6312419ebe9c79ee2d5abc48,region_maps/IMG000868.png,a5960e886ab71b09ce84d1735bf013630de5efe783fea6dc75d5b7fa12e9c536,4,16,0.0025000000,80,80,uint16
IMG000869.jpeg,a3b47a78dc9467f22eb562e2111b02814271100f16c18cb584e6c9e98e832198,region_maps/IMG000869.png,5624f205d504d0bbb8f3037f7fa006944d96ddf690e6eef17ef1b49d571d93ad,6,4157,0.6495312500,80,80,uint16
IMG000870.jpeg,fed4ebca5cf5206101a4ee7b224641740ad86c55db619cec4e1feaa510fa6f7e,region_maps/IMG000870.png,385d07efbee2b9a2fe496ead8be9fb3414be66b574e35596174845725e12d384,5,3357,0.5245312500,80,80,uint16
IMG000871.jpeg,fe2dc4dfeb8e458d263ebb6dc7a27053068eca317254a1f4f89bfa53d467f43b,region_maps/IMG000871.png,d9711f9c2a80a9c93e3a07f958c3a738f47a6aa905f61c066e5da4ea6f775880,10,2965,0.4632812500,80,80,uint16
IMG000872.jpeg,10a6c35eb8562b59dcd0327d9951c3a30adf35ded916ed60086a6b7896c6578b,region_maps/IMG000872.png,599a665e51b8a3755d4be407eec2a472182fc1c6a54bbe7099d5e5b94de26dd1,10,3089,0.4826562500,80,80,uint16
IMG000873.jpeg,ed62b67962c0876768c32582a229d51c629dcdf525b414f8e92466043b46bfa8,region_maps/IMG000873.png,afba0474e20bfc44b38bfbdac44444d6644aab70aedcc551df2d18a7952e91d5,12,2933,0.4582812500,80,80,uint16
IMG000874.jpeg,9fc58d981709b981ed313286bea6e8cb6b9a8131721d5a4b58b72b56a386217a,region_maps/IMG000874.png,a8322866dcc8a71d9aaa55cabc2abec5c3fb34c2f0598b90ede7821c3b522ab6,8,2674,0.4178125000,80,80,uint16
IMG000875.jpeg,348fc3d8caf52bda4482eee9c640f89ff3552752bef9d9d6830f5f37e696df54,region_maps/IMG000875.png,aa161cbbe159da91b6ce6827d11164dec0e49fb4e9ca6eb9b72f074bfdd507ed,5,2381,0.3720312500,80,80,uint16
IMG000878.jpeg,a1593e51981167f93980978ed4fdab56f79f8803de13b2803ac525e8f5023977,region_maps/IMG000878.png,419ea1ea9ec172e5a68353707d52b02212a04a748366ad49bcac3f48fe3819fa,4,1777,0.2776562500,80,80,uint16
IMG000879.jpeg,bbb929ed24e17dc92c2455c47e12070fc524d0deabcf2fb3263e4d6bea23fe00,region_maps/IMG000879.png,56cacf0c2b0512af48bdab854ecc70c6ee9c5f04099b93b542989be22f7214c4,5,3164,0.4943750000,80,80,uint16
IMG000880.jpeg,131ca045d6e3027f12e7a7a9a67a292059076bbc467e8bb9e5d130a90e98f7aa,region_maps/IMG000880.png,ce14fb4e361dd4190e3ab298c55ec7651e857a66b49454d84e1558da51e17174,8,2741,0.4282812500,80,80,uint16
IMG000882.jpeg,08b3e1a78c8e3d03ae5d7077e0ef72adede52172bcf70b09c6975e81003972b2,region_maps/IMG000882.png,54518aff10b2ceab21a75722087679643ff80685e876322870b33b7676f60228,6,2916,0.4556250000,80,80,uint16
IMG000883.jpeg,dfffa0bc0f1cdb1869e22f17a1351dbb76d3c691d06d0e919fe72139c061520c,region_maps/IMG000883.png,5580726d724560091804111a83b069ccc288f6359c891b7415037f9a74188f1c,7,2620,0.4093750000,80,80,uint16
IMG000884.jpeg,1b69351a0ae4b774bd23f88773f675230f0d6f5bd872dd48658946973ac340b0,region_maps/IMG000884.png,6e6eda0d68cf46d09c26e91fc5e2db3976730dc079f3c16341c90ea0143dbe63,5,2123,0.3317187500,80,80,uint16
IMG000885.jpeg,b2944e3ed11a0fd622d29be562a2610f233fa393ae6b9fe4104157aba64f876d,region_maps/IMG000885.png,9015157c1980c6053a5b71ccc8e1893269bdd364673a4943828d79fd8aebf600,5,105,0.0164062500,80,80,uint16
IMG000886.jpeg,30e7db034a2954969094cf36bbdf29b09dc9a04fc6e98ef87cd3fa0166fea8d8,region_maps/IMG000886.png,26534a55f4de596533aec6946b141a4c6e8e1bdbebc609b882586d5bdeed977f,7,2161,0.3376562500,80,80,uint16
IMG000887.jpeg,7dcf661e1c13a7fb2bd08bbe9d40e501f80d97eb8caf36557b9f1a41281d4e9d,region_maps/IMG000887.png,9ea761b013a9920f1957be8f195cac52149ba3103bdbad0915e73fd99e802269,5,2786,0.4353125000,80,80,uint16
IMG000888.jpeg,574d23ca45a1f2f96271e46819c5c607562a5d1ce70a14c997b153256e4e4e67,region_maps/IMG000888.png,22cb61753c63a08d53b42cf892c19484d5649ad7620396430466a7582c9b71f9,2,31,0.0048437500,80,80,uint16
IMG000889.jpeg,90181e64ddf2a2c796f8cad26b8ef7ac4b080960eae36b1d8d32302a21a1ec2f,region_maps/IMG000889.png,78c92a895e3a10692ad76e2102d3e9e999158cd71cebc4217c1252500f48e352,6,1947,0.3042187500,80,80,uint16
IMG000890.jpeg,0a543ff79b9d6d3492874e657d2899af550fd1b16fa3d43d26bf3228cbb0cecb,region_maps/IMG000890.png,1a5e4802dd57e5cb1d0cae1cb617cb84e98eeaba4b34c1cdafe984b0a2471252,6,66,0.0103125000,80,80,uint16
IMG000891.jpeg,30bf55dc83fc6785724979af162e7123efb5cc1c44340c14b20f02bdb83b4499,region_maps/IMG000891.png,530de363888fc74637ea73a426c5c3e6c3181ef72d7ec0df15d858936900453e,7,2834,0.4428125000,80,80,uint16
IMG000892.jpeg,a44db04f904d5345541c69808df21c297ded98630942e1feca66f0fb0488941b,region_maps/IMG000892.png,30ceb85ed921e62b8506e0a6e758202efad05cf0bd6468a59606d4db17a4fe53,4,2886,0.4509375000,80,80,uint16
IMG000893.jpeg,70fb56a5fe4582bbc8d10261473e424c1423208fb9f83b91421af7a1cc4f6a48,region_maps/IMG000893.png,829ec43ee12760c837ff61479b7d52a57ffd4d667c058edcc790d00479d0af7b,8,2595,0.4054687500,80,80,uint16
IMG000894.jpeg,620c80cf2c2795877bd301dd2fd0902bc684810010268e0bb4f93f6276692a19,region_maps/IMG000894.png,0231d8080d018e7dfd85c3aaca6dab398a3c9ab27a2da3f3a8b986592380ea15,7,3554,0.5553125000,80,80,uint16
IMG000896.jpeg,e9c71591d4e253a555c9a7c9393def0eadaa76dcceefd4078c90c6960bf082e8,region_maps/IMG000896.png,fdb8f62fce1ac2527c53988b52c661696e27a381ff71e63b53dc841737d927e7,5,3180,0.4968750000,80,80,uint16
IMG000897.jpeg,cc10b53c139d17e685932da1b627390e6c8dd842988c69c52ae6b6b01a5214bd,region_maps/IMG000897.png,8ba92aa35ad8905df4ea249caa252a0478997c32a1607122f4090a71f5419412,5,72,0.0112500000,80,80,uint16
IMG000898.jpeg,b9e02f3af64f50d018887ab60006e6a7d84ba992d09ae14a0754af53af0e684d,region_maps/IMG000898.png,0005cf9e181b13bb5ce07da8a94bb858d8b3c76a07c889a35f0a38b277339a53,6,59,0.0092187500,80,80,uint16
IMG000900.jpeg,95732dc2159f7aee3afd9466ce4989e02b350651eb8817a19c964adae468b9f3,region_maps/IMG000900.png,1407d3254b3c7dfcecb8b94e232ff8b548d8b90797c56045cc21c8fb7cb48eb0,11,4180,0.6531250000,80,80,uint16
IMG000903.jpeg,f5a04fb3a1b6df0e80ad2c02e819cea226fcda7a39d2e8e325f8fbe98571cab1,region_maps/IMG000903.png,beb0789d6e5cf0fd38988e0918d85fc2a288f6634723f85e5c6b9d20c1db71f9,5,53,0.0082812500,80,80,uint16
IMG000904.jpeg,0042d65489d9e011b08243dae5b54db8f744c3c833448bbc7241c930e47e0d2c,region_maps/IMG000904.png,508c02e100bd17ee67788084887f9a8986ec9ba301d8351cc785cf425add46f1,4,3612,0.5643750000,80,80,uint16
IMG000906.jpeg,8cbba12fc4202b42dbac00cfd08252a5400291c4f190d3add9ed5462cf145f5e,region_maps/IMG000906.png,ba60969cbb9a3c79758ae1b7536d41bad3229f1f45f1532ae33f330e36f5f8ac,3,89,0.0139062500,80,80,uint16
IMG000907.jpeg,34237369f4ca359634b18f196dffbb9948985f7eb8b4a810f41fa829b6497944,region_maps/IMG000907.png,7e76b67f9b7f5d7a2f371e5402fdd7b4b4ce598191b8d647a59779be67b53c76,5,112,0.0175000000,80,80,uint16
IMG000910.jpeg,590efda0184e960f129678c7dd5035ade78ba6115964b98829c79d5729cac46a,region_maps/IMG000910.png,b7a15c381b43abed40f6a44952b3167c1a9edc81eb583f4c275d28e67728ce11,6,50,0.0078125000,80,80,uint16
IMG000911.jpeg,4b0f58140afe651571776c0ccaedef3fc6ed61a9438c14ff7233f1c192767740,region_maps/IMG000911.png,0ce63d662bc0002492d95a38f462868c537870f50c25408a46a1e4346056ff2e,6,3636,0.5681250000,80,80,uint16
IMG000912.jpeg,9c0c51cda3660fa4bf8e89f52fc617cb60f7c417e991e4512488acae3d2f6423,region_maps/IMG000912.png,90b515bcf96c4736292876b1c7dc9ed489ff9d6c03461c927de77d7c7a382dc3,8,2915,0.4554687500,80,80,uint16
IMG000913.jpeg,a583399a8d92ef96f01bfe0e40a9df5473bc968baed039304d3aa2c7cc461ac8,region_maps/IMG000913.png,bb60f70e8e5684b3c422a57727f355469cf46c190bb110b703bd0acf1d186286,5,74,0.0115625000,80,80,uint16
IMG000914.jpeg,6d9f49365e708b23da0a8cc796e084b5aeafa410ace4d387a68a72ead9ff16a1,region_maps/IMG000914.png,fffb7890801881015626ce3f435a65a5b206325bfe82e37cda3f70eb088e2281,6,77,0.0120312500,80,80,uint16
IMG000915.jpeg,3730e47064ae6e1283d1296ff382be10d1072c3a81c2739c0390c326bd70dde8,region_maps/IMG000915.png,f8323cb6b797eab72478cd613cd8bcc63e7f2e4b55aeb512daf92f75818ba43e,7,2515,0.3929687500,80,80,uint16
IMG000916.jpeg,0a01adb25a79766d03635e3a7de36dd0c78d59a306efcf0aa761db5c3f4fbd05,region_maps/IMG000916.png,e30c68fab4c549844f7e8e3c87c8ade45523f53992a4f54654fbac0fdd298898,7,2304,0.3600000000,80,80,uint16
IMG000920.jpeg,98e878bc7bb01a39bc247b4a39e10f7290a4ec9f7d1e5295738f2438c5a763fc,region_maps/IMG000920.png,77b545ee2a26b41113ac775157707501dc52520fa613bdb0fbcab00b77a9d4ca,4,84,0.0131250000,80,80,uint16
IMG000921.jpeg,8129b874accd9b57d653d2af81ca4ae05abe46097604a5ec53705fe5d2d08253,region_maps/IMG000921.png,d1c4dc190476b87c0741902eeb4c042f7dea0f00dd8b4cbca23f0a8c2e8a3f08,12,2780,0.4343750000,80,80,uint16
IMG000923.jpeg,58bd8614d9cb4c4765dc7ef8a56925909be39aa7508c117a605195ee4f9fe955,region_maps/IMG000923.png,ec072afdf9bb84d0a6ec86e0e5c1d36c306db31a0c75309e5aa38676a065f02c,7,47,0.0073437500,80,80,uint16
IMG000926.jpeg,8e822c61f07b4ce21465322bbf355e7d61071ba2a66d7e1394220f31350d65c0,region_maps/IMG000926.png,ff9bd3ab81cd413bae9cc41985901005d47aaeea81e591db73b1439dfff3f52c,4,205,0.0320312500,80,80,uint16
IMG000927.jpeg,2c8f4d86b59efe6d3a71aa1ce2158fd066361773f3f7aec0f3771039eb9e7a93,region_maps/IMG000927.png,c6d29dcd74c16582f3e41fa5830263bd180feb74ffd8f281bf3b76d1c0557c0c,5,4351,0.6798437500,80,80,uint16
IMG000933.jpeg,dfe0e24c151f172dcd26ea1662cc5b63afbbca08772ca2e113c2d57f00d6759c,region_maps/IMG000933.png,037d4edda332fb13dbdef0cc77da1b33eff4b3c1eeab4801216a48e0a947c322,7,1727,0.2698437500,80,80,uint16
IMG000934.jpeg,7459ec2c5c2da3e1f6f470afdd8d4b3f11ed55d0103c233e0b18f6988a1bc190,region_maps/IMG000934.png,6d17af37a2544cb3a439178c49f627638d8524a83c42349b579a2e7023537155,8,1690,0.2640625000,80,80,uint16
IMG000935.jpeg,9dc0d58b56d5bfd2fd1e0f9e25ab0826e9b7d6b1bfc8bf52159852a0ef83f1c9,region_maps/IMG000935.png,907f7971949eec8fad06496ee41cbd0d683d58383605ae081fd6a5699c883183,6,73,0.0114062500,80,80,uint16
IMG000936.jpeg,b6621f41f34ca3cc4bd5805e1a965a05945e1bfa822189ee34abe597dce8da43,region_maps/IMG000936.png,1a4f39c466c7e635a4baed8015b3f22a9fdd891e2b62718d7509acdd15c70610,7,87,0.0135937500,80,80,uint16
IMG000937.jpeg,4dea3937977fd1a74e354fdb24d261ac67e65dcbdd9c0cedd91092798bba64ae,region_maps/IMG000937.png,1f186b6d7dd27fdb7063c763e859e974db7123c4107e8b32d60ac4ad1012741a,6,2230,0.3484375000,80,80,uint16
IMG000938.jpeg,f59624ab9171fbf45792e92cdc567a59fc6038a8b4497ce3d5516bad0a0e8a4c,region_maps/IMG000938.png,eb1d4e93d52a0e1aae534187c7bf39d849e4d4f0aecda3d3e1bec02b4f6f9250,4,3029,0.4732812500,80,80,uint16
IMG000939.jpeg,90c48e011b2fe090d15d10bdcee3ea7dc34f0ef7e55cc32c51789f6034d1053e,region_maps/IMG000939.png,03b384e293e7520ddfe8c7a86b284393d4cbc074a7431862fe0baf959530a601,9,1480,0.2312500000,80,80,uint16
IMG000940.jpeg,a3dd09d1c23d4ee9ffd57f7ef2aeac18293c2ce980c84ff2bb4d17b8026dbd86,region_maps/IMG000940.png,98e364196628817ad1244efaf193389bc6d6fb4199796f0be5ceeefc21df13a6,4,301,0.0470312500,80,80,uint16
IMG000941.jpeg,c519cc56e292a0cd96091628a485f6c3278ef4ef8b52be3917b1b3e2e12e8182,region_maps/IMG000941.png,9bf4c0f622653c9d4fe7cd55689864f39b9cb4be3eb1ccfa706a05230b0fee26,12,2597,0.4057812500,80,80,uint16
IMG000942.jpeg,6ba118903e84335ff9fdbea59a3718157fa2b396f8f01fc9d091e93ae8bd0cd6,region_maps/IMG000942.png,af3312064c3d6d9bf43294104bf42d44ca2217731ee6e6ba0a9b914b1ade88e4,9,2175,0.3398437500,80,80,uint16
IMG000943.jpeg,d3878b767d62ab314e88fecf5916199824072be1f6871c3dbddc4ca04dbfe624,region_maps/IMG000943.png,87b42ecd6448e851c18998555bbb27f3f215540039f3483e863e90b1a2942dc9,5,26,0.0040625000,80,80,uint16
IMG000947.jpeg,0a2cacfc7f966a5a64820405f0e0f5fafeae30b3a719e42b3a970f85cacb7a23,region_maps/IMG000947.png,731aec858880384859027a7ecbe375323b481148e9cb79f0b03dbc4e2cf554a7,5,162,0.0253125000,80,80,uint16
IMG000948.jpeg,7bf7a5b071c6c46f1863b57705dae3e810fdee79c6b3037558a3a23a2c4f1b18,region_maps/IMG000948.png,34e1e4dd67fa0f572fbe28128f1cbcdf1483830f5aa74029eab92bf66327d192,7,2603,0.4067187500,80,80,uint16
IMG000949.jpeg,69f22dddf61dc990729a1947af31e6f16e5b50e5478f85c4bbe6dc36bbc074b2,region_maps/IMG000949.png,ef0ac743633831e9d4a9829adc70ac586ed8bc9f5a40d238348da65b7bac5aa9,5,3814,0.5959375000,80,80,uint16
IMG000951.jpeg,ad37f8065762f33044f1ba2620759651b4254a7c26495118736b19f9e909fc69,region_maps/IMG000951.png,ddac150f919641fdecfbab199cc90ccba96dacf7e48e572f717223e61def75f3,10,1861,0.2907812500,80,80,uint16
IMG000954.jpeg,b599c287ad1869e51254f9f90834965bb3e0854b4a0301df9873caf5b35f2b05,region_maps/IMG000954.png,bd9cd67b95faddcda8b5c28b6240b88e64d97819e04e5c5476812475f05649a7,4,8,0.0012500000,80,80,uint16
IMG000955.jpeg,dfe28eda09223dbd59f968cc0bef3e73e743c4c7dbc21325c034f2e2b345e88d,region_maps/IMG000955.png,e5df955463613f3aa5f4a92bd15029f322951f6c3c14689435698950360335f2,4,97,0.0151562500,80,80,uint16
IMG000956.jpeg,ae1d9fba782a61f4d1f8af3fc3fa17b88b359244ab3d2df53d69a1e90fe2ae0a,region_maps/IMG000956.png,b1be79818d47b81ae121c6ef326f2ef7a342e6c6d3d895328138d3882cf38d9a,6,2219,0.3467187500,80,80,uint16
IMG000957.jpeg,4ef1607e74a448e1a8a9e736493b693adf8ed26fdd244a221f8f86a8a0d19e24,region_maps/IMG000957.png,50e0fabac3595ac4f72994dbe0f8e106481b73951841771447eb460a296005c7,9,3434,0.5365625000,80,80,uint16
IMG000958.jpeg,a8508df838f3bc16ed62adc91be4c41731910304e173e17e95c0891c44d7365c,region_maps/IMG000958.png,361aec517839190e8c5bc1a8a68d40b461228fd3c10c96102f81eee3311df245,8,0,0.0000000000,80,80,uint16
IMG000959.jpeg,d89449aa9ef966413aec5ff6da464a8d5786297ef8f0f4405e73faaac6c6fbd9,region_maps/IMG000959.png,0851ab4b2dc7d9484441d9eb7ddb32f9c71e33611a5591b0d8e4a3fe0d575294,7,2795,0.4367187500,80,80,uint16
IMG000960.jpeg,2abe9a386aecf53f09697e3dacce9e417e28d1b17ca58d052d896599d781b0d8,region_maps/IMG000960.png,c546cb6ad592f9f87a612ed6cd8ca6eeb1bfe3095a36b44bd46ed7b93da219e4,5,4196,0.6556250000,80,80,uint16
IMG000961.jpeg,e53acd19c178f531fe2d22129c965561fd5b73c1f0f6710f99fabb7ebbe2966c,region_maps/IMG000961.png,288abb4ddc4de9893282d622a97303640685701b16c05ef1767290d39fca3416,4,5446,0.8509375000,80,80,uint16
IMG000962.jpeg,94bfc0d93766a1f83ee7d8e8a534cc872ef29290f045b87493fd744c3acc1f4f,region_maps/IMG000962.png,83828dc82d7aeba533c4f77b2f9e54e25c0c3be63b846dfe0de570f483ac0ca3,7,5010,0.7828125000,80,80,uint16
IMG000964.jpeg,7dde15d5145f62afea8d8b72cfe03a4bbcc182dc7f02c6479cc931898520a4e2,region_maps/IMG000964.png,e5afe9d9024e633447bec8305032308be5aa1f5b6aea3393076d98366f062ada,2,2582,0.4034375000,80,80,uint16
IMG000965.jpeg,53bf87f4b6da592d94ab6298b599f73320c4710cc3ffb93021d6332366075f05,region_maps/IMG000965.png,2e8590058c2f11e7a167a14ee0fec2f68da5a5956a935d69e2806788444652b1,9,2070,0.3234375000,80,80,uint16
IMG000966.jpeg,e64f1d6eb1d78ea937ad06686886510e2ab8dfd8b7a69616838e531bc6386c91,region_maps/IMG000966.png,d7a1beadb6634945fcb4c5bf41f528b640ca3cdc78177c7c394974c0496481ef,3,5904,0.9225000000,80,80,uint16
IMG000967.jpeg,4c137a046975e1c227574dca7a5f9c9dfcf095a1406c28a048f54f8e51c3cb08,region_maps/IMG000967.png,951cb36dee6c06c5aad1dea7a271b5b0de5aef08b7f8187e51223f2944568e34,9,4788,0.7481250000,80,80,uint16
IMG000968.jpeg,6010e75996157cdf044a14d00a84426dcc3467870791c313713c2ad184ba80dd,region_maps/IMG000968.png,d1b5768629e05c49d1e92aac594f6b39c39ae9a8e00f36d6424c5d1358b9561b,7,166,0.0259375000,80,80,uint16
IMG000972.jpeg,ea0e8d7a50536eaec45684d43fd2ee8943778939c06fe96267908ea534221140,region_maps/IMG000972.png,452a5f4adff59a38c0a0fad8ecb62de8d0275488ca874f84a51a81898c407226,3,3558,0.5559375000,80,80,uint16
IMG000973.jpeg,5b1a4c7dcb2fd759b3018155840e4b6242146385c3a5ac0a3022861a0331f9ec,region_maps/IMG000973.png,b2a670e2f9c61f862bc65aaa1675c46c3c09e8e7069c99564eaa3b122af29432,9,4420,0.6906250000,80,80,uint16
IMG000975.jpeg,904b7199636abc054fc91a4dabb1523ffa1187f28717f821f35619c5ba80329a,region_maps/IMG000975.png,4af917cae6e0578bb9bbc4d8deb481b09530cfbac7dc966285c1099dfc58e250,9,5941,0.9282812500,80,80,uint16
IMG000976.jpeg,54073851ad78cb5e27432aceaafb292959092c6061b003d01995d366b8997950,region_maps/IMG000976.png,3be86be8b26d9496d1bb81c5b1894afa350d847d2f616f1b6fc08439189ec111,3,152,0.0237500000,80,80,uint16
IMG000977.jpeg,bfdd1adb2cef8186fc1cc8f5ea543338014955817dc4a816bf941684051edfee,region_maps/IMG000977.png,6b64b54dc1ba4036799d96a23e000b935af31346cb3de8e058b556a47c28d5f1,12,4308,0.6731250000,80,80,uint16
IMG000978.jpeg,02453b0703a3b5076629fb7e43a0df52e32730ecefed585404261be94d3eae07,region_maps/IMG000978.png,611f88032f9ea7a0b0e6055c4dcceb445583a6a236f54d97bcf9a81fda1c4678,13,5461,0.8532812500,80,80,uint16
IMG000979.jpeg,356693ab2e8981598764ed4de16164874ab396d55ebc8f47f65364cfeb72edb1,region_maps/IMG000979.png,4042afe436c12c734645d8d912fa43eab7b7c94f8b24fad6037a4376f17299ce,7,3966,0.6196875000,80,80,uint16
IMG000980.jpeg,d8dcfe62acf5c1a1cfc9c02bd1d3ab1711f2913cdbe77b846824f8263f0a88ef,region_maps/IMG000980.png,eee8ced206f0c1d1c3b5d0406b7d9e34068186adda77a0643bd7616a932e7499,8,1236,0.1931250000,80,80,uint16
IMG000981.jpeg,75808c24714b385fd5f90517c4256e529c2802b356b0ecf2eeabffce7bbb6ac1,region_maps/IMG000981.png,c6b98a059ffe97497287cc1bdd20eafe7f0d405befb1bf24b1cdc0911016df29,7,32,0.0050000000,80,80,uint16
IMG000982.jpeg,82fb986627af6b0f8d5c2cdaac35f5f0b52f4ecdc45eb571a5d3fbdfeed24841,region_maps/IMG000982.png,42e3d5883b193fd14ed1f9af82a9ebfdbb2d72071961cd44ce68df6433b7c671,5,3534,0.5521875000,80,80,uint16
IMG000983.jpeg,757fc1647d9e61ecfb57e80e486773a9b10f403df5f613d58a13673c77372798,region_maps/IMG000983.png,2cf50c45adbe54df7516869b40e677b5c47eaf4491f022249eaca263e49c4548,4,84,0.0131250000,80,80,uint16
IMG000984.jpeg,b930feb59430ae19b10f2ebb2716b5229d1c54e2b3eb87fccac18968f8650a17,region_maps/IMG000984.png,a3de4712e863b549efa99fffea2374f0e3f6c17799d502de6a2fac2189adde4f,5,77,0.0120312500,80,80,uint16
IMG000985.jpeg,33368b2d30d898cb55f778e0661c5121936496d24990f03a073ab9714475d86a,region_maps/IMG000985.png,0e2cab9faf1e2d2a82a34539ce666ba8d7df419848c16b880ba9d40dcfbfa01f,1,5421,0.8470312500,80,80,uint16
IMG000986.jpeg,5335ad68a7d70fbc20b50e8699aefdfb4d5b5440dbbfc7f4b249e137b1ece9a3,region_maps/IMG000986.png,db34768d31e05f4acb5013bdda90dcb4687756ae1da00af8bcdb4b9c9d925154,6,2335,0.3648437500,80,80,uint16
IMG000987.jpeg,acf5fdb0538e4d173f92078856663d9cbe73c3ff18169c35cd8b099239bf2a1e,region_maps/IMG000987.png,a118a5a8ca963f63f0e2599454983ee1d8a9907a7b01a6865b5914f95ca0bd95,5,5300,0.8281250000,80,80,uint16
IMG000989.jpeg,2aad068cf13878298e9a95320fc1ff540c60a06df36ac6ae6ba3f1e0cb3a614a,region_maps/IMG000989.png,87034cab72916281d014d7a47e1f4dcb5a35c6d322b3631b9e7365068832e91b,6,2748,0.4293750000,80,80,uint16
IMG000990.jpeg,270b91b37fb5a82072ba4529fb78cb9d34b119a0b2504872c82ca7b06a6457fd,region_maps/IMG000990.png,99ebc97eaf99c88a9ce8cc89ca4e69ee8b3ff5de12fb480fc1fef6f99b5452f3,7,3608,0.5637500000,80,80,uint16
IMG000991.jpeg,1b7dfd71a5561faece954cf5eecb1b52cf1cfb49262fbf7b38cf0b5605c6526e,region_maps/IMG000991.png,9e177a94a80ebf7798041c15f83cd3c3dba72300d4ad08ae2ab98f83c2402a74,8,59,0.0092187500,80,80,uint16
IMG000992.jpeg,514ad368c9687750aa15d6e8b917b1e3adacb18ef290ef84c99dc04b2de2ad04,region_maps/IMG000992.png,5177f800304ef687a0f0d611916581c45def0924a0b511e955df818aacc440d4,7,3008,0.4700000000,80,80,uint16
IMG000994.jpeg,d49219eeb8a34aa5293625814cf7b171a4fdaedb63b8e7109e2337d32e4bdf42,region_maps/IMG000994.png,1847b9ac5dcf0eb253f868daa0103639caca81b6f9558909feb8b2f38249aad1,5,60,0.0093750000,80,80,uint16
IMG000995.jpeg,54ec0a8cefa2a6bb5680f231f2bbc9841773e689f995182c425e0171a9c7cd76,region_maps/IMG000995.png,a7541044a250f28ce056c849f0e20221a62b070bf65e73ac00a3191d9fc0b82e,6,2577,0.4026562500,80,80,uint16
IMG000997.jpeg,97a0f288b60c1659cfad551ec71b6e57a0e54e9ec7c8f89e68b1d981c7b363c4,region_maps/IMG000997.png,0504ea1be69d730fafc06001d21323df65e7ad7bef042475e758679606c638b4,7,80,0.0125000000,80,80,uint16
IMG000998.jpeg,481f137a393da5faaa80cba052cac9098a37557ecaace040cacba7e5d94b6744,region_maps/IMG000998.png,f14998b73d1409d41b80a0d529d4dc161d68a52c7395e63500c10d78a80909c6,7,3998,0.6246875000,80,80,uint16
IMG000999.jpeg,12476ef97e5f3157396120e0439960cf884ea3e234be93ab202107cf353e9912,region_maps/IMG000999.png,03a5483ed430bdb38bd1a6f5f29cd5498a7877a0f9e4c9ef6165cf8312cfea79,6,2445,0.3820312500,80,80,uint16
IMG001000.jpeg,fd8e664138d3b86cafc3841bea4299fa5adb6e8d596dc301a34656e656517839,region_maps/IMG001000.png,d352c16df08c59ec6d7b44e3544bf94d2975e1885e1bb82474d9110db24d671d,4,3260,0.5093750000,80,80,uint16
IMG001001.jpeg,33b055e7a86caba6309cfddaf470bfaccbed97775c72f6f4bc15d9fad0fe1a86,region_maps/IMG001001.png,a16328623094dc520531331a0097da75125f7ff6051f2a0e70c602ff2886c2e0,4,2490,0.3890625000,80,80,uint16
IMG001003.jpeg,1b73699b63b1979afe6cc80b034869493426ed78a6defac87e37b55e4a1d1cf7,region_maps/IMG001003.png,80b49547ac9a272c18c585475de9f3d951cafdeec9c054b94e2bcda15770f72e,12,2169,0.3389062500,80,80,uint16
IMG001004.jpeg,ef631121e80d8bcea44e15517678b41d048ff50edd68319cb415ac6d33612b2e,region_maps/IMG001004.png,ef2ada71b865c33a0aa1d4fbeae6a2bf9ea4258423712a96b78eae6d3fa7bd08,6,110,0.0171875000,80,80,uint16
IMG001008.jpeg,d5924e346dbd71699ccd48bc545ba59657a81a7c2a83fc7b140ba4131fe1f4f4,region_maps/IMG001008.png,4070f9022b87396b3414beea9b12cf839a19c19fcae383476a577e438d3b4e74,5,4531,0.7079687500,80,80,uint16
IMG001009.jpeg,33050743ba416ba748fb8a554b8480c1aefbcae283de968d9567bb46e0d06ad1,region_maps/IMG001009.png,21c930c0acd1350c47422ddea277b4ea136f5dcf79a6689f15f41fdd7bb3032e,6,2418,0.3778125000,80,80,uint16
IMG001010.jpeg,de39b8392f2d7dbc0b7ccc6f9d5ad4534dfaf1da7e44fd0820e722172f42a055,region_maps/IMG001010.png,543c4520f87da265c8828272835c5fa40cb8d6d524f7372aabc65a69a7fcb333,6,4722,0.7378125000,80,80,uint16
IMG001011.jpeg,b4570123ccb93e08b544e2bdb2344379ae86e15582fafe17e522830a484d30e7,region_maps/IMG001011.png,db6b76e0acbd53f92f2c4b1eabbca0ec197663a9ba83035e4eee523297b61c92,14,5786,0.9040625000,80,80,uint16
IMG001012.jpeg,261d15ecbc1386303f8b80d07231a220482eda2cee61e07beb5ebdd22d660776,region_maps/IMG001012.png,21d00b11adf8823ed55056a67e04cd4e36563f0fe020b167a9f4ea8812d6113d,6,1764,0.2756250000,80,80,uint16
IMG001013.jpeg,cf1496004bac90e30fb1fff4fe64d3d94c7d60a1364cb47e7bd40da9afaed721,region_maps/IMG001013.png,f514ddab1f8dfb1b03851100274f4d632d5943c028a5bf8d100053e1b161a79a,5,62,0.0096875000,80,80,uint16
IMG001014.jpeg,cf673b78dbd7be1970c389a357120a512fd239f008624630c931740712194698,region_maps/IMG001014.png,3a39c88df6d97dd10e9611c04d883e23d0eff1e051c85a969bfabe941f7d8e06,5,2570,0.4015625000,80,80,uint16
IMG001015.jpeg,7d99d48d85a15f6cacb0a780ff73cb1c717f83585b4459ed7fd68ddb818f5b6f,region_maps/IMG001015.png,3c0edcf54aef8effcc9f14f9feb763ec4fdf5e7ffcb5d8d33c8b757180f093ef,7,2771,0.4329687500,80,80,uint16
IMG001016.jpeg,83a4e5d086029154f89e2389e3b905454d89dd1c58ff4169ab12da3c104959f7,region_maps/IMG001016.png,c0e27de42600232646f608f83017709c92f356056b508a2a2b21d88e01861a88,7,2670,0.4171875000,80,80,uint16
IMG001017.jpeg,4e3d617391c81bc1c5c033753aa154e0a8b999b6c47c1ccdce6c6c934c29563b,region_maps/IMG001017.png,7052248549564096d5fe75dd72d0a1405a64582905fa2ea67b275f0240369b88,5,5031,0.7860937500,80,80,uint16
IMG001018.jpeg,420e2f29f86b7f433e1994ebadefaca1fc1bbce4ea9dc0384fddef633d64d1b7,region_maps/IMG001018.png,76de626a97398ac1f9cd43348ea3b5845fff576a62ea53e86b6c0bd510ef75e2,6,2500,0.3906250000,80,80,uint16
IMG001019.jpeg,528db46cc4ca7333c49738481484b8880ea645deb1525f45ffc2762d94415fbb,region_maps/IMG001019.png,9e576340905cdf67bb6717518eb48a3663545dee23317872b6078fffbe5bd6dc,6,2363,0.3692187500,80,80,uint16
IMG001020.jpeg,e7551cd4d01ef640809632ae76df32dfb512f41959b656cc22062582311fd203,region_maps/IMG001020.png,4306c204ff19efc9b9625a6944dc2f83e284e9eaec6624f84d6ec8aa10a0eb22,6,211,0.0329687500,80,80,uint16
IMG001021.jpeg,64fe3dd41aace4a1eb007b855a1437d2d362d8c6a7ad4c071c2e28aaa55472a8,region_maps/IMG001021.png,094b71c967ea13858672566e4e093a8fd0f61614a09ed9b675c3c3aca2f462f0,6,2549,0.3982812500,80,80,uint16
IMG001022.jpeg,c27e37c91c8aa3c4954de27cb288ca3889c11d4b0186f3814699d67169f8486f,region_maps/IMG001022.png,2ce243fe589c0764c1528d0626880a1593a270a625136c67502759d5bb595bed,7,2112,0.3300000000,80,80,uint16
IMG001023.jpeg,a25bc7646b6d2c7cfa6ea3586e3f7b58c5e690792f8e43ebc3c2b22723399669,region_maps/IMG001023.png,56935df0ed92395a5ac3d33b698fb7a6bbe7844a2caa40cef15ae46dd2ef4802,7,2603,0.4067187500,80,80,uint16
IMG001026.jpeg,f64fe6fe4510b215529fa5ee7011fead122f226ec9385e7645b220c14a52735a,region_maps/IMG001026.png,9526c4342c9a754a2507173c397abcdd59c50e4a2339b74cebcebb9930d4518a,7,3169,0.4951562500,80,80,uint16
IMG001027.jpeg,112f75b0d996b8de48a205a92f2a28e44426355f6960d603bf7bc440e9bbb73b,region_maps/IMG001027.png,f201e7c5ac27ec202cd655bc36ed5d1b76f8c5043086b30488d14ff576054720,4,3240,0.5062500000,80,80,uint16
IMG001028.jpeg,ad732951b1686aa6d1387baf75226cf745c368c7e8531ca3f7b838ab1d3c79db,region_maps/IMG001028.png,34f0587db1a6d06afa98ff36f607c70a30772546a4519d3eb733ecc675eb0008,6,2255,0.3523437500,80,80,uint16
IMG001029.jpeg,547a858914c24bf9aafef0938dabf45600ffb61c245f5df436d91021999f6945,region_maps/IMG001029.png,8577f78846f3ae3d51bd9ea00058fbeb10713749af302f7362e679cf7c1997d3,4,3412,0.5331250000,80,80,uint16
IMG001031.jpeg,5d5671d5e6597331a92e2b97c1870f879f2a93cc2a4afad4d1d8d831945840eb,region_maps/IMG001031.png,a51f52373bb8298dc166d5f0827ec630020de84c6a18e13c5ecd79ae4c516fb1,8,50,0.0078125000,80,80,uint16
IMG001032.jpeg,e28e21e051f7b999453ece2ae5861da6d94b43ecfc6eb1288271b78d0bcc3d9f,region_maps/IMG001032.png,7239100d3add0e1bb2d04d665e4d57be80cb56ec746aa0edbf3d584f77114d54,9,2175,0.3398437500,80,80,uint16
IMG001033.jpeg,3ccd1d0ab49225716a16f00e6f769afe15e87bf4df81b9ac54b52c8325d6688b,region_maps/IMG001033.png,bf7c920cec2712e875d27dfeb501789c1e56b9a8e67b27fbcdd8f2448e54d5e7,10,2515,0.3929687500,80,80,uint16
IMG001034.jpeg,75e563d5619be66027d9e80e9a6e7ed87cff8849e55a1b399bfb35d5db83cef2,region_maps/IMG001034.png,a1c78b9cadcdfcd6da4dd77e55ce58b4ef8a9758dd38e6d38c3def52d7bd6cbf,10,4508,0.7043750000,80,80,uint16
IMG001035.jpeg,c7c5a58d9aaf3499beda19b026234f8ef0884e73c9bf89dd037feaa60a443714,region_maps/IMG001035.png,74fb7ae4a55542db3c7df16d0f18e2e714c9cb7bb99018741fe6934bcfa607b0,5,2630,0.4109375000,80,80,uint16
IMG001036.jpeg,114769f2fb4f4916b71ce61ade0da914e1f1097832eb8f9acddb7992ed38296c,region_maps/IMG001036.png,78add9e5ed24451ff93407c3f5cbfdf072b09a6d900a7eaf8597657ae9967e66,5,4097,0.6401562500,80,80,uint16
IMG001037.jpeg,1d7ed990e3d8f56d2c6792180259f964cd4029a1e0317132d959c4b9ec4a2fdc,region_maps/IMG001037.png,5f64b9cf16ca9d1e7174be439141d648d44df718487c6cf5b565512ca38d495e,7,2010,0.3140625000,80,80,uint16
IMG001038.jpeg,f5e953bba66221ffe5d6327d8ff7f7cc117dc97d90f4f4b65f93950327cf3602,region_maps/IMG001038.png,2eed56c9b4bd25c8fddceb2e3444ec12cc4a1688b9ec3b0407a332c6647d361c,6,3394,0.5303125000,80,80,uint16
IMG001039.jpeg,c645e3e073428a9437cff87c9e7164273b3a79265e241fa4828d0155df243ae4,region_maps/IMG001039.png,0d97c8ee80a06d6ef5188864f32687239834565938a79c6989051cb346f463cc,6,6119,0.9560937500,80,80,uint16
IMG001040.jpeg,ce94cf7b5ad5925998d66048833d86f64e0f2c395bc1411e57a0fb235342ff34,region_maps/IMG001040.png,c60ea61dc971d79bafbb76429bb11688ccdb47398a305b7668c96be4745f580d,7,3345,0.5226562500,80,80,uint16
IMG001041.jpeg,b07c96d253ae97406b26f7c40e6e343588ff6d5e3aff57ce92d1329ca7f7a899,region_maps/IMG001041.png,2a984593f63c5b91b30f3db4e882cba8a54ac071bd0549cbb4b757b71c1701be,6,2715,0.4242187500,80,80,uint16
IMG001042.jpeg,f234a5885fba9fe2cc58ffe0df9689e4fa093ca7f0795e62929efef1a3e9a457,region_maps/IMG001042.png,efb4804400951dcf6820ca82b03cc7739c006b70ba24bfd067ec93d12e86cd84,5,35,0.0054687500,80,80,uint16
IMG001043.jpeg,1393eabfd6c9c25d3642d459090e7351c8656b3640108a27682274917d7c3fb7,region_maps/IMG001043.png,df571284f62f330f8b01619e20f87bc634bcded641a1f2e532f33274631aa369,6,3276,0.5118750000,80,80,uint16
IMG001044.jpeg,764477bdfb0586671f202c99b16ebd576f09c7af9c79a16f5c519fa6fb7a7093,region_maps/IMG001044.png,7c0e7c360bf6a1f1ecd3f9b30d20a490bbad74cf6c1e9d1d0f5db867a7489fd2,9,1729,0.2701562500,80,80,uint16
IMG001045.jpeg,092e7285fd17dfeb8fd29e5f66df238b84399339e1a170f74aa11de92811db89,region_maps/IMG001045.png,3a34ca45a6f8ecda255de19d135122522f777555282323373e15c5083fb74b1a,12,4100,0.6406250000,80,80,uint16
IMG001047.jpeg,a4705f0eb77632296fcbd0fb7521a25a7485c95281b212ed620889d88d598cf9,region_maps/IMG001047.png,244379020eaa74c1544234f78a84e53c0f49ab00f2c4dffd490f723edc231c81,11,587,0.0917187500,80,80,uint16
IMG001048.jpeg,a30699640e7cdc79be32cf16d1e1934ecde5e6e670ca7895431e7dabbdc9eb48,region_maps/IMG001048.png,52eb8714f95d46717b859d2d78b1a5a285c661138745edaa1d3db3be81b75eff,8,2056,0.3212500000,80,80,uint16
IMG001049.jpeg,19fc16fda890c28c874c0253c3377456a575b47e47a16401c80692f40ab4675e,region_maps/IMG001049.png,c374bffde75226c877d66b3627e795403fb18213525c2fd974004b8e5542ddd5,8,1861,0.2907812500,80,80,uint16
IMG001050.jpeg,073dac3f2476c2ee9f0351b2bb1bf7556deef8f95a7d3448c6ac7da5494757de,region_maps/IMG001050.png,304f7101b56bb1321c239df8f0d94ad14ed7fed8409bee717a99952468408d73,4,3731,0.5829687500,80,80,uint16
IMG001051.jpeg,b49f9be90bd4808b6f6c2554beed972e84d4327dc060f30f40f2f7afabc180fb,region_maps/IMG001051.png,0a14e6e9cccde107a14b1d711e7b0cd155d0019cc8a843d7abd6904a2ec1db3f,6,2799,0.4373437500,80,80,uint16
IMG001052.jpeg,33492088bac259a8ee44c1dd8ac84ad918ec99fedc6fb82083ae67e9ad2473d8,region_maps/IMG001052.png,9655c66659d8bbce872298c1942f014f32d81dde53f0ec0c50d4350410dd8113,13,3436,0.5368750000,80,80,uint16
IMG001053.jpeg,557c7ba8d64f527b1fdb2a414d35c3d44d9b87f3d1da7280ec5e34f99910839a,region_maps/IMG001053.png,bc3c94a05d68f984415682cb8717b6f19525a793235e6d564bcb06be0d34a0d1,9,4590,0.7171875000,80,80,uint16
IMG001054.jpeg,298a1dfe20c2f68cce0ea50ad0932ab84b4dba1d0f6935623a6187d5bf195895,region_maps/IMG001054.png,8233ee73b9909f9086b30c5d2bbb01ecd980ce2842033c77c21c93e7bd46b999,7,1083,0.1692187500,80,80,uint16
IMG001055.jpeg,9f8ccc87f034417486bfbc61132b82ae0924a636af06fdda5cb571d4bcd5cba8,region_maps/IMG001055.png,18e8cd9a1ed4bd904f493050ee20125f57e76b2fdb8054d1fa26cd52d4855054,6,4302,0.6721875000,80,80,uint16
IMG001057.jpeg,1919252b393b855ee3e40c562ed7f172f8abe616073e96ebd18adb518a563a83,region_maps/IMG001057.png,76000e081f681d631cf1de56b59aa04a59e4c872aeb55fba7f915dbf735021a5,7,2313,0.3614062500,80,80,uint16
IMG001058.jpeg,2ad691b86eede8f8df5bad2b13f69365003497510ed32a21b1c74d57de5130ce,region_maps/IMG001058.png,25f3d40c864e9e533c0a45b9b00603e6a2cc52d0e2073351b97a9b416b213061,8,1784,0.2787500000,80,80,uint16
IMG001061.jpeg,6cb68d761861fae27cdb2e876f9f3b429948d903dd8c4cec1569bdc026cf60cf,region_maps/IMG001061.png,f2b4a6541d2dd6491966215f9a0ac930c028870b7e8ef80c3f403af54a73bdae,7,3480,0.5437500000,80,80,uint16
IMG001062.jpeg,3b3d14e5e3a6d3aea03eecbe3d97a0e37b79d57028df46a87b4dce7c98adb3e0,region_maps/IMG001062.png,2bdda275a455341aaffdb77eba51967a2b0fb699580d1e5374fcd6cfd37c5359,6,3144,0.4912500000,80,80,uint16
IMG001063.jpeg,910d8bea668b7dfbc75a5343818c242d2841f2a5c116520601c84dc4ab58c4cf,region_maps/IMG001063.png,70a313a5d09bb90ae82fe6187c4873e441914c091b9790418d7fc5597b76c92d,5,108,0.0168750000,80,80,uint16
IMG001064.jpeg,9605dc2cbbf1522ab6a3868741852747a9815d122894d4d6bdb9cab7134bcfff,region_maps/IMG001064.png,812a05db524b443aeef93f192c3ea9cd40cd3321c2cb3e803ed51937fed9f13e,7,2001,0.3126562500,80,80,uint16
IMG001065.jpeg,691602a916e32104d91c6547f2b5f8c9bad1e3bf1261fbef197da280bbee1a89,region_maps/IMG001065.png,73b78f9a878c81f14d948799757892c5c16def10431863566ea363ee11b13af8,6,2110,0.3296875000,80,80,uint16
IMG001066.jpeg,577f0317943a265880ce5b202208fd4a9bf1dcaf2ffd584d45de1881c98de566,region_maps/IMG001066.png,5ab21ed6dd9b7edd54eedd2a11aa0f38e6cec668813f8a0c904d0abf035cbd2d,6,3382,0.5284375000,80,80,uint16
IMG001067.jpeg,97d3cc81f7ae7273705e2d23810c34e03b2dd1526d0144acad13f51d5b533dab,region_maps/IMG001067.png,12e91bf70bf5eb2e37296fa405ce56900057837eedfc18af38d517b92cf0d1d1,7,43,0.0067187500,80,80,uint16
IMG001068.jpeg,08e52812d685c5aaf0d4a0acb6e885b4552ccc4f9628c54167dafe8b876f7d2c,region_maps/IMG001068.png,582b57d4bf2436e6bea5b202893d305fa285e5510d8449014fc5800efd2a9069,8,3055,0.4773437500,80,80,uint16
IMG001069.jpeg,0c066d5de58801e7fc5a1cea44be76fb153fbf324381afd10170f2857d70d29d,region_maps/IMG001069.png,4abc8b9448db763fe5db9819ae6b7279f2987404a3b3cda2a929e37638e4ebe2,4,2598,0.4059375000,80,80,uint16
IMG001070.jpeg,8da3db59eacb9450de59a88ad53873fb66064608181dc8cc033efda437b18883,region_maps/IMG001070.png,fcd9cbc7eb29d4fbcebb3e6a26eb61053337ff0cedb30405704337cb06177eed,3,103,0.0160937500,80,80,uint16
IMG001071.jpeg,6915befb13a1ca2bdea4873e7c754bdb83142d7cb8a8e95ce4c68f4167554b3b,region_maps/IMG001071.png,20af249bcbd36f0bcea981529d276de54dbcac922bc9acfbfe4764f54f3bab73,10,2644,0.4131250000,80,80,uint16
IMG001072.jpeg,f3b3231e8eb879a6288eaebafd21412732a529a5de66b7fc26bd0fdf7ee36b80,region_maps/IMG001072.png,412724b12aa476eb864fc0c0dde600c7bfe8962883cdc9733b0a1cc5539a877b,6,3240,0.5062500000,80,80,uint16
IMG001073.jpeg,64afde061622bb28b8ed57d7bdb645445f56e6f8dfaf116d91e38e0c3a239442,region_maps/IMG001073.png,8f3d1457469f033c85735e8f2e0a126938ec05911b27b3e29bfbd6aeff7b0278,8,2653,0.4145312500,80,80,uint16
IMG001074.jpeg,7cc7653e8b0a8be0089e03ad31c1a471fc9cf52811ea1ced0e52228835d61167,region_maps/IMG001074.png,1142f32208ea808215c8c48c2d4cdd2385768d67e47b1bbbcb83675c6277d259,7,81,0.0126562500,80,80,uint16
IMG001075.jpeg,3d5e8c32b3185a74acbcfb73df05fd90abf85915afafd10d2c9aba0723dc25a5,region_maps/IMG001075.png,28aaf87c7d6113be39fbaeb9a3d9a9c9cdb7b5330423546fbeabc381a48f0f6c,4,2532,0.3956250000,80,80,uint16
IMG001076.jpeg,72eb28c2962fac6c6ee9ee6cab04fff8b566a50a3eed08fb7693769cbc0308fe,region_maps/IMG001076.png,08e33f4c57f3910bdab503a82a0e80eb9a9cd01869e083270f6fbb625e8a3ba4,5,83,0.0129687500,80,80,uint16
IMG001077.jpeg,389050f8252c5e558634d9c2d849ed4ea513302488cada855a705442d1e6b767,region_maps/IMG001077.png,3d935595d7905570bce4bc22e9aacb42f632ea17eb87d48dc5a213b6c8e90809,7,164,0.0256250000,80,80,uint16
IMG001078.jpeg,3a50518be0ab485a2ce3f6b9b57daa8c47e4dbd63ed679de343b9923baaaecce,region_maps/IMG001078.png,61600f0b46ce4b2ea7f6daba6bac82b5263cb2ff994643ea91c1e3303fdc137d,5,161,0.0251562500,80,80,uint16
IMG001079.jpeg,21f4aad584027a9562b28c37188120af14da6a9abb03683e88b3c8736d5f0c22,region_maps/IMG001079.png,86054005cc4f6675fe26fa0114ed8fb06bc7a6fa18a2317fd193b5950159a7e3,3,92,0.0143750000,80,80,uint16
IMG001080.jpeg,4beb6067083afad659733e14623bd8caded2b9db7d9000c7148571978fecd116,region_maps/IMG001080.png,4883567aeaed91c9a4789877f596e0b5c880297f0a7451de3d89b09cbcdb7c1e,10,2838,0.4434375000,80,80,uint16
IMG001081.jpeg,d1c6eb873e4c0f9f97698e4724e243c1cdac32c32f204c060b32748ea30b67d8,region_maps/IMG001081.png,bb5188b395c93f2f265ba096d228a7bd898973e18741049695b023e4d665de02,2,4032,0.6300000000,80,80,uint16
IMG001082.jpeg,566046832169d4e23222826a422a64fb9ed1064dc517ebe4b539e6db4a0d3820,region_maps/IMG001082.png,0fc6f419c0d148c0e57bf3c046fff89165ad18b8b1ea1a69cc7e3f3eabbf375a,5,3013,0.4707812500,80,80,uint16
IMG001083.jpeg,ece1ce698f54bf5ae8576d937da73e4a50b98de58cc4cef0bb29ec1fc85418d6,region_maps/IMG001083.png,08270c64c0b13e3123fbb39c0af4895b806b1c8011c6c0e46530b127ba218a6e,7,2185,0.3414062500,80,80,uint16
IMG001085.jpeg,54a412fa083741bf920410115fda9dff7e9a4610f05b7a5dbfa7762eef09425e,region_maps/IMG001085.png,e2ef935caaa75a69760292e1163dcff7c97d9d8843a54c56f3814f4a73eca995,5,3316,0.5181250000,80,80,uint16
IMG001086.jpeg,94713df8c91d83adf1f453524f20222d4aa9060dcdc3e1596aa856f1d17a77b2,region_maps/IMG001086.png,dc331e960c19746160626659cc5fe8f191e4c9699e8153a0c43aa9977e8ad5e7,4,2675,0.4179687500,80,80,uint16
IMG001087.jpeg,3b0b5364fe5937f7ede20de3fa2d2da5404631e7ede3ddbeff5a68a7da03405a,region_maps/IMG001087.png,089a8b7a5b203de9cebd0c298bad24e1e5457507d7ba940887722c3d4c33beba,4,3345,0.5226562500,80,80,uint16
IMG001088.jpeg,66dd02957761452ab1bc9396c324e724bac11ce53fd600646458a4ed2a62f3ec,region_maps/IMG001088.png,8d251b854935a80dfbb194b22e76066ff7bb16a5581b2d309b99e874654fb802,6,4269,0.6670312500,80,80,uint16
IMG001089.jpeg,92a69bcaf52e7d29030c70c61cc79e5bc93d7a5b6a70c89bf615440bb191c764,region_maps/IMG001089.png,25384efef45f212aadf2d3bad73035483d46c756dd3404d103c0f48b26414940,7,5005,0.7820312500,80,80,uint16
IMG001090.jpeg,82e5637d722f2ecd4f9c7a28c816d10f5e3e2864ebb6f68ce371ec52c829487c,region_maps/IMG001090.png,d2cc8b25f7cb363526504e96ab0d0530c21472c688fd771c0119c5463f9dccf5,7,75,0.0117187500,80,80,uint16
IMG001091.jpeg,1f24af33b4f934245d04780963503adf8c1b64bce0f9d9878897541a74ffcf82,region_maps/IMG001091.png,087e67c62febc216ec18ecc7b4306284154a3ec52835f88616df4d1019828374,6,2473,0.3864062500,80,80,uint16
IMG001095.jpeg,b0b2170a7fd8012c97122811159a004e2b6a717596d0209bd337f9b07663a0be,region_maps/IMG001095.png,d36a86e9af9e6000fa922d5550e422f708bcf5a92856c3dce6f53d63f82881dc,5,97,0.0151562500,80,80,uint16
IMG001096.jpeg,320ea580c987dff8c57f9917a7372451d85aa8fed273e6a94a67148a4f992ab6,region_maps/IMG001096.png,514cf8b5130b0385869ef3e9815b355cb53c9a67d2408790a80f8f68b9c595df,10,2213,0.3457812500,80,80,uint16
IMG001099.jpeg,85326f5be2395c764b6c5ab35787b2c995b9f5fd1ff08dedaf364adb3e8c844d,region_maps/IMG001099.png,e30b1b10690f3853cfec291ebb18b0cc8b9bd11b028010b8a3bb7c57def57d83,7,3270,0.5109375000,80,80,uint16
IMG001100.jpeg,aac39a918b0ff3b4889aa116ec66ab06fc0ee3b484ed8fd0c4066a57a4c22738,region_maps/IMG001100.png,a7734938688bd8ac64b28bd5bccfe644ebb0ed91b00f7fa101c2ef2210520a20,8,3941,0.6157812500,80,80,uint16
IMG001101.jpeg,202bc86ee1c5c3fa1b71c4e68c60ab479a8f71b68fa0db742afe4374f952c825,region_maps/IMG001101.png,71715f08ee46c0c3e47a05b38a9b33db7021133cad6f87eeae6381ae313ba883,5,4519,0.7060937500,80,80,uint16
IMG001102.jpeg,d208bf5b5778b00622772751742bc36e67ef4a1380465f24e966cf050260bb0a,region_maps/IMG001102.png,600df4e3b38a19a785330f6efcd3082c7c82415feef2262860d185198e5c845a,4,57,0.0089062500,80,80,uint16
IMG001103.jpeg,910963bec4faa029c9f7daaace2b25ef7bc9fed09e2e4b614779ab89f2e76a44,region_maps/IMG001103.png,b379453d4bc5b7cca3d62d821157ff26e9d025ae5b82ee085091cae906ad432f,7,2439,0.3810937500,80,80,uint16
IMG001107.jpeg,524052c9f746c55be2245a6405048504f31938facc8606e5d55325e856c253a3,region_maps/IMG001107.png,ecef030ef7feca2a5962a3076a4460e9e77fc92bd428110c45caa87428406a96,3,5,0.0007812500,80,80,uint16
IMG001108.jpeg,142ad5be664cad3090567f5dd6cb38db641599544208a8cac7e42792a744ff47,region_maps/IMG001108.png,cbe0e2c8e08465cec8a3dace6f3c6037dae342671c3cceadc1ed70f1c66599e4,8,34,0.0053125000,80,80,uint16
IMG001109.jpeg,7d170286fe6faf12c4578e97f63bad51401f2c173a9120167cdca43bd11aa3d2,region_maps/IMG001109.png,8b304cf05fdbcffdd1db24a4605fdb2edc85b31715c23bf4fd985c5a196083f8,11,2408,0.3762500000,80,80,uint16
IMG001110.jpeg,4641176f98a8d54c769240a018ab95baa5bc11f75af99b00495649fe29c835f5,region_maps/IMG001110.png,59a5127a37d8ab727365d97ce4316bcd3683e7eea2069c7cac190f2404a80a42,11,4716,0.7368750000,80,80,uint16
IMG001112.jpeg,9d521c178607b43eaa2f00457952348dad9c863b04117d0ee3c79c0d8435d092,region_maps/IMG001112.png,5bfd58bf494a1ccaf2f9801f8dcf2e588aba4b51089d809ade9072e7c73f45c4,7,2899,0.4529687500,80,80,uint16
IMG001113.jpeg,ddd3eb2531a6c2cb1053bd07b5384274d87acba44631881a10528ff60fc2a1ff,region_maps/IMG001113.png,fc047429f1bef7c0a6f1b9d9dbaff48ac3ec3070a3476259565e341f1a914e81,5,3160,0.4937500000,80,80,uint16
IMG001114.jpeg,a7dbf5fb1570a8cd2a1cbd1c618a6e0aa791a5338f8526efe9b8165f91aeb0db,region_maps/IMG001114.png,5617d61dcf34d8a7a103910de8bf96d7aa6f2042ed51e1071b5e5d228ab84715,4,0,0.0000000000,80,80,uint16
IMG001115.jpeg,ad06875787e47d1d893289dd20f1c6d450b330397bf4871656747b041482319b,region_maps/IMG001115.png,4ece60fe09bfc3ad20930c0e4eb5cca2b663f9f68a222e174c86164d6f781436,4,14,0.0021875000,80,80,uint16
IMG001117.jpeg,c682bdd653af889cf4289b12d3811afee0c1e0831fde7080ad6f3663a9923144,region_maps/IMG001117.png,6b7c09c68f4e7fdd762c1a2364768f08d01ccde047ee4f74a28a3cde603247b3,5,82,0.0128125000,80,80,uint16
IMG001118.jpeg,d8031bb1979304fb1427b974a3a0c7999fd74cd9d55e9bdc16d3ca4380179e95,region_maps/IMG001118.png,07b33d67b6f695a807984d9a4db3afed059895f009389f015c286c58c144dab6,7,1305,0.2039062500,80,80,uint16
IMG001119.jpeg,d8bf7b7c120ff8bf5c06ab9f3e83c558aa187f41a6336ac640d059605336fbb1,region_maps/IMG001119.png,f208c17d33be553cabe8e2edb5a32a1e500bb5d53bb1f3c45a04536bf1db8fc0,9,1852,0.2893750000,80,80,uint16
IMG001120.jpeg,7fb75c483cec4d60318e3ca41ddb23263171394ad022f01c717b1d6d3cef7af4,region_maps/IMG001120.png,e878ec90b9ad3eb15c055fe740735faf086e91d9cdd111c41e40e4cb1b8aee8c,24,4371,0.6829687500,80,80,uint16
IMG001121.jpeg,abc4492e2ae7c47d651b19b778cc3baef9a9657f16e99d3efe02cce40c3d9993,region_maps/IMG001121.png,c6988dc15dd7b12d5a96ce313102ae67affcc095e52e88c5825e60888dc8abcf,5,4240,0.6625000000,80,80,uint16
IMG001122.jpeg,9187aac002f1f6d25a2f6edc2a7fac1c33fd13a514c84606e36869a0f00417f4,region_maps/IMG001122.png,8869bc5482f6423e973e65239cdfa2897a7158edaabcc7ac678590a17f166f39,7,902,0.1409375000,80,80,uint16
IMG001123.jpeg,9a02b8c570b21548a27025a84a512cc9affebed506f3698a704a9f14cc7fc431,region_maps/IMG001123.png,97953f79727c4c826319128c6e3b36e3ccb62afa24bf5b244c5a796e5eb19936,9,5673,0.8864062500,80,80,uint16
IMG001124.jpeg,4bebd2dd2c6755f93daa54c24bc6aae108cf1ea8b4abf17e4c7d8ba728050241,region_maps/IMG001124.png,a6948b9fe307b7bd3e72e37ba1f729d1f875b855c14245ed64d5647981c09a26,10,1932,0.3018750000,80,80,uint16
IMG001125.jpeg,b1c94c5fe6dc199d2f4410defc806d94ce866e6f9b73887f3de7c5b75670b7ec,region_maps/IMG001125.png,f0a97ed352153ec618a621f3a812559676257744c115b72d8c39004cb3326c69,11,2392,0.3737500000,80,80,uint16
IMG001126.jpeg,ff639949eca04113d5065be695b03b4ebf020d9dbca67956d624f2c288726989,region_maps/IMG001126.png,a8457ff3193f0d40be7ca179d7bec70de6ded3da7bee38489aba873a7259b9fc,5,4975,0.7773437500,80,80,uint16
IMG001127.jpeg,7ce237de810e2c645a6c9728c37fe4d9e13ee1e7e0c2a472f417a813d8235b8b,region_maps/IMG001127.png,f1a10748d6aaddc8f56af568812e9b2cfcd3f77f2403407161ee8a1829665e99,3,5386,0.8415625000,80,80,uint16
IMG001128.jpeg,7f6a3e5cec702d343f38e6ef7c85c2b4c8e94313f62a49d5363ecb1e5dc006ea,region_maps/IMG001128.png,0f9a8848babb62948ac00962cc84fd15389fabc0050aee4ca15f0af11b85cc1d,13,5222,0.8159375000,80,80,uint16
IMG001129.jpeg,a5627301abdefcf86f7c4771dc0973bb55b21093cd496a157c67f89533793a6f,region_maps/IMG001129.png,bf7c9eceb3cf6373ff5eb05784d79e8c61bb1c6965fdb970ba7554dab7e40f4a,29,5474,0.8553125000,80,80,uint16
IMG001131.jpeg,07f6c5663248f68a39469ad9359d7426c9120cc936ea71acbaaf74da1e364cc3,region_maps/IMG001131.png,d179ec2f734bff58f6851215d4f483497585ca1c9f313ad028534ff0359ff884,4,114,0.0178125000,80,80,uint16
IMG001132.jpeg,b7ef40d8ea0a2c2e2c25162d9e5664c6edfde95e72268373b581303584741421,region_maps/IMG001132.png,5ecbfcbd6f361dbe7d22acdf1186a9e346adc006d8874bae09b8076bf91c4c38,6,3459,0.5404687500,80,80,uint16
IMG001134.jpeg,0cfa855501b0f5bcaf7e36a845f44eebf3100730331ef106181fe558d725d2e2,region_maps/IMG001134.png,f8c0eabd0c80bd738ad7e7a27eb09341d165dae6c82fc40e192800878d061afd,18,47,0.0073437500,80,80,uint16
IMG001135.jpeg,427b81a2ffdfadfa36fc687dda1025cc860e81f9d9fd69fb8c9a1cecf516602c,region_maps/IMG001135.png,29ad2e6627a2d1ab4c1284d905fd9c4adbea670c88446d0ef088c24bb9af0b2d,11,3600,0.5625000000,80,80,uint16
IMG001137.jpeg,529bb3a27f677dcb9a3ea4a12dd8306ba5f3b454faac703ac336111011318ec6,region_maps/IMG001137.png,e45d35471d7ea0455c6344ab80bdcdfb574b2183a72c5e9e099d3afb528fd20d,11,1856,0.2900000000,80,80,uint16
IMG001138.jpeg,bb70d8802b145493aed301ccd8f079e944c83ecc00cbf460b26c41fb4e9fffc6,region_maps/IMG001138.png,17121b04d69d404fad289d24ad41077be6ff8e9620e273cb13b0c2fce4d03507,10,2804,0.4381250000,80,80,uint16
IMG001142.jpeg,f2edeef33aacfdb528691eb6ae165570a4a02e68115e46e46ddf010b0b7488fa,region_maps/IMG001142.png,03f0a3365b64e6dee218de36c4d625df740d29eb40976c79ce6154baebdeec8b,4,4541,0.7095312500,80,80,uint16
IMG001143.jpeg,333851184dcf2be1a44d73d87f6268e22781e7ff349a9cab8026d6d632772b08,region_maps/IMG001143.png,2b8db9a8b9ea1f598cee6b77a46a9bc0673d46fdde2c76befbf7a73f86ecdfec,9,1747,0.2729687500,80,80,uint16
IMG001145.jpeg,b578c9117900183d8fbf255e71494c45ef64547dd4f65884349bb4390fd2dcd8,region_maps/IMG001145.png,021e6f3a762b7dc40efa2e6fa545b848d0769513614fd57d441d4ca3e4ab187d,8,3395,0.5304687500,80,80,uint16
IMG001148.jpeg,584b51faffbd185d56f31a31470650d9876476bb312aaef96421be24c2160c70,region_maps/IMG001148.png,4378708e9824459673865caeb3846e307e268efb7e15b67e77a1b8282e0ab442,2,3882,0.6065625000,80,80,uint16
IMG001149.jpeg,5ffa8b79cf882f81e129cbd2bdd1e8352228f440c7330e21779ca69c7721abfc,region_maps/IMG001149.png,1b7132172952fc4d06610ecc486ed06ba30a7b5e8adc6d330efa9d4ed473f37d,5,0,0.0000000000,80,80,uint16
IMG001150.jpeg,7ac070a6007d9c40fa07bbc5d82598a99e5aca66b8f4f8a4769fa50f4db099e8,region_maps/IMG001150.png,64a2b39f18f0f86bb9999d4a7bf426565d54aedaa0ec407aa20a9dd0d822f345,6,1145,0.1789062500,80,80,uint16
IMG001151.jpeg,e96a9d1f882ee0a6d5fdb60c4a4371d16ed63b653eac08709a02b6d03fc9ffb8,region_maps/IMG001151.png,0bf29d60723a6392ce7ce650cf556a87b6aaf6ad421133694ca5bf374e723a72,6,1123,0.1754687500,80,80,uint16
IMG001152.jpeg,b15bf77f4a2e69afef3df3df7268249dd2c183f767078531cbe6b52935749846,region_maps/IMG001152.png,703fae75ea0089dafa3d639065cce1d75de16a6b3078e1703eb107f0c73337f3,7,1953,0.3051562500,80,80,uint16
IMG001153.jpeg,1b266242510f20c5f9344225f7737a33e4b2c792dd0158f777ba0b0f1ee1f9f9,region_maps/IMG001153.png,8fc55444a901be887f5252807435b74cfe8c94a329d25ea87e4f1790e8e47e37,4,71,0.0110937500,80,80,uint16
IMG001154.jpeg,04cc80f667a1229802d851b6eda64a4238c422a5fae66185d133857e619d9531,region_maps/IMG001154.png,72da7df64cf5bb4ccd280b3af4e8ed00e6b62858eefa77bb2c13ff0528e342b6,4,5486,0.8571875000,80,80,uint16
IMG001155.jpeg,24ebda4581f64e47a28e3471327e6618213f79acedd4de31f854acd903eee7eb,region_maps/IMG001155.png,e36f678e79a865e7187d3c3a21f80aa479a83ee5c7de15d2f81f9866f52eaad7,15,4880,0.7625000000,80,80,uint16
IMG001156.jpeg,f8bdf58ff64252a4677e708c95698b692b52b7fb83dab757c2f5df9ce39648b5,region_maps/IMG001156.png,3665130e9a85537897adedb87ac56d22d86e72d4624a8033984bdb5208f7cfde,15,5146,0.8040625000,80,80,uint16
IMG001157.jpeg,dcec70d7c68c351928968ddb1ffd30f7ec35ac9ea9e8f9b56bfb4453797c59bb,region_maps/IMG001157.png,21ec8260513db4f70a0e75f1a9ad754793b6034c47c83cfda38e21ff0c2fdfb5,9,4201,0.6564062500,80,80,uint16
IMG001158.jpeg,7b81de91df9f5b7722108cb4e04b4ad5aba712007d9b7a37a943448f0d66b212,region_maps/IMG001158.png,d7b721514a35cc98548f6a1c87df0526d0f40596d7a85f5895d433bb07b8c905,8,3386,0.5290625000,80,80,uint16
IMG001159.jpeg,0ef66c91e927632cecb907343a4ad94225b100f60e6ef2f8eabd240295a34213,region_maps/IMG001159.png,717ba454cfd0ab8a603403683bae8aa7e3e883ecea90b34a1e2053d73ea79af3,8,3543,0.5535937500,80,80,uint16
IMG001160.jpeg,afcc91870c2d0813ce646e71faf6c883a61d74776577a052db9b25c8a39bf941,region_maps/IMG001160.png,56297be4e2e34ea778d5937898fb35cc3e0894cf790a45dfe30e65fbdcb2ee15,2,3413,0.5332812500,80,80,uint16
IMG001161.jpeg,c1dba341c4ba1a1b359941abd62170dc4a6e58b901c2bde7f9ea8f822c5a737c,region_maps/IMG001161.png,1bcd616c35d4bbe6409f85efbcea2ac6c3b3827678fd1608b9f782071a8bfa87,8,2799,0.4373437500,80,80,uint16
IMG001162.jpeg,c4c05aa8b41291e697bff43f9898f6e4420c813691d30b0a4eedef654e3a39b8,region_maps/IMG001162.png,e7483c39b54436f55cca89a9ab003517da41da836bc0311381add5a4d3b50857,5,97,0.0151562500,80,80,uint16
IMG001163.jpeg,7570b99f496b82319099c1c6b1a11d078d7af5c5a388675ecf845b967f922a2b,region_maps/IMG001163.png,371aa32ad3eed17397ba41a7e0e58a2d9b1d65b9d923f591995c147b16079798,11,1855,0.2898437500,80,80,uint16
IMG001164.jpeg,3137b07f1a4fcb609d37793da3cc41dcdd0b10fe7f5916a9c96c32ff012dd1fa,region_maps/IMG001164.png,6c8b16dec2f969fb16dcd6847a8d816384251288a0905e93cd8879cbb55908a7,3,3756,0.5868750000,80,80,uint16
IMG001165.jpeg,7261b8ff72ee5f39f9c316a11346fd3e8b44bbcde0d0087d4017258bb10c9423,region_maps/IMG001165.png,d1a6a1695c40411b250f53d1ecb18b5eef2b83ca61f2f07b8d56b8ba1013bb83,4,932,0.1456250000,80,80,uint16
IMG001166.jpeg,8b81b283fdd6402ed0d1e342eb24cd15eada3077fb1b95d340b58b2df5b08c51,region_maps/IMG001166.png,5e3632d76022f81c73a2feec3da3db6eb32a8ff5826302a2936be7f0a71be722,4,78,0.0121875000,80,80,uint16
IMG001167.jpeg,6d0e98212440749179fdfedf226dc1e2f04978a08072276664dc4954721b9f53,region_maps/IMG001167.png,f156350ad5a58292159959a9d405a31404d958ba7d6e38bf9c7ddb663ca92167,7,2381,0.3720312500,80,80,uint16
IMG001168.jpeg,e558b6fc1a410545ef71be226d68f1aee30d0a721586c097730e893899ffe248,region_maps/IMG001168.png,884dce400ccf0ac6c9a0a94b062a6156c30f11b365efac94e8d0e4f7376da2c5,3,2893,0.4520312500,80,80,uint16
IMG001170.jpeg,8b01e5e3a87d1b38be00709936f729fe3ac3d0f60a524878723a3ad51200e67e,region_maps/IMG001170.png,36cbfe18a01196cc0224c3736bb49af5040782bfd3616a1f7064af68cef2c7d7,7,1637,0.2557812500,80,80,uint16
IMG001171.jpeg,b24b5453b992fca1de9630b9a54b9a58de6906a83e39a8ee22d0126f5c1eeab8,region_maps/IMG001171.png,a20532b6ba5a5a496f8adc8ea578bbbbce69f4cb0c61e9865bd0d9c0b2fa4bbd,6,1573,0.2457812500,80,80,uint16
IMG001172.jpeg,a2a17694e447fc00d3e82db79ec8fb58a1f9603fba508801c24fa1759209a49e,region_maps/IMG001172.png,c7c05bfdd99723ba6b9973feb28ff56e81fe330e77a4b9bf7d84b7cc349067d2,11,5211,0.8142187500,80,80,uint16
IMG001173.jpeg,cb116205b93084f86ad5d85a337da34b585ea608770be8e6e4ea965c4697c6dc,region_maps/IMG001173.png,1eb8fde2b6caa79618eb53edbf7fcc8f0e163871740352c39d0a39075a0550e0,6,4769,0.7451562500,80,80,uint16
IMG001175.jpeg,b9e210eaf151827b43283c354a22c6112ee4232566faab461fc7d89418102d61,region_maps/IMG001175.png,d40d94faa5068ac75bed1e8c02bf893ceb9c243f0abd2bf73effc7014b819fdb,5,4352,0.6800000000,80,80,uint16
IMG001176.jpeg,c0eace6ad7ff9ea943ab594f9ff9f96abd69dcf6ff3fb949e0aa2dee869b0133,region_maps/IMG001176.png,7eb2a2aeea1344b597b18a37cfa08ada30a2175e938dfa7cfd39d9d613aa3030,5,2700,0.4218750000,80,80,uint16
IMG001178.jpeg,e83195362f3a104eddd7e9f44a4cb45437ce257ce65dbac82299a1732e416dd3,region_maps/IMG001178.png,3f3c56360e110cbe0d0640872b9fb2b97f2ac6fbf8669e22183780b5602f27be,7,1439,0.2248437500,80,80,uint16
IMG001179.jpeg,30a310562831e745a95acd08464ead9594b98bf683a2bbb2a8ba880f2da33782,region_maps/IMG001179.png,f06a9f440ffc03ad8c489e3c91ffb8bbd1821b272919ee1e80fed569e64e394b,3,3902,0.6096875000,80,80,uint16
IMG001180.jpeg,e3b80aa412e7b6ff27a1967bc03bdbc3c07dfaa13c1edb94d6e047ced6630618,region_maps/IMG001180.png,2d00aa97f80e7ee326ec089a1fec6b220a62c90eb4e4fee32243694151c7d08d,8,3912,0.6112500000,80,80,uint16
IMG001181.jpeg,b7e162221d7aa597e80bcda6a41cdf0017ced81c1c1f6a4ee3b336e9ee76a7d3,region_maps/IMG001181.png,584cf9f0d03b950cde2289ee0a17eb6830af3a17c7584588553ec7e19c8aaaee,7,3812,0.5956250000,80,80,uint16
IMG001182.jpeg,e6fe23da86c067889bd74686893bb6c72063b67bed3a253bf04db2ae3b49bb84,region_maps/IMG001182.png,f66fae8690cae72ee1a3322f47ec6f3ad38f729a1e037ab32b07b52a5e6c5683,3,6,0.0009375000,80,80,uint16
IMG001183.jpeg,4d9c7b12ccfdd29881f297815eaad24a5d3b1e86cf0b0f2dea4cc5c7e71c2943,region_maps/IMG001183.png,753253a2ebb6963ef274ae14f4b1ca51096e0978567a4989dc3b3adac9219b3f,6,4,0.0006250000,80,80,uint16
IMG001184.jpeg,68f3d17f065dc32a3cd57beae0d58f9d7ad380b99c9833e5104796040e3d11d1,region_maps/IMG001184.png,e9cccd5cf8c62a1da724abe602d13864e8ecc1f667f5ef98d433de939a12cee2,6,2894,0.4521875000,80,80,uint16
IMG001185.jpeg,0edc0ad1e096d49a095c5d1a0441e78d080e87c1652b74465c64782fc7c52146,region_maps/IMG001185.png,4ebf4884a44f73c85cf0e0c4d3f5cf27ff91362c852fe8c94134422b693652b4,5,84,0.0131250000,80,80,uint16
IMG001186.jpeg,0d89f2b543fb426e42e8bff3d8488f16d59fcda0b6b6aa8cfc3011c277f21541,region_maps/IMG001186.png,2c118fe61a7e31d1c6e751a593c0f1408810276e2e4ca81d7e255c804dd398fa,4,59,0.0092187500,80,80,uint16
IMG001187.jpeg,148d911fd508f6757d401d1108cd33830c2825e1dd24412904a6c3d4c9986e48,region_maps/IMG001187.png,b8a9b9ea46d39626557522e7b75f5751bee067f95c3a7ac725e891666de02ef7,6,53,0.0082812500,80,80,uint16
IMG001188.jpeg,10812f3d780632ac400578b1808fd32feff5f669916a2ef1fc6362f0b2d57427,region_maps/IMG001188.png,9d816a8158c49e91d7d82ff034a3bf8d9d1fb6ac76144a6f490166649561bc59,4,146,0.0228125000,80,80,uint16
IMG001189.jpeg,f01a052bdc336ef7bffb140c79056e42b8b844194f063f392a5a655618190adc,region_maps/IMG001189.png,ae436874fcbf8adc0145384b667a3fa9add538c415b3ed4b38463a2075d01ccd,4,166,0.0259375000,80,80,uint16
IMG001192.jpeg,0384a5d76a06ea641cb126f750bfb2bbf0bb04f7770d45384c5b347fdab6e609,region_maps/IMG001192.png,a959d1cb18ab8c3b968b74445698db02d4f082997c0785ef020675b3055d1806,6,91,0.0142187500,80,80,uint16
IMG001193.jpeg,19e858d7bd8b7b022ed6f3ae636d43004c9f42b703e3aa7fd247b9a31981df34,region_maps/IMG001193.png,27900176c389971ee974d3de8503c182148ec8f239366c248dd4562d2ff7c129,4,77,0.0120312500,80,80,uint16
IMG001194.jpeg,8cf57ffe32f4d772e945284ebbe033542b8190733bccd338f44678c095182c34,region_maps/IMG001194.png,fcef7e77848b1143db4092c96ea6dddb6b46a731c374b66a6109a5f3b5316859,6,2233,0.3489062500,80,80,uint16
IMG001195.jpeg,5480363b8757bc41b32ce3a5622d6cbb8708ebd014d6614e9d40d5fa78f11f12,region_maps/IMG001195.png,3916fc526dcb304d58f263ddbc1fb8de15e84c85481703cb0cdfd169169dde8d,7,1975,0.3085937500,80,80,uint16
IMG001196.jpeg,3f7793950622e858357434c7f056b79b0190541e77f3140f0192fe29dc1ab23b,region_maps/IMG001196.png,24316facd3b1f5564092cedf1cc4ab07d51075fbd58ac91be30fb3d15adbd1c6,4,226,0.0353125000,80,80,uint16
IMG001197.jpeg,dfc526a2fd56a3101d755d1ff3a7cbbf57825ea962428629debeed751b56b86b,region_maps/IMG001197.png,087b19db67d10f514f6a2750688d6e4af3c0aa87e830ec617227354dab894dce,4,58,0.0090625000,80,80,uint16
IMG001198.jpeg,9ed0fa538c6d830edb666138b98a482c0df74b913548b29d6195f6349abfa3d1,region_maps/IMG001198.png,b7b050d84e7b09eab1e184f52437040f5d99a6d0018bb87add8e654ee351662b,5,72,0.0112500000,80,80,uint16
IMG001199.jpeg,3bad422f29e1817a7da4150bf6257968d2b7f6e448f7f6438e8774273d5e8ea3,region_maps/IMG001199.png,81a91e816ee64742ed811cbeea9f0cc34b8b44bbe07c6009533fd6b90589be98,5,4099,0.6404687500,80,80,uint16
IMG001204.jpeg,20872be8460bc69c1d5f9a8c32c2f40b6dbcf970cfcc0de81a513891d4e57263,region_maps/IMG001204.png,760bbfafd514881cc0f11186a109267f360477c504bd74b4fe4988984f449625,5,3197,0.4995312500,80,80,uint16
IMG001205.jpeg,fd59e38111e4994ed3a7c9f4e8e568388b495fd5d0e3be7fbb08655d4c871f39,region_maps/IMG001205.png,e23ffedfdcff677f57736c344d75572b21946d33125dbf76c9aacab9283ebaeb,7,3219,0.5029687500,80,80,uint16
IMG001207.jpeg,7af221ef50613e67a44c06ef24afc5b884f9e22df5d8417b7dd98584dc665d81,region_maps/IMG001207.png,aa7979d583d62ee31439c5a6f40a5879ae900d25d94ef7f0488f52f6ddb05bd7,9,2231,0.3485937500,80,80,uint16
IMG001208.jpeg,5e881e9317e19cbada2418a502a2ac2b8a6643d5e22bef87c23c20b5475f667a,region_maps/IMG001208.png,5b298040442e947f2874712f5cdc14d8f5805853e862f7c0b41708721002e1c4,9,1472,0.2300000000,80,80,uint16
IMG001209.jpeg,568993336f4589bb511926a021092092171dfe2d1668f7b4b952d25b7df4fa58,region_maps/IMG001209.png,bf872a9e0af160aa0ae20aee48fdd68e174436ba55bff11a11060e434249b0e3,3,3194,0.4990625000,80,80,uint16
IMG001210.jpeg,35f4291b7e55f9698db296c7158fec6ec6b81f62bbaac62ce2be622ecf20dd7b,region_maps/IMG001210.png,51e44fa18b146e2a44ae83eadad62cbb32585d1bbd574906b702d7db4b36547b,7,2801,0.4376562500,80,80,uint16
IMG001211.jpeg,355da0dd93ecfbea34382bb139e782dcd61711423a2ee9312c4915abbf25afa4,region_maps/IMG001211.png,ae23d12902320f4d148ea180a8e84648f759cc1578a4afd44633b345ad406462,8,2851,0.4454687500,80,80,uint16
IMG001212.jpeg,54f4689b7a9f31437dddf18eb56371e49e66bca16a4db210b95b9823033b1bef,region_maps/IMG001212.png,d9d8bbf84aa6af74771667a3357210e5418b2c44d89ff2194130fee43b99bd96,2,4921,0.7689062500,80,80,uint16
IMG001213.jpeg,fbf8bec63167529ebf9a970b419fcdd57b984a65fc739c42b413f3bbab6d0638,region_maps/IMG001213.png,3e048d9667847af037b8fbabf941b5d215e9cce378f64614cbbc567cb0c4a90a,7,2874,0.4490625000,80,80,uint16
IMG001214.jpeg,020a01b875d94fe981c3a0c66c075f5c564fa98d5ae732308897f80ac7bf6741,region_maps/IMG001214.png,e0a9b18008010335d6f2e1d58e8ce7dba6e4b306866667920efb0358f1134f5a,13,4241,0.6626562500,80,80,uint16
IMG001217.jpeg,79cbd283d876102b6b71164c1a2394b49257fed888d5dce4cd85d52a0d1c2de5,region_maps/IMG001217.png,aafa716c15be083dc28036072f2c9d7bfa085d8ddf5eb0fcdc7aeb59c8f8ab0b,5,105,0.0164062500,80,80,uint16
IMG001218.jpeg,a504578d9575a221bfc477f1231974d0a2f5d097fa7c2f8c570aaadd3cfd5b25,region_maps/IMG001218.png,36892dbf79e8edfaf858349fce4f9423e760360f5dcb2e87c1e5d6fdd542b5e9,6,3036,0.4743750000,80,80,uint16
IMG001220.jpeg,9ce2f61233dccc2eec38504274fc4c376f1967c62818dd7c9484500e6995f672,region_maps/IMG001220.png,4354fd197a04dd6c035d4b0496b0df3d03347ef94537e0ab349e9a0cfcbb9e4a,4,2478,0.3871875000,80,80,uint16
IMG001221.jpeg,6d37245d97f4a1b9690612828a6da128f9a887674051e677c34ed57d9f4a4b19,region_maps/IMG001221.png,44eb628cb8bbec3dca98f1813dff7ff6ec5ff73773b0caa138125cbd1db21ba7,6,4685,0.7320312500,80,80,uint16
IMG001222.jpeg,8281339914b4a2608c8ee03b0eea9e4e5defdfb97a376330fb69aef6892f6418,region_maps/IMG001222.png,e7ea746a2888c27b17c36469845c4f990e3fb6eaf1cfe1267d59d787ca33d54f,6,5141,0.8032812500,80,80,uint16
IMG001223.jpeg,2bc3793a316977008c67241f57fd55cfe65e1f1ddb63aad38b013844c1221340,region_maps/IMG001223.png,9c663dc001133c50b5523eb0a6000a4534eb3e58d5b374b59f1c1bff5425f35d,6,93,0.0145312500,80,80,uint16
IMG001224.jpeg,27076dd9ce9894ef19c3d0742793eeca51653123ccd9a1a203d168ff5e9f58c1,region_maps/IMG001224.png,52f82cb37bcab3dd589381129f984d2276fa951975a6be7b979b759a1a6fdf90,9,1967,0.3073437500,80,80,uint16
IMG001225.jpeg,fa7ea9f60467e18c67d1735b5ffc47a4509ceeba198bfad99089475d7b9a1ad4,region_maps/IMG001225.png,27ae21b5c7564ae9fbabcc17d45fa60e236278e02db144d80ccb033668b60b50,6,2475,0.3867187500,80,80,uint16
IMG001228.jpeg,5419ee1d5312bffe57c9f47e77b52d6463951831ee85f019b51e3a909b837ca3,region_maps/IMG001228.png,29b9d7def948d2032ef353f6ca64c3eace953ac9f72345e86c93eb3a1b5beb87,5,4451,0.6954687500,80,80,uint16
IMG001229.jpeg,ef4bdda2d43126c313f96544eee8db7aa5086c0113fd311177dc8161801a7ba2,region_maps/IMG001229.png,0e0d476c879619c7e29cc305a37356926b095b664b1f7684599d4c07f0fa7ea8,6,2,0.0003125000,80,80,uint16
IMG001230.jpeg,34a883055853ac62eee98bbed1251bfaf2fe1c12c95b92179a570ec30e996af1,region_maps/IMG001230.png,94ed557d37514f208b91d1cb682a78d0e9f4188672712899de6ac8eeb42281de,10,4089,0.6389062500,80,80,uint16
IMG001232.jpeg,2cb722c033adcc02eba17f0abf1ed51a8e5a101fc93a598566bd2c11d30a7d5a,region_maps/IMG001232.png,98fef557d164a97642768369c5fa8e0e9eaa2ae86982c8ca209962ae20a20bd2,7,3819,0.5967187500,80,80,uint16
IMG001233.jpeg,08d4d62600172668418812e89585f89816483a8c9b17c6e66c9d610417a538ea,region_maps/IMG001233.png,ac8203dcc27de0d784414ae2f1d292e64506d052cd48c4637909d428fd17a775,6,3631,0.5673437500,80,80,uint16
IMG001234.jpeg,5e3dc75b26d4f1558403d9400febfae98dbf62b310800389d9130dff4c525d10,region_maps/IMG001234.png,84f55c0c6a561a7ee7ea581ec5841a9da8b4be65be1f0bf1045fd25e0717570a,6,3639,0.5685937500,80,80,uint16
IMG001236.jpeg,db75b7da4685581d9b398486823f9d4dfb9e4bb9d2ed91889c01b66eb8aab9a3,region_maps/IMG001236.png,8afed8207f9e009acce4784727f6c2c2e2853a2c45af0ae001be78bead1dd186,3,6002,0.9378125000,80,80,uint16
IMG001237.jpeg,8aaa058a8e40c894b2dcec18cb58ccc8dfe6ac60b5a3a7a2aad82afc6c170f61,region_maps/IMG001237.png,7e800f617f1356bfb2613fecafb253069307763233a5813e14ef84d3946e994d,6,3605,0.5632812500,80,80,uint16
IMG001238.jpeg,e0ad316dffba5c99980bb6ae6482da0f95a98cbe1f38ce6d8b0150382b8c736c,region_maps/IMG001238.png,d42c0049d61f1343f65213b78d5e49c605433dbedd5f06d69a0525653b0a194a,5,4022,0.6284375000,80,80,uint16
IMG001239.jpeg,251832ef9f8a9d9283494c865c30dd7a3b56b3d5b5859735c6ec4c8f6ad0b22e,region_maps/IMG001239.png,77180a8ad835d5e30a26214a61cb6513b49a386514ff3bf67fe03e98d8514c7b,9,5219,0.8154687500,80,80,uint16
IMG001240.jpeg,d1995c8a28e32729ca2c894a59e6892b490dc8883ef6d9f92a98a69120bb7672,region_maps/IMG001240.png,170b08c50496266cd15a5d043a44b3b1303cbcaaaf1d7df8e1615a3fa5e3e133,4,251,0.0392187500,80,80,uint16
IMG001243.jpeg,1756a986dfd74b93901519d49e3c359e7dac7dfb181dfe29566ff4c1b1a72e1e,region_maps/IMG001243.png,c227abc7e263b239a135f4f8053160573403b50fe031c62b02287cb5a205d29a,8,2784,0.4350000000,80,80,uint16
IMG001244.jpeg,d89a079e8e5f282de7aa130e12a157c64f1176a8f3e43e2d9a68f683b069c997,region_maps/IMG001244.png,26dfdfc80468112707f731a04beb9c231e1a14c026f50e3e966ba8f321123e1f,12,3078,0.4809375000,80,80,uint16
IMG001246.jpeg,d651104ccf990eadee00a4c2d7de3b615805f859e030c9ec7f4876df4bb04456,region_maps/IMG001246.png,e08a2ee6bf09d0cf36513d4dafdeeb2a5e953c34108ac29c7770737e1cba2d9e,5,97,0.0151562500,80,80,uint16
IMG001247.jpeg,dcb539eff86ef431cbd5a249bbbef90a39e812b07f328bed2c7e2b02853df4d7,region_maps/IMG001247.png,9ca9e3fba0e0a34289ce84700c9abb155b358e5f2b93071211d9acf4116c48dd,8,1591,0.2485937500,80,80,uint16
IMG001249.jpeg,1839ca3b2e33c107eb05f5da2e8fbcb64dab18c1e2fcddf9011e908b38b8c3e9,region_maps/IMG001249.png,a54004cf109721a26ae6eeb79d1dd61ec2b6d23ff2c228b6cd851276d4561633,4,220,0.0343750000,80,80,uint16
IMG001252.jpeg,c13a799bc0b81ac4f447bdffb459a8d198d0925da94f9ebf64169eacc494d64a,region_maps/IMG001252.png,706ec1b2af941aaeffa5700fb952009fdda6e1e811dc38752a72bf352a3e6aa2,6,4724,0.7381250000,80,80,uint16
IMG001255.jpeg,766362c1a9241479e2b22184cca606eb029482a2d1cc6c5e04504d96eab870d0,region_maps/IMG001255.png,e92809c2d928eba5fd9e3227f8e6fa790ed942076ba629fadcf3b5b32ab7a1e5,4,137,0.0214062500,80,80,uint16
IMG001256.jpeg,aa9b3e48d2095f5ff0283186d0a2abbfd94914fa98f45c7cf1a5b47a74af260a,region_maps/IMG001256.png,9653390adc55e9e022a841c87ef73ae63d7be470416cb0df545bcdad1b2c9868,8,2880,0.4500000000,80,80,uint16
IMG001257.jpeg,6e609fe36408827e2e56cee70f0b0a868713aad2553a9e324df8735698867ff9,region_maps/IMG001257.png,af14f45ecc7138b441790df4433b8e9ed2de359fde3a3312783e557f500bb33c,4,213,0.0332812500,80,80,uint16
IMG001260.jpeg,a248349033f8ccd9ecf69d7eafee7d2ef17205773d54f8d6d216477a40929e72,region_maps/IMG001260.png,47c9f149db0c001a22977e78b781b44da6afc6319131a49056fab77493e20cb0,5,3021,0.4720312500,80,80,uint16
IMG001261.jpeg,2ec6fec7092890f60c6201c5d1347a18e52b827da74d8d39cf4a91df6fba3140,region_maps/IMG001261.png,36ce7e347c495b4088d8183eb071f63c48474e7553d938d9def9987767e47f59,4,5727,0.8948437500,80,80,uint16
IMG001262.jpeg,8b4422f0ab9af4bf0e8af5cf6b07e7f3b6aefdca93421dbf2a39fe9db2299c12,region_maps/IMG001262.png,5acc658fd47cc5b3accbab11b90513bf07ce5643124aa55d6a4c549ded0d92ac,8,1050,0.1640625000,80,80,uint16
IMG001263.jpeg,98afa7c332bb53147318d8627041203a0988c517005c22e9f2ce9d90b0c7d6e2,region_maps/IMG001263.png,08a1058088dc95fe329ac2dfeb7a4579d4b8e34c8250294c0e9c8747a35785c3,26,5663,0.8848437500,80,80,uint16
IMG001264.jpeg,e7084f9f10c843d2b7fc96b9bd39a2e6a01631d6b43d10bcc03e168f7d8c25d3,region_maps/IMG001264.png,04cf5d96a381be7ceb7680f629790c4c6806da674932ecb5786f2d6d7ef8d578,2,606,0.0946875000,80,80,uint16
IMG001265.jpeg,8f711bbabc7feff6acb26f0c7bfdb4e78382937e01eeef4391569aba22f9ef8f,region_maps/IMG001265.png,75ce8e091dc376794ed536c02a7ed19abae19045cbc55f4f2bf8c58592a5c860,5,99,0.0154687500,80,80,uint16
IMG001266.jpeg,7a68066985f29304b293cbac0e890167b7976ba489295a5c2bbad7a60d186852,region_maps/IMG001266.png,cc9b879642f958b404e3bca7e3882181120cf59e7bbdea093902100c8bdb2498,7,1887,0.2948437500,80,80,uint16
IMG001267.jpeg,5f50fc8114afbedce654f65c8dc4e0ca0bd471630ea0b5fabbdc66e93c2964a7,region_maps/IMG001267.png,2a82ad0aa9a384d90a7cf7c5d1412f2b43bf63b76ab22c0440d391ad2744595f,7,5321,0.8314062500,80,80,uint16
IMG001268.jpeg,412faf3a84e4e08249858670bc46378bbc52edb94944a8d2825b73e1847f1061,region_maps/IMG001268.png,2f79124c085dd5e8e6e7341cf769d348555c28c072dcb43300cdbf7b442d8d5f,3,297,0.0464062500,80,80,uint16
IMG001270.jpeg,ac9725bdac7b0a2dcbf9f60f3c77267e155fc3231999e1335df2caf78f2eaef0,region_maps/IMG001270.png,fde029cd75bbe714666bccab82fb310f3d86d02c6f3fe0a8fdb6a5a0d0cfb0ed,8,202,0.0315625000,80,80,uint16
IMG001271.jpeg,fb4769ef59ce81eac1a53baa0af67ed494a0425d51503f1c3572eee6b36a5139,region_maps/IMG001271.png,0ac8122f03b989eca3361aa53a481f3f65ecf7c5ba45e295076d0817dd8c605d,5,3151,0.4923437500,80,80,uint16
IMG001273.jpeg,351198d373f8d51d494315775ff281d61f6a0ed7f2c19c791d0c370b6b2b630c,region_maps/IMG001273.png,fef436762ad927225c354587c413f32f120b3b7178ec38089f8b0799ad48d036,9,65,0.0101562500,80,80,uint16
IMG001276.jpeg,33012e1adbe7613953e0d6e41abb5af201c4b702806376b77f72cdac100c9462,region_maps/IMG001276.png,d197c7213dcfa2b3b9aa6e7e29564efb1cc79d875c9f253d1a37a2c3705d201c,3,2415,0.3773437500,80,80,uint16
IMG001277.jpeg,f5bb8cc7e96068e48fb1c9dcceb65068f5daaa3834b4e3a4ea0ce22d9bed2722,region_maps/IMG001277.png,14f75bcf3afbf916f79d3efa9aa5e93cedf233965b19dc79ac27a31613398221,7,3380,0.5281250000,80,80,uint16
IMG001278.jpeg,bbfa9f4aeba97f2d6fa4d78eec918b8275670380641f67e83815912e7a95680b,region_maps/IMG001278.png,234c6b28c3c60efafd76bbbcebfa5f06a2ac80146dbd24639962eea66645c104,7,2023,0.3160937500,80,80,uint16
IMG001279.jpeg,d91e8e6b11fe5bae973b089d5366e447c1c1ad211cd9175bb7b98d7805ceaf8e,region_maps/IMG001279.png,a6d9f1bfd977689262ec0ee8c6b21444e8152cdeff01701fb67e667ca0ed8515,4,3033,0.4739062500,80,80,uint16
IMG001282.jpeg,2f2c974ab0b59e396718503559756b326afe883abaff57308b9e8cd257804874,region_maps/IMG001282.png,5be6e1b53a59cbf41c4c139b5acbbd03e632b43accd40bba714f93b3152cc3b0,19,4203,0.6567187500,80,80,uint16
IMG001283.jpeg,5c7c12468fda77a3033c4ff853147de97ebf2089b14095ef2cae46ccd054f65b,region_maps/IMG001283.png,9592d6340762cbbb293e4cb2fcd6bfd58a0c880adaf64a2b284d10a18f9015ac,5,2945,0.4601562500,80,80,uint16
IMG001284.jpeg,b79bbf21a1dcd14fc94a67abce7ebb6e5596a1b37fc62cf939c98650b43d9945,region_maps/IMG001284.png,e239d01975f0c6592a3e280cd6dd8db00fe827b5e13ad1c6c88fe804ddae6c8a,5,2917,0.4557812500,80,80,uint16
IMG001285.jpeg,05fe18af1e8232df74f409cef3cf27d8221219937ee5b59dbe7ff3e1eff71d3b,region_maps/IMG001285.png,f653e25347ae980bba58e036ac91c4553216d11ff822868ddd9a37b197c08950,6,5137,0.8026562500,80,80,uint16
IMG001286.jpeg,8f13610656f92778ea3074e7947f6d446acedaddc405913d760e6a023e29db33,region_maps/IMG001286.png,d2f0ae10d8306603ed3379c4d911b907976da59857afb60718f8b55daa7b648e,5,470,0.0734375000,80,80,uint16
IMG001287.jpeg,0d7285b01f91e3f3331b55b5a5573ee6212788c659af14190d204798a59ef59c,region_maps/IMG001287.png,ba6ffceb723ae453d00afa980b7c521eb9e187cfd2d72329f81543ee93140796,5,3695,0.5773437500,80,80,uint16
IMG001288.jpeg,36151600fce772ea0a03ca8ef69f1ee639773639d6539c516c26695aa1e25553,region_maps/IMG001288.png,846b80c3d19e2a811be57f88b72d41d8645b7e9d3bcf19abcecbbab9c488ba76,4,304,0.0475000000,80,80,uint16
IMG001289.jpeg,8030899d35992179b97ca606420f3081fff47cb05c98f5c9b16c3c8e56c7af97,region_maps/IMG001289.png,618d777266d342807fd1f0c104b75bbc8d172e7cbaae4c8e84488338eb4c6ba9,11,4630,0.7234375000,80,80,uint16
IMG001291.jpeg,d8afe68d056b645de385ed99851b7b930a51a318f939742ff4775f239b69ec87,region_maps/IMG001291.png,3ae7380b1d04aebce63a3410f464d3d154ef3bc73895a9a343e9ff0a01f29ca8,15,5954,0.9303125000,80,80,uint16
IMG001292.jpeg,a98b7ddc5595c7b441548bdda398b56e0cbeac44a88dd78df98f2542885177ba,region_maps/IMG001292.png,fc716194b5ec18d8504e5ca65dd27af04da385f13a9b5363d8d99a1b4aeaba37,5,5036,0.7868750000,80,80,uint16
IMG001293.jpeg,7f3c7fee601922413c58f85618dad943b10cb4e7f6f5de41b76647f52ef9a19f,region_maps/IMG001293.png,bf135e34e616978476f06315b361d9f7227fb0d60bb881cd12a02b59dc9c8f6c,8,1849,0.2889062500,80,80,uint16
IMG001294.jpeg,3244986b8219477fea188d24ed3c810fd62db2cb240af0f5ac3987b364a925d4,region_maps/IMG001294.png,4cb6537192a3f12882c06197fc55d61acd79cb7d588460f79393d167920b4590,9,4452,0.6956250000,80,80,uint16
IMG001295.jpeg,bb330f1a7f0cd8a4ca459b5bdaec9dbf03b57be130f35180e8185768ebcdbaf4,region_maps/IMG001295.png,fb81bc4b48d149dea7e10955c28b291c1424a5e40e2ebde837d5ddb227eeed47,5,2201,0.3439062500,80,80,uint16
IMG001296.jpeg,ca6ed7df129c04976d5fe76a4c6632b0a8a87e6e27adb6ea06de6018f34adb96,region_maps/IMG001296.png,f0b482318ba0e536eb19bc6e3044f8179b8e1b14c9355dcfaf22790dcb05b37b,5,5174,0.8084375000,80,80,uint16
IMG001297.jpeg,3919dd235b86936fe2348e4c9ba722f23a4a0d6542480e1ccc5423d12a6a4bd1,region_maps/IMG001297.png,d633e556ee38cd25143163aaa621c7126faab545a75a0bf1e2bbdb2e5d842136,7,4506,0.7040625000,80,80,uint16
IMG001298.jpeg,8e4acba3e48f6a55ec666e2a33915d9a1ea33b03e5ad7e156c1f36e374a8f4dd,region_maps/IMG001298.png,b05d1c2924583a54b367632d6462e2a932bcc1cf629f2fa50c832d5d77066571,11,1922,0.3003125000,80,80,uint16
IMG001299.jpeg,4a6dbd0464c62d31062b9ec2a008399ad3b0423d7f20c6e930e2f9f71d92c50b,region_maps/IMG001299.png,0f946ccb9efddcd9d0a1e1891870485c43dbb31ba4aae65ab33f98f877de97ee,5,102,0.0159375000,80,80,uint16
IMG001301.jpeg,19ebfdf8e6360919fdb88752c2ba1517b71130043d97c040540998a0d0c7dcf9,region_maps/IMG001301.png,d6d4c808bd89a20cc5295b7ca51387ae128bdcb2800fdadf0c8a292ff5a510c5,4,3793,0.5926562500,80,80,uint16
IMG001302.jpeg,7541ac06ea28b3b1a5768d8483158475b900952b0e18af61fa84dba048541955,region_maps/IMG001302.png,12a86f0e6bd4e63a1116721c297c1b6805ccc936610070740663e5a13df15a31,4,5034,0.7865625000,80,80,uint16
IMG001303.jpeg,f1a4793da6f45db7e05413c476f6ef051cffd74401fb1de22fb5c64b4ae2fdd9,region_maps/IMG001303.png,f4ff01b35370b32808267aed92591b412f1ca904665300c37d63b010eecfa276,8,5606,0.8759375000,80,80,uint16
IMG001304.jpeg,34bd1e156b82e27fb7ffef8034e98205565dc7c725586a287fde0662833f2732,region_maps/IMG001304.png,5e0e38a3b09882be7780b97ea03117555fb36b84537c308ff9d651dafea0f58d,4,3638,0.5684375000,80,80,uint16
IMG001305.jpeg,9706b04e4dc199dc8144b418f98d3d3ded8aef81354ab4cd09913b4236e529b5,region_maps/IMG001305.png,d8e0feacbf6b17a3fbdd4d630fedffd476b179024f44967bc0ebc6254da9c69c,6,6134,0.9584375000,80,80,uint16
IMG001306.jpeg,784b20c8171e44a6511877954babd7956c679c04a6641eb4873ff07b107fd96a,region_maps/IMG001306.png,fdb400d8868be32a61478eab2105ee98a481e19962f665bee8fa2d8e45e0a36c,5,5263,0.8223437500,80,80,uint16
IMG001309.jpeg,523f47ba2d13599e6b60e3e6dda5701ca9ec7012aba1e753704a2e590eb07dd5,region_maps/IMG001309.png,882dafd84b87fb5f928f2ef2d6092560e114838f5fb4ea0d6d83a74f567d8029,9,3036,0.4743750000,80,80,uint16
IMG001310.jpeg,4d66fb034f5583321d373490f39f551467e8764c7ca3bb780b5429f8634f28df,region_maps/IMG001310.png,01730bf180d2fdbfe99ca38af608bd94511540083481df6c3cdfb439a5466512,4,6163,0.9629687500,80,80,uint16
IMG001311.jpeg,77e83f5d039a357804cf13873b44d749f05131a8733d2b8156e68c5964455aa3,region_maps/IMG001311.png,5b5e01fae0fb173aa8aed3a8e0a60dae826571fc79f70164956d32476204bbcc,4,1130,0.1765625000,80,80,uint16
IMG001312.jpeg,6d5c502c845f86e65ab97622e6ac8c30d16862923e5738f28e008bbbc9f2acd2,region_maps/IMG001312.png,9084901a3da36b2edd4b78fd00fc0a919814b00878b7118702ad014a19dd5750,6,4770,0.7453125000,80,80,uint16
IMG001313.jpeg,5c22ed66177420e67f2a0399816e174061725131f35e3e2bc0298bc5dbc1abd0,region_maps/IMG001313.png,fbce5e74dea41895883c9af249229cad9c1bec7fc7cd18fd035fc1ddfb2e90fd,7,3587,0.5604687500,80,80,uint16
IMG001314.jpeg,996705229bd5331f93d3872c35da55208052060e0ad1e335e8b5659f3caeb73a,region_maps/IMG001314.png,18a2b3ae6d06363ae74b2aa297309628df300dbd7eba13102aa5d44d03372ca0,2,5977,0.9339062500,80,80,uint16
IMG001317.jpeg,9a17358bc67dbe27f9ab551c88c9b47b1e3ff8180ed40a1f3e27da79af58c0f4,region_maps/IMG001317.png,13bae84315d523fd89e91211043d07d9510fc2022ade4e948b79867bc567737c,4,1478,0.2309375000,80,80,uint16
IMG001318.jpeg,42fc1ef3fa46bded47c53ea06bb2d5ade1a419b5acf005f064d29655d1baccf2,region_maps/IMG001318.png,696e5bb1ac30fb431513d005fcd0b834920a9ea0e947e420deec024adcd842d4,6,2504,0.3912500000,80,80,uint16
IMG001319.jpeg,560bd0fad44e5c9f7553f39f062250577b4e66512fb50f9e19c2a4e4ceac7bd5,region_maps/IMG001319.png,ce9d8fac0885a1da9d8a63b7da1fc8d5c7b61b6fab88b6d992e8a7c1c47dbf45,6,4275,0.6679687500,80,80,uint16
IMG001320.jpeg,660867b59d88519eff8c73cb88b2389e19d8c195cd859d6f2f016d519e4d8ab2,region_maps/IMG001320.png,e25da479f1d31ce28db125382e3eb4c11a97ce3b8472656750b4838290159493,5,6060,0.9468750000,80,80,uint16
IMG001321.jpeg,221d4c8a22e2df60b49d59e2a8441ac83e5a6e6d112ce1eba893902a266b24ea,region_maps/IMG001321.png,cd6710a2bd4fddadde574bc434282289258fb87240dc5ba24483c89ac3da29a1,6,6205,0.9695312500,80,80,uint16
IMG001322.jpeg,0bdb981c45d135ac5259e01c98741403f20e75c22ab1ce9c9302d0235277bccf,region_maps/IMG001322.png,0674ceb13e201c5a02bdda1a3373228c7868ff336dfaa90c46abbfdf14809b6a,6,60,0.0093750000,80,80,uint16
IMG001323.jpeg,443b8cbc425782bbd28d80e96840c685d30d8447f3903d3383d26bfe158daa1b,region_maps/IMG001323.png,52f674505c3ad8bddfc56c67083d7b7e0fd92dfb3bf46911d165daae8e8ac86e,3,234,0.0365625000,80,80,uint16
IMG001324.jpeg,6d67e208dcbc954ade0ddf42dbefeb38e28ffe105b22fbab8afae7f0760d6911,region_maps/IMG001324.png,39d8a4023de12c5b2c1dd467aebac74067acc6a5cdb3a21efddcbec1b71f585c,7,2387,0.3729687500,80,80,uint16
IMG001325.jpeg,265acbb7a2465f9e31d0adea28b2ac4f5a0458678346096cf570bfcc3f5ce742,region_maps/IMG001325.png,bee1fb572ccce2cb7b9e63b7cd134d3c310ba2e932cdbc6071ed60a596986cdf,8,4823,0.7535937500,80,80,uint16
IMG001326.jpeg,e7eefed6f346a070ac539fb80aa7b7cab65bddf324c3960f9ebf1791bb799615,region_maps/IMG001326.png,4153d2a994c198e54cd1a90aeb21079d529057011590ff84c58d59aa95fec492,10,5860,0.9156250000,80,80,uint16
IMG001327.jpeg,a01a5fc91e98cc19aa3ca252f800e55807bf3048ace26d20c9f2dfd5ff024b90,region_maps/IMG001327.png,e7cfc4163a922474aeb39d1c7ba1d81316ef555b7c049bd5de52ad827459b11f,8,1769,0.2764062500,80,80,uint16
IMG001328.jpeg,51c44cf84d84835b5c7e2fd307f241252dded6546820b01c1f4f3d4f512afbd3,region_maps/IMG001328.png,cdf50c660911edc149a9eeb9bffe3c888bbdcb7b79be3c6ab3f7bdfaad3b3718,7,5094,0.7959375000,80,80,uint16
IMG001329.jpeg,1532e8c6a6465423c515f6f51c3c6eb07667ed884bb3d71187e8a6750c0632f3,region_maps/IMG001329.png,376df2fa8a6e6227d04c424da7ad5025ec396cba60cf9c96ce0cc0146758d147,1,4580,0.7156250000,80,80,uint16
IMG001330.jpeg,5769f8695a038e738fe1c3606049cae04c4b6d48eceee232e4da28137f05dccb,region_maps/IMG001330.png,57b980dd0340f4caf3390ec7f63836ec38c15196d72d9bd3283b6d65cbd160b4,9,3599,0.5623437500,80,80,uint16
IMG001331.jpeg,5a1641db4f6166c9819c18a19bf46b4553d35f0c8deb85d06e84b212a00deea1,region_maps/IMG001331.png,51e994fcea175aafb82fb5db885bf834a288ec43e111919b0fd78c56b40357c4,5,968,0.1512500000,80,80,uint16
IMG001332.jpeg,bce8ce6d0251fac56ebe1a456110565163d6567cebc1023d3c6d0a15d3f2f030,region_maps/IMG001332.png,c8bd02a7816ff685b5df5ad643e0f7f0efa8a028945df448f38be68f01f39ea2,5,1101,0.1720312500,80,80,uint16
IMG001333.jpeg,664131bafaed0c742bc2402188e91f33429f6e585f432bbcdfe691ae122c1d62,region_maps/IMG001333.png,7a4acf02acc02f3dc5a0beba8362f4ac630a7e45f20fc432f41769429d5f5466,8,5471,0.8548437500,80,80,uint16
IMG001334.jpeg,90e88da325e30b28b10d031b67d1056a695864072e2830f138f235878a048653,region_maps/IMG001334.png,bf700ca1300b1d56ea801dd2e8b8a203b53e73f4d4557660bddf94be4093826a,8,1316,0.2056250000,80,80,uint16
IMG001335.jpeg,21cd808dd1f88033093530b4896a51950c617f3e64509b89336b1a1f0b24c9ed,region_maps/IMG001335.png,74c5325210650beaf34fff4a182416927adc84a2d57b103335f9bf381da208a1,5,81,0.0126562500,80,80,uint16
IMG001336.jpeg,e4f0bbe6e50cbf64adf4615397f483b7b959466010690d389cf7cf8c3fb1b6bb,region_maps/IMG001336.png,182e838314ab907b12ce9e4ca0fab02083bf1dd0a6f597c8cd311150717912d4,8,78,0.0121875000,80,80,uint16
IMG001339.jpeg,2e7dbff39f816459d22209b4b00a81ecdf8e90c6d0f58263f097c0526b29ba9b,region_maps/IMG001339.png,af1f99cb269d51ea3695f8bc4ffcdc354d61af07d4822da5bfb252ab02bb92c9,8,107,0.0167187500,80,80,uint16
IMG001340.jpeg,53de91d9255b3921de77a3a8564952421ffd63217393195cf4e97b8c7c9c60c8,region_maps/IMG001340.png,5e5c3697ea31459f98b65bb2b3d30ad29a2b0f2aee1ce732b1a541032efee4d9,9,4387,0.6854687500,80,80,uint16
IMG001341.jpeg,23ae429f9e2a289c514d2c2215e90d15171f2c1e0940139a63657fdb950272bf,region_maps/IMG001341.png,e8a86b65a3412c1fa976af5714d3f248238fa6c4323f64c17884bc6f43e4c87c,7,2899,0.4529687500,80,80,uint16
IMG001342.jpeg,95f40edfe89ec3b4e5c991bf65b7bdb3cd30d39a9dde7bfc8b6d63ef25fa57a5,region_maps/IMG001342.png,7976161133dde28b08914b01688a71d81e2ea779cded023d015d839a88be7334,7,3251,0.5079687500,80,80,uint16
IMG001344.jpeg,612d95305e5a3cb90c63501003516c6c4d5912f6f792e970a9b5f1cf52802a1b,region_maps/IMG001344.png,2a0f7e9700a50e66238adbd5b4f0976a60c3cce20ddbbb7f4ba5b653a4fee15f,5,2252,0.3518750000,80,80,uint16
IMG001345.jpeg,cc0ef8986ce9fa5a51e87f8c2114d043df34c7e5d6f3164fe7ac08860ee04511,region_maps/IMG001345.png,633ba5a5c8ba3179c5c1c21fecf9166be93b421c961f7779f09e7148e1d5ef9a,6,2761,0.4314062500,80,80,uint16
IMG001346.jpeg,c7b2e77e73218cb827ffc4cb98a739048f0e4a3b02d23a4809d0437cca381a93,region_maps/IMG001346.png,c9d5595374a1a46adc529f407caefba88c635ee704fc0031779ce93aa3b83c95,8,2543,0.3973437500,80,80,uint16
IMG001347.jpeg,fa3dffe818736d023b0bc7fe8b310096627b758a83c41f104be572418e829bcc,region_maps/IMG001347.png,20ed315957ec3fde88c0adfc37eaca3c50398f3c2f5725b1bdd52a256e626956,6,2643,0.4129687500,80,80,uint16
IMG001348.jpeg,4ff2bd6153e53b0e480a0e7dc47f3108f50ffea1bd152a2ffad6a95c8d195981,region_maps/IMG001348.png,e639daffefac02a81edb09d46036e3375a2e4b4d78860742b5767044bb5bfcc5,9,207,0.0323437500,80,80,uint16
IMG001349.jpeg,d5fca24b071e186aa7ff799b8538a9800ba78f0473d90249e8f62752cfb63381,region_maps/IMG001349.png,e9313316d0415a9c6ffac244fa5ca493a2f33a1acfd14bf94047429d2c1bdf0d,9,31,0.0048437500,80,80,uint16
IMG001350.jpeg,cadf3c041592cd68e560b8ab2ab2a384077e27b146d29cdad9c3852607c9d2f7,region_maps/IMG001350.png,0af42c0e4cd62dedbb29088c66d0fd04ab6cf5ea069457486e55dc50ab270a8c,5,54,0.0084375000,80,80,uint16
IMG001351.jpeg,a965f03523c3811b0c657c99330ab5286c2cdf02cc0c0558de5f6c416a894812,region_maps/IMG001351.png,db6f7e5d31ceea8b2175265ba14d3b93864e51a3605f96bc27e176f27ff2e02f,3,59,0.0092187500,80,80,uint16
IMG001354.jpeg,15ed442d0e375cf9db5e39adae095139990a50897e86373f7fe5aeaa1c7b603f,region_maps/IMG001354.png,e34a8c087e449cf1b3b549ec02e155972e8cdf7eeae89db2fc5cb0d005b6cc9c,3,4322,0.6753125000,80,80,uint16
IMG001355.jpeg,a9c050cf15e237614cc1a1a76b9fe03f109d7a1d4201ef445882cc735cc58b8c,region_maps/IMG001355.png,943c56d8b81e194b8000f584ffdda2fbd193c62029d57a607ae3ce220566f98b,12,2382,0.3721875000,80,80,uint16
IMG001356.jpeg,ece712f243a825e27c0b3348d48a20cfa95cc24c265f868c58e15348fb5c7584,region_maps/IMG001356.png,93532f8b76749895b475f41499b80b1dc0860618b1d63a4bc30c2f6cd4298b3a,5,4824,0.7537500000,80,80,uint16
IMG001357.jpeg,babbb11170fa0fa5d6ed88a8b5b01a935f5aaec1a80ae0c8c7c19980f7e8cd2c,region_maps/IMG001357.png,7ad95f79572abcbc99e4c2e7cc89819a1ef1a701b4063ca2ebf738598956e59a,9,3292,0.5143750000,80,80,uint16
IMG001359.jpeg,ddaab39d471de3f3562ee657e1ecfc18356881e1226a5d0256c555fb3ff198bd,region_maps/IMG001359.png,c8b81a78115a780f026e7203e8315329996081cd42ae5caeeee8ec7d8be11f69,27,4349,0.6795312500,80,80,uint16
IMG001360.jpeg,9e597fa0cbde31abbbaed3882028c9b3d50a7e79f63b494857f4969df2df548e,region_maps/IMG001360.png,07e4fb369029686adee0aea83cab733347a3dab9683b1d6ae1bcf96f121c6a9d,5,4646,0.7259375000,80,80,uint16
IMG001361.jpeg,51bf9814e864cc4be4a7b2f1e1a34888e078173e886ad05e82579dc04c96fe4f,region_maps/IMG001361.png,7370a05706f2400300b42468c1fa3d8692acef78e818c7a2f2a9b85d63493c0c,11,4149,0.6482812500,80,80,uint16
IMG001362.jpeg,4c01dd0b7e55a58f7f010be4dd1519eeb73244b87f74d8cf5791fe558d73f8a2,region_maps/IMG001362.png,ae5f11594a930246e1a9e7fd1f92e179bc9225b917405e04416bca8ffbc8ba41,7,5687,0.8885937500,80,80,uint16
IMG001365.jpeg,99a459563c31f089fc3055a9f4b590f0f0e59d07c34ad9feaada19bfcefe948d,region_maps/IMG001365.png,00aefb6730d57c0328e6d1a3a462cac20c384ff24b3597f6a9110229eed2830a,10,4148,0.6481250000,80,80,uint16
IMG001366.jpeg,260ca3174a531af9029d8e3ae2cb42a6ef1080fa0689c62fa92a095f4b1281aa,region_maps/IMG001366.png,e7bce1941d6230d625291ea2c4b42c9ab3400fbb296e8e90afc4784975bc1a8e,5,2803,0.4379687500,80,80,uint16
IMG001367.jpeg,8d572f695a71af8d4a4e908dd0146bc2a3f36cef2e88012b0cadab27873b4852,region_maps/IMG001367.png,3869e620d035b100134beee7364b967b5a5f0607be0ed72dfaaadd1aaadfdc67,6,4020,0.6281250000,80,80,uint16
IMG001368.jpeg,bcb878fdb7d70ff33f1acf91e291ca9851bbbf754b299ebc9b28dc2988ded164,region_maps/IMG001368.png,54e057f931901367e5733378e623e38d1acf341bab0dda00cd154795d1429bf2,15,3224,0.5037500000,80,80,uint16
IMG001369.jpeg,58d1b584b15c6bfc6846d890cf5fe8e774cce1ab5e1e01b29141379bf99ab499,region_maps/IMG001369.png,4a37be339841de0f43372ce184482cbc695a400b019a4eef603eecb3cf5353aa,7,3240,0.5062500000,80,80,uint16
IMG001370.jpeg,d4116d13e8a92646cafb21260f248a4203b56d427a229fc919c4852dfe4e8548,region_maps/IMG001370.png,e037ee86ce5f0b476a62407de547c6aba31af9ae15aaf155a854deacb66cb215,6,3485,0.5445312500,80,80,uint16
IMG001374.jpeg,ba1fa3f503704af27c3fcf61feee9323027fcbf5bd7daac2fd8164213e1fab8e,region_maps/IMG001374.png,c46f6ab50ed60f4bf68302a25e5309dd2d5ab9148654f7467472e4cc6fb73f24,5,5347,0.8354687500,80,80,uint16
IMG001375.jpeg,aecc5497041b49badac4b295274dc948b9fd7703adfc383a284e1757e57cc3ab,region_maps/IMG001375.png,11a1373bede26e2a47b3798e26eaa3bb636ac0a4e73d19729fa430f92c8f7044,5,3740,0.5843750000,80,80,uint16
IMG001376.jpeg,216c6b57e052dae75456deb223748f2000775756667b4ba830e09cec50e30191,region_maps/IMG001376.png,4880547c534142686de5fc348cca52287d62ec4cb0fb3f4fd469520833d8e891,4,95,0.0148437500,80,80,uint16
IMG001377.jpeg,3fd2711c3a32564e0eb28c64e28e61245cf45a8c5b4b421ffaf420db97fa62ed,region_maps/IMG001377.png,df06235a6bde35e9bb3cdb2f6c7177cafd3f1f99480a72d436d44c9fc5e7ca09,4,73,0.0114062500,80,80,uint16
IMG001378.jpeg,cbf4758fb489894a3d466a5e4fad8ac321d41e450f968afa27a93f66961ad847,region_maps/IMG001378.png,b9a854be47367b027b4fe4716be39ee663c5a8b2afebfe80903e4390192ce7ff,7,4076,0.6368750000,80,80,uint16
IMG001380.jpeg,cad9c148c91842d85085c98dc8415d5eb6e81fcbdb6b18e4c2f763480db901d6,region_maps/IMG001380.png,008705f9b16c77fc2bf29e09bd0037739b7f9026b6de06810ac82863ca61c965,7,3687,0.5760937500,80,80,uint16
IMG001381.jpeg,a417064cbd022ea65f2b342d1ab8e771dcbb341436ce706de18d83bf5e618135,region_maps/IMG001381.png,6a97ed694d536eec15c73e5bacee28ba67c2859f5b4f32448f2094a8f04870d9,9,4685,0.7320312500,80,80,uint16
IMG001382.jpeg,a771dff539acf195f0810dc3961ee98342b89f8d24544a2235599cf65c0f477a,region_maps/IMG001382.png,80955ccc81fb11ebed405c74097105130999bf6fe1ad8f5b108648b2ca2a87ef,7,113,0.0176562500,80,80,uint16
IMG001383.jpeg,9cae60ac162a164b769e6ef71ead0d8d4e44cd7c7fab0a2ce87468264ad18518,region_maps/IMG001383.png,79c53c11b5d47c0e985f0a8d4d3a2b0546d63e5c940e296ebca1cffd2025bf4b,5,151,0.0235937500,80,80,uint16
IMG001384.jpeg,1dc850660cdfb3e940d8b922337c84abf3d0b597def464fd08af4c687da20575,region_maps/IMG001384.png,40a828f3ee58420261e82128954ccb403dd39c847b3ed410072fdf38e650e53a,5,2747,0.4292187500,80,80,uint16
IMG001385.jpeg,344af481d4b9099ff4cbefb7da62cd36f8c323b8a08007d255f1e21dce67f552,region_maps/IMG001385.png,9876099ef4f19518439c38618ba5a2d4dde41ec1d760f59ccf84f7b4edd2cfbb,6,3831,0.5985937500,80,80,uint16
IMG001386.jpeg,7c69e609a96fc1af0afe072b28fd4b236bd22ed26afcf454d5a990e41abd82e8,region_maps/IMG001386.png,6cb32b501cc08a342bb1b8cc3842f71842aa9d8c8719bcb4651f38437a480abc,8,2226,0.3478125000,80,80,uint16
IMG001387.jpeg,e6a6eb42970afee61ce2334586bfb65644d1b362cca46831a9b6911105453ad6,region_maps/IMG001387.png,9e536e164ffbbc4ae391782cdbb2866baf5a58c73d986eb495c43a64522683e9,5,5063,0.7910937500,80,80,uint16
IMG001388.jpeg,8dbf201de22c837a50aa55d26d098b990572580e08084914959d5fd9499850a7,region_maps/IMG001388.png,43580e52d04ec18f25ee9aa9529d62d2b0c316582be7bd70e2519f79b9baf2c3,4,105,0.0164062500,80,80,uint16
IMG001389.jpeg,337c890524098f37f56963258db7b22016ad3ba1a0e4f078ce2fc90b4a090672,region_maps/IMG001389.png,ff192a6cf2f2d9403f601d14485b37240f1a2204c26888a5d1eb6d18e09f751d,10,3925,0.6132812500,80,80,uint16
IMG001390.jpeg,6aedd02058050d6a45bd23cc9853e37bb94dabf3b4eefa4ffbfa2287dc214b21,region_maps/IMG001390.png,b9c3ba12d14d0459eb701352f6847617edc2a72700cb6caf5f3dd6e213e0958b,8,2950,0.4609375000,80,80,uint16
IMG001392.jpeg,6e9b23e2c513d24af7c811f798272aa2e8f1696a4b0513f16c7db409cc70d17c,region_maps/IMG001392.png,038eaf59dd77dc1057bbd78126637045512e308305509b7aef21276d46c86265,4,50,0.0078125000,80,80,uint16
IMG001393.jpeg,f8f7956ad67c8d8fdac25b2ff044987aae232f82c64c1183dad610d076879164,region_maps/IMG001393.png,a02050974f8e1f1463808ac4b5bd6210d770d3384517abc24cf5ff98ef2c15b2,19,2469,0.3857812500,80,80,uint16
IMG001395.jpeg,fa6cba4eb9883c07016859c8ee9af20e9d0c8311a0e4c3492a33ffc33cc9f198,region_maps/IMG001395.png,ddce9a3e965de44acd10bb5f7c491545f4946c380fc86873f9575ea2793283b6,6,5025,0.7851562500,80,80,uint16
IMG001396.jpeg,9f0420f1ec42ab7cd08f6a4f6b9ead3a6d89b612bf1e59b89b0542c98e75a90b,region_maps/IMG001396.png,7b2ebecaa715ad1c9c4ea5319b63b6b7030844e4626b06bb5a1ce87f4489f01e,5,1822,0.2846875000,80,80,uint16
IMG001397.jpeg,67deca576e971a06bbe0ceebb09d80cc30c68f3f0b47c73c5243ebfca209b943,region_maps/IMG001397.png,319a12712fb74bf2d754ae5dc7c1e2737fcb36209fc7703713f1ea06bff6feff,5,2653,0.4145312500,80,80,uint16
IMG001398.jpeg,2d6ddfc74da0222a1d63f8033af0b881cc2986d6fbd108d3f5dca0d269a0e3a4,region_maps/IMG001398.png,a7fada3f4c13141f0fef2b2c039ed69648871274fb52a285e0a39631a3a93984,4,4884,0.7631250000,80,80,uint16
IMG001399.jpeg,42ae649776fecbb9902825c41a7ee550d1e1834b75503b5dd95ab174e069bec1,region_maps/IMG001399.png,ae289a9a67a7b3e70d865cc1d583170ae7a0a0c7199ca8583d996b7a2209abf9,5,2783,0.4348437500,80,80,uint16
IMG001400.jpeg,68548f6e0a46f66c3ea376b57095817fe63fe1f7af679560e2001c3cd89b0a21,region_maps/IMG001400.png,26ed8a82699aa661666207f12ae6d20de654267357dd336398e1a50ded2ef152,6,1281,0.2001562500,80,80,uint16
IMG001401.jpeg,7c97f860f1de1418dbdbdb300f770c0a955ebd9f56d98633173821d81c7561d7,region_maps/IMG001401.png,4be7b2ff0a059bcda9acd2d8c36de421202f8b780ed2c45e58b01235df3484e3,17,2518,0.3934375000,80,80,uint16
IMG001403.jpeg,87e62cbae9880eca8161fc93303cf8aed1713ea2cd72d63dcb935abc2476d70f,region_maps/IMG001403.png,b3f07a2234c31655f5d1d113f2ed6491d34879417993b89962df9f466310e4db,12,2927,0.4573437500,80,80,uint16
IMG001404.jpeg,39ab10a5dbee218e0ac85da8389c08097bbb7bbe59b81533359fd4cc0d6fab9d,region_maps/IMG001404.png,3bc8dd5ca1e6e186df0bd799f3717029c863e08cd8fcf9fc8542cedfbc93530c,15,2216,0.3462500000,80,80,uint16
IMG001406.jpeg,5ecfb13963d2321524b9672b584536898286839ac46a368335bd2840e143ce49,region_maps/IMG001406.png,b2e2e5152cd261e998473fc43121819f666f5f08ed5c3a1cc1a3fe9ec2cf79f2,7,5552,0.8675000000,80,80,uint16
IMG001407.jpeg,16cfa607ef093bda44e3f26306b590d6d07e3fd1493fb0fb660dfdf5eccab56c,region_maps/IMG001407.png,a7f20c692e638b8810807d412ff422599cf4c698c55af60ba0683f442a8911a6,8,2834,0.4428125000,80,80,uint16
IMG001408.jpeg,54a8c3368a38690fb2803a2887c0fa064e3251a3e4f05cdb24db255a5ccf4a16,region_maps/IMG001408.png,8895e1bce6bc0d82dde63f05c5682f3352cdae3bb18d0add053a17d6c7a01c93,3,76,0.0118750000,80,80,uint16
IMG001409.jpeg,b87863751331a6416c79c2cec9cb0147075e64d7a4461a765043bb3229c23ca5,region_maps/IMG001409.png,aa1718088e701d65421b5f4e7e78cc6a6b4e06c61cdec00baf90acd70b81c157,5,3537,0.5526562500,80,80,uint16
IMG001410.jpeg,8ac165c83ae56bef5f7b95a7b98b80e95160bfa8faf415f0d845c49426db8599,region_maps/IMG001410.png,3f47bd52e41fd8039777eea4d241d21fe0ebd826614d8316da486c8c56fc13de,6,1395,0.2179687500,80,80,uint16
IMG001411.jpeg,6375ca9848f91caf21a40f2c54d2a8ea68d385e29cd5e649e2275232f95dde56,region_maps/IMG001411.png,2062ff1ba02fbacae8c2c36ce6cd839de9361664d56e8c70bfcb7c4f31f79a6d,5,46,0.0071875000,80,80,uint16
IMG001412.jpeg,c4a69b793bc459e8b587314166a575995f9145887fd7bcb19e03323ca792b2d7,region_maps/IMG001412.png,7d47607a000412ca8ff2cf0c77a4f37438ce6b1d7caed9f3105e3827162da2c0,9,2576,0.4025000000,80,80,uint16
IMG001413.jpeg,d78f691f95002cd37ee4d3b3d3e6e7466bae3ffdf3a63bb10ae8d4f1051c5ef2,region_maps/IMG001413.png,23bd0afc8cd5c09b8ef0c2748b6f6661f1f699cdb8aee2491c242a042a02d452,11,1154,0.1803125000,80,80,uint16
IMG001414.jpeg,b669db4d676de2ea29f6a624509d3f8ebf4ff68f2c3c81758319b98042673706,region_maps/IMG001414.png,d7d681026cfa4780aff03bd2c0a0a21db7029030417c13e762d597af3b35c7ff,6,3928,0.6137500000,80,80,uint16
IMG001415.jpeg,57943ed7b0d46ef50587e526dd56c33f26b2f43d46c17920d7f28dbab97a25dc,region_maps/IMG001415.png,7fe37b495a6f360718c4e9f6d56bbb449629a72ce65eb0603dd40ccdf6f7ac4c,5,3608,0.5637500000,80,80,uint16
IMG001416.jpeg,bf037c20a7f1bd834e7c2660cee0eaaf8703ecc732efcd4cb0cd5fd523317fbe,region_maps/IMG001416.png,9e6cecca08766ed4e60e906c8a25b173bb47888eea17a7537e0031bdffe3da39,8,4787,0.7479687500,80,80,uint16
IMG001417.jpeg,4d2736d78a8ae14bf036fed20a8c2a59b1c986e7081d613ef835cfdc91d86f66,region_maps/IMG001417.png,cbd89eed2d06fe516b497d8a78d0259ecfcb897d6e5ef262799c47c32342d01f,5,6116,0.9556250000,80,80,uint16
IMG001418.jpeg,1bd044f946497d5a2c74687eaa3e2d7698eab42d9973d66820dd94e8170a2f99,region_maps/IMG001418.png,ada2c75cb25b00e6714af296ae0081e2aa082f87e99c386b2614f532ae1d1f3a,11,5877,0.9182812500,80,80,uint16
IMG001419.jpeg,fb606f0b75f707b3249e1123cb5c8253eb68af0449599f7e5e7a05f4c8804dec,region_maps/IMG001419.png,001790c9873aa50778f4ec402da0b732e25b476776bda4be5b95f0a5f96f5ee1,3,4694,0.7334375000,80,80,uint16
IMG001420.jpeg,faca0e920286417cc65610272712f6b633c3dd49fd63fbd5a89532db96344e2a,region_maps/IMG001420.png,691bc03e5ec043e77edb8189929f3fa06fe8ddc38f635e5480dd71ad24a230be,4,2867,0.4479687500,80,80,uint16
IMG001421.jpeg,8fc3880dec7d3602e519a2ce884655c3da4b0f7975135afe58fd766ce260f372,region_maps/IMG001421.png,943c0477b52c99a8968af9042cb115801bf8dbdc956c60b997d2732f2b353695,6,3592,0.5612500000,80,80,uint16
IMG001422.jpeg,e20c19cab551a2503cb11158ada0eecd56e1402e9b5800ffc5a1c0514295723e,region_maps/IMG001422.png,c82fd3f83167932858a21e79cea144f50b7eda14cc6ac74d3dd6e99aafc0255d,3,728,0.1137500000,80,80,uint16
IMG001423.jpeg,022916252a4e071b23c919315b462525f9aa85936da85fc253e1adbfdc3b96bc,region_maps/IMG001423.png,89113e0ca31780ae7cbe6f75854225e85a70998c3f3c81f65fea375e0132645a,8,2323,0.3629687500,80,80,uint16
IMG001424.jpeg,ea9428b3b779258dd82fd248c57eb2c5411957c649b276c8663db39b5f9876fe,region_maps/IMG001424.png,6391443e11bd940277452ab6a05e11abeca42a6d727e2af6855e73542bad49c8,12,1944,0.3037500000,80,80,uint16
IMG001426.jpeg,18c6a40cb34c0bfc5e2df227612d8f975fd27e7cc266168fe78c3d036699f550,region_maps/IMG001426.png,3892310f6eee59f8d479343f5be5cdfb2cac8fb41ed27fbb349ad1b6ee83a90a,2,1124,0.1756250000,80,80,uint16
IMG001427.jpeg,a55d85673aa8cbefddbcacb8bb785111926c901ee9060c051ebdd42cb2562319,region_maps/IMG001427.png,27af46cd65ffe4c3fc01091f4c6411848ac490ece552a582cc8b70bb8b98a27c,6,3156,0.4931250000,80,80,uint16
IMG001428.jpeg,7d7ee07bc96be26ec6d772c71bd70bf4696091cd2e3b8a24c3360de12f384a95,region_maps/IMG001428.png,3f9b46588887e144bc4ee81cc426581dcf1c283b1b362c7646e6d58c8d775aba,5,3946,0.6165625000,80,80,uint16
IMG001429.jpeg,f7c2f06569f4691c4874eb8959793eb34efb3af8e5d6f804e02df408fead8896,region_maps/IMG001429.png,55ee52eeaabe792c03490e96ed243b1c1562675cb8e05ac6a813b0feaf79bb73,9,1150,0.1796875000,80,80,uint16
IMG001430.jpeg,beb2bf2fa9c3ab2925b2b31452e5d710572f351394e12521b0a022ad93be0440,region_maps/IMG001430.png,b36c88dd772e5416921c4b3bbffb7243e3e59294a196657f7cd3fd203071b020,5,3069,0.4795312500,80,80,uint16
IMG001431.jpeg,47673b14a266eac43d4ba478d444cd9620019e7b544164a8248bfed24944448e,region_maps/IMG001431.png,fc0c842cb635906ca28b2ace32848d39e6553aa9968af36b8819fc34f1b73ef0,4,42,0.0065625000,80,80,uint16
IMG001432.jpeg,f577be57b6698ff038d5fce3c1dec415addf99584635c9b260474b69a1d15339,region_maps/IMG001432.png,96b9ae241b0dbefc3d60812e36e40244c20ed21a3967d41273469028cf47f703,4,2023,0.3160937500,80,80,uint16
IMG001433.jpeg,d5817408a3fbe96c5bcc6bcbf6f700242573e13259b1adfdfc8991dacb665e3e,region_maps/IMG001433.png,a9189d7de2dfcd606cdb2da257da84890c7c9ab74ecf740dd01d6f7407e11543,7,3039,0.4748437500,80,80,uint16
IMG001434.jpeg,6833fa1825ef8b00a687065c9a47b9befc9d572f4439f3f11ceb2e5b07f6349d,region_maps/IMG001434.png,948e8d49fd939e7e08800fb5fef6560b35e4ee9f0d8c32ffc704959b8802191a,7,2961,0.4626562500,80,80,uint16
IMG001435.jpeg,c11d12d92c3f2fb0f8529b4aaed69588fa15290a21f0c056ea8ae07296945a6c,region_maps/IMG001435.png,a34f7f1460a33c46bd36b04c15063b46c4286a0b44fc105fae3efb9029c4192e,4,3270,0.5109375000,80,80,uint16
IMG001436.jpeg,309fb3fe69a4d1555384d04e1602e04840a411115fbbcd46cbeb3af7ec4fbb10,region_maps/IMG001436.png,a7a98d59ee683bae1c263672f68100ee98b062370259cf33fda5d6053da8b975,4,2760,0.4312500000,80,80,uint16
IMG001438.jpeg,69fd9c3df071e851a021927cb0e738ecb0092fa7180eb9f2427ecef38a7c2c4f,region_maps/IMG001438.png,068c0e191e76c882af96a20247acbceed7e5c10bb6bb5ca1d258dee0b9cdf6ea,10,4580,0.7156250000,80,80,uint16
IMG001440.jpeg,f98bc228e93bc9e654a9f31f30ea097b6b8bd8da705ad3d78bf8aaf3f5b8ec4b,region_maps/IMG001440.png,0bff072e0cc1b12c21375c0023d7a5947d61c7cdfedcb39292fa21003daf1198,4,79,0.0123437500,80,80,uint16
IMG001441.jpeg,6c48e87ae93eb9ca0d156d141394ec8aaea634e593d07b388e30996008d8bb93,region_maps/IMG001441.png,5fe404730007c69fa85f0c7c6e9bb917183202f2bf16c45ef1d4ef1d65bf6a11,4,50,0.0078125000,80,80,uint16
IMG001442.jpeg,6da98b8eaef1eb3c90c636e38eec93a51277d948a317ca7a019548c167a6bdb6,region_maps/IMG001442.png,12ad46188c3bed7ae604df4f31258e20a6826e95bd3d8716acbbc329f29b7ceb,6,3732,0.5831250000,80,80,uint16
IMG001443.jpeg,c0e03ca122d9e15eb70cb20a88994c0cdc9de5a803b1d803508415920b7da2c3,region_maps/IMG001443.png,2b1f591859ef9a4115c825a28e0f5320b4b923034814dae82e629752ec981364,4,4114,0.6428125000,80,80,uint16
IMG001444.jpeg,ba62b50919a1c6ea797edfd25cd4817c64a1f0d2a684b17bef2482e5fdac100a,region_maps/IMG001444.png,774840744d11d9ed847c4abbdce51c0fae777c9cd4a25083bf5cdbdd4671e268,3,43,0.0067187500,80,80,uint16
IMG001445.jpeg,0807aa953e507cef5424618a5a3d0ac318acba232c79bdf765c82791302276b7,region_maps/IMG001445.png,9504ad82aee9a403c7ffea859e20641b14112608366748499d476be1d2dc9d70,5,73,0.0114062500,80,80,uint16
IMG001446.jpeg,9cefc29d9a1205add3b29407227ae49295cb7f2276e4156e85f088195c8ea4c5,region_maps/IMG001446.png,906e068a73fd63a35fcff5c0d4afe585128c692c4a47d602ccf3cba0905b029c,12,1892,0.2956250000,80,80,uint16
IMG001447.jpeg,2949382fcf7d37b4ec0156bb230f60d27d952ea52ce71d34937912d274929dd8,region_maps/IMG001447.png,b0b3f8f2dc84756ca6426a9ebf8d5c3ae8845ce9cd956717a00e5becd6050193,11,2764,0.4318750000,80,80,uint16
IMG001450.jpeg,38ec5ca9fa54e954a887d3c4d22959f838c7dfb0e42a23a3f97fd788e4c9b0b6,region_maps/IMG001450.png,9b4c5e921b52cb750a0359f39845dff309f1f0e7c3ef1b085581cba15e69de3e,3,50,0.0078125000,80,80,uint16
IMG001451.jpeg,bc9a46cae49b503365141ea8941960c682c3d886c1c9cb6af613063748e0ccd5,region_maps/IMG001451.png,8220ff32dc1b9153f97e315dd582c303f243d9720e17e787d9ff84149d6b2b27,7,3709,0.5795312500,80,80,uint16
IMG001452.jpeg,7a7c7a54394025dea97c9918817154cc5184003e943d7848dfb7aea220ee7c0f,region_maps/IMG001452.png,cbb95c17f3a5ef58960daa0f400d408f1bae2105872e8131822a06a71d458e41,12,2145,0.3351562500,80,80,uint16
IMG001456.jpeg,c05aabda9b236833b8cb779d7faefdad5b92f671c2cade9268a0169e20b70deb,region_maps/IMG001456.png,de4ecd6fb9206234d8adcbdf8e588f82afae60df99403310e2cf72f6c5cf6c62,8,3216,0.5025000000,80,80,uint16
IMG001457.jpeg,4139c8f6d0108b9c973ee34ac3f0ba6483da97b902f3130686d6878a115f69e5,region_maps/IMG001457.png,4d1e99dbfbd9aa972fa260e56e387cd395a9dacebbb78769acb8d7e7337c3121,8,2995,0.4679687500,80,80,uint16
IMG001458.jpeg,66093f03806e187581911e6b79deba51163773d323e875bde6a4375afba76b96,region_maps/IMG001458.png,48710490e02f130f53865c6d7c4bf6999d667a5efbf112fdab9b1f46c453e585,5,5264,0.8225000000,80,80,uint16
IMG001459.jpeg,d369b0de2700a2375a0354234bd59c8ed3352ee0da692a7eb5d5c59f064d25f3,region_maps/IMG001459.png,7bf6f4a9c22a81a37e457a7a396aeae3d1b5a54357240956294d2d8b0c9ef059,4,4638,0.7246875000,80,80,uint16
IMG001460.jpeg,e447ffa2b10e67307306f6c05763a6eb3142ddb08ce96f0d60b9db47d7952880,region_maps/IMG001460.png,d46a71920c13893bd593693b0f39f36d805a41208a37479164dfc80affdcd8ec,13,2076,0.3243750000,80,80,uint16
IMG001461.jpeg,fb432c0e0b4053634a035cba1cb2be51232d75309aa3f0baa1e174e5f0fd75d3,region_maps/IMG001461.png,11f13efc99284d8f6d9a0e4e16470cb069a5f7b0ea41313ea3363379487fe6c7,8,2589,0.4045312500,80,80,uint16
IMG001462.jpeg,4000d50dba4d15a8ca8f04ed8858d0a2eb17ceed267539cdcc057376228c18a3,region_maps/IMG001462.png,440e4499945ce5fd78da5529731045ef59bccb0c8b59c32c6aeb35714dd5a42f,3,3958,0.6184375000,80,80,uint16
IMG001463.jpeg,fd25a5aeaff427ea32c77d577004d60ddb3d813167cc95ae4124be589e2cc804,region_maps/IMG001463.png,dd21e21bc79d3aaf2114f65d5e64386fd244d0b38c314ced793ef4c8c87ae19a,5,2512,0.3925000000,80,80,uint16
IMG001464.jpeg,254275b5befc65e8c47648085a4ec974794357009f2b33331406fbb4ed90f602,region_maps/IMG001464.png,04a4640d7d7e058e7b9473dfd6d9201a67b42e423c173b0b6d3e039758a00143,6,3032,0.4737500000,80,80,uint16
IMG001465.jpeg,0404a02a43e425eb6a2c97b4f46166f9d405981071a8782295b999473a9e0d37,region_maps/IMG001465.png,54e6cc974b2cc5945ff081bee1833a0eb55314ad4f546f151eea31c846e7c4b9,4,3275,0.5117187500,80,80,uint16
IMG001466.jpeg,c10115e9179dbac2d0e75e094e25d081e4266dc616f4b213ae71c12e3173c640,region_maps/IMG001466.png,cd0194c20c4a9534ca233a89c78da2df26340e95f7a7784ce0a6123955c11cf8,10,2884,0.4506250000,80,80,uint16
IMG001467.jpeg,6e992c4d91a5b5e49fbd6e3b7f3ff45750d126984129beb624f5ee73e736b79f,region_maps/IMG001467.png,8c551aa6c6ae4f3fae0ae7d4a3a83d961163ca5789ab1d4286a69e04916f4dfb,10,3410,0.5328125000,80,80,uint16
IMG001469.jpeg,486ebdb6b44d03aa3e087b76239ff9cf7983c2933eba11e967b941150418a9c9,region_maps/IMG001469.png,f7705e665b7f195e7c8429e53ac9bbfd397ea7311c6ace9ce1d2013222e6a38e,7,4090,0.6390625000,80,80,uint16
IMG001470.jpeg,f1e149f798a779416622170ca52b3bbead0101c654a33a40115ad66df21ffa46,region_maps/IMG001470.png,a37c55b02cd253cd71f3bccbd2a517ddea58a28bef4e02d8431133354baf6d5a,6,5024,0.7850000000,80,80,uint16
IMG001471.jpeg,2515f16dc3d162277d501acba05fa903367a5c9400b1cd59e8a0581dcfba94eb,region_maps/IMG001471.png,deb67e752e1c9eb44250787836bb012e15c17dad5c57646b57b843a3d4a177d3,6,2799,0.4373437500,80,80,uint16
IMG001472.jpeg,16346f57e690f284b26f1a5c44b383d61f654b9c956c0b787f2bd8e9a355aa57,region_maps/IMG001472.png,7bac9d60b2c0ae3e00659e734e01d86f7bae54ec9b6c4846707e9d70f8f3b00a,5,54,0.0084375000,80,80,uint16
IMG001474.jpeg,8c98adebf00485f47e688c62432d38d7146bb0e79c25c0648cc949093529cb07,region_maps/IMG001474.png,11d219e4e348bd71a0e3359f7e1b09619e5086274b7a15682f199326d43772c7,4,4448,0.6950000000,80,80,uint16
IMG001475.jpeg,9aab39df195c5201a18e92b6c4e56e87f93393a8780e14022a6454f553ef89f7,region_maps/IMG001475.png,716b7bfa1051da8d9ffecabcf810caab17dfd2e8d0f5d14138291eeea9527ead,5,3468,0.5418750000,80,80,uint16
IMG001477.jpeg,761a8e1b4edf4d2aae0ad99b55bc9d46b64edf0e8236e9d87c55c10b3530d97d,region_maps/IMG001477.png,d8739729101afb2fd362729d4b61ababbfc109de56a920b3c81d7c19cc0f307d,8,3959,0.6185937500,80,80,uint16
IMG001478.jpeg,817106a8afd6ce32b16585d8870cefdc3aefe0468bbebe80111335692181ae73,region_maps/IMG001478.png,5b872a0778e71ffe6f90ca9c8b96925cabbb4fb4c118baa4601fb507e2d4613b,10,4458,0.6965625000,80,80,uint16
IMG001479.jpeg,4b576caca2c258f0036a2c6a0e6cdd286b5914c443d4f865964119eb3d54aef2,region_maps/IMG001479.png,7ec3aff29e9f6221bdb64372dca3f6f12e19ee3cb465a5bf0a2478dadd60a3da,10,2241,0.3501562500,80,80,uint16
IMG001480.jpeg,88043e84a1a3b043360b53fb8ecdeb7a65b11c855c94b2b8c14eac6c802ae4fb,region_maps/IMG001480.png,4d7f8a35d66153bdf67256e7652a2aac4a8080b87d358efcf1259b28c0e6f6c5,7,4156,0.6493750000,80,80,uint16
IMG001481.jpeg,d9c854a8faac0fc156e73bd99ac8722fd38a0d370779693edd5f693fda45afc3,region_maps/IMG001481.png,8f999c51bb2879c2c33a31f0d49afa802daf4b7cbd1a156d2b03da815f724164,10,3211,0.5017187500,80,80,uint16
IMG001484.jpeg,1d27e5ee9149e98f84d46f7331bb23ddfdd97ca219115c6b5be9a5b7d3337ac9,region_maps/IMG001484.png,4b90c9847e8be8a99e10f70dc7323eb9d3de5095401ca23654ee1822b4d95c52,8,2399,0.3748437500,80,80,uint16
IMG001485.jpeg,413316e6c06d2fcc69fc8f803a942789b4006a6c3d6187351c1a7f31953b9ef9,region_maps/IMG001485.png,7c45fee106d5ca403b49edb59a7ab1a81119b9a859a5856171dd23d791e04a72,4,6067,0.9479687500,80,80,uint16
IMG001486.jpeg,10ec3f04d3423a6a911c0f73610c9bda8453e32762dfeaa45d11db65bb729a8b,region_maps/IMG001486.png,843d7a87d2cf57af7935cb8099a4f19d4ec76dffcaa7f9b6a37bd189aef9b557,3,81,0.0126562500,80,80,uint16
IMG001487.jpeg,e8748241d364da98dba2169d6e95324ad06e8e79d9fac71f7e428dfb420273af,region_maps/IMG001487.png,96bb579f57610bdd917425acbb7a4074e66c0891d12ea658b51168309c66cbce,5,2989,0.4670312500,80,80,uint16
IMG001488.jpeg,8da8d3401716a2dd4b3f6328ad8aeb3fa9932defa0289e1df7171e7bb80f244c,region_maps/IMG001488.png,4a93016534cc05bfb342bbe132025d76ad1fe3e2aeaf1b45befb03f8dfc75025,26,3566,0.5571875000,80,80,uint16
IMG001489.jpeg,25cdee322a78d40f0a868a3365310ab56b25b561b0866900acf717309db734ff,region_maps/IMG001489.png,5751eb8886b92ff269ebe2d8bda9726f286b12e6da67b4668a345ee05e025cb7,21,4475,0.6992187500,80,80,uint16
IMG001493.jpeg,f804ad6148f5a857fa97fa563011f5b7c279d9462c3fc3022941d3c0dbdfec17,region_maps/IMG001493.png,0288dad9e762d9d0103b17bcb5b3edcfb6c33ef1c478be0526ab6c4da56fbfb8,21,3543,0.5535937500,80,80,uint16
IMG001494.jpeg,3b8747842862f017570824360b42df08fc6466da3acbbd5f87cfb966e0c05241,region_maps/IMG001494.png,35504a426fb706ac68d019b4ed6a2ff3d39eecebbdfeb16e16ae4f73983d9c38,27,2219,0.3467187500,80,80,uint16
IMG001495.jpeg,d109f94cffbfe3af87d7980f55fc76529832c89e2d5c13aac26c96b8267aa6e4,region_maps/IMG001495.png,d1fcd274ceadc7da72276c690ddb70e737086f638326a5900afa9aa45e7efdc4,5,59,0.0092187500,80,80,uint16
IMG001496.jpeg,f5fcc4a382ea391ba693b1ee70039188e4a2ca9155461ac020f4ae017c1cc1fa,region_maps/IMG001496.png,484dc4b114fbace7601d90395ba688bf679d27002f38879cb2533f9408c3a8cc,8,3796,0.5931250000,80,80,uint16
IMG001497.jpeg,dca18ded387c8fb932644b408758f9ed5a3a3fbafde1cc158ec30147ba4b18f1,region_maps/IMG001497.png,0d2f182f48651aa8a6d12bc993367ed0d575c9eea969f0565c478dc4dc117d14,11,3963,0.6192187500,80,80,uint16
IMG001498.jpeg,352dad32dfee230ad09498f51153d8937ba269f6a185022779d63d96376bf9df,region_maps/IMG001498.png,b2ce8862d516af488c43ffca36ff305b21c8d681aa5fa3ca561b5c0ea4cf65b4,13,2795,0.4367187500,80,80,uint16
IMG001499.jpeg,63b25a89a19f23e0aeb0ed7c36dc3125ce8a00672a77d2d3da05708780604a40,region_maps/IMG001499.png,8ed096bcdfaadd2592167f8c26b46c9c5f4e322cf8ef5d17b841490f98cb2412,10,2502,0.3909375000,80,80,uint16
IMG001500.jpeg,606a2b1cdc2cdfcc4518c3ddb1bcf8b21aca85be6957a0a1f82416852bfaa28c,region_maps/IMG001500.png,2eeacd0784ca965028cc3f4309da4776cd4a0797962ad79f6e65a432d0c48de8,7,78,0.0121875000,80,80,uint16
IMG001501.jpeg,d355413e4e6794b968edbc3e07e5dc232e49c4c1338c9efefd356d95022dacff,region_maps/IMG001501.png,6cf96b60dfe6372323698a2e48478ae13d8b7342ba76ede2c655162c79779d0b,16,4829,0.7545312500,80,80,uint16
IMG001502.jpeg,3e880e71b5b9c4db44aaf791a91640a289f6500f21647a9cfa9479d6ef512406,region_maps/IMG001502.png,4339c7015be84bd5ee4447a205fc5dc1613985fa5c5e9c6d2684039c70dd258d,5,4362,0.6815625000,80,80,uint16
IMG001505.jpeg,0319a86a54fa8008452911adea07394b562d15015106a8c0eacd4376b6b283ef,region_maps/IMG001505.png,7fc565fb9b1f25c57a8267380a90fb28f42ce3d8f2ed42a6e0876b1c7d8abf01,3,5800,0.9062500000,80,80,uint16
IMG001506.jpeg,5efb856b5c3a307a1ca1da66dc5847c48f709de36d12e18b05e8ebd5e4f37336,region_maps/IMG001506.png,c441f9b6473f486ee24dee70fbaaad9fab908e4effa2aa21141f0323a3ef296d,10,1885,0.2945312500,80,80,uint16
IMG001507.jpeg,e4d4d5130af05e89a7c62ee444110d0df422097155ab07f9257b9aac9ac06202,region_maps/IMG001507.png,750f998934be36f9c052e3cf95d85f1ec00aa9ab8a0af5d69be770e4aaedd9b9,8,2089,0.3264062500,80,80,uint16
IMG001508.jpeg,1169dae455103034c4e7f93ba09c89409ca8b7c99b69c16ada193ed39f7784f8,region_maps/IMG001508.png,f15bce8e93869f58c9c8a8b6d41a6987227ab74b8363396893d7f69920108f31,2,5980,0.9343750000,80,80,uint16
IMG001509.jpeg,1395b8365c75fdf7d25c6853bc6a77ba513dd8d8c50f60cc14d1ace94e23ebf7,region_maps/IMG001509.png,936b591de64c4de631a067a07192e3470090a7fa8b0d04faab1453c976df8e32,8,1787,0.2792187500,80,80,uint16
IMG001510.jpeg,8b2be47ec3df2184305eac1ce46c820ee921941268db7e0e3bf77b23d9983d74,region_maps/IMG001510.png,e3cfe080070f830709c8e62c16d8bbd0cbd7f6269a188a66d178f4f86eb8114c,6,3654,0.5709375000,80,80,uint16
IMG001511.jpeg,65f3efdf3d05b2d18659995a66cec84f15d9694832c27b57fd259b9823dd8fd2,region_maps/IMG001511.png,845a8646917f6ae244e97521152fb4cfc38e59f3e256debf93e9a636ff4aa6f3,7,3969,0.6201562500,80,80,uint16
IMG001512.jpeg,1fa83a08b96d54b7952e10ccfa4af9411130680166e939c72f1786ed72a7f7c6,region_maps/IMG001512.png,fc38b4ae68edbcc0f882bb8e8a6338337415de2b3e4be2222dd07b3dd8e37f4b,8,2017,0.3151562500,80,80,uint16
IMG001513.jpeg,6d00a91b782bc1a598d6f52eb324a11c6477266a9616e5bf73b565d05708fa3b,region_maps/IMG001513.png,eed98210dd97cc1c35bfa10fcdf0d6a25f079394c4de0e43df2ff96b829ac6af,8,2710,0.4234375000,80,80,uint16
IMG001515.jpeg,4ddbed77a6b89253112453f53d5d591ed28fd4dee1e6befb40251adfba5d5b0d,region_maps/IMG001515.png,06f01fdefefcb3cce75198dbf9afb4788cc2bed1d50d60087ad7c0e87e069b8a,9,3825,0.5976562500,80,80,uint16
IMG001516.jpeg,4cc1a2a4850622a287932a70cf113be36281daa8743f29726f5ffa6c767c5c3a,region_maps/IMG001516.png,5c47e662b13650f68c318e324496d27fa7761ad96b93a044c6745fb508236744,10,26,0.0040625000,80,80,uint16
IMG001518.jpeg,26af528f644ea95dafd51ace4bfa2b1e146f1ee09a03624ace2c09fdb6817d82,region_maps/IMG001518.png,2f30ebcc7e3e782ff9541241d4f1d0b4337842b0698cbff144983b7e947b84ce,6,3277,0.5120312500,80,80,uint16
IMG001519.jpeg,bf1b180019d8c36c3d29931beb815473f7e30e6cef07c8a4a9c83836853fba01,region_maps/IMG001519.png,2ac204788edd35440d7f980001defd4312dc79e672e8416cdd65a64de39f6fcf,12,2784,0.4350000000,80,80,uint16
IMG001520.jpeg,1e10374e58a904697ded988e312e13af830c30e7a65a9606494e02e48608cf76,region_maps/IMG001520.png,e631c78fa8478b49d2a3fd01908ca4dbc36a9a20eee818c7920f906e0e5cb8ab,11,2583,0.4035937500,80,80,uint16
IMG001521.jpeg,1ad80dd5ed818184a879afb108367dd1980844e9efccc247647c9a8c26ac6709,region_maps/IMG001521.png,7326789070d61374a071ab7b2f315cbf9bd201f934983b7c856de54fbb6eb9f2,11,1617,0.2526562500,80,80,uint16
IMG001522.jpeg,0d2f6812629fe224642e49f8170896b7ee1a1fcd538081af687b512c64260485,region_maps/IMG001522.png,b5b9a29b78f9e86df0f224f26d8cd18370b45c28b2b4326249d7c9396af4c3ce,17,1510,0.2359375000,80,80,uint16
IMG001523.jpeg,de3343e800d54bdf190cf6b2d815a72fc0d7138a5fb7f48fc0f0802a2f871c63,region_maps/IMG001523.png,a0f3e7ba3215a80a8ba79a75164f127ab3f7a7028e289e9f541ef9d57fa1bc8b,8,5900,0.9218750000,80,80,uint16
IMG001524.jpeg,509289e972d47510c7488b6beb8389108374c1a2908d33f874428b345259f0c4,region_maps/IMG001524.png,ff8f1d4f95367e7a633e3c6b8845a6991d7cf88ddb2dacd29d43afe2e10e428d,3,3532,0.5518750000,80,80,uint16
IMG001525.jpeg,9ae19d5e1d95349468ad09562f6c9c3f17bb4f8f3482e0ceea9ecf75a2fb439d,region_maps/IMG001525.png,0e51fc604ac4ebb7c61ac1c7365708b5ad1326a0f554ccdea2648aa66999ad2a,4,6130,0.9578125000,80,80,uint16
IMG001526.jpeg,6bdecd11dd334f8eb0e1ae452d9f70f04f349e28ad49b54072f63a89940202e0,region_maps/IMG001526.png,132bc997bad7549bfc1e5d24007ba03163fc2b50908e2b870ddaee9c9e848a7f,6,3480,0.5437500000,80,80,uint16
IMG001527.jpeg,b341c632c5691d977c979781bc3cdac3c28a8e546046cc003d13b5fbae0b7a53,region_maps/IMG001527.png,0827f420ffdc591f12a08670b666238a581556888b31e6f39d853039da98e4a3,7,2638,0.4121875000,80,80,uint16
IMG001528.jpeg,a76c09a6020f081c4d0a0c3df0c77e66f684707724a4f406a2c66d14f05c90dc,region_maps/IMG001528.png,328cb88a01aa112185542721964c760dce0edf11ba50c682fd8067982f36f517,9,1307,0.2042187500,80,80,uint16
IMG001529.jpeg,89603233e9556818dec08e56d7d15fa00a7f9866bdc2ffdb05c7f61def9054c4,region_maps/IMG001529.png,1a055a5094fc396ef9554068b9b57f60cdbb2bb94623303265eadc774db49299,10,3108,0.4856250000,80,80,uint16
IMG001530.jpeg,7325aaee9e32e9ba0a5c659224ca4bcbb5dbd290da8c7627bef62d46aea35d53,region_maps/IMG001530.png,cef89efe3792ee5fad22d1b00c64e9813cbdbd276cf259d72b46a1efd9de5cea,10,3747,0.5854687500,80,80,uint16
IMG001531.jpeg,4fd2ea0507c65882fa79378db738ec8c27613a90ffb0c7b6036be46a6363e104,region_maps/IMG001531.png,c5528bdcb0a6466296bba699837d3f44ae5d0eb2c7b9c74bff48e764706926c0,10,3336,0.5212500000,80,80,uint16
IMG001532.jpeg,457988979902e08860d0ec463215899fdc5cf8ccacb8a69cba0307bcfe55110d,region_maps/IMG001532.png,a056ab4987feeb024857f365d2d50bcac920d8148e96e52611a6a49a3c383e5a,6,634,0.0990625000,80,80,uint16
IMG001533.jpeg,d35b0059249fba13edb888e40bc71e88b6d1bf6a667ffc50728de2e5fb26b77a,region_maps/IMG001533.png,244977a36b2702ad2e4058954711fa192175a5de8d034ecda528a1a80526d04c,7,127,0.0198437500,80,80,uint16
IMG001534.jpeg,1389ae82b71a25ad500382c183c375aa21462d9874224cb3273a07d998988d8d,region_maps/IMG001534.png,ddbdde344debf0eca0961cf1a9a322ec1d2c5a9ebb41f9fc4a0410c2d0f81f45,2,5420,0.8468750000,80,80,uint16
IMG001535.jpeg,96629b392956d6954b3fd5f3a90c285390c10275c597d1fefbdaf60501afa16e,region_maps/IMG001535.png,9de9b980710fad93c630e94a17e0db81f845d1e07b6c3244a5f218b722cf6262,4,5749,0.8982812500,80,80,uint16
IMG001536.jpeg,e064e5223827df03c17d48e60e9b30e99ad2ab6e9226a0d1529f0a09a1bea0c6,region_maps/IMG001536.png,be417477b1eeae6750b36a65abd86310dfb3ca0f704352fffb4259482a071396,9,3447,0.5385937500,80,80,uint16
IMG001537.jpeg,e5245af5dfb686c2ff14dc3d9f22acc934c8b01ab33eda2760eaf3cac14c3767,region_maps/IMG001537.png,79d4af875eeb3ea49d8080328d48d8e1c9ed949e93b1163c61c1b77be0b44936,7,3131,0.4892187500,80,80,uint16
IMG001540.jpeg,97c46f0ac6770e42e743aeadeb96e3bd052efc232c6a007782d9b5a216f6539f,region_maps/IMG001540.png,73871782b25ececa124b197bbc4a4bbb98ed59816cbac7a8d0f5c1f416ba5eba,13,1853,0.2895312500,80,80,uint16
IMG001541.jpeg,84243a208bb94da05a3ec579380225fd300383c8228fdc408a08e2d85b32790e,region_maps/IMG001541.png,a9ae49e3ba5b4ccf0fee29e99021014db2391554e02fe389f884d3b56303b848,20,1549,0.2420312500,80,80,uint16
IMG001542.jpeg,ce74cc2829ec667d6087b2c90ff3ee594d5ab556ed00fa19fbf95af5d51ef6aa,region_maps/IMG001542.png,9e9b2ad6a4b0fb57f0ccbb8986ffd6d277ace4b45322ba9ed6e6493013ee5066,17,1461,0.2282812500,80,80,uint16
IMG001543.jpeg,e4c0957d17edd5a3aaf0a9199ff5d33750da7a2592a35744bf759124b76dc856,region_maps/IMG001543.png,5cac9fdfa2ac75ad914f7ce44c4381f6c44758501f98a83d83eca74b296251d6,10,3009,0.4701562500,80,80,uint16
IMG001544.jpeg,7a2ee7cc014c5053c1345800a65cea826829b74fd32ea86c49065a4453bcbff6,region_maps/IMG001544.png,73652ef5058298c1cc35506853d3e886e83936e2634f4265bb42ecbadafe75ed,9,2503,0.3910937500,80,80,uint16
IMG001547.jpeg,029fc6f02ac09b5d775836def78edcc8e0aa902040d118d1ad6ec6caedcc490a,region_maps/IMG001547.png,49f6fd189deb03e554335b6856bfdcfb153867dc3735f376143a2f6613986a33,4,6198,0.9684375000,80,80,uint16
IMG001548.jpeg,2db4df3fda1b6386e92ffba50e5be0c4e81d0cf7c6f1852137cbb480393456c0,region_maps/IMG001548.png,58abc6f1ca9e5a8847eaf6272209426ff5dc2157c3a38a9f0eb0ce410262655e,4,68,0.0106250000,80,80,uint16
IMG001549.jpeg,848bd18e9c9ac4014fd308e6c6f0d055d7c54aefe5f2034fc12e97ce4040e792,region_maps/IMG001549.png,80b312528d680c3a099d493431a6861461d0c54d8d2915155f02c011a1f4aa25,9,2153,0.3364062500,80,80,uint16
IMG001550.jpeg,765e05d5206dfb810200a61421515141f1c5b4b030297c7d370981b17a88276a,region_maps/IMG001550.png,b943a0b52bfa0618285a065f2e388ab1be1ed92f7775bf73e4d2b1401a69302a,15,3448,0.5387500000,80,80,uint16
IMG001552.jpeg,3c981c4113531c7fe82777d2afe6a781f701ddca80e384d491be5daea34114a4,region_maps/IMG001552.png,a2afbddbfc58071cca40723a179b3be92333225be38cbaddb4f3ab53379b9976,8,2798,0.4371875000,80,80,uint16
IMG001553.jpeg,4d03274afb50068d850a6e44498db07aa0d116e3240e3738fef751d562d4f8f9,region_maps/IMG001553.png,3957b195093c2b5d029beeeb8ad14d093705d3b0ed6babc4453ee7554f9f5db2,10,3540,0.5531250000,80,80,uint16
IMG001554.jpeg,c76cf4dc300afd5789063680d92f721f3694b1e8fff75d1cf5ce31f5bb7fdb1b,region_maps/IMG001554.png,40253d2f29f348736ce564d44b5042bb1bd2e4280955820fa2eeea1b236f20c8,7,1641,0.2564062500,80,80,uint16
IMG001555.jpeg,9c26ac52c1c3f58b1a525bc0317121560107679649ee33ae2587d4b197015650,region_maps/IMG001555.png,cfb91fadd48bbe0b6cb3deb066d51db19d652817e59f5ae0837d6e83a10f652d,9,2933,0.4582812500,80,80,uint16
IMG001556.jpeg,ef56892647cbdc453c236f5fedf34b1676c923209c38e4fb94e162a39315bf16,region_maps/IMG001556.png,40f5e12b5690baec87f019a9ae55e910878931bfff12c850117e9f163a7c5f97,12,5231,0.8173437500,80,80,uint16
IMG001557.jpeg,965e2a0b23844244ca11118dbb9289b601ae2d6f17b4f86951e9e920611539ab,region_maps/IMG001557.png,f12f64fcd9a10f0de2ac512d868564e9a08d8d2023f29052e4d62b5d8c7e66db,11,1976,0.3087500000,80,80,uint16
IMG001558.jpeg,5a936a7305fd66d5b952f21f70cd669176a23051776e8b1cb77a2b448fd6b4c7,region_maps/IMG001558.png,e19253ddce29028afc371071b84dc79add49179babcb65a0acd0eb2ecf38c8bc,8,3356,0.5243750000,80,80,uint16
IMG001559.jpeg,af26d6e9bec509b0676901eea5df45f0eafc8db5f3667f9c6f074c43fca0fe27,region_maps/IMG001559.png,f102e05c1d4aacd783a1ed14eb1d8ac129bd248f30ecd86d2021614526312f05,4,38,0.0059375000,80,80,uint16
IMG001561.jpeg,fd01f59f480db9c2c52daef0747e659a3393de4e50716dd54bef9da49bcd4b18,region_maps/IMG001561.png,ff288175fb44b7fbae3e2e3c7d4f1151827be1db80cd83cab14da6a3ddc784fb,7,4023,0.6285937500,80,80,uint16
IMG001562.jpeg,a5ac665a52b1bf97830cf2204076f0348ad3f418e5e86d954988de5362dc9201,region_maps/IMG001562.png,1f178b5770a5d5b2aedbf16603dbbaed34a6aaa4cf388f8ffe938ee62c7da8ef,5,2978,0.4653125000,80,80,uint16
IMG001565.jpeg,26c224a3912478021f17c20a56628648f80ab56725fd2ed89e9cebbc307641a0,region_maps/IMG001565.png,f99d1c5c50ead1bfcf46ddac3f94b2ec5ecec4407053b4e2813882050d59e01e,10,4371,0.6829687500,80,80,uint16
IMG001566.jpeg,19310fdbd42fe3ab340152ac16cbfab2cbba927bc63434bf574ab1b4b9a7ec5b,region_maps/IMG001566.png,d6b0acc8dfae19c2ab9069521d28f7f71a040099dcb3c5e43a51f1feb2dffdee,5,1833,0.2864062500,80,80,uint16
IMG001567.jpeg,7fb449326eda481cb8abf794babbc1f17a92d7638b8a1cc90d008e85f49dae30,region_maps/IMG001567.png,b04db03fed070acff9fe08ee42fbd60b54fedc5234d8edbcc6c26147263b6f75,6,50,0.0078125000,80,80,uint16
IMG001568.jpeg,4228c9f5ff5dec3e8c00a9e8f7bc1b37cd1b02dc3db42398ea87f8027663bc2e,region_maps/IMG001568.png,f70f22cbe328e66f666e10b43b8ebeb3d2b5e8896f70e7589d5d6119f3a960f9,5,2448,0.3825000000,80,80,uint16
IMG001569.jpeg,ec9eea282d2ff93452e93f4d47a9e827059c76b6cfb300d192fd77471dfbd0ec,region_maps/IMG001569.png,0f85d132d8ecbe700c913cfc75f76c3847e2775ae38f6de6dba5c981e8a7ac32,11,1846,0.2884375000,80,80,uint16
IMG001570.jpeg,1c3f3eb864919b35ffad92616fb933d722cb4b3cf5b902995439224e4579b443,region_maps/IMG001570.png,a5afdbce11beda103785c198db373ecc33d38a86cf455b22f7808d4045c91971,10,2523,0.3942187500,80,80,uint16
IMG001571.jpeg,92504b5232f929f22fb40f472083f65a62846040102f0b0616b9b5bc3abaeec4,region_maps/IMG001571.png,4e6eed5497afce86bbf017463b3d7809d04b30c767f07fe14114410e0646756c,14,1791,0.2798437500,80,80,uint16
IMG001572.jpeg,95b35b97f346d0d4c374c8a6d136b31bd3fa99a559b76ea3b58430168ce91440,region_maps/IMG001572.png,625a08e180b2f891a9ce2ab3ae2f6ca1365a98f007486b73f29469ad031b0ad7,17,5160,0.8062500000,80,80,uint16
IMG001573.jpeg,a4af2b32c1a48a33fafe9bd38c9e1acf3f95788e8f26c65292f87b4607e73ca4,region_maps/IMG001573.png,f471ecdc46114373c5768a143ae8a1778b2331f14995be27f965c139326bde0b,7,37,0.0057812500,80,80,uint16
IMG001574.jpeg,3d27e691d0e699dbf2c1eefc3c13ad585df6b03f784fb85fe3d3b37fe8a7b298,region_maps/IMG001574.png,7f79642a485c26a47a3b4dcb3817a46bca19f548eded717bd78aaff59fe0f71b,10,2316,0.3618750000,80,80,uint16
IMG001575.jpeg,82443794fc33a72c500c978d65f0640da4e9d56126004347caeb1fbc9924ba1c,region_maps/IMG001575.png,e7e598e8139defb5ad8d0b97bfe009151251c0bbf4a61b4defdba8cab724fbf2,9,3890,0.6078125000,80,80,uint16
IMG001576.jpeg,a48d3836643ec6b8d9284d26fdfba41a5c49189e1e31e585b0d88e848b0dd798,region_maps/IMG001576.png,8c45ad085947c5061c17430f75db3cc5e7ef3200d533437f1167c5b32478e29c,5,129,0.0201562500,80,80,uint16
IMG001577.jpeg,0f2df322ef9a3a9ccd93c6b1a1255c8b00ce7f13b48e37986b08f27e7c12287f,region_maps/IMG001577.png,c26b9217e613ce7e54152b665707c24fff827dbbb290869ebacc0434d6168c04,6,3727,0.5823437500,80,80,uint16
IMG001578.jpeg,d59aee15ff69aa69c4a3171cd15e1dbdcd48dd965761ce1fa4f7df050c62c563,region_maps/IMG001578.png,2e74c4b039bd44e17bbcd0846125260f0b4032faedb9d395dae9fe66998436ca,4,4676,0.7306250000,80,80,uint16
IMG001579.jpeg,651c5c786b3dfb70d62187ec8af546836749c043e598492fb9417caa1e7ebbfb,region_maps/IMG001579.png,4ba8cab9086ad364dc42705af0257769c637adb00cff17818df7e5eb79826dfd,6,270,0.0421875000,80,80,uint16
IMG001583.jpeg,6e066469db23cb447ab3a0cedb61d1d51e78a57f485e5b105b75f52821191dac,region_maps/IMG001583.png,d863bfeb5f9c076bbebe487226bbf0f61f1eae2fd6888db4515e3922f5f6123d,23,4183,0.6535937500,80,80,uint16
IMG001584.jpeg,0e86105bdfef6129e12c9f372dd7ac4ae9b83782180bc6dfbfeac6b8920b13a6,region_maps/IMG001584.png,915154cf086cb5d6407a90660171794547f1eb684849f16f4255826a39c9599a,6,4283,0.6692187500,80,80,uint16
IMG001585.jpeg,acf1b5658dd1e7605a634f1e42e9b48a58c928b42f3379c3a3b73164566997dd,region_maps/IMG001585.png,9340f5d20201084494dbbf2aba2a66222bc0c1c36d9c6425dc7be437cf16bdba,6,59,0.0092187500,80,80,uint16
IMG001586.jpeg,8e486c6a1561ca17e567456ea22f29a411597d846c578d2af93da10c8d028af1,region_maps/IMG001586.png,cb8270c4e05d55f1676ba0d988dfad08922795224ec19421fa9d9c1ad86183cb,14,3839,0.5998437500,80,80,uint16
IMG001587.jpeg,6a99aae40fd119b62a29b1b88ef7c061f3e7ef77528e29b79e80a05011fb5807,region_maps/IMG001587.png,68410a3946a1d8f0273a7332a900837df4b755ff438a5fbe188e243a56462bb2,8,3302,0.5159375000,80,80,uint16
IMG001588.jpeg,2eaee7b0e1eee0ca2c13ef528e2166e1d7711bf3ef8882f0281a9cb398772ca7,region_maps/IMG001588.png,1370ae66448e736058307a4662755e77afbf48494ef1ac12661624cbde96ac3f,6,3388,0.5293750000,80,80,uint16
IMG001589.jpeg,d17cc70cbd68389726c271e32b5759ba53df85120436bc97ee8adc134ff7d1b1,region_maps/IMG001589.png,ec50638a7a8f31fabd3ba1503a5aafe4952f8d7318346d521b4d286c3fbd8263,9,4328,0.6762500000,80,80,uint16
IMG001590.jpeg,a3fed8890c2d902818096d88555d1ce49ccd502f40e1edf9d73b4aa88f1d6f06,region_maps/IMG001590.png,5d4ef388c9d197949ca238923087d9d50f89bb91b8f1e13e9f6e181c5a7c1a64,5,81,0.0126562500,80,80,uint16
IMG001591.jpeg,df516eaefc93e5f8758f92bef41e724b23318ceb9d8e856a98f55cec7b8e82a0,region_maps/IMG001591.png,f61aa99b16e022d30032980c40e59b54508bb29e66cd0fdf94f4374fc81d70f9,5,3395,0.5304687500,80,80,uint16
IMG001592.jpeg,cd29d82a64fc8ca0bfa5a8bd2c8b133a6950bab87530965f9b1e43576402287f,region_maps/IMG001592.png,da3d03a23ff6d23044573dbee4e894f98ed9555415d06d99fcea35aefcf4f0e2,4,3101,0.4845312500,80,80,uint16
IMG001593.jpeg,e03820c4ef50df9c38f10e3f4255d20110dbdb3431a3ea64a8c136af22874651,region_maps/IMG001593.png,dd3ee9f52c214b362c1ae787c7567f55afe6bb2278ea96c92b77362bfd3bd25a,6,2655,0.4148437500,80,80,uint16
IMG001594.jpeg,560c4576419bf57cb2ce00c263bb124ced4a3490120c84bf542842201f6b955a,region_maps/IMG001594.png,b2df649628888c5b34b609ef38c2b40d3ba8b55d2a28c11fd6f6cd23c884b016,13,2476,0.3868750000,80,80,uint16
IMG001595.jpeg,d01dcfbde8a861b697d869ea03a3a87fb24bf380f3068b25587a830737bc6e23,region_maps/IMG001595.png,b705194542794060d0065d63ba86db0f69c5d84543af60bd3e685ecbc8afed7e,10,5238,0.8184375000,80,80,uint16
IMG001596.jpeg,7806bb2540cec9b322902b743e1c82d2a2a982dee46f86f43584d21f4d27e0e3,region_maps/IMG001596.png,d5b0efd6679c528d85a3ae2e379173c22c484550ff59b18e261cbbb7cd28ee9b,9,5332,0.8331250000,80,80,uint16
IMG001599.jpeg,c902d754b59d1d075ff3d6dfe3b519f631859e2e6d69833ce0834f46a4e8ac3c,region_maps/IMG001599.png,d6c369268b23ca11054c94ea0f5e04c75ea8dfa31fb9cc40d326b66a2a4a2efb,7,2483,0.3879687500,80,80,uint16
IMG001600.jpeg,f12d544e0d4001c551bda9c86807927df69762b9413e188f1fb9a5a746cf87f5,region_maps/IMG001600.png,b790ffac5ae26d4830a8bca7fdaf5bf2ed9d271a01dab5f056e65d9bc9d00538,4,3320,0.5187500000,80,80,uint16
IMG001602.jpeg,95d5e6dd126a1bf8fafe4a80a6cbe97cfb733e12dfcb7279bfed15ce81645d5c,region_maps/IMG001602.png,ab973434fb51f9ceb6d7e1b328c718a4353b674ed815d3a4ef1ddf7d2064f20a,5,4072,0.6362500000,80,80,uint16
IMG001603.jpeg,c4ed8fea18c475310baa424bf53459190b2c216d55b06a427056b9abacb0bd53,region_maps/IMG001603.png,4a4389f07db153b60ed7a5e9a8fec42321c1cdeaa9acf6065f8e0803537873cb,2,4055,0.6335937500,80,80,uint16
IMG001604.jpeg,e7b33f572f8a455485bc23c5a16a64604dea29f0c82476d6af5f0b7e668c4a3f,region_maps/IMG001604.png,88051d8df3b9490b231b48032c7c30d26666dfe3c2eafc9070a4fa960b1e7c7e,7,115,0.0179687500,80,80,uint16
IMG001605.jpeg,00e15a633e23469fcbdb4e29178bba42e57989a32ff4394e9bd4ca76321e24e3,region_maps/IMG001605.png,b58228765bba193527a8720537031bff1906d3ce959a985cc1468b6c0de4104b,14,3015,0.4710937500,80,80,uint16
IMG001608.jpeg,d17b273e96df46a26ebf62c95bcdb9340daba959ef0bed034662e566b17866b2,region_maps/IMG001608.png,6afadc98aface573be37106fef698a474c92e706f4811aa71f1fdf0fa1510d1b,3,25,0.0039062500,80,80,uint16
IMG001609.jpeg,bf3a097db1b5313c127bea3d61d9c2f570f6c519e5956a816e102daa2b881e64,region_maps/IMG001609.png,f7b1de13051c646818182cf09851f23a89c612fe2c4050c4b5ecc18b97b4d68c,10,4943,0.7723437500,80,80,uint16
IMG001610.jpeg,7444fe382a933a99fe7e427244f11a505664b22cc62b752b1c462898595f1f81,region_maps/IMG001610.png,66ca617d8e4910f2d045a39852732eb2cec77939db48fa021b118c7a4a974fb2,7,85,0.0132812500,80,80,uint16
IMG001611.jpeg,890c631266d6722483b4ecf305e287488a3e8e2b4a7ada771da3272d960cdb65,region_maps/IMG001611.png,e8c586ebd23fca1b090409f3b8ab87bb98e5fb843522b504fd3018da49fae5b3,7,131,0.0204687500,80,80,uint16
IMG001613.jpeg,5e2fd785aa3e6198b7752d7fed45b0c976a18cb298d032a43363e962a6318050,region_maps/IMG001613.png,347f5ba18dd52c4e1036fb9a058796d0f7fcdb09a7c92211e3832a29670e4fdc,5,3439,0.5373437500,80,80,uint16
IMG001614.jpeg,d05803dce7154dacbf73d7184d3a9009769eba168e0c8d83c04b5b059ab51b88,region_maps/IMG001614.png,84ed9492b4af3c6f4e408af6a58ca816ae5142b46c1e782970a380e2f8ed628b,8,4828,0.7543750000,80,80,uint16
IMG001615.jpeg,e14307af83549ba18014a820d3907d119bca16bfbc5cdfdebe6012927e3eabec,region_maps/IMG001615.png,b94e5e53dfe95dae790851781678a1e83d3c2f50c3b9461b2fb3d802b682d4d1,5,35,0.0054687500,80,80,uint16
IMG001616.jpeg,bb0dd05fc962762906cc227228c7794d05adb8fac8e285331525204b7f976ee4,region_maps/IMG001616.png,2cd55c54fe3e5aa4d4cbc21ee31c2ef2ce03bb63f8a770f14920b8bf5ff2d773,15,4894,0.7646875000,80,80,uint16
IMG001618.jpeg,cf50616485347c4ca03578fd8961075d335c90835054db27b444b7c71c2e45a2,region_maps/IMG001618.png,c06b278c06777e39d8b1aa8a598369c56268e68829badd50ec8ad0d35e02bbd2,10,4170,0.6515625000,80,80,uint16
IMG001619.jpeg,78f6376fd08097206ea3dbba24b07d47109592023266fa8f034993f5cec6e980,region_maps/IMG001619.png,1db8c32556384a1de08b300f16b0f45a4e426b6e1098b90f800a503dc7fb052f,5,5720,0.8937500000,80,80,uint16
IMG001620.jpeg,dd7d49a074ee30399ffc4620ac592ffd524d2e24bbadcf5fb5b5c7555a8dbbb3,region_maps/IMG001620.png,22e0d71a83de421abb3e48ed8e0cb269203986768f5abcc20bebe08f1789ca16,4,105,0.0164062500,80,80,uint16
IMG001621.jpeg,dd7f3e716489c1c1614d7ffa3ac24c1c3d0378ecba6cf58c0f4dc248825922f3,region_maps/IMG001621.png,da37fd50634f52e06734829b9d192039e26f520e88fc289a5b7a878ec837db0d,10,3397,0.5307812500,80,80,uint16
IMG001622.jpeg,9ddab7eba9f68d533a08927329233697dab3d099d91fae7a380921b08c21949a,region_maps/IMG001622.png,75f9ab27e38d23a6109aaa2ed884403c48faa9cc86fc9215cfb9c8581716c608,7,104,0.0162500000,80,80,uint16
IMG001623.jpeg,d7d7dec9f700835d20dc978c09d47e555e74a2187c8cbec23ef8ee32fafb1a88,region_maps/IMG001623.png,ab464fa228e6561728a400ff57e6b23b456b203b41e994f8ff2e53591380e475,32,2168,0.3387500000,80,80,uint16
IMG001624.jpeg,b603c2d7d404b333e89dc6e0f61e6d84e46ea15fbefd2a5eb322a5847a45c414,region_maps/IMG001624.png,87926a1c34e189e4633b44fd4d1bf12a837af5e7bac3a02b42f2da3e29889ee2,15,230,0.0359375000,80,80,uint16
IMG001625.jpeg,f3d348eef33de437ae7dffc2912996fc2dbd713466bc601d6eb28d389ae8fb67,region_maps/IMG001625.png,99e41c895afd83efa500658d48f3001a7aeb787e472bd3a49acfe655c03a0686,4,74,0.0115625000,80,80,uint16
IMG001626.jpeg,68b4b15d2ea9b2282a9692b10e904c55dbdf8c4d423e8869fe4a97510bef9fb3,region_maps/IMG001626.png,8c9a3440b27b294d3dda29d0692c4cbb902b25753b738799fb0c923e0a3d25c5,3,2236,0.3493750000,80,80,uint16
IMG001627.jpeg,e2a531f41299a40c22e0f31f342165efb576fd6638a6a95866f9c3826efad01c,region_maps/IMG001627.png,6e2989cd429d4ea4a6dfed82151f47ea85b75a3fe4af077cf6df5b3feaf3bdae,4,3587,0.5604687500,80,80,uint16
IMG001628.jpeg,456863ab81fb340e1e7e5e09723f27e5f4ca263c0644856548cf5fc22dfffdce,region_maps/IMG001628.png,aa8eb59a54f9ec8e27d58c96e34b027596d821c69bbad3dc983c028b956c3544,8,2261,0.3532812500,80,80,uint16
IMG001629.jpeg,c5e35bf5a6ea820981fb8d9ee3b4f76772222c183b4f2547a7bfd9e6cc774bbe,region_maps/IMG001629.png,21c98e78f96a942ffb077157c62c1531658f2b5418804d84b77e311519a858a7,6,1640,0.2562500000,80,80,uint16
IMG001630.jpeg,1722ef2568d79ef33f585ba18e4a6c5bd3f8b28f50ed51155773ad613154d95a,region_maps/IMG001630.png,78212d4090ab57a8bd58c215485ddac803c4afda72f041da8476f56a7a6912c6,4,3178,0.4965625000,80,80,uint16
IMG001631.jpeg,25b944c56d2d2ecdb9e1c76dc8e38c8dbd132096393005aff76ac8aee8b45b0d,region_maps/IMG001631.png,aac63e5ed482c2d417784e9a2b34ba28e007aafeeb71df5e7b5b24036d2cc0ce,7,2884,0.4506250000,80,80,uint16
IMG001633.jpeg,c64b7454195911271675a979da5443a036af2d196e243f5125438adefbcfe026,region_maps/IMG001633.png,82b5b4e04a81c25e7829cd78c806a644f193b5af49e9cc5de72ea77e4e866863,7,3982,0.6221875000,80,80,uint16
IMG001636.jpeg,32ffe5369d2721935b22426299c64a24849e616f0b127981d929c33781f18abc,region_maps/IMG001636.png,2ebde6d4c61f9cf88d2cfcb2f6b1285343e601e188931c27398e6e42421a1b69,10,6092,0.9518750000,80,80,uint16
IMG001640.jpeg,f19398df9a5d01f0a4107634c5f548626d63d0b56c6dae1269d04aca1c40dd19,region_maps/IMG001640.png,0f42bd1428335289be1ed610d53cbbfc2f47a9229c5fbc0e2784ac9a710fde87,10,3145,0.4914062500,80,80,uint16
IMG001641.jpeg,8cfb9dbe4238f6f067f91dbba93d8fdb13c12393dd4047be48746437fe077233,region_maps/IMG001641.png,e2390fb370c5238906fc49efb7408e0492131949777bf50fb3e6714604e142cc,7,276,0.0431250000,80,80,uint16
IMG001644.jpeg,cb5bf6ee0ab1270c3584e530a97dc61043f6c1a64ea2c88edaf07f484752f3f9,region_maps/IMG001644.png,461409f15f1221b99fde8956635cbbd4fc9b00706fba358aeb1ffa50573e0598,6,3889,0.6076562500,80,80,uint16
IMG001645.jpeg,bee0edeb5e9908cb418d7d6807f3666fd6150e2cc8c188a50b47596a97eba43f,region_maps/IMG001645.png,33d67812c9450aeaa8721daa57efd7b15c756e6ceb5635c8fee607943bd3152b,5,100,0.0156250000,80,80,uint16
IMG001646.jpeg,ef8dd9d2d0f382c39f752850a41a440a00e3997da07f52cdfcae02d40c8d2f28,region_maps/IMG001646.png,ca02247094948274afdd5a34aadd4a19d80a73c48a8feb3d00d4e07c2fd0ba4f,5,117,0.0182812500,80,80,uint16
IMG001647.jpeg,3f572a5e3539930b7766a702ed91ea6d022e94bf1b4d13e217f404610d1d362b,region_maps/IMG001647.png,a95888f2c413138fec3d519bbb050bcbf4a63f391d475a5907645f8a5c5bdd40,9,2986,0.4665625000,80,80,uint16
IMG001649.jpeg,534ca922dcc41784d68f1c409a07198edd50184b950033e480b9d0c5a30454c3,region_maps/IMG001649.png,141857dbef90e7101587348ee4f3bb96e7bdf7d87f1d787247d812f2ee58e51d,7,3074,0.4803125000,80,80,uint16
IMG001650.jpeg,8b9cc8b8b370328268ead28493cf0e8bd79f119fea16a7cb09faa6a3997b38c7,region_maps/IMG001650.png,072866b71e827d371c71d13bee5fb9405d4978bcc978d0a833defb37df204be9,42,4413,0.6895312500,80,80,uint16
IMG001651.jpeg,ec7f9329c24ba8aacbf33cbbca0369f4817915a3c2d43625dab0a5b1ca878f48,region_maps/IMG001651.png,18f941bd3fd89bc281158f38bdf35421674bbeea6ecf184ba988701c1aeb73c8,5,2165,0.3382812500,80,80,uint16
IMG001652.jpeg,b59f310e1a109e30314ae71b42505f665ee511e4a8e0f2bdb7ae5780dd05fc67,region_maps/IMG001652.png,66e120dbde4e3b589b0d43c8a46d753a4b9608fd44bcd15a272966340c1716bc,6,113,0.0176562500,80,80,uint16
IMG001655.jpeg,98540c219041b1923abecbdb7b0869d6612f6ac00f94ac4af61775965e3eea31,region_maps/IMG001655.png,55ed387c1126b9172a45374650d8233106e840f362e3b57232c2efb5b5919c0d,5,1679,0.2623437500,80,80,uint16
IMG001656.jpeg,1df4d149ef724ab900d2f7147433a784c1a46426d1479b7b85fcca9184ac25de,region_maps/IMG001656.png,efc970981eab7440692b005bbc83c153f71c406eca579e9634d9898503051a3f,5,2006,0.3134375000,80,80,uint16
IMG001658.jpeg,4d97f2a5c61cf0681ca660e35ffc717468dfccd3cfbdf2ce956d2cd68caf5f37,region_maps/IMG001658.png,13c01acddd0f0fd4a069d6e5b89387b0d491a1cd6e63cc0e5950309a2e955a20,9,4794,0.7490625000,80,80,uint16
IMG001659.jpeg,f9bed627c3a76c0bb95b2d49b16ad508ea5c536249e5ce5ee9362ec1af4d211b,region_maps/IMG001659.png,118fa7282995001854b956765e3ebde60f812e04f4a9fe036f06fe4116dca6de,8,4058,0.6340625000,80,80,uint16
IMG001660.jpeg,ccf4989e236335c986d452985dcf6b1a2c1f128186d302950f75aa6001f4f5b5,region_maps/IMG001660.png,89a4220ae45e2c2af202b8b6689a9a12a9899f05255cb85a31bb33a53bce92e4,14,3052,0.4768750000,80,80,uint16
IMG001662.jpeg,aaf921ae493c7057f708a8991e5c6c6a7eb680e6c81d8d0f6433974faee00dd4,region_maps/IMG001662.png,cc02ff1215b091c7fcfdcd3a7cd209a98632b663688523906d8f2c6a0fc421fd,8,227,0.0354687500,80,80,uint16
IMG001663.jpeg,9b1d424b93a94bdc484f3934a3e22324af068ef6616d15685c7dc0527dc6d302,region_maps/IMG001663.png,0143b12ba1bf8e65ff104518185c58630acefb390b6fcdce73729f024ed4e1a0,13,5458,0.8528125000,80,80,uint16
IMG001664.jpeg,71121f5a09f0acd176603cf78fa3f90a5202536d79dac12c168b45857580b218,region_maps/IMG001664.png,5ead7dd86657a8c1e8b216d257fa3c5eb3e19595dec55a07273a230d51d30f31,50,4007,0.6260937500,80,80,uint16
IMG001667.jpeg,2b75bddad9f48351caf9ce495ddbac1581d3c9798009f49720a001bc9ab73aea,region_maps/IMG001667.png,ed8957b8a380fab0cdd24828735d5b4bfaf6a93cdf4a5e0d4390240ea429e430,13,4473,0.6989062500,80,80,uint16
IMG001668.jpeg,b744b5f0d5c411f73b9ae51efaec918dd1018e7c2c373d7977aa06e5d5b22596,region_maps/IMG001668.png,94f75b35f7105f5f74f2e57183190588d6945b3ba5c6286a0639d1eb91ee2440,17,5953,0.9301562500,80,80,uint16
IMG001669.jpeg,77715c288d01074a5cca0c5833cdba2d8bafe23b9e309e78fe4794163cd39f40,region_maps/IMG001669.png,2965e41fa9c197c527fcb2dd8554c67f47c2c6b7fc3a1c782d7f51a8caa15291,9,103,0.0160937500,80,80,uint16
IMG001670.jpeg,e0f18172f4bb97c57c7a8d4ad855d6d427fc098fba30f0c19b52d1b3b3f9b1e7,region_maps/IMG001670.png,3e7d8636ce117845bd55b2e90f1b85c486482118dd9b197cf6b9d003415ea62e,7,6139,0.9592187500,80,80,uint16
IMG001671.jpeg,2da7fb3bdfc51acda480fabd744ec635a366a65b83627c879a9636966d5b72ef,region_maps/IMG001671.png,79a8cbda97ea86b7def3ee2329278a1bcd33387d24876dc5a3d61a00451e8957,8,5567,0.8698437500,80,80,uint16
IMG001672.jpeg,61193f468bffe594d33b70ba5fdb0331a04743ce22dec9dd109d9882f1ed98cb,region_maps/IMG001672.png,68dd115937ec853035439bf16e448862f678f7aa0aa871520346e4d0a9c89bfb,4,45,0.0070312500,80,80,uint16
IMG001676.jpeg,f9de71d722e89974aaa13b4e92a00c6a812b491432134eb3b21a24e9b57e75c9,region_maps/IMG001676.png,d96586f00e4d0ba18d29a4c1ed559e068a2602ce4a0b262c1825e2621de219c7,11,2268,0.3543750000,80,80,uint16
IMG001677.jpeg,0b321597e2bbe6582b1e6ef871597e245f9709d576a325e623dae11488dc9ec2,region_maps/IMG001677.png,613467987157da425e44b68999f0f7399d670a94c2b24b191940c3748d8b86bb,6,2505,0.3914062500,80,80,uint16
IMG001678.jpeg,da4795b0212395b6f2600a7a4d109f8151dfb3ef1a1427958a7d1af5cc5b8e6c,region_maps/IMG001678.png,42ece094827670ff7639eb18595b8f34608e8dff3a1d5b128e995d701b183fc4,5,5700,0.8906250000,80,80,uint16
IMG001679.jpeg,c5958a5fd99fee03005f576fe572050bd8f8ea6b76c4f579616815a4278b0e12,region_maps/IMG001679.png,cfd1097ebbe8a73063e45efd38104f305f64437da4bbd8f678a5973ecb4197a3,8,4216,0.6587500000,80,80,uint16
IMG001680.jpeg,fb19fada2b4547a0e0fee01fcb83258e2f00fd379beaf2546654ee795ce1e4a8,region_maps/IMG001680.png,fb0cb0dda2cfc3593d3a9a45b33c0425c5a7933239651ff43e85b909579dd507,6,3827,0.5979687500,80,80,uint16
IMG001681.jpeg,5f2b4a7c0a3bbe5653254c28d12dd15d355c15360a3df2ecec1b9d404c296d47,region_maps/IMG001681.png,425ff790921427c2c7d9b0abfb4bd9d1be3abea68a8e35c741e5537563ec931e,6,3220,0.5031250000,80,80,uint16
IMG001682.jpeg,ca68fdbc6ed826583978a8a84be2c0508a4fa7c4b5b26dee4f78ef228fb7a849,region_maps/IMG001682.png,a29db8dc2137671b72fc960c1eb426b718d4e6b28dc6b8cec21b6983940c713c,5,4362,0.6815625000,80,80,uint16
IMG001684.jpeg,42134a6ece6997c31e0770e311adb10890a73b8a09bd6bab98de13d521c9053c,region_maps/IMG001684.png,002bcdeae2f3e36f1149f1db9192e73112f6cf4b11abb2d8bb742f2d882f31f0,6,1805,0.2820312500,80,80,uint16
IMG001685.jpeg,7d1575490ab796a2f646b135c30d5f93dbfd373a3895d413eeffbad4d6f9d1af,region_maps/IMG001685.png,f388bb4f9acc724814954c3e3c51ae4a44771eb00aca6f933c1daeb5f2607166,10,5356,0.8368750000,80,80,uint16
IMG001686.jpeg,c51f0a477237c1c630bafbf5b37713aafc80a3b255c0ed9ecfa3f25273f64714,region_maps/IMG001686.png,6b35bfe8f0acf001638709303a4f780498e4bb8aedd651736899dce1221f0c44,7,510,0.0796875000,80,80,uint16
IMG001687.jpeg,1ce1a10877a4fbfcebb0f1ac44752bdfcabd27281a3b8712b72c190e5b6916c0,region_maps/IMG001687.png,bc2fb3df4dc3fcf09b0784bec29148cefe82a8fecacef8ad8cecf8eeb27cf7ff,6,5818,0.9090625000,80,80,uint16
IMG001688.jpeg,633141cb1d75eb7d387cd37bfb47f9faa08def7afe0acd0acdaf8c67dbcbe0ed,region_maps/IMG001688.png,db50f055a70fe618f093fc67a90c895a68d1049e96d6b2b9c40f1cd376014eeb,5,2758,0.4309375000,80,80,uint16
IMG001689.jpeg,55b85b62ac00b8a9b474cfd732ec17247f5d9ee14464f4880232956fbc3c5a68,region_maps/IMG001689.png,b1673b340f381cf2f8a2c9dc729f983daa4375efa3a9de088b997859e48f1d73,4,1570,0.2453125000,80,80,uint16
IMG001690.jpeg,a30769dc96fc97e4c767b6cffd5beaab59261d83ff3b7ab35676d6b3f776329a,region_maps/IMG001690.png,7fb3dca30e30db8c3023d8280996622ccdec1e361c4ce27d909e0a427e1dbefe,6,3000,0.4687500000,80,80,uint16
IMG001691.jpeg,803f65611839a3a1bed7ece623c00cb86213550485b81044e34f24666511805b,region_maps/IMG001691.png,810260f47a263c6484d9d54ac366bd7d6387f72a3c343e069156dc18a3829419,6,6281,0.9814062500,80,80,uint16
IMG001692.jpeg,baa2c0eae3945af7d61c41ed0a0d98ce82a2d62093e5d5c291f316e69c61ea5b,region_maps/IMG001692.png,75f84ab05532d09b10f1f8ce9556d7e81328cfeabd76bc0620e8cba3d3c799c8,14,3186,0.4978125000,80,80,uint16
IMG001693.jpeg,24d9cd26084b7fb1504b3b26864afb98382c37356c0016876785133bdcec3eab,region_maps/IMG001693.png,281b2ac58b9dfa5122f55b681620e892b2bbc028c3b39e2b56481d1e8d61ab51,8,3267,0.5104687500,80,80,uint16
IMG001700.jpeg,52222be5878aa2f4bb35578d9b9b819156c5d35bd5550cb9a53fdb06d94435f6,region_maps/IMG001700.png,3ceb5080f9482f9eb1e4111bf4d70f2904370143f9671637960c0c006dfb6665,19,5652,0.8831250000,80,80,uint16
IMG001701.jpeg,91a0674ba40140ef423e896200077ef16dfedfc587999c35d97a7976e717ce17,region_maps/IMG001701.png,d43ab50166f063815915a980518b2fee79706114a5b09f4283aff90f78c1da19,6,2544,0.3975000000,80,80,uint16
IMG001702.jpeg,20f56d4d3bcc5e50a115871cb2ebb5de0fdc86fd42ade5b3399bdef5877b10d3,region_maps/IMG001702.png,9e96a4c2b175b97e940d97ddf777b8874be48e5c664d8ff73b2f7687498eeb94,19,3232,0.5050000000,80,80,uint16
IMG001703.jpeg,130de160cd74309524507d94731227b97d778fbd20b7893e7a0ded6528a27073,region_maps/IMG001703.png,6fb60072b55e881ba5a322db7cd8e6321ffaaddcef3c2d11ffb5d20f85442d04,12,3363,0.5254687500,80,80,uint16
IMG001704.jpeg,0413349e84519d28e3ee786ef165cf96b3a9f24b61e29f2a9877c0fe8078b337,region_maps/IMG001704.png,ef677fec1b4c30660bffda2ac35ba9fc2f4c7feef7f7267456d861474821a2b1,7,3715,0.5804687500,80,80,uint16
IMG001705.jpeg,53d6d8a74db7aad730a70bf7043d6c0740b80d2573ea2cf33a4df0e4706aa8f5,region_maps/IMG001705.png,13c3bef24dbee4a47f701ae9ac47dae772c789a6c963805d80b22baaf8e70ee3,9,2487,0.3885937500,80,80,uint16
IMG001707.jpeg,2714b30e1508e277a1890e3b1eb6a49b515c0e673755e8e0d8cae1d380236016,region_maps/IMG001707.png,aa4ef2bce33960fe497d952b043a64b565d4e05102cceff8170abb49c1d442fd,8,5150,0.8046875000,80,80,uint16
IMG001709.jpeg,dfdf598602e52d8cb987a9d10c42bae473188d9de6538a9e60a66e6c362dbcfa,region_maps/IMG001709.png,b204052ce30651b5c596d97125e598ff912429c6907fa819d22c33f2a305f153,5,3701,0.5782812500,80,80,uint16
IMG001710.jpeg,07cc2e5fd28ab99d4dd5e6344b8ce139753195109ba5743d03edcb30e9413b69,region_maps/IMG001710.png,c6049c2cad8c3644106003f8cac6409eac14e1c27c5fcde1444d8e4bee91f122,10,1320,0.2062500000,80,80,uint16
IMG001711.jpeg,18a7250fddb7d7e2c3772338428208e468de4468a3c1bbdfd1cefa96a3db1c67,region_maps/IMG001711.png,c6ffd657b009f02a2fddc472c08bc47fe0275dce2f1fc799e68fa7ecc0c765dc,8,2697,0.4214062500,80,80,uint16
IMG001712.jpeg,b69772632779c5d0703872b4ee33f110189883c012d5c51d984e6fbe35b0cdb8,region_maps/IMG001712.png,ed32bdc1fb1f0fac805bc097379a489af6f6dd3e277eec473dbf995a701388d7,9,3878,0.6059375000,80,80,uint16
IMG001713.jpeg,4695e52a4396fcb49831fdcb2d096138426debf69d8cebc77e81181acc940c19,region_maps/IMG001713.png,2f3fd0762f551452b4af43ed4049a464bb64c033e23176b63664debab905948a,12,5840,0.9125000000,80,80,uint16
IMG001714.jpeg,b62a5a9eed7e0d9183526f9e790e5369966d29ce07e22279d437c5d897909bef,region_maps/IMG001714.png,16fe1cfd5d4701e925cedc638bf7334e2d73739cc1e1209a174417a1f269adad,8,2768,0.4325000000,80,80,uint16
IMG001715.jpeg,de6f9cf86560fdffdfa99c3d75d06e3eb0db0665838ec9bfe402b63c7a7e27ff,region_maps/IMG001715.png,2c09c69c8c6d657053bab279b06490eac3e052a715695d74ac64a5ac5f75a1b0,15,2018,0.3153125000,80,80,uint16
IMG001717.jpeg,be9f4d99205ee644353d8ce00bcac598dbf074def0c5879f1e8ab28db738caab,region_maps/IMG001717.png,33fd9c2d7a275b5a8598ae0deb08f89686ecbaee44fb811794d4ed30fee62754,10,121,0.0189062500,80,80,uint16
IMG001718.jpeg,0039b4352425ac14804361a0ea53c9cc7cd79d2d78f7af9875e17d417a6b90af,region_maps/IMG001718.png,1141ea112887e0c5238f9ec15b136c4a8268f5dba686e5c1404bd507b8703f61,11,1776,0.2775000000,80,80,uint16
IMG001720.jpeg,d1e899f01b24441e9139b03a972bad482827e1409e3725582a8b0b5e86ef15d3,region_maps/IMG001720.png,083965704e6ffcee6ea4a71270f82fcebcd1299c42439e892ca6ad26085fbb43,19,3263,0.5098437500,80,80,uint16
IMG001721.jpeg,fb6ea8415dabd1705a0ad02c2ecbd0d2aacacc09cdde2b252289ecf9e52f70ec,region_maps/IMG001721.png,efecb824b3c7311d9c2d66ff9d0e1947c5726320509fcf2073afc0d7df8ee604,10,3119,0.4873437500,80,80,uint16
IMG001722.jpeg,7c756d8e400d3a8d106968d2d0eeb7c0a7a90bdfeec12cf9e8402fc4398a872c,region_maps/IMG001722.png,9e411ab2c6d0eeea3c9bca9974b408db6247266e83e81d28575c97c8fe9412b8,10,2977,0.4651562500,80,80,uint16
IMG001724.jpeg,821a053a68b332a8f07345436513622f547292d28b409d0bc0520df75d211329,region_maps/IMG001724.png,bbac4fbb91bd5cb212749ae3d0242b2ded74854b1d44746d69e06d123bc81592,9,88,0.0137500000,80,80,uint16
IMG001725.jpeg,42be334a66de487d9975bd4a256b148061e3dee56ea8403b5a2137a85d43f305,region_maps/IMG001725.png,0c3700f80025a6eddc58942d8c2a8865f372693e60a43789195e09bdb5b42038,13,6092,0.9518750000,80,80,uint16
IMG001726.jpeg,cd149a42df723a313ae3ced0312378e1c7280da02fce5a31a5b9b7664c676047,region_maps/IMG001726.png,7b16280122eb2e36b296a804ace304b79b2f5a444da7863ab9ee26183d272b1e,12,4123,0.6442187500,80,80,uint16
IMG001727.jpeg,1de04500162ae0009b9e1849d1f3c3cd82d1daf8e3ec6e660c253ee42c1ac7b7,region_maps/IMG001727.png,50c1bf010bef43dc5d782656b3ea945729cffbdc4a90e57ec9b31131bcf4a854,10,337,0.0526562500,80,80,uint16
IMG001728.jpeg,66ecc0403f7e2dd1bbcf658b01144ebfb2cd25c0fc55fc3934856944b88a6144,region_maps/IMG001728.png,ea71c5a235c2612b896d2efddc4f282c7976f4b2e1ef56bbc5e6bc849a6f3b03,8,66,0.0103125000,80,80,uint16
IMG001729.jpeg,a1a8de38c839222c94d2bf941d1eeca180206148d4eaa8c2abde0e376e36c5a9,region_maps/IMG001729.png,0dc0326f7fe8337e94abde7f8fd4fb57182f328bb7129b3b6f9b139dd9cd0168,12,1760,0.2750000000,80,80,uint16
IMG001730.jpeg,c05876e4b864ab1da0c7a54dae694e2714838ccb127cfe84749d37179fc60144,region_maps/IMG001730.png,c0e20ffce2c93d7d25c65da0d1cba9d3d1038497b8f1d6052e5094c3651bffe2,7,2607,0.4073437500,80,80,uint16
IMG001731.jpeg,76e930f880cd6deafdd8b93c11966867f80398deeee213483da755456088c958,region_maps/IMG001731.png,1ab202a697a667f48352605c5dff6d722b66c3707c0f2094050ef374b0d810c9,16,4355,0.6804687500,80,80,uint16
IMG001732.jpeg,f830b685eb95b64694e15ddf77af4021c82d055e33f54949502f50506b1da930,region_maps/IMG001732.png,fc59048513bd67a2577858ce45c1b9b2f009bed4298ff4633bf4ba2fdfcfd262,5,2511,0.3923437500,80,80,uint16
IMG001735.jpeg,988ca8ff92caa6227650cbe9384f24bb862ecd6e5b14f63827ae6fc2fbf893b1,region_maps/IMG001735.png,01302c42037bdc696d6f53778e9d892bd72fb2dc85a4ce6f690b29af2e2e4b88,13,4572,0.7143750000,80,80,uint16
IMG001736.jpeg,460e906af4684dd30b81f09c51291f9dd76b9c8601cbf7a631f90fc897e9d21f,region_maps/IMG001736.png,a395d3a9dbc214d5affaeced1a5eaa7fa28d3950512689769913c94ec0ee394c,10,5649,0.8826562500,80,80,uint16
IMG001737.jpeg,daa7f8e7ac4bdffb79cd31c8bc84cab2462fe23816315a141c0d7dd45035c32a,region_maps/IMG001737.png,1914ebdaef6d9ea4167518dd477e256eedf1ab2b1092998070f38ca34f795202,6,4258,0.6653125000,80,80,uint16
IMG001738.jpeg,0fffcc24d7057fa78b02acc9524b13d21d59600dcdd8a12e29d74b11c9541ef7,region_maps/IMG001738.png,f04ebfc16d3be63a6af2685a7f7027528f5a75aab010d3600ca5f61bdc03d6dc,6,2152,0.3362500000,80,80,uint16
IMG001740.jpeg,6f1961939be1f38d4cb1fade15147670e39e101d1733f2d47cb569ffc714723a,region_maps/IMG001740.png,5bae90614ccb2780103f2b0b2c72742bf42d13654091e1694fefb3cc4356489f,11,5027,0.7854687500,80,80,uint16
IMG001741.jpeg,79221a895f29382b2a8d38d24cf857fdb670e72dc8cc9f0f024506614eafaf35,region_maps/IMG001741.png,8072154e8a1dfb87acd5ee8fa6efcacb202960b2c7cc8a9a5ca212d3eb424670,8,6095,0.9523437500,80,80,uint16
IMG001742.jpeg,564d349b800be42338d0f5111919c4e03b043bec3dff820e1e27a068f8754a76,region_maps/IMG001742.png,f1e0fd879b2c9b621f0a9ade94f6cd0d4e5ac326015d66c5d9027f4a622d745d,6,1834,0.2865625000,80,80,uint16
IMG001743.jpeg,059a17f41a4706d311668dbe8b4d1fbb6e93ab3e3d783bc6a20f8cb26a64f67e,region_maps/IMG001743.png,89cfc00a53fedcd5876e637b0265a94dcf25f240833304f55d742ef56242e061,10,4959,0.7748437500,80,80,uint16
IMG001745.jpeg,cfec1bb6ff1e86f46d09eaeec58a4f0718f328dc33c861520342388f95b40560,region_maps/IMG001745.png,d189aa2cbdad9f1e0c882413c3c04ff7df33ea74cb2bf0e1d8dc743b1fdbd3c4,11,5298,0.8278125000,80,80,uint16
IMG001746.jpeg,44648ffacafefc6ba44d58eba4f6cc7432dbcc8139abf861a74e0a4ba68da51f,region_maps/IMG001746.png,47be6b091d5e6f018c08e6f667f52fe851d1a2da4d23d5899e96bbe9af907f09,14,5140,0.8031250000,80,80,uint16
IMG001747.jpeg,4f47b12e0228996ccfa4aab6712a798ce3fd67300a5b3604220db28877b7225c,region_maps/IMG001747.png,b76078889f3b379ffac2c06a2382f1ad851746a3043a454c3b4d024f92e8f4a0,5,3223,0.5035937500,80,80,uint16
IMG001748.jpeg,69a31322c1a51e977f1761443096da9d7020fae51a46205ca1658a19178c16d1,region_maps/IMG001748.png,e6311cc544c1e0f2c62f9084b7f81c61c69647ae4a9c4414d58a1d4082aa05de,5,3960,0.6187500000,80,80,uint16
IMG001749.jpeg,68d9f4c6b4e56ac4f593dfb0e623c2802859d3df07041e2e4732713a76652bec,region_maps/IMG001749.png,06e07c5cf89502c607d0e8c0b28659f33eb61204cdbab45167859baaf28c4435,14,4520,0.7062500000,80,80,uint16
IMG001750.jpeg,4e53cac9af70be11ed2a198ed7027452df770e3eca0b4ae4238321e48bce8d8d,region_maps/IMG001750.png,ec339e3311e450115663650701bed6e3c4217b70f4782738f05746c3a4edf156,6,6296,0.9837500000,80,80,uint16
IMG001751.jpeg,f565f48532f365a6c8e19bdc4a3d31e4b05f1eb37e0f9cc1578d5be57a7b82e4,region_maps/IMG001751.png,dd0504474c26a09ca1128ae293d8537cbae892e23690f9c29cd2e4e9cc1529b9,4,5765,0.9007812500,80,80,uint16
IMG001752.jpeg,b22dd13c2adc27fe0ea423e091f5390c15dda2aec2a175a352f04760d5b5729e,region_maps/IMG001752.png,752ec26a06a30e36ed4112c2bb20c2a0aa9742ed1518d1249b44dd83308d7953,4,2544,0.3975000000,80,80,uint16
IMG001753.jpeg,04972d7835753b4b2275d1ddb4b726974308288cbfbf868fb519f87a3aba34ce,region_maps/IMG001753.png,62407ccbe5d5527be3dc723005160724afa0f60073db3e02e85063cc887b0afa,8,5338,0.8340625000,80,80,uint16
IMG001754.jpeg,ed8beca892ee2d19baf12f46bfeae665d2d274b82906abd72eb7eeb5fa8464c4,region_maps/IMG001754.png,2994e7ff5ec8f153f07e00fb204120db685bac542b462c2d5d72a89452c3392d,24,5381,0.8407812500,80,80,uint16
IMG001755.jpeg,d7e2bba863f183e1b1bfcd240b9bd49d2497b0082add7bac052fcf7a1e1b6251,region_maps/IMG001755.png,c07710efa1010973871ecb0790b5cf3d1a199bb4d11b40d9e6a40bb449de1279,8,113,0.0176562500,80,80,uint16
IMG001756.jpeg,c2ee27b0794814339039d72c21aa13a622b20145deb1495b8eca44b01d62d5ec,region_maps/IMG001756.png,51e58c7652bd38f880ab0e93395bd70fd7ad590a712254275098b1bd8744b4e8,8,2194,0.3428125000,80,80,uint16
IMG001757.jpeg,27777e13666220102be2f47ba03981a175f64bb1483fed00e64cb9e04aec7669,region_maps/IMG001757.png,175351ca714da36386e203d9ed866004b9d175ad9d5ff87fe2991825160da15f,14,3994,0.6240625000,80,80,uint16
IMG001758.jpeg,8959318a55c1e6a9ef8f33cfef66f8315025117db15b85b09d6228cabf8ac914,region_maps/IMG001758.png,fa1f35beb2c96b9d36c2f1a272f304fa6ad250d10d9f8d93ce68fdef9bf9cbfb,7,1939,0.3029687500,80,80,uint16
IMG001764.jpeg,5d94481b3ade564af46a5edd816dc71e82e235d58cc36f917b7ba434413af4ac,region_maps/IMG001764.png,b6dd06469408c581da1d7cc359041303c4898a3e00a2f3f6c65149fe269975a8,10,4728,0.7387500000,80,80,uint16
IMG001765.jpeg,c02cca28ff949d1a86c87f55787054b8944b9b64caf5a90e657fa20fbd88a652,region_maps/IMG001765.png,84c13476988aa31a552c7379a9915f0cb231fac5790d2cdc15a5cf3667d1d6db,6,4020,0.6281250000,80,80,uint16
IMG001767.jpeg,83ce53d89b2810ae80adeb4b234fe5c15615b5380c25881438fe349ac1d2c07d,region_maps/IMG001767.png,7e1f77421b86ce895f522501cc94ddf464ae086f86efbb182b18f2ded288bbda,12,4773,0.7457812500,80,80,uint16
IMG001768.jpeg,258c4b0be9306626df1d30ab080c0bc5a24249190ad4dadde0da4e5df560cf26,region_maps/IMG001768.png,ad7ea373f0a7e5f5413db62cd8868d3c9f4d9202de01f8a5f4ae616891e336ba,3,6223,0.9723437500,80,80,uint16
IMG001769.jpeg,a23d854bead269e5615193c164f1e335542de1feafa4a697146a95b095eea307,region_maps/IMG001769.png,dc91c7d59bba374b28a4bc3e803ba20d11274ca736acca2d91ed27a2b4384cbd,8,4367,0.6823437500,80,80,uint16
IMG001770.jpeg,a5765c64c394e69e37147160cebd2c1b87ee7f65c7a7ab07f2c5bf6385c009f2,region_maps/IMG001770.png,028ac09995fb8bb5938c7dfeb2fe8828a19bd8b1bcc6852d5e3d239751317a1a,15,1924,0.3006250000,80,80,uint16
IMG001771.jpeg,408781b3003c0ccf6746416ca900c0262932679761f42c4b87ce891046c48d9a,region_maps/IMG001771.png,739e9fd671853bfee9087de6c8a343d65d5deae55c6b85fd4891c1882b645a74,11,2853,0.4457812500,80,80,uint16
IMG001772.jpeg,89b0d6cbbe418a1fd8bbb9232950c981c40a9d14e817ecfa49910cfef91b1fce,region_maps/IMG001772.png,203487ad5cb8eebf4abc1e01fb3f144cec8fba391898779e90ebf6b49abd862a,12,3811,0.5954687500,80,80,uint16
IMG001773.jpeg,61410cb3255ddec3c7fd3c7fd0f81a9888d524d172a090fe0e926ff789811bb4,region_maps/IMG001773.png,3580973c6b707cf361f3e11103bdc6504bb23a82ca3ef98f6650c99fb0f7f20d,14,2292,0.3581250000,80,80,uint16
IMG001774.jpeg,238d9c3e818fe30221156f267c46fa85b40bd161c2519b30cc08300c68132aa8,region_maps/IMG001774.png,1ad8afde61ad6e1e6400467eb139e841f5a0daf3a7d20bf6a5fdec4b7232b43f,12,5218,0.8153125000,80,80,uint16
IMG001775.jpeg,669088af3ffde6a24766769f55032950d3b16b1782dbb291b1507cd94b63a1b3,region_maps/IMG001775.png,8001cae6ed4ce98b563c6263a6c73b67850739026b763eab2c423d971f4caec0,7,5513,0.8614062500,80,80,uint16
IMG001776.jpeg,d29d8019eb01ad960b96680ebb0cc1af2573d5d52e8b480d5acd2f53bd42b56d,region_maps/IMG001776.png,9e1834b0d1c5a3670074680fe50a8429c31970521c7a5b1b2f9f611e700d5e50,5,2891,0.4517187500,80,80,uint16
IMG001777.jpeg,4ba293dbbdcc9d9582b0f5683a6f59992f948d894dcbd27bb7e2b8d85a59ec92,region_maps/IMG001777.png,897dbc4e71dba77999412a4ac850fe6bc28b0a40a17327d2e547eead5482139e,4,141,0.0220312500,80,80,uint16
IMG001778.jpeg,149b5085174c8e9598e2c561a2aebfbde2abc4e1173579f47ace94a6a7f37a98,region_maps/IMG001778.png,b2e18c9bd7eccfd6d0b4eb307210e9842baee8cdcf1ffe1e6a8ffc72f0158c4e,6,6287,0.9823437500,80,80,uint16
IMG001779.jpeg,a397c8b54cb603b9aefe901ab8c31fd8efeab97602f397b36f404fb7c49ac7cf,region_maps/IMG001779.png,96b5cd80db739a677ea7a29069e095ae29f80273f91b7e8af8a8a9e87c412fa0,12,4412,0.6893750000,80,80,uint16
IMG001780.jpeg,5c0f182162aca91f6fcaaa717a01f81ac41f4334b22a25e22044cd6a4d8ccf84,region_maps/IMG001780.png,648f0d83269685e214f7160761241dca04c6a6ebd9c9383aec244d3e48b8bed1,9,2428,0.3793750000,80,80,uint16
IMG001783.jpeg,2c8aaf26a2a834a78d223669493794f6d56022906e00e26187c26a80d594d9c9,region_maps/IMG001783.png,a7946f137ef1884709ff3a2db8c86bf671dda8c9fd77ae36f51a1eeaee725233,8,3291,0.5142187500,80,80,uint16
IMG001784.jpeg,da75592c2733485e3e456d7a4c6df83f642f7a90f5ffa0feb8435c44c89aac03,region_maps/IMG001784.png,fdb5d461ac2bf53472528214016e735e12fc531ef7d09bd2716256c56a83c33c,6,3933,0.6145312500,80,80,uint16
IMG001787.jpeg,8ffdc251be1c9829eb691a5ed1bd702207a9a651f47a21f87a413ff51e17b174,region_maps/IMG001787.png,07adad36c67abbc29c7ea04c69729b4c7b049a4d04af5de585dbc0bdd3014366,12,5570,0.8703125000,80,80,uint16
IMG001788.jpeg,9a3fc32c56dbd17e203589bc410889b52996f40ceec93bcc4e34317234894834,region_maps/IMG001788.png,05c3740b832b5d15bbdb43ec05e3c4dc20fdacd8e30d29093ecfc8a2b03228f7,15,4860,0.7593750000,80,80,uint16
IMG001790.jpeg,aa2d70130a9f80da8c07d731e1b0cc076455112d0bdffd9390ae9a20b35fef97,region_maps/IMG001790.png,e207475d22bba4673ccc3097790b6b52516f7b22b0d0732677f7489b44909114,11,3041,0.4751562500,80,80,uint16
IMG001792.jpeg,eea8de87d18a018f6cf96db1ebd8a93705aee84f6245d18369499837710f9745,region_maps/IMG001792.png,a3ebb607bafe5fbd136d44de1ba8e68f10aae3aa90f119588c87407e7820ccf7,2,4036,0.6306250000,80,80,uint16
IMG001793.jpeg,385003b6d0042f9e17103366835fd1df457789c8d63d3dca164b08cd9749820d,region_maps/IMG001793.png,1336cf1be37a99958e7ffa9f25a0b815bfc0dd290d2aa5233986a690519a7ac3,8,2740,0.4281250000,80,80,uint16
IMG001796.jpeg,8492cee449eb1f2f7acc60aa30d30aac413d2946f11f34b58287eab506336c1b,region_maps/IMG001796.png,65aa1cb3a4c711a0d67f62d979a64bd87047526892cf1df13b95b5c757dcf938,6,273,0.0426562500,80,80,uint16
IMG001797.jpeg,4e6a18c78027fe51f7bb15471fddbf10601cdfbdaa96db0c091322041b26eee9,region_maps/IMG001797.png,a5a93e443afe1e8e36785aa09d67bf36ce38d9eb176ce83eee4bcbdd739ef05e,6,2957,0.4620312500,80,80,uint16
IMG001801.jpeg,7f11a5ed5690a312e41656fbdd62a0a4ff5fbc31f1f9d9e11a1a2177c180cbd6,region_maps/IMG001801.png,e6aa19a1b749d947381d3e02268bd4837e8c9371941c17bb0e172b4518dddc11,6,3063,0.4785937500,80,80,uint16
IMG001802.jpeg,1950f0a755a445bfd1548163d1a588f104e434a329ffad4b14a75e729bb1d0cb,region_maps/IMG001802.png,682eb46f64ff731bb495155e51ee27c8675a1d6e0baf197007863a0708247800,7,5443,0.8504687500,80,80,uint16
IMG001803.jpeg,1964c68ddd7e2a7628223459ebb52fc43985f92c538a9702984efcbddef7188c,region_maps/IMG001803.png,8425989d84b506aa87b1643b40d032120cc043ea711b0faa720d34b83b84c1ae,6,3848,0.6012500000,80,80,uint16
IMG001805.jpeg,f2354be20881fd184529b4781af563df7f027cfe8e80ee1797d3223be86e1ebe,region_maps/IMG001805.png,64488c73a412833cc52e25c65fe51813050e4c28095386a251f631efb75a7565,18,4668,0.7293750000,80,80,uint16
IMG001806.jpeg,e8d75a6faa9cb19a88d7e2ad32b6fd7929340c996143530d4008abe4a5610537,region_maps/IMG001806.png,db9a862b986fc605f79ca9df6237c8e7b489044d48e2aa137f07e188b47266f2,4,4304,0.6725000000,80,80,uint16
IMG001808.jpeg,2f1ffcaf3f95dfc5369dd562c596487324e58f22594c004755742b6c81a3ebaf,region_maps/IMG001808.png,56d836ae5a414f4731acf1c8a7219645b88a74f76d946eae1d2941ae0a904ff3,12,1819,0.2842187500,80,80,uint16
IMG001809.jpeg,df371b894633d0da59c62a6245cd1240c5d9d070fbc4441b548b070ed1556517,region_maps/IMG001809.png,3a0d3f31da0c157e7ab500c5366815cba351c06d4a81205ea85f850a274f0e69,10,2602,0.4065625000,80,80,uint16
IMG001810.jpeg,d11f1ebc542164469b5a7148c1b36b50ec7b8d61331fa9099638b0c260fb5d2d,region_maps/IMG001810.png,85fe72d6af936f81abf2a85ebdb519ddb41ba53848eaf3f5d9e5ed366fbfdb28,9,3559,0.5560937500,80,80,uint16
IMG001811.jpeg,1c243213c792813bd8f2a249d87b1a496eb327cc993a0173fe3f9213a769791b,region_maps/IMG001811.png,1fe618a772374178230d8f7f05547da8591b1c9d68d8a5c8476900320d900aac,12,2998,0.4684375000,80,80,uint16
IMG001812.jpeg,0e8c89c01693ab81aa1f085ba51d9f10e16f3cbc606cebcb77e98befc8aa4034,region_maps/IMG001812.png,5e01bb038cd19e748fad59ea8c5234fb99980c57a99356ce5ad577cb3753c00b,13,3505,0.5476562500,80,80,uint16
IMG001813.jpeg,31c7d4af282f17b1d43150467bef8f55ab26f23df5281ef88834581542d52e60,region_maps/IMG001813.png,35871baa20227b38c346d013b12ed07cdebea75af64646ff46090eb7246987a6,7,140,0.0218750000,80,80,uint16
IMG001814.jpeg,758973b17d63c277590d28787cac0bfe5c32adb1a993e3fc27c79af5cfab9c33,region_maps/IMG001814.png,3d8ced475cb0aff7432893cc1a6ab657798cea8b251042927187ee1526f4d326,5,3160,0.4937500000,80,80,uint16
IMG001815.jpeg,81911029bc09a44c7220b12ad628c3c39caf4f51d3cc6861d511568c8c51048a,region_maps/IMG001815.png,0ebc1ae500fcc3aced51b4c3b5ab351b6f78c7c1f84db65431ce54fb68eafd22,7,3321,0.5189062500,80,80,uint16
IMG001816.jpeg,3d39966bc03d05758cd8d17a4d43a1a7e815ee0b4a865e247f8dc04e670af44b,region_maps/IMG001816.png,ba0f40d296315fd7266c22c12b8841c69c4672a17b15a4e45b57c78f4169d4e3,6,4696,0.7337500000,80,80,uint16
IMG001817.jpeg,9abf7c50ef8ba037b08196e993d96ba919dbced5bc68758c4b6fcc65077424a9,region_maps/IMG001817.png,97f089440b91341bae257aa847e2efc3729494ea42d37023549aac45ffb2e5ba,7,4365,0.6820312500,80,80,uint16
IMG001818.jpeg,34246a555e927ab269931ddc2e58fa061fc97e0f7ad75f05a88e708409528cc9,region_maps/IMG001818.png,6b509cfc2dea3531e55cbcc51fdac4006a8f2fdfcc1a144c9dd564803260aae7,10,1317,0.2057812500,80,80,uint16
IMG001819.jpeg,52e85715eb9761eebc151eb176d7b1ce16aa73ed9c8b87117a6b38397327cdd7,region_maps/IMG001819.png,019a3682556cc2990aa6a434704be7e5be87efc7cc0b51ac28f0fd40058f5667,12,3929,0.6139062500,80,80,uint16
IMG001821.jpeg,c6b32f0c7db5a5547859191890acab05d02f7b04d3802914f9ac0444f9abb7cf,region_maps/IMG001821.png,8234f03ccde3e6097c97074ff12ba82611527d5c2c8bcaadf7a141d9b89a4c64,8,3284,0.5131250000,80,80,uint16
IMG001822.jpeg,a213bdf0faaebb5bd10b5a7b8c24d6b6a2ce6139e19990ccdf23242b93a97bd0,region_maps/IMG001822.png,76ee28e237b94f1e4d039b6b5b771024e284648ebc5d93c70f7ab921a189efba,8,2154,0.3365625000,80,80,uint16
IMG001823.jpeg,f5a939ad686b5a2b55a312d46102c08fc69f1ba4e7714f4d3ca2fa89d369c71a,region_maps/IMG001823.png,c3db22f237f9edf7fbcac554922061d8a7fdb5ed2bb3fa4587db4c404f3b7910,7,3207,0.5010937500,80,80,uint16
IMG001824.jpeg,58ee2a081ddbcfce1a59195b322bad54c3ca69c3a5bc09dd1e5d340a59f62407,region_maps/IMG001824.png,9d790018b497c6b641e81b43ef0ed8afb0f52bbdb617fac0fd8ba853c91a9eb3,10,2438,0.3809375000,80,80,uint16
IMG001825.jpeg,62cce8a1d975c5cb8088814c94547a8cb60a15446a36567f6029f74a2e9142da,region_maps/IMG001825.png,777a6ddf008c028a7d15f7baa93238d81d0de6c887b9523dfb2369a62bb5abdb,8,5097,0.7964062500,80,80,uint16
IMG001826.jpeg,cb2e083b7597b817aed514d25bfa0b6d74857b4b8bb4659e4c1d672290b809f8,region_maps/IMG001826.png,348367ae0333bc00ec9675bebeeb83b32794ae16c2b31c1f6c5a9093cfc56f76,12,5783,0.9035937500,80,80,uint16
IMG001829.jpeg,012e69b7fb5a3964c6c8873567f39e0d019ee49d8f4650fc13818b4696ebe7a2,region_maps/IMG001829.png,a8add3b21a4dbbb424d95055b14b2476a45e1a1c6b556ab07e3cf91f1c89c9ab,12,4866,0.7603125000,80,80,uint16
IMG001830.jpeg,6fd025ae933be18c0b8953fe5eaeaefffd9c62c2290a2a328aa52435f0108389,region_maps/IMG001830.png,ae0554c46535212963719ac19e5306600c4df05688def59095fd4216fdddff2a,7,3142,0.4909375000,80,80,uint16
IMG001831.jpeg,78b23e364dea784d6f6505fe5d3ecf265d851b86b3d31622681665b01d9547c8,region_maps/IMG001831.png,b5fa339894687c66e6ac1946c3f6d463bb73639f97b7bd468d223729319c5d96,11,3454,0.5396875000,80,80,uint16
IMG001832.jpeg,151d69601d4343e933bbb7780d47d20dfec8bdb71e39b8932f195e5ead23f120,region_maps/IMG001832.png,ab9138da50fca396adbcce5acd58d48cdb8a49ea9128421e49d71567d2a9dad7,15,4307,0.6729687500,80,80,uint16
IMG001833.jpeg,420a52a3fa60a3388b21e6c19f650d202be9e7de54973cfc8f28bdfda40fbe12,region_maps/IMG001833.png,529aba81bad5b3008b8617b04fea4db40a126e07d1fe327156dad84043cdbf6c,4,3995,0.6242187500,80,80,uint16
IMG001834.jpeg,7454b22a73a54bd0f758fb4baadeb13fafd5e61f5753dbce973bf9c882e30dc5,region_maps/IMG001834.png,59c4183507a96887041e05bb68aa612d3fa0e37650dc0ef32e4ee7b6afc1ee1f,9,1720,0.2687500000,80,80,uint16
IMG001835.jpeg,9c9745cfda706014d7a1270e48bcd1598387abfcfb1b9b2b207209336b8b3428,region_maps/IMG001835.png,98f25ed4cbead6065f7c17fa1284e9ee815b067dbe6c1b483afb1132656453a0,15,2645,0.4132812500,80,80,uint16
IMG001837.jpeg,7dc435556f35b1c6bd538c5648663acf376a44226c19317c1dcc0f4166985531,region_maps/IMG001837.png,05c40519509a8c39c3fc88bbd912bd17b22edb5527e5bd8dad5634b6813fb9f4,7,261,0.0407812500,80,80,uint16
IMG001839.jpeg,6314aae0e4bb8a7840f91a64d3942dcac5e64200fe154dc1693e91a5806907c7,region_maps/IMG001839.png,dfd25cae9e1dacd02e5e1936f567919e5b75f102ae964ca305a466d7fc2326bb,5,6285,0.9820312500,80,80,uint16
IMG001840.jpeg,2dc3b7c67f753ecf5f98fcf75ef2b8a5e30dbbd5450a79dd2aa14cdf8b9c52c8,region_maps/IMG001840.png,0b14512d772e28bc59ba78d8c267d920e59d650bdeae66cead83a1110ccf3f66,10,3885,0.6070312500,80,80,uint16
IMG001841.jpeg,4c7a37bfaa53f6130adf36375315d86ce3116c2e091682bae2d59d4dce293092,region_maps/IMG001841.png,f89cad2d5cbd74f6967b37e3f8293f8772e30934f1bd91c9876b1f5afeae3108,11,5435,0.8492187500,80,80,uint16
IMG001842.jpeg,7ea540eaaf74ae983bed3d67bfdaa3a132e5b02f7ea8080a1d477bb76ca58804,region_maps/IMG001842.png,b2cfd05c6eb9741c7152a196254d8b8e2ae0b0c092a2265b3a8439dc9364c5f4,4,4340,0.6781250000,80,80,uint16
IMG001843.jpeg,9c02624b120b3ed8b7a5060b25d0d59265c9ee46ee9d197b8d07bb4a1ebb7350,region_maps/IMG001843.png,b382c2062d1c423d7484f193b4aa078ea57d0d015c9c1231d16c4befeb666502,8,3373,0.5270312500,80,80,uint16
IMG001845.jpeg,7b4b83470b7c59530dd887d8793d60954343bccd029cfa12b8ecfeaed265c7f5,region_maps/IMG001845.png,99c52c8c807a64553f8c491bf0d9a2e1c353f252fb54f855ad8981d08c3ff229,12,5543,0.8660937500,80,80,uint16
IMG001846.jpeg,b1921f45a6f9e831d5c0738339ea0f24d4e22e08ec0db49f9e8c83692d79c80a,region_maps/IMG001846.png,5f399757f6ebcb0f56b3ade60d99c5bf637f2136398755e3ef486bf00a758061,10,153,0.0239062500,80,80,uint16
IMG001847.jpeg,5f4fb9209686043641782ac280de689e7010d2e0f50af7d6f7cc5886073cff73,region_maps/IMG001847.png,59ee733b3a0c06a685e8971cd9f32eabd42778bb3de88e8c4f08582157f8b61b,6,85,0.0132812500,80,80,uint16
IMG001848.jpeg,26bb309f32a8acb76b85dea314098795f25e063550b171b100b5d35891d77164,region_maps/IMG001848.png,7823e12a67398fddeb0acaffe70fefd680744ac64416e45c9d41f287bcc13423,9,3374,0.5271875000,80,80,uint16
IMG001849.jpeg,51dd816b85c1f3afcdc53c527c14fa3d2812376bf1bb1407e72ef65e547d82aa,region_maps/IMG001849.png,0a2efc93cd048b7db65395997fb0ae1f7617b46134ae22ccde255327111882ea,8,3572,0.5581250000,80,80,uint16
IMG001850.jpeg,5a165d8f42d72e86ac0448b3dc41fa72f67acde5c465d27bf67d6c6331d11689,region_maps/IMG001850.png,97584ca14cd1977d9de39d9b6c8a681bb99d2e11668b2bd7b45a9761d641e5e5,5,4134,0.6459375000,80,80,uint16
IMG001851.jpeg,977ee3a298ab9a2e702b94beefac111d7eff59fd0e875a6631fc3369a752ab32,region_maps/IMG001851.png,930acac89fd1d3fb9b996b855acabc40ec0ea94b12c4ec2669c008a20af00046,4,3282,0.5128125000,80,80,uint16
IMG001852.jpeg,1ad24572c5dd686f7cc4bd19ce13eed4bdb659ae0c2cb01201acb86ae624cf9e,region_maps/IMG001852.png,3826de699a7116b2c57a3cffbaa928656dfcb5fff6134a9cdec49543ae1ad30b,5,4213,0.6582812500,80,80,uint16
IMG001853.jpeg,8237ecd82f5e99a8a24642e529623fc4f3aa9a6bed016d21850aba2cf747ebb7,region_maps/IMG001853.png,f79b36f6af23af714d5cf7b728d0f23b4e067165902085557e67da652d96330c,11,5143,0.8035937500,80,80,uint16
IMG001854.jpeg,a4cdea218ad22c387736e524b0a8120f34ba7ecd7d07db74273a33055223e6fe,region_maps/IMG001854.png,4e2b667511ae9255d45b78a09ae23cb7114306c3736e2ea1fca32d4711d02e42,11,4712,0.7362500000,80,80,uint16
IMG001855.jpeg,dc2637d85626ec1a38fff3ef3506f8ee1d60788d864448ae4648d2d02c165814,region_maps/IMG001855.png,430835b6c9438517473e43e73e43c675a5669ac188fe6d0e4c66c84767aced72,7,6036,0.9431250000,80,80,uint16
IMG001856.jpeg,7eee18fb0f8dc4054b63a67c3e1d128683a9fbc794f7e410c31ba53aec39d421,region_maps/IMG001856.png,68c8c5f7ce6a40eb56ed8129236829dc0d4bfdee916d0592f8d826e41543a2a0,11,6116,0.9556250000,80,80,uint16
IMG001859.jpeg,1a8cac2aecaac4ea69e0f4102630df6cd828acc5c67f56ba3dc8dcd48751ab5a,region_maps/IMG001859.png,83dc80719cdc7471d6cf036bb375eb376f5482419b07e1919da25c30a24a5d9b,11,3320,0.5187500000,80,80,uint16
IMG001860.jpeg,a0a6fa7b70a9c258a6222a5ae4c7cf5acf7baaf2aa2f20a08dfd4d28bb45099c,region_maps/IMG001860.png,781088ba976d453d8c0f78db9f568cbcbbaf5fa5a1f005e02e924702513e8222,21,4554,0.7115625000,80,80,uint16
IMG001861.jpeg,2940fef87e2aa3593ac047c6f25ec52aac97d279ef208be6b390bf9000c85a07,region_maps/IMG001861.png,ea82bbf97d30e955fa21ddfc5dccc04475344cc8790d7b2714ed2bd7fdcaff70,12,2160,0.3375000000,80,80,uint16
IMG001862.jpeg,640ba705c620b8f47d44fc6f9703e37af25a787f520930aee33fb1d09f22551d,region_maps/IMG001862.png,562b1a09cb3916dec167573ca8627be4afd92e983c87ac1e5c54b20588296962,14,1187,0.1854687500,80,80,uint16
IMG001863.jpeg,b990fdba8839f07e4fccc1aedb907d19cbd7033312318cb6d43093be191774bd,region_maps/IMG001863.png,6e69f7be924510e81ed9b48286fb049c31337ebc4d995b365f2885a8acc459d5,10,195,0.0304687500,80,80,uint16
IMG001864.jpeg,e5216d64b5f40c8e14d3ea81e00b907270cd8615b7983936ac22f2e9a06f6289,region_maps/IMG001864.png,cfc3e5fa408468b46c4836a78afd2eb4b3d0b962b3fc72d0fa46aa07f5a32038,8,2089,0.3264062500,80,80,uint16
IMG001865.jpeg,4638b560bee599ec885b8c55f18552af9d531de784a7620309574baa9f5f5122,region_maps/IMG001865.png,940bdd3f4218553da1765fc1c07267ac09c82d486f37564e2d9c974a42f65241,3,108,0.0168750000,80,80,uint16
IMG001866.jpeg,5737118fc552f80150e1b3de17de178796a5ced4451d9fd854c0e69aa7d93d84,region_maps/IMG001866.png,b6e7f5f4eaec4153f1af4609c9ad9a500bfd9f660e562d066524b0a527788aaf,4,1012,0.1581250000,80,80,uint16
IMG001878.jpeg,91c87aa735d6e1097691a7757b95537ecbe77d9df6fa468b00d5cb5a4db22f38,region_maps/IMG001878.png,ad791e15a3d38705a5980967417f1d6312a6ffc5c6e9801eb885022f23a82869,8,167,0.0260937500,80,80,uint16
IMG001879.jpeg,4ec96b434dd2e257ac55fdaee6831ce7cab24d81b5c4534ac01495dd1579b9d7,region_maps/IMG001879.png,6a6899648dfdc04fe3c8f54d2e8908547ea9f918c2828ba5623fdfd5e8b0fad2,6,4713,0.7364062500,80,80,uint16
IMG001880.jpeg,812df741db154d4c259fdecc4acd00fd80871da70d4742a63450c88309ca7217,region_maps/IMG001880.png,26be3c23f005434e6a2f47c4cfe3021bd06f129c4cdf1d35c64136c676f786cc,6,56,0.0087500000,80,80,uint16
IMG001891.jpeg,0b77b69ec42159665853ac4111641fe5bac3deb8b1d88376c9d2c2a97d28cbd1,region_maps/IMG001891.png,74f4998e19ff92c1be28a0cdeee6204d2d7c6544565a927d38150c7e4cb86a2d,5,1033,0.1614062500,80,80,uint16
IMG001892.jpeg,2c82b5a1c650731b037a17d284e1717e7ff4ec999b739d186eb1103e70ec1215,region_maps/IMG001892.png,3be52571f44a84545b03dffe6850f153769df1dc19e8ffa2cbf40264d7d470cb,5,760,0.1187500000,80,80,uint16
IMG001893.jpeg,5c0f547e705c84b359a6855cc954251084b27e9d05149084c702ba326124a15b,region_maps/IMG001893.png,1c944965470b4ae0e0b62f7be02e9b3093f9d3aa2520b7c7eae6ea7d9dba4044,5,3811,0.5954687500,80,80,uint16
IMG001894.jpeg,468c4f37f5c8c413aa3b06f0f30b4e320dd0eb7600c7a367f6efb6bd64342ac2,region_maps/IMG001894.png,209736bd51692da0b4224cbde223eee072980c0a10d9d9a5bfc0274e7f210b77,11,4784,0.7475000000,80,80,uint16
IMG001895.jpeg,18e6763d3789dee99f41de164329fab6de5936b5038057f4be043a91d7ac6eb4,region_maps/IMG001895.png,f0309bf15a381cb40248352b669dddf8f7da22813963a2e0a84c70f6fb4d383c,11,4868,0.7606250000,80,80,uint16
IMG001896.jpeg,d9dd837173c7ec9ea69f7aac85357da16a05e0d117a262bba0565d2370c1cb11,region_maps/IMG001896.png,5a8a9a017911c02e203da7dbf285651b8fccc085f5eadbb5b191068fd653a25c,7,3345,0.5226562500,80,80,uint16
IMG001897.jpeg,f163210d4829f34a07eed5b2814d5897a871aafa835668261ec8b57c19f98807,region_maps/IMG001897.png,b7c4d1bc37bb14cbf1612f5813d4d01f7f685057f42f7d82a062832abc9b376e,8,3007,0.4698437500,80,80,uint16
IMG001898.jpeg,baa2665ef67b6e6af125174863fd425b45754375856a43eb11ba304df1a8b21c,region_maps/IMG001898.png,9cdd369084baf4a6a1c2cac81cec472d6afeb86b301743f1929429e7a725a0dc,7,5664,0.8850000000,80,80,uint16
IMG001899.jpeg,0b4eba04d1ef3d43596130b54af878a21f38afaf60c219c0546f0d55c2ca0016,region_maps/IMG001899.png,44e71f70d14b61e3c815989deb06d71f27ba7e590ac8f886df9db2fb0a55a7a9,7,2779,0.4342187500,80,80,uint16
IMG001900.jpeg,dae17d06bd685f28dcf4dc242e4709779bc3fffd0c798e256e208387e8b306b2,region_maps/IMG001900.png,035c36a6de56172a16a328200619537de9fce845f5f34293802edb64f8a81fc4,8,3388,0.5293750000,80,80,uint16
IMG001901.jpeg,6115f9bc07e4dca5ea9d32a93ec550be3e1379b3c22fe61b17fe85fed8ae0fbc,region_maps/IMG001901.png,c29e89103d2289b8867b7c181b80f53af940ca9a8b8b7c1a0e9c1216814c574a,11,1998,0.3121875000,80,80,uint16
IMG001902.jpeg,cca125b9eae5f91a9d417bfa8cb42f743a8b6d552e12f5075ec1eeb61dc45ded,region_maps/IMG001902.png,b243afdc6ccba801a8c5b40236fc282e11230f1491374349c0fd7f596917b7ab,8,1508,0.2356250000,80,80,uint16
IMG001903.jpeg,223057c1f47b9aa41c6d7b68a4ff72896742e43389f86fc29a6fd83492e4a52e,region_maps/IMG001903.png,b20113ee5b887455b5536fdf76c3b5c82ea509fec0f41e55540686770b886b02,6,62,0.0096875000,80,80,uint16
IMG001904.jpeg,002da6fbc9f4b332bd86d1f3c2bd7615293a670f5f1ed6e4d806935d289fe0b6,region_maps/IMG001904.png,399560e7a0cdf447d66ba855319e765e0c8520da910c53c4b1ce328b6420b0ca,8,4042,0.6315625000,80,80,uint16
IMG001905.jpeg,04c3c5e63bf39c74148a3af7efdaa6a3305adfbd26e57b50092b430e03b8b203,region_maps/IMG001905.png,c77a519b2fcd916384857ea0a41f858a29c08889a00e3cfeb08e0b8070bddb82,7,92,0.0143750000,80,80,uint16
IMG001906.jpeg,9b9ac361e6be2b77c5a59fab727ae6dbf93b7dfd93283eebf6e580a37760a890,region_maps/IMG001906.png,f7a28d9355695b1b524eb2d1ca0222dadd3ee5c4ea37523c7e6992851b2c0aa9,10,2369,0.3701562500,80,80,uint16
IMG001907.jpeg,eb52e99dcd37b4c97dcd8254de657396d72621c8e9fd4001ecb665c016748449,region_maps/IMG001907.png,9f7efbbd64104d4b0ce9b7cfd1635ef1eaee895b51752a2dbad3a8e32258a5a9,6,55,0.0085937500,80,80,uint16
IMG001908.jpeg,de62900ebebed79683ef3f7fc6dc6fd78194a1e2f41c4481662bb112f502e146,region_maps/IMG001908.png,21d5b92ce62a8b9977bdede88983d2b06474bf46eee8eda6413731132b8b71a5,7,1177,0.1839062500,80,80,uint16
IMG001909.jpeg,bfae0ff180c8ecc45c3e322c501adcee5a9c2c125baea76195a376fc7d041aef,region_maps/IMG001909.png,999547204adbd909d0884158b6fde297700e51be57447e0c0c8faadb17d6a136,6,5677,0.8870312500,80,80,uint16
IMG001910.jpeg,b8149e6aa61484e1ff18a5edd2ade438fbd5a5d9338f067a7fc84e8b8bfa3c02,region_maps/IMG001910.png,13ea0189fda0eca204876304ea63db7c013a01592da2f47383cc055e1caaba29,14,5093,0.7957812500,80,80,uint16
IMG001911.jpeg,215ad44a9187324a1112b5284d1c9e327e071e310e7073502251e9bd831ff74e,region_maps/IMG001911.png,edde9ced9e76be0c038316c9b8d7230cecb9e4793f5473a46cc33c8198049842,9,2099,0.3279687500,80,80,uint16
IMG001912.jpeg,91a3193e646b97ba7fbcb783807b09436d6e960f9cec0d7a4efdd20d04370e97,region_maps/IMG001912.png,f23f9987bf6c487991595d60d85be9975a2ca95f6dc647862dc5232183196dfd,7,2839,0.4435937500,80,80,uint16
IMG001913.jpeg,14a231e9ef7c8aff399020e4e1b2a28cb51cdf3b521819c2db5224dbb46c6d97,region_maps/IMG001913.png,e9a3d81a7526c52ffdccbfed2e2e03d6086a61dd2179a60b8c66b51fd75f44e6,6,4057,0.6339062500,80,80,uint16
IMG001914.jpeg,1c45beea63c58495782340ea539a8d9ec314407512097ab08f896db979deac27,region_maps/IMG001914.png,ade0d96890aa2b5c705827e5aa010117c39de14f2680db9d83e8055cd3ea7c3e,7,92,0.0143750000,80,80,uint16
IMG001919.jpeg,2eda67823a681a4430becfef94a10af03c0d521780b91e98dc098f5f609f93eb,region_maps/IMG001919.png,edfad4d21d9ba421d3e93edc22d7461747125c3fbf1f8cf8d49d9d3f696ef7ad,12,4162,0.6503125000,80,80,uint16
IMG001920.jpeg,bdd0004c007276d37217d8d9d19ec1408ccc233e54db3246e2d645de1537b78a,region_maps/IMG001920.png,40fba957b75811d2f786fe1ba74f5f1d315c11eb0106e9d528cf779b0739b69a,4,4617,0.7214062500,80,80,uint16
IMG001921.jpeg,479cd9355ac2ed44c5378adf4428fdbe213295a2cec3e350cfb08239c0481382,region_maps/IMG001921.png,cea96aa4b0b905fa5925fa12e5eefa807726096a7cc43d859923e23442330d96,9,2602,0.4065625000,80,80,uint16
IMG001922.jpeg,54797f9de6dbbac5a182da0ccf6dc2246cd51296ba85004a11ef090ccd3e6220,region_maps/IMG001922.png,379223bc8e14afcee68f8feafb28a2c41192631e80af406955012bdb9c89abf9,1,1019,0.1592187500,80,80,uint16
IMG001923.jpeg,2ae6da2849ccd0f64d4ec16e654c7581d5fbd3e48cfee8c2851028269225a2ba,region_maps/IMG001923.png,0e81cf566179bf2bbc7373efe91b44a5d8056b09d02637ce6d8b36257e8308cb,2,677,0.1057812500,80,80,uint16
IMG001924.jpeg,4b62dfa7f475d367ba25f5e0a9cb6b11f0f7db340b324f6e24b18823187d2425,region_maps/IMG001924.png,90d7400b4ef9f3f86a6b2d95e79eda03cd16a1390187dbf2557296bbc046894b,3,896,0.1400000000,80,80,uint16
IMG001925.jpeg,f45eb8e3542ec33e0f6717decdbc5339fafa35bc59372e8e94da1a8a53995197,region_maps/IMG001925.png,c97fcdd54238f72e43126075223a585c29bf3f96782e8d56a2e5d0e2c837c5f9,3,772,0.1206250000,80,80,uint16
IMG001926.jpeg,bee52bc05712103d6c7078da356593c7002b6d67e07d10581dbc793b64f4bc34,region_maps/IMG001926.png,cefd6c6e2d44a2e0b1def6b6c68a94f43cf128e0d778e84a67c21a2266c1a0e5,6,118,0.0184375000,80,80,uint16
IMG001927.jpeg,3848886189300dcfabc32e1bba8465f9eabd729c59c1537fbc2a37676ea88258,region_maps/IMG001927.png,b1d58d67ce21793a9c2517893b1f60ca08e0e1edead5777de8883b269506eaf4,5,3594,0.5615625000,80,80,uint16
IMG001935.jpeg,95bd454249e6d652e1f834cd900ac0da9047f5e6ec39a6afe6977903ae583dfd,region_maps/IMG001935.png,ff60ddf3a0841cafdb5f43434a0a3a9fce8aa8d4ff85c2b697f129fcdf9e4283,15,5902,0.9221875000,80,80,uint16
IMG001936.jpeg,ba60aae9d3a174277a6f4dbf0bc6e1ced1b1dfe85cf1ab84a753d2aca3df6762,region_maps/IMG001936.png,c37279e55461f5cf41217b4194b95af4c06620b9fce4823942dd62ff31140e65,14,5927,0.9260937500,80,80,uint16
IMG001943.jpeg,80331affdec8a143f0cb6d4967b12e880e357f6b81865ae1a29fbb114bb709e4,region_maps/IMG001943.png,436850616bb91fe0e4a39c490c8c144e634a5ac96d7625a40c19430295b44b2f,5,83,0.0129687500,80,80,uint16
IMG001944.jpeg,c919bca3f07f10714b9ed5000530c7706a1ebe0279ec4ffc0ded215108b5cea6,region_maps/IMG001944.png,52af153c6069000ac8e67eb7954e2f98d2ccfc0886036b30761d8e58384e2d43,21,1916,0.2993750000,80,80,uint16
IMG001945.jpeg,7f1599891623d275f0d88a9a89b21c5e0be8d563a9e0eb95f990e166bae6948c,region_maps/IMG001945.png,c89fc0d6e81f7901950d868d274e4ec2ef004424c537fe8b6d99cb008e5c5684,8,1816,0.2837500000,80,80,uint16
IMG001946.jpeg,ac7c77f18c44dacc65611be945fd99a73def912046ce26fdae6b791aef594e45,region_maps/IMG001946.png,d504b43ac91ce73d466363147db115ef3c4e0819244a991e582d67ae42a460b9,6,3278,0.5121875000,80,80,uint16
IMG001947.jpeg,5cea865b267f902c118e8b72e5c038bcb9f1ec510f7ed2af19681a86a4482d01,region_maps/IMG001947.png,aa00ddcebb514d511b5ca198f2d4883647c78aef12501a62e08b7d0416158fad,5,84,0.0131250000,80,80,uint16
IMG001948.jpeg,7c331c3d721942b5ed3fc39b0157a30a3e37480ddfc02144a866fea2b6eaad77,region_maps/IMG001948.png,4a47b9896aa02f19fe6e7d9a747c9b3c51278fcb71c95e5f27c9fbd5b54af9fb,4,1131,0.1767187500,80,80,uint16
IMG001949.jpeg,1ed7bc1a76ab400a9e84b4a3d8aca772fea1ba523d93ee49ea37927a4f01cd07,region_maps/IMG001949.png,487d51e92a1b7a51d2127115cfcfda5e3478565c761180b955c682fb02a63281,7,1105,0.1726562500,80,80,uint16
IMG001950.jpeg,116cc706300dc8046e9bc136346fed5eea6b184887e35b75c580035181ce3c11,region_maps/IMG001950.png,e1526b65bc4198068ce10b5cdf750b8ecb51dc65f6c3dfd2f131f9bd36faced1,3,5282,0.8253125000,80,80,uint16
IMG001951.jpeg,e100452c42c1e4c5dcdb5407dc1c4f9eafde70c91eb3d0527222b19e84e25605,region_maps/IMG001951.png,e85d5e4a6b7ce2d4e4a3ad257bda5763eb0ecbfe5eb26dc4c499c33a30de6cc0,3,849,0.1326562500,80,80,uint16
IMG001952.jpeg,e710040c7d6902609be61316e9f5eec7acd339b81f08f99342541b80c04a7057,region_maps/IMG001952.png,4356f153f9478274e658bfda57910c0844ba4d1f92154c41a3c3db346e906db1,4,1040,0.1625000000,80,80,uint16
IMG001953.jpeg,9341914e43a1173a3c62fe31ae29aca0eacefbec50800f886e25f5f2db548d76,region_maps/IMG001953.png,088d6c1afa99981c4c318fba013aaf28b825298874292db61a0fbd4bc33fa503,11,1943,0.3035937500,80,80,uint16
IMG001954.jpeg,7347871d28d8b64693353f42aef1346b9942ee3f72580d33bb72a8f976ce4fe2,region_maps/IMG001954.png,6ea1fd4b1175a40eb3ce4d93db080d5e389126e8f8afdc2062e92e7a2bee6ded,4,776,0.1212500000,80,80,uint16
IMG001955.jpeg,5cf21cae9f5a64f796e32439f963a92e0d11eec7369e7f8e455750a3db1986ad,region_maps/IMG001955.png,c6b8218ae7a51ce1e9dc2a8b0d6f1e75be730b3645bd22027e6f2778ad00c4fa,1,1316,0.2056250000,80,80,uint16
IMG001956.jpeg,56a0c4a779b0a759e4e7342deb6a205f0d5247fe7c52edac079e4d1324300ddb,region_maps/IMG001956.png,2787d4e7a54c033ccfbc9d4abd6583bd44b16d642adcaddfc9805d57cedfea66,2,1034,0.1615625000,80,80,uint16
IMG001957.jpeg,30f97181c2ca434732f41bf4ddd9ec7da7837e5018996db30eddc176402ad0c8,region_maps/IMG001957.png,00ca4a22bf2fc0b1fa1d3d8c1235f264487402c87df73632d6ad8a723f97ff2c,5,2492,0.3893750000,80,80,uint16
IMG001958.jpeg,467e9b37dbafc9f4776f710db18f9789b7a9787694f891cada69c44e11d20988,region_maps/IMG001958.png,2c4ed3d604d33bff2d5584dbe2e36d539d491764d162069ff886835e497443a0,7,2953,0.4614062500,80,80,uint16
IMG001960.jpeg,ce79a61fe5c1ef3706baf9b5ebad66c505ca60a0390a61d13aedf32f97d6d218,region_maps/IMG001960.png,a45f367fee1d68769c73891986aaf78a0fe17aa6d016b6c02956b9d9201ef25f,5,755,0.1179687500,80,80,uint16
IMG001961.jpeg,4e9a7d0084581d6921a7814d32a1cbb8529c10bc388c54ece2569f03b1c036ff,region_maps/IMG001961.png,54bdd5a57edeb2b65c72f029e4870d91d17dc7ac4a75e17cc9aa69ed659e013f,9,2288,0.3575000000,80,80,uint16
IMG001962.jpeg,7900c53aea6727791daf80c76b97901e20cda1d26396e731dae3baa850ef621d,region_maps/IMG001962.png,2062013f28b0aead07e94cbe10b7a4ae0f2ee05e093d43233229b59194f40c0e,5,26,0.0040625000,80,80,uint16
IMG001963.jpeg,4e46a248c6bb68141b3310e984f29ad0cae76a56eefeae918af7367ae5322761,region_maps/IMG001963.png,b237fb4d6c71f8309a996c7f35188337a29dce2fa37ea9bb22d4af05165a450e,7,2297,0.3589062500,80,80,uint16
IMG001964.jpeg,b9fd5f3653dcef48bc77337971dc14ef8bd9b64180462e0e3550366db12ac69c,region_maps/IMG001964.png,04d523bf40eaefd72a16843f9b91748e236d2a6e54171641811145e1f5f602a1,11,2303,0.3598437500,80,80,uint16
IMG001965.jpeg,f3e2dfa5996dfcc3c6cbbce32dbe78f437c096c6f28f243cd0ca39270b32d5f7,region_maps/IMG001965.png,6e7ed9be085524535287f7295d9e706360038798092ce87051bc60d3309f1856,11,5474,0.8553125000,80,80,uint16
IMG001966.jpeg,b55f57ed715888304a384b6b766b43e70214e7199a926fc690238f4aa70e295e,region_maps/IMG001966.png,86a7781cc7937d9099fea4d3bd2f8e8a420be29e8e614560e2073d7c0f90f7bf,3,1121,0.1751562500,80,80,uint16
IMG001967.jpeg,28c36d0c723cbc4dfff41d1db80abe4e3162b62e426254e69a55d13cf74ca5d9,region_maps/IMG001967.png,ae30ef81265e7067c8cc53aba9b8ccfdebb5fdb29058efd2ea408c1675cda559,6,4708,0.7356250000,80,80,uint16
IMG001968.jpeg,b8c07a75f8defa5cd5126bbaa4fc1350c4512f537ebcf06ccf93758c5dd3b0ed,region_maps/IMG001968.png,238f145a38333243005a278712b697e17a32d94f51ad09577f1e0f053398d308,6,3372,0.5268750000,80,80,uint16
IMG001969.jpeg,9ed384a18a9389a08cd308ed1b65cfaf02a3e8d23787d976a8556fa6507e1880,region_maps/IMG001969.png,9e7b06b802c1ed31c30d8ef5814150b5532ff2a4187c1ca73f5292dcbbe0203e,8,2837,0.4432812500,80,80,uint16
IMG001970.jpeg,9e28618937e94db4d5b4bddd34ab646b9410fd37748cdebd77f0bc3fb05deee4,region_maps/IMG001970.png,3617714197a7cf10088d7c61c53d92dee63de1d3bd6b6eb2ac1a83a3547f791e,4,1171,0.1829687500,80,80,uint16
IMG001971.jpeg,a1b911b7c215e69b0a1bb876219c7e5dd33f2684d9cf1737009a6bca2eb87a6e,region_maps/IMG001971.png,a4798eb1513a4deb2854198ed1fa5feff40b16595a427cf7bac2cd2cf4cb2d26,8,3016,0.4712500000,80,80,uint16
IMG001972.jpeg,8e64e6756c943dfa8c97ca60287a0b0e1c80bf9a6fd6d775be2be60d0e4e3bde,region_maps/IMG001972.png,9b45997f6f3db6d5362c64edd30db9abd5b726d3dc60fe9a371ce1ba973f7428,5,3505,0.5476562500,80,80,uint16
IMG001973.jpeg,e907996a131193d3784ed653593373b50dbaf464c8a364e42971aafaf7551a50,region_maps/IMG001973.png,1dbf445b8014e5c9270cd592c337243fd249a1402a466025596de0ab5403fc33,6,5932,0.9268750000,80,80,uint16
IMG001974.jpeg,df816fc78187facfa163e2617c3aa7e995e9dd9e04587cb1f2da98b01367fc21,region_maps/IMG001974.png,1735593e051b3a486c746f721a2ffd91a147685ba7ad243625594d613de39aa7,4,1996,0.3118750000,80,80,uint16
IMG001975.jpeg,1529891050b8f0d1b31b52c97a1ca8f29edd5dc5283ed7fa67134229084b0808,region_maps/IMG001975.png,0ad0d249267c9192bf3234d57f889b56a83e0d55b9492c30a52c4c3a14ab9c45,3,4339,0.6779687500,80,80,uint16
IMG001976.jpeg,18852e945f0bafeddfe77399328c092fa5d4ce7820c46c53cbd9e88968cb526e,region_maps/IMG001976.png,4045fda396aed4c536da2bc9744a9fdf23f1c7eb3747bee78fedd551dfbd8efb,11,5364,0.8381250000,80,80,uint16
IMG001977.jpeg,fd4b47bf41a07244d881e6078b33749d89dc1df85bc690da5908c408579a94e6,region_maps/IMG001977.png,7d85f95254ed231e2973fab502a2ae0c96577aee8dc9cebb338d677cd876ec15,9,2746,0.4290625000,80,80,uint16
IMG001978.jpeg,2b0c6a28d3ecef171e34735f1a586eba0528c5137f6ccb6dae7b14ee43fb8e77,region_maps/IMG001978.png,c0fa63ebe067fc215339d96e7a09af5c00ae617646625d81878634ba13b1870e,6,2560,0.4000000000,80,80,uint16
IMG001979.jpeg,a7dab3225ecb4581376de8c8895ceeeffa38ca1e298c003454bbacc2f255e47d,region_maps/IMG001979.png,7b244ad1d29eca391069c0e5f0d7f27f4528b15ce315edfd6f83c831beb8efda,4,764,0.1193750000,80,80,uint16
IMG001980.jpeg,b1ad73b44b755deb42ef8e58c352942096b07bbeed6707c52094333bbe92c10c,region_maps/IMG001980.png,317a9a297ea0d61d6a4fd1bd61404b3529049059402ae21e0920a7d3bae0629c,7,3333,0.5207812500,80,80,uint16
IMG001981.jpeg,1aa5b02cb877e2125d70f08aec5b5fe92c4e3d121ee684c37b63cd8331649504,region_maps/IMG001981.png,f0bc2136e02555c90090b52eeaf2297ecd3834d30f469c8efaba2858c7b47e9f,9,4207,0.6573437500,80,80,uint16
IMG001982.jpeg,af91a9beaaa18927d73c53fa5e8378f87f5943d72396f7451e3652b929fe5807,region_maps/IMG001982.png,8898c8b0fb66fc26751bfab7c9b87c728b2946c7352321ca8a89335129fc7b5b,8,2256,0.3525000000,80,80,uint16
IMG001983.jpeg,77e5d1fcba58ba0af6905017db3ef21b9adb30ca460b467ff80417a384e1c4e8,region_maps/IMG001983.png,681f233ab4612f8241b43ec4adfaa44dab964c3f26a1a27e56897c54d6137ceb,10,4227,0.6604687500,80,80,uint16
IMG001984.jpeg,48cb83ee57b759c41aa19606e042bedbfe05689674532e2f1e11eba0d93f73a9,region_maps/IMG001984.png,655a15a3e3564b611feb5da2b5145bd82bcd795de7e03caafd71a624df9743d7,11,2449,0.3826562500,80,80,uint16
IMG001985.jpeg,24f6a1ab20a5dbe579499cf2f6fdeff0dc96801cea884bb127f7f546ea55729c,region_maps/IMG001985.png,b79b4e27070047cf7f402b553b9498d406eaea4526e22c82d0a82fdbe70b4d1a,15,1407,0.2198437500,80,80,uint16
IMG001988.jpeg,f5ee51c1a4198f4100df2cec4f35d7b0dca94419a0b5d6d8768646ca1fc13a71,region_maps/IMG001988.png,aea9e226d2c5b5da93527a479d96b23329319a0d0b3119d12cae09c54e681d91,3,967,0.1510937500,80,80,uint16
IMG001994.jpeg,5da7309a0c39ea84cf3489c6fd32ddf76ba9b736a7d6107a0f36390e0319160d,region_maps/IMG001994.png,e0b6f6667476d7a692f743fe05d568e985e0872957e876d5152bba85e500078b,4,733,0.1145312500,80,80,uint16
IMG001996.jpeg,d7bb3934cfc2b4e35fbb1b76bed4b39f4369d3d7f7ad2c9c9f6b9676d187e6a7,region_maps/IMG001996.png,6de9bc6b4cbc76db61ce2d175a62b9608dc3d27a7516dea08feedc1897a6e8b4,3,42,0.0065625000,80,80,uint16
IMG001997.jpeg,dd5ea21707e032c8929f1d0ef118999e9875c87e8f550feb4153e7235fde2c0d,region_maps/IMG001997.png,4b70109242d46301a027e9cf4e7b8bdd088d9a271f255c9239b41480db2f9e8d,3,42,0.0065625000,80,80,uint16
IMG001998.jpeg,400450de13400621dd421254d6a0789894ad269e6e01b3e7e8c5a75ebd409a4e,region_maps/IMG001998.png,132fa464aedfa395d417122b82f3a84fc25f2e749f2a1d068299c9aefc90d35d,2,40,0.0062500000,80,80,uint16
IMG001999.jpeg,40da8f72d9df2e864ca1d6e6807a964034676ab0faad1ca3394ddebcbe20d8b0,region_maps/IMG001999.png,5b36d3d8f1f08edd410cb83c1e3c862f1ee75f3b77e09f923be8b39ae90c23c8,6,4906,0.7665625000,80,80,uint16
IMG002000.jpeg,896ca5494c1d57c6a9819b1e181ae7c1d1081556ffb92b05eb917b7ceb59e488,region_maps/IMG002000.png,959a6c4a97093349737f6bbca11910cb102a6240b7cd9abf60a7a2dfdfd72251,6,3207,0.5010937500,80,80,uint16
IMG002001.jpeg,6fd3c80ea2946899f887101b7a85b38064c8b6d78046d3999b35538e678b0fe6,region_maps/IMG002001.png,66b6c083c3a091e98e691d27075e4d58bb084fa25447c63569e455070056c1c7,7,3304,0.5162500000,80,80,uint16
IMG002002.jpeg,9b6ff740ecfe767dc60b4630228e799b4321c89b4d5b649555cc29e872b06d36,region_maps/IMG002002.png,0fb323e32f031ba4c4c7ca142d7bb79ccc5a1d26eb9602e245f02874401361ad,7,3841,0.6001562500,80,80,uint16
IMG002003.jpeg,89c1acd3291c91df3d4c65dcead6bff644654d48d4f0c6f4eeee9bf292641dfe,region_maps/IMG002003.png,e4ebac5df9208e5bc965acfb29e5768a7fbcc2debfe53d96540c97b9b8a8bf62,7,3803,0.5942187500,80,80,uint16
IMG002004.jpeg,3168121a68207a35ee0fafead2967fac32c41a4418ff4f423a722e68112811b4,region_maps/IMG002004.png,4efb83e9551a2fa654d5a2c733d3ea0e3a48f4bae5fdab4a78a484ce03980c50,8,87,0.0135937500,80,80,uint16
IMG002008.jpeg,8d9e9821bf9d37b72ddc7f43134c2e69e80bc6ed316079bf0737fdc3c1873d5a,region_maps/IMG002008.png,e211cfe6a43bdc9ae74634311c629711382469e4dfcf0fc779b7b9d9ec44779e,14,3491,0.5454687500,80,80,uint16
IMG002009.jpeg,d40a0776a8ba0553f234702cb6a246e9324be737c0a06104cfde1796374a7afe,region_maps/IMG002009.png,4cca7336a71a5d9f90e383afb91c7693d65cdbf46f9703ee5b8bfe7022abfd86,16,3647,0.5698437500,80,80,uint16
IMG002010.jpeg,93429a262bf8e7b81cf1efb88829f93d89a85e7a7935ae7f5e2229436d7781da,region_maps/IMG002010.png,8c449ac31e5356019269008ade3fae72edd8ce78cd755df0746bc39947fd67f4,13,3842,0.6003125000,80,80,uint16
IMG002011.jpeg,bb849b60c70264503a67cbde47960042e53fdb1763a5116fc13c3a9714477447,region_maps/IMG002011.png,12dd5738a038cc61a633019ecc5a1b17836c8d07e0a5dfd2f523c42eac314a85,9,464,0.0725000000,80,80,uint16
IMG002012.jpeg,d7500125e2b1b1cae01112f2ea82fac18dfd4d75575b8c932a77339be8efed61,region_maps/IMG002012.png,19acf0a55edf34ac451164cce2cd905ccbb93d689cf15891aafbe0d47d7a5923,12,4551,0.7110937500,80,80,uint16
IMG002013.jpeg,bd1b27298963de1020b59cf8ffaed86f7ad663c52fd24f75a91035be079c655f,region_maps/IMG002013.png,8609f2cfd64a52ec1b2bfb93625cd65128e730aa0272403a8675f72f58fcb640,9,1369,0.2139062500,80,80,uint16
IMG002014.jpeg,a409c8888c2f09c26e28dfe13965a967f21749edded2d138e9888910a1970db1,region_maps/IMG002014.png,2fc716f8e3fb0dc03d1f27de4b17c98a71eba2a42ea97aa6a8484ed1c4cafa9c,4,1165,0.1820312500,80,80,uint16
IMG002015.jpeg,172628ec80cdde4571ccc266f75e3afe2e5bae99726611f9e98b6908e70663b8,region_maps/IMG002015.png,5475be2434e30b96fe242168980b2d17ee7bd40e99bb6f4170d795b434530030,4,1208,0.1887500000,80,80,uint16
IMG002016.jpeg,f239b33d74662400205046f5d9353bde3cec24ce5ddd97e77a5c52370508378c,region_maps/IMG002016.png,dbcaf9144cdb5ec1463d361c09f35341e8be32a8d6f23d4f0b1bbe9fb2583ff2,6,878,0.1371875000,80,80,uint16
IMG002017.jpeg,62ecba07555f21874823f5d2e8cfd22ec7c5789982cb8281b6ce867689b67c39,region_maps/IMG002017.png,be72ba84d3fd4849792b8ec71d129128ff6b4e98717e9b503d016589f4f7f840,4,987,0.1542187500,80,80,uint16
IMG002018.jpeg,e82ce5b7212c5bdb5862794c6124d1585b382bc5cee451464f8049f61a8a87df,region_maps/IMG002018.png,43d380e6c87715d99baf979239f0deb7aa59ab86581bcddbf33ec0141d6631f6,6,85,0.0132812500,80,80,uint16
IMG002019.jpeg,1f985e171cad5684e7370a866dcf14103d1dd345ddf2c34035699f5742ce5e45,region_maps/IMG002019.png,fc7408007752098417dfe44bd3e40ac704b3f6045d4b74f70fdb69a7e56500dc,10,2490,0.3890625000,80,80,uint16
IMG002020.jpeg,341a1fecc38e4ec7c0be9e47702e0eec13449ca5e1fb447c39d71254d862f289,region_maps/IMG002020.png,1e5443d8b344828b5fa8da52db33ef1301d81ada0005d58a9e35c1055bb3cfe1,6,435,0.0679687500,80,80,uint16
IMG002021.jpeg,4f30b5d82bab0aaaaa173e038ce4d65ee9745fe28a17afb482b5f02a02a7b3dd,region_maps/IMG002021.png,9a1e738ff967e49efc4c7dd2f4c03078d956e3fb6a3747191f4a03a1cea6d17f,4,2229,0.3482812500,80,80,uint16
IMG002022.jpeg,f4e61c014b01543124a032986325183f6ced512d663dc6dd4e824b9e2713297c,region_maps/IMG002022.png,6fa51a4899ccc77205de62a29850a921231d1daad63bce5a9d089ac119550fe3,12,2095,0.3273437500,80,80,uint16
IMG002023.jpeg,ba34a12963e7a7a22b8a1311704e712e1a85ecd204b4b7421d9bcf5dc862f042,region_maps/IMG002023.png,c13e776c54d3776a6ad626b299a38f6f20deb0a8998bc099af366654ee89f497,2,2808,0.4387500000,80,80,uint16
IMG002028.jpeg,54f09d551926d94aa49119ff65b5b4bdeb56dea2e48a469a52f5ea6a4834bfaf,region_maps/IMG002028.png,ad6e94f31187e98abc222063104d90903e8d5c94bc355026377a200f2f98d141,11,1529,0.2389062500,80,80,uint16
IMG002029.jpeg,1c641ef3bbe3e4b99579eb82826bbe6fcc44db240a70cbf0abae51fd8bc28b5a,region_maps/IMG002029.png,890af24f82455e5e48907c615a382d6a23019530631c1065fd44d4ce79630518,5,4610,0.7203125000,80,80,uint16
IMG002040.jpeg,1a2f4d1f3274016bb3a9d192a055f19499ce2e9f5b974543e63b263af99787b3,region_maps/IMG002040.png,004fa0dac207b9a6471ed513ea37b46639f517d435984662aba268f24312f858,3,23,0.0035937500,80,80,uint16
IMG002041.jpeg,489b21e3487dc1fc77ff3c6619c2b66c197262f516c476a10b92a9c9a27864dd,region_maps/IMG002041.png,f62357b280c508f982a6fedff68cd5a779b0be7bf3b4c7ddc37f34d0f8374964,5,3498,0.5465625000,80,80,uint16
IMG002042.jpeg,d9b0072d25df910debfd3f7bbadc669007251b2149ff6487b5471c85d5a0df7b,region_maps/IMG002042.png,fea760aef7395760c9098ebb9fda761919e536a2812e401f5328a9ff824a63c5,8,64,0.0100000000,80,80,uint16
IMG002043.jpeg,191fe13faefa461188b2a6388152050d478d8e6fde7e7886021905bb94f76d97,region_maps/IMG002043.png,1bfee309e73e1166723d7447fbdebaa4732ca1db6c1743cd223a7d4bb0d0836b,9,2143,0.3348437500,80,80,uint16
IMG002044.jpeg,8e77e20dbc5a73b46954823c0d8bbee7c2b6c40ca2515dd3602cfcc89f228259,region_maps/IMG002044.png,61cba2572bf54f4fa543413cf0e0afc94e304766011d185cc66e9373a400bfbd,7,0,0.0000000000,80,80,uint16
IMG002045.jpeg,c2e9b356044c3b083afc1348d8a33758f65760d08bdceb12f06efc4e4270f34f,region_maps/IMG002045.png,ba76533687f5578242c4fb122830d937b5c133cc5310120e8d232f6f40845f83,11,3961,0.6189062500,80,80,uint16
IMG002046.jpeg,8e6998ee2317360b319355859cd9a3afa5f86e05c35072a5c80aaa1841b73090,region_maps/IMG002046.png,e8043712359f148bb1483099a90d9f86704f03186462552223579de2ce2facd4,9,4354,0.6803125000,80,80,uint16
IMG002047.jpeg,d192fa78cd8e1a92287e41c9956fc40e352481b1580110e5daf078650ba1ca90,region_maps/IMG002047.png,6bfb451a683c66c6045495ac18e053186f5ade5b1e4cef77606bc86f962c027a,10,1976,0.3087500000,80,80,uint16
IMG002048.jpeg,5a4a5122ff834778e4e41fe57d6ea56d980eaa3f2c549189d95fb1aac1642635,region_maps/IMG002048.png,b308fc6073f3d31c0c9c4ba6f4a743d6f2e72f261da5773f04f308ef4266f876,3,48,0.0075000000,80,80,uint16
IMG002049.jpeg,c5a4100c31fc1c02d672d4a8bacfc807589d31629fd3205a5c6f3ab78758e1d1,region_maps/IMG002049.png,8a35ce6be63299d4b77ad9b47b0102c6604d82c72cf7d3e63451af2d0b418b56,4,5161,0.8064062500,80,80,uint16
IMG002050.jpeg,f8b97c71e643eaac1990da9a30cc928c44994f5bae5ef3fec5400ce7e264a2a6,region_maps/IMG002050.png,c3c0c57ae24d6a889316a0a5c1f7f4550970a72485be9e5b1460b4c230c74cf6,10,4610,0.7203125000,80,80,uint16
IMG002051.jpeg,b6cd60ae245a2b5547fa7cff102007a4c5359c7ca636ee62ee45d0c1346f6986,region_maps/IMG002051.png,41748dd44f763acde82c18602f0abb7bc88d56d999aecb221b0666bd52c97670,10,1535,0.2398437500,80,80,uint16
IMG002052.jpeg,a43ef4a39a106ee08700e2a5a97bb6715747efda526bfe491c19814ab966b14e,region_maps/IMG002052.png,a7456b05f6427beab63dfa54a9e2740520438bea007f7af4a908eb7656cc4f66,15,4961,0.7751562500,80,80,uint16
IMG002053.jpeg,e1cf1511568928f6a964b3c744cb70e5cfcb05a45ffa75ec362c14ead9a4631a,region_maps/IMG002053.png,1bf53c39f17b1f0c4a55ff22823a0a89ecc813c12ab2223b14e5bb7c5f766a2f,7,1185,0.1851562500,80,80,uint16
IMG002054.jpeg,d1254f04d067f975f4dc7e5206a01597cf8608bbaf1bf30fe83a073d3d9b685c,region_maps/IMG002054.png,d87ca91e4bedfd08b9c14909c87764fee187668dac05a56de2baba9055368543,3,862,0.1346875000,80,80,uint16
IMG002055.jpeg,1cd61839e7666e7ac949372bb9a8c6669198bfdf0b7b995af971b90224a1f701,region_maps/IMG002055.png,3715fc29cb5b5190287950e2103a92832edf60d57e465a995cffc4209319b626,20,3947,0.6167187500,80,80,uint16
IMG002056.jpeg,f582fb5078d7892c6abb507bfacc70f36a75ef79a88068efd32d8704a3710c4f,region_maps/IMG002056.png,d67791df96b7c7245e64a0d525a9edf225840a199c00a89202254c275d589313,11,2547,0.3979687500,80,80,uint16
IMG002057.jpeg,ce9798d8bae5c9edcec693afcd0a1ed5c62aae5d88c26a1df587a757195c06ce,region_maps/IMG002057.png,eee553cf66595f96efbdb5024151481f89bdaefef319f9376eb63041908084c1,7,4355,0.6804687500,80,80,uint16
IMG002058.jpeg,51ca17ea11f88628449b57834e7c353725b3d11c6f461fc4bf2a70ed5e4402bf,region_maps/IMG002058.png,8dcb55316e393b069ebd770a403a6b17634ac7505636245e78302c9a180d9571,5,4526,0.7071875000,80,80,uint16
IMG002059.jpeg,fdfae3c2073dd612d50a47f6b0ab8150772c3441ef3ed87fdbdf427572fd2aec,region_maps/IMG002059.png,eba967c7bde4295c4b5d12d2d4fd9600bf4ed90b71e2752ea0f89bbff18e2e50,15,4125,0.6445312500,80,80,uint16
IMG002060.jpeg,b9e6300312476f01f3fce64acf1655ae41b37f85f950bed033519ba514c927c9,region_maps/IMG002060.png,4979b384794a235b7356c8f872966cbf49d633f45818927438ef1ce743c77cfb,4,3958,0.6184375000,80,80,uint16
IMG002061.jpeg,90a5db654023a426e4c637a4987dab6dee46571c72373c22f95231f0397532db,region_maps/IMG002061.png,90ae5f6ac7e88fdc7a8714c2bad3b5aa9adfc70cd92018f8b9f01adc8f3ce96b,10,3303,0.5160937500,80,80,uint16
IMG002062.jpeg,32fca3a27bbd5583e286c488317a8629427083e2919c8d0d1ee024fa50c43ae5,region_maps/IMG002062.png,35891ff2ad7a85740153702cb7b9d97505591ae55984c9d93b8bbc22d2dce6d7,9,1245,0.1945312500,80,80,uint16
IMG002063.jpeg,521e0ff34323daf341535b7be6db3207d59e3752674b1fcb0ce780a58e05c77b,region_maps/IMG002063.png,77ce6c247527ef3cd0be4a561377120f5aacbfca11afd1b397b28a002c5b5a57,5,4884,0.7631250000,80,80,uint16
IMG002064.jpeg,a49020e5de28f4e03ecabc15b256d2e3613d63ef93579a2692ac21f127a9e49e,region_maps/IMG002064.png,b89f76474c6b8702200e99dd8252bcefb73faf41263468a8e126fa0e409eb834,6,2421,0.3782812500,80,80,uint16
IMG002065.jpeg,2d3ace34c02d237a8fb6d0a8c985edfd267d80c26d5c8c454a956ff3e3bdfe01,region_maps/IMG002065.png,fd2a74ff68e6bc54f9866bd8c2bc39578d52512913b5ef5da0c2dba571e4881b,12,2929,0.4576562500,80,80,uint16
IMG002066.jpeg,bfe8e43a9a158cc39a0d84fe09e2a8e405e1624d02c4b34fa0ec5e252c179b7e,region_maps/IMG002066.png,07a339c07219111557ad7427836570d8655940078f1ff6e7408b740f0c4f1cac,9,4022,0.6284375000,80,80,uint16
IMG002067.jpeg,ac579e9733dc5934aed4cfbde13f320048c32031f9c54e0fe557e558abbaea56,region_maps/IMG002067.png,5dc6c29ef5aa52dc77f6fb3176a49bbfd11821d8955e3ffd20d614dfb1b68491,7,1611,0.2517187500,80,80,uint16
IMG002068.jpeg,5fdc76d18ebe8afdf9da9c9da330a23a372a5cd04edce4b6cc267c192d07087a,region_maps/IMG002068.png,e37fa2b86589ca2e0475b3ea889c6fdc0738836a0474b6e3554cd5fa4ff0c8ca,7,2580,0.4031250000,80,80,uint16
IMG002069.jpeg,d1686b32e0ecf3455f634926854135508c3134ebd23aa7aab2335a6157f8e4f3,region_maps/IMG002069.png,ee7d1b468bf007a5c9d45c83adc19e969320993c38be1bbc72ee38c1dc4885f2,7,3127,0.4885937500,80,80,uint16
IMG002070.jpeg,a7a488a9bab2342d946b0bc9b58223a7d489731f0c126ab6e96026e346475e17,region_maps/IMG002070.png,0f0140bf2b1f5e693d5259f0d8cef37f420b6befa4a063d55fc076e5a3bdbcb2,3,625,0.0976562500,80,80,uint16
IMG002071.jpeg,410ef6f2b1d8db5243aaf32ce9b3ede3be12ec4a7e48dd045611de7ddd41a9d0,region_maps/IMG002071.png,515a3e1743a6a48196169c0775a6d447b6c39e8ce828f7ba4b508b8e85fbf7ee,15,3267,0.5104687500,80,80,uint16
IMG002072.jpeg,4392c147f116dd20e3a9955943a54219387a4c6c694e9be8ce32c52deaf5ed56,region_maps/IMG002072.png,44bd1017734ea2d747714d3e04fcb5eea5c300aff13788f991978c12c789193a,10,4054,0.6334375000,80,80,uint16
IMG002077.jpeg,c6e845e78208717f870c30c7399f6a89be11358b9b52bdc50c7afadc8b3f66dc,region_maps/IMG002077.png,99f4dc3a82bef4cb437e0953cd805d10e6e4e55e8b9b731d81901b2753dff1fc,17,5253,0.8207812500,80,80,uint16
IMG002081.jpeg,6ccdeae83769dca19eabfa589fba707a6625bb39b1b300028d3cf3dae97e7b03,region_maps/IMG002081.png,ccc66701b74aabe821c4fbd45334c2b0982d540c59b0deb778d19662c077bfa8,9,1942,0.3034375000,80,80,uint16
IMG002082.jpeg,9a493d9d037445fe07628905b4c4028c98ccee08cc2c26a0f7b4263fb9c5b2e8,region_maps/IMG002082.png,181ef0bfa6f7211bd28e071aa3571a3f75ee50405e60ec3f60e396875ddebed3,9,2464,0.3850000000,80,80,uint16
IMG002083.jpeg,a53451610e001bf7b78fb921d1d385e0017fe5bb64a5c3200e37e231590a63eb,region_maps/IMG002083.png,b22ba5b755f7ffd15457f08a9a0beeb6834238805041e6b62ff74fe585175023,9,2794,0.4365625000,80,80,uint16
IMG002084.jpeg,7112abacc2109ead9938fa97c8283dd5e2c3b36301316ca518e09d789abcd96c,region_maps/IMG002084.png,124ba9518ecb61c6c3ae1a44464ec19e6ed1911c260226f967aae665583e6197,5,2374,0.3709375000,80,80,uint16
IMG002085.jpeg,dcb07aed6ac117f6dd2138e4524dc8c762263342a1e896744585524355024d19,region_maps/IMG002085.png,178aefac22abbdda02419a6da357ea4215b52d8831be2e7d4a934b8cfb948ca0,10,3917,0.6120312500,80,80,uint16
IMG002086.jpeg,f9a79aa3f0798d02b34536ab92205ed71f7d797fc55c0a782ac6f901d1658d03,region_maps/IMG002086.png,26a90a7dc7a91ef00c45809f3cd86bd33029750413050e44feb88096373edd1e,5,3452,0.5393750000,80,80,uint16
IMG002087.jpeg,2c2483e3c46d3842678cea91b11170edb8a05ca11a48e7757fa101d45ae21237,region_maps/IMG002087.png,dc0a13ea4920adce66c53f3b8fc316029d4c457ea328ccfeb829dda9c2b8c0d3,9,2601,0.4064062500,80,80,uint16
IMG002088.jpeg,1ede8d0c979bb71739b743b519af1d5b69f67c03956d21d3962cd9929b6cf00a,region_maps/IMG002088.png,4e59cd06061f8640777683ffca2a4c1e074b955524c0834b3db549e8ba5b9e98,11,2374,0.3709375000,80,80,uint16
IMG002089.jpeg,e3e02ee75e92a63fb8eb96e0e87c09da084acd5449a248de07d261cd116dc1e4,region_maps/IMG002089.png,7d2813b3c725bbc5581d37e9163a8095c3b1b485744908b69d2518cac7e2a6cf,6,1460,0.2281250000,80,80,uint16
IMG002090.jpeg,6c4d0df9ee6055cbb48515cf140fb8054ea6015f0f5b472f9d77cefaf313b685,region_maps/IMG002090.png,b95b8662ea676ea5870aeae771e23ae73b61b6c242d59e800653ed829fa92dfe,9,230,0.0359375000,80,80,uint16
IMG002091.jpeg,82d4d24150e5b888d8f72a842905651e44313a6e18b650e48f4a5b1e81023e30,region_maps/IMG002091.png,a45046f0346a1649704343fdeca90b91a0a2ab92095c3fda6ff8da86a77703e0,6,3828,0.5981250000,80,80,uint16
IMG002092.jpeg,f73332e940a33aa726a1a457848761e56b841a31a68a15ccd0afa5af1ef4d65c,region_maps/IMG002092.png,57644bb62582dee66ba1f127fe68ba24276ff309891ca7f6fcb035e69b3cd566,4,5326,0.8321875000,80,80,uint16
IMG002093.jpeg,88254189648d37b579e85501f0fcef6722adab1d29c39e437d150a3afe7727d4,region_maps/IMG002093.png,5a7c270e7dcec3cc6d85e8f0e96e06f23231fe302685f5c6028d94367d7b24ac,4,4116,0.6431250000,80,80,uint16
IMG002094.jpeg,04d2ded95abfa96725250c2dc1f50c058f41abb189cd080fb0fb48bd71a6b865,region_maps/IMG002094.png,ea5a07a8509d2949969fadd5f8233ad5f0469d42a132846d847cb926a9a2c1c8,6,1048,0.1637500000,80,80,uint16
IMG002095.jpeg,945da8e0fc99dc2e41d44cc0c2ec03b2719c8fd385b0c5bf1def169160bfbd6b,region_maps/IMG002095.png,d01574ae68d0f63c402b0bebd077fca7fe427691172e3bd08d1b4c07f2f69931,6,3105,0.4851562500,80,80,uint16
IMG002096.jpeg,e1e4ae6e1d3104bd6303ef6d391642dbb67cf1cedf9a27192ed97846feebdeaa,region_maps/IMG002096.png,e6d0ca9d0398ee574445309782d0283445ded0289f388c76489367da685e63d2,7,5001,0.7814062500,80,80,uint16
IMG002097.jpeg,c45e701afd427f269b25b176f814307bae3602ae0c8e2d9e5f4bd83ca893d1cd,region_maps/IMG002097.png,4701dbd8c26756028d2ab3e4828b5d018d60727c137201ee83599fcf1567d887,5,219,0.0342187500,80,80,uint16
IMG002098.jpeg,3655521b708e42952ca16a6faa5044be26cc613813cff0d1b7b4d91d524dd3dd,region_maps/IMG002098.png,447dd0043fc58aa75e057215b60bd15defbcd6454ffa48c5154a31c1b5922eda,7,221,0.0345312500,80,80,uint16
IMG002102.jpeg,f0e07a04e64710f01ef03444148d6fe5c3e2ed6bfde7f91d8729bc1be733405d,region_maps/IMG002102.png,b9a679571bf96f19903d3224fd75a4213350dcced5a71ab8fa3da60b6a54ccb9,9,2487,0.3885937500,80,80,uint16
IMG002103.jpeg,4f39ec61d883fa4e8ea1875c59992faab679b3f5dbca9252d85276a87d34e5f1,region_maps/IMG002103.png,48f058bb50957a291085830f7ef3ae5447c035fef559e726856b0aea79b64d46,5,1001,0.1564062500,80,80,uint16
IMG002104.jpeg,847a9e675792cc4536d40adaaa9aaf9f9cdb328a43e42cd6113fe70760e164fd,region_maps/IMG002104.png,d490525ae61b7e36e23c2f5f24ce9ff9867f1ca32107bf4718513417d4f37a3f,3,793,0.1239062500,80,80,uint16
IMG002105.jpeg,be52da905f18b55833a05c4aef10246e81f0604dd0f02e27c4e534d5640d0cb2,region_maps/IMG002105.png,46ddba9b2b38bca3cbc15a89ee15f692af20a2645bf766291f4aac04d684e01f,4,980,0.1531250000,80,80,uint16
IMG002106.jpeg,85721f17bc0cdff4ce1e23c7f65a92446b959fb9db72152ff93fd9dfb8024ff8,region_maps/IMG002106.png,dfd4a16c073797a10ab1f383064610ff90e0fc14e2fce70f4c0280a672ac7285,2,1060,0.1656250000,80,80,uint16
IMG002111.jpeg,615550b5c7bb8c14eea9f139e162eb7ac259763614e12187ac94f684f5ed47f3,region_maps/IMG002111.png,80df751e7445e49bbfd4ccfd648a7a355c0d2e670205fa4d7cdb6f98aa840c13,4,912,0.1425000000,80,80,uint16
IMG002112.jpeg,0b289ccfa521e7c5b65e08d9b3ed05b9b79ab077cce15f397e32aa46a5c70608,region_maps/IMG002112.png,ccf30d990feea0ea52a34c4458ebe3cff4d9bc1343035fb63b83d0ea6091f0ee,6,4070,0.6359375000,80,80,uint16
IMG002113.jpeg,5d6270168e121546360c5e7aeb34559d37cbe806b3f2b15a5e98967dca0144da,region_maps/IMG002113.png,ba61c40e36744c5a3d08615facca6e9e531aedd8d3701f6adc9fa19a13e1f50a,8,2802,0.4378125000,80,80,uint16
IMG002114.jpeg,affabd2e8c43b27afa9ff220fdffb25378566b5a275dc2d634b9228bd2cc1a0f,region_maps/IMG002114.png,e61a7930310236eac03728fb4707a62dd48aacc16298c7c00b8a26d6d19c7dc4,4,4216,0.6587500000,80,80,uint16
IMG002115.jpeg,4c846ff1af7d7a57d0d2c6f473048e4024bc69d06f5c48a1a3960a568dc22afa,region_maps/IMG002115.png,d55d0481727eb71170a437cdade7cc5356de67375f53c39c8b2ad86b5712e3d2,3,3432,0.5362500000,80,80,uint16
IMG002116.jpeg,c303c5311ded5cc577017c0dd3a7ec70a490cd3abbb09e5be2e4e580e0d1bca7,region_maps/IMG002116.png,10cd30a6fee9c69acf17c9c516c4e25361717ab26f9cee48e6fe347ab6158ae4,6,4201,0.6564062500,80,80,uint16
IMG002121.jpeg,cc95abb71737d3a91e88a4855aab7eb0f7f2fcf382809d9e8b8a994200ab0a79,region_maps/IMG002121.png,969f02a1fd1c551079b81f7dfa5d9959cbdcdfa476809cc91606d238217069f4,9,2624,0.4100000000,80,80,uint16
IMG002122.jpeg,ba3d69e476a1b0111ffc69fdd36bf2b5941253d0f6cf6f6d0440576a44d9fbfb,region_maps/IMG002122.png,c29a1806588f427a3238bea140be9012b690f8c4e3ddf1ea734b325bf2e1a6c8,8,2303,0.3598437500,80,80,uint16
IMG002123.jpeg,c0aba1a3826c91c2fc61a55326cbb5806d9fd83038b6cf68396fb08e104e09b3,region_maps/IMG002123.png,aa537fa767133ffb3d4c8c5bf5800e716be1a77632d7e3f9b0f747024fd637db,5,3368,0.5262500000,80,80,uint16
IMG002124.jpeg,99739cd185637b83120ec90247b5ee2c64fa8a87e89b8bc2313710d7cea68190,region_maps/IMG002124.png,3c4fd998366c603a593e4a4fc088a31e1db271458ee6b8102eab7cdd6f229fa9,8,2977,0.4651562500,80,80,uint16
IMG002128.jpeg,1fb182d7b3608d31c5541a24cd9739ee8e2366a5935bad3654c4f869ad9f5161,region_maps/IMG002128.png,dc55f5872abb1d16a2748bb15109342b4b1b18ea9241ed8c3325c95a26ebe59b,6,3961,0.6189062500,80,80,uint16
IMG002129.jpeg,37962f4777348234ba471fafddbbb545d8246ebc111637d06b41c49034fab66d,region_maps/IMG002129.png,90ed8dbaf47cc941d42f60d4c53afc637e6116103bc93d3d6cff6f45c66a7e0d,9,49,0.0076562500,80,80,uint16
IMG002134.jpeg,d3ff16be1f0f0cb116539a1af3b96b3ea6a34c943c44a39ef79a06068fae807e,region_maps/IMG002134.png,10a800361312ffdb5f9ba307b9102ac85a33e503dde5bc95cd4b51053949b9cf,5,5951,0.9298437500,80,80,uint16
IMG002135.jpeg,627865b5c3d944915c28242ebaeec61a5f1d594a04129ccad1516554db79b1ad,region_maps/IMG002135.png,ed67fa25ad768791d1f802b95dca177218cb008749b4d7d04db9b659859c1614,7,3723,0.5817187500,80,80,uint16
IMG002136.jpeg,b3b077334bec12a84d8ea170e7a3738a95658b05b5be85074fc7e8e5c2afb98c,region_maps/IMG002136.png,943c3aee89e16d7daba0abdab84b84f2effe187e5f1e8c9c129923e75621e58a,9,2487,0.3885937500,80,80,uint16
IMG002137.jpeg,ad998beeb2454553e966523b228b04ea15d81c6344915e3840d35ed80989bc6a,region_maps/IMG002137.png,51d6306ed368706875add17f315f03fc825ce9ce85243b96435226e56f6b662e,4,1131,0.1767187500,80,80,uint16
IMG002138.jpeg,8dc7026ce30a29b80861852a3d7e231e80484993ab6f3d08e93ca50cfc3f93f9,region_maps/IMG002138.png,167fd3087c310806f3bfd3efa3535415a82e2f416ef5a6a072cf77375dfe9e48,1,1151,0.1798437500,80,80,uint16
IMG002144.jpeg,34d9a3158481aa126828b88b079c2f938f28b7702f60b6542f92a15411740295,region_maps/IMG002144.png,0a43cc026ff8f21bca8524bfe2edc71d3bda03b381e670c74c1425fe2e5037dd,21,4624,0.7225000000,80,80,uint16
IMG002145.jpeg,8d891013e46612e91dbc527a64c2a3261415ec8b1400b4490dd34ff5f776deb4,region_maps/IMG002145.png,5f5fb937ed3c74ed9433b73b362d96a3afe791c341fc10515d06ffc40e32fc7a,8,1824,0.2850000000,80,80,uint16
IMG002146.jpeg,443c54e606d84efdc99b82343c48c5ffcc9f1f97aa606fa009c7b3d34562a37b,region_maps/IMG002146.png,30d3fd8c1e6a43907cef7601df8c9ebe707a5f676a4f91f4f4077f6b4f693e5b,6,65,0.0101562500,80,80,uint16
IMG002147.jpeg,e2de7416041d77446f3099b463ec0e8f548592e06258f9c536f0f62626f7af60,region_maps/IMG002147.png,a3a8a08f6a757b28199df8038526150cf36af365a45c9ef2efe4df1a8c34ee6e,5,3829,0.5982812500,80,80,uint16
IMG002148.jpeg,ec524e9ce8b9a9f9dd0d633c7620b6ef60bf0a55a312bacaf49c36a1b5f03727,region_maps/IMG002148.png,9959c8480804f73d544b3936edea770ce04e10c435435814fc214fc1df9477a3,23,2248,0.3512500000,80,80,uint16
IMG002149.jpeg,f9d1fd100592e41abc36e4dd45f0009c87ec44ab5e8e05319801cf2826206e35,region_maps/IMG002149.png,4e8d4347ab02f8a6e4f956c8e3c426f84be059de1c6954eb34ae7050035cc695,7,3963,0.6192187500,80,80,uint16
IMG002150.jpeg,0d6381371ed7be141fcbb99a49a56eb9d22ba5fbd53f434ab13e79c1e60ec1f4,region_maps/IMG002150.png,9b3dbde40f91b15481ad7d5b2d9cc6b7c648b96c34f4ae614c49ca65dc9b19e1,15,2954,0.4615625000,80,80,uint16
IMG002151.jpeg,2a7be7691655fdedb5fa2d58ad4949afb449cea692be0b6dd1d61bec892b50f3,region_maps/IMG002151.png,3bc724e945ac02c10ae2b51d1f099d66d46f82d983edbd902ac5738ba2797cf2,7,148,0.0231250000,80,80,uint16
IMG002152.jpeg,250870fc7fbbb53b5bb327607fb9d7fc46478947bd529483a64650cb73fb8b95,region_maps/IMG002152.png,4bfb4020740d94145cb29594449dba64963e57ad29e99ba014dfa725786f5076,4,3717,0.5807812500,80,80,uint16
IMG002153.jpeg,1db13a60fbdd10defaa949e64f0c10d4b985c046953c82ec4d03e57cf0db1347,region_maps/IMG002153.png,cd86b54ff97b535f86b10106dc2e795d8c4bedc8214cd22d10cc8e6f23f87849,4,3115,0.4867187500,80,80,uint16
IMG002154.jpeg,a265904920ca3c8cda8ee840bc48ab69a838794b181150cb4169ebdb8707e14a,region_maps/IMG002154.png,ea734c7ea11adec3a311148e0a608863acddcf2217fc447a4fc5a5a1e22ad315,4,2794,0.4365625000,80,80,uint16
IMG002155.jpeg,bd35ac3f413ca0250de5b8fd016d984d52dfe163827308cbc04ef55b88f27949,region_maps/IMG002155.png,41439f7c3e12e29e3ea3f7060bbf6a820747ac814e27064f9bcfeb93c0aacf67,24,4325,0.6757812500,80,80,uint16
IMG002156.jpeg,7fe13f68cddef69b172a696817739d36243914aa5b93f1abaa49bc57e75ae418,region_maps/IMG002156.png,c2c5ea2a707f5fa0cb3d34db4d6063ad6bac95b52f529dd632b6db372e15883e,5,3047,0.4760937500,80,80,uint16
IMG002157.jpeg,7b746d0a2a9089765552765c6e78745e05dae31e807b9c0c3f903aa7c8efd43f,region_maps/IMG002157.png,cb51725d3f4d90dac4b5fe276571ff437687ec829855816c80936d6efa6485fa,7,2457,0.3839062500,80,80,uint16
IMG002158.jpeg,2ff6d1d5e40d261d706484f91c6976c2539c9fbf9deb002ee6303ff0c2b16452,region_maps/IMG002158.png,d5be3c4f091f280ce3bfbdbc15eb2890faa99759bdc9b6cd5bff341b65e45be2,5,2155,0.3367187500,80,80,uint16
IMG002159.jpeg,514981cfb05ee0e2e5faf5695e656172f6ce8823bdd50ee7058306b5e8ad0848,region_maps/IMG002159.png,e0a251a12027c3a306bace84992da5823ff5dfbf9f2ba8fc77fafdbe785c9dd7,10,6147,0.9604687500,80,80,uint16
IMG002160.jpeg,0ff103b4975a082fef5a34b576dc99795cd75487d5602977a989013de71c0f4f,region_maps/IMG002160.png,8235e1ff266fb57d42fe358f6947390eea5a65db8dc31ae2e300aa4d21048e89,3,771,0.1204687500,80,80,uint16
IMG002161.jpeg,782c37cb7a949f2b924774739dc524a0e42a22d18332de2c31325c816ad326a5,region_maps/IMG002161.png,702912fc6d9d55dcb5b5a50a8a13bead73d5453d454522bf84b4ff5916132a1c,6,5651,0.8829687500,80,80,uint16
IMG002162.jpeg,c50b8d5ad87d62257e12d9167676b8a48f95efc3fc7124f4c0a16d04c967d520,region_maps/IMG002162.png,19d81cc8d5073138f833cd7aa70cdec9a4ae5d38e464e57387c39a4e9e9cc98f,10,94,0.0146875000,80,80,uint16
IMG002163.jpeg,cc7ff22d7b73831542d57b69ea4cd20efa15333ceb8d88d6f72593f8fec6bc0e,region_maps/IMG002163.png,7919998fcb379c6c0d366a30b83f7364d7af410bda1184ad2a3788173b18efa5,1,810,0.1265625000,80,80,uint16
IMG002164.jpeg,99a72376976c9f6ea6d31f9a0993680a3df91afc68c3e8d0a8814aab07eb6442,region_maps/IMG002164.png,2bd784c1da183c5c6609a6c290ac92859b1e373a95e5f7dce3b8f86ceba52c97,15,1771,0.2767187500,80,80,uint16
IMG002165.jpeg,39c78bdb2c88bafbed03f2a7cf557190d42397c3c91d4c976adfee456b666797,region_maps/IMG002165.png,ff8446360a2487cdb0a5c50a14bcb0a1888181ca67da5ec3d7eb673e6fd00b41,5,115,0.0179687500,80,80,uint16
IMG002175.jpeg,9cb75308b67ccf0a87d674074a9d7016ec035c707a6e9d9fab6e741dc85fb4da,region_maps/IMG002175.png,f53d48aa3aff613cfa76e2c3ad3338dbcf5535e86993e056933c5baebad8540a,13,5260,0.8218750000,80,80,uint16
IMG002176.jpeg,609fa440870b03d11188e0d97b694b9ee81c62b567b7ebcb80d1b969fcef7f84,region_maps/IMG002176.png,142f922f560e0032bf3b4cf3c88f4a304e3909a5319e184e41e6138dc2d7f205,9,4358,0.6809375000,80,80,uint16
IMG002177.jpeg,bf470d81ba12dfb5174058671f53f28414bfba70f392608ac1050118b2ad0735,region_maps/IMG002177.png,8f5b93bfc7aac1af1e2d8a5ddb816e3ea8a0fb98ffe953f61a4f000825f1b11e,3,1032,0.1612500000,80,80,uint16
IMG002178.jpeg,d5858171f5492c9ccd41341b87530bdafd77a5722db14234efb4de4b9e5a50b4,region_maps/IMG002178.png,d91ced94f3c058571d77082a2436942ac08fab7d1540e4e1fade387dc9fa9625,8,3217,0.5026562500,80,80,uint16
IMG002179.jpeg,023d6889851685f118f60a3d6f7c78ee89baf768ead98bfdc7a4e5d6c3c8eb67,region_maps/IMG002179.png,9f718a56169c06cbf24239c466ca1a5557e87036854f5b15fc206f4705a68b1f,12,4320,0.6750000000,80,80,uint16
IMG002182.jpeg,9e47628c4602a1322e816777e6de921ca85efa4d4813f5cba673888dbb433268,region_maps/IMG002182.png,31389212b308cd053e1f26901794493741d4e167563aca1a455c4df84fe2cba7,7,2746,0.4290625000,80,80,uint16
IMG002183.jpeg,84f46b76ff9b4d3bde2d530bdaa81143a832da5b21f40f920a6093a3428d4b80,region_maps/IMG002183.png,f60b7139d6f13ece484fe92c8af61eace1a2e5d2b2eaed2b9981ae73f29f7897,16,3782,0.5909375000,80,80,uint16
IMG002184.jpeg,566079bc7c27ee488b9239a151d8bc22e3af7c686201334cd3853902101baee7,region_maps/IMG002184.png,8b436525e597d856caaa7db19fe858ae9573b6f57b5b0eb42a14c138c3379e65,14,1346,0.2103125000,80,80,uint16
IMG002185.jpeg,29412d5d948bef00de2a34386e3347302db5ae5326601c59cd0120b5832ff7fb,region_maps/IMG002185.png,3c42b7f23ee8ce4ad29abe6f014d0e6a2187105cde0a2495f4efb8e15ce51353,7,4891,0.7642187500,80,80,uint16
IMG002186.jpeg,3794a52e613a1a3713ef3bc1b98ef9f740334f30cf4d54f090dab215b7a78241,region_maps/IMG002186.png,1f05e1ef16d76d52dd70633dd4fc0590e2cebfc27ad0c7f3593966e3912248fa,20,4419,0.6904687500,80,80,uint16
IMG002187.jpeg,261e425740909adcc0c8727cc352f1dde97b8573d46042e565f23384bee31632,region_maps/IMG002187.png,56fc8f0a97f26e82c368681b8574c2d4b05ed1d8977c06f23b799bbd4e9e41c4,9,6045,0.9445312500,80,80,uint16
IMG002188.jpeg,e5a4f3c27a744e411bf5e713fe15f2578f1c2923b80ae52a7f845ee98f5cd28f,region_maps/IMG002188.png,4b46b48b51782d0511fddab9634501155749de5b165ba4c644a84b181506a981,10,4534,0.7084375000,80,80,uint16
IMG002189.jpeg,f2f6597866bc4029954b89c47a0cc9847b9fe11627c900a998782975ff8fef59,region_maps/IMG002189.png,152983cba8174151d0ac39f0b2618be20457173cfd962998199ebb77f36b1292,5,814,0.1271875000,80,80,uint16
IMG002191.jpeg,d7d298d34fcc7e510e5b0bf9644d6b96d62cae8ac6bf466901d5016651ec5977,region_maps/IMG002191.png,603a0728117a691a0b764f6e00a10bb8961badb2685233962030b0d26e0d1aa7,1,946,0.1478125000,80,80,uint16
IMG002192.jpeg,ecdec6f1681cc28a8019ee564837ae8a9c10c4b91d5e5a50b3b391474fc5d88e,region_maps/IMG002192.png,a44d745b22eb28a57d0388696db92b02d01d015eb5c355c7082e2606bed9f36d,6,5178,0.8090625000,80,80,uint16
IMG002193.jpeg,8eebcea3f3b004d4bd8149d286a020c236a7e8979298186200304452280e0139,region_maps/IMG002193.png,a5a1c19e8f0582f3477ffc07f9009ff5e803b2d2894bb4fc9b2a267a510df57a,3,1253,0.1957812500,80,80,uint16
IMG002194.jpeg,f85ca8fd9cb838fdf8135d334e825e6301668927a0f860360fda66a20bfa4919,region_maps/IMG002194.png,79ac3190a990b97aa418f1417320f115a6aa7593637feb01ccf2022981c5bcc4,17,4376,0.6837500000,80,80,uint16
IMG002195.jpeg,785b97dc322fd520173d9932b69bf1e00e1c7617e151d0ee1a2d53561de6ba3b,region_maps/IMG002195.png,a5b8f41db683650c4a7993a98e0f1cce34bff1287c96f7a820cc37555b19d1a9,10,1889,0.2951562500,80,80,uint16
IMG002196.jpeg,8311ef1cb6a5130c595d393c1042aafd19559b0cbcbe4e1e503efe859073583c,region_maps/IMG002196.png,42a75cf3afc3219177210b536e509789640f3f93bf4768870fe8e03720985a28,1,914,0.1428125000,80,80,uint16
IMG002197.jpeg,7aa1460c083577f8ab25dfa9720acb3d8d58f0e3bfbf24505847745aa7f6c344,region_maps/IMG002197.png,fd49b6c494bfab21d11fd3cdd2d43d99525b6899bbf13c77898d195921fa8fc0,7,2812,0.4393750000,80,80,uint16
IMG002198.jpeg,52c8694194d21f3c1d63541a9a46dc8bd101783408d806a6618c76cec42fe333,region_maps/IMG002198.png,347065733834fb2d18f52c846e55bce9261ac91b67b82311c4892faceef55582,7,3327,0.5198437500,80,80,uint16
IMG002199.jpeg,d55d4e88f32372d405e6ef9119bfa2d24fbd8c4d6c14ac5f1ae15e4b3ede302a,region_maps/IMG002199.png,78a988252be2aceeb6125f8462c02a950592d37728cd6b26da02937210196566,7,3138,0.4903125000,80,80,uint16
IMG002200.jpeg,75d79478de778899088356c14c03a7722ddc0f1558cb462df3ac153eeff308a8,region_maps/IMG002200.png,18c2f1646e10588e951dd8a6191b18acf85aaa01002e4566966c45568b284254,3,840,0.1312500000,80,80,uint16
IMG002201.jpeg,e136c70f8fcaf6e962f16e3fb788eb128d5fc018f5f7357958ee20c6501739b2,region_maps/IMG002201.png,2fb4484644109f990213a62baa8bbc745548ec81fe50a6c192409aaec726118e,10,2502,0.3909375000,80,80,uint16
IMG002202.jpeg,87bdca46890a9fba55d04842f34c514818457e85ff1436d9543d6ad14cd2384e,region_maps/IMG002202.png,e490547d230fe2eef29f992e5218afb3c82fa0478d94c0d824ffab2d415b04a6,6,3734,0.5834375000,80,80,uint16
IMG002203.jpeg,c8bf87495c81f0247e96302ada1eb262d26bacc503ab3ecbf3f07448fe54dba3,region_maps/IMG002203.png,745c17e5aadbbb4f72c967c583433486c495e97719682c31beadc4b58a1d5ff6,4,6145,0.9601562500,80,80,uint16
IMG002204.jpeg,69bfc803289a0461f89a6c79e3fc2b2318e06cd0fd9d0acb6fbdc20950c11d1c,region_maps/IMG002204.png,53d0289164012530b9e58fa0a7f26f28430a07a66ac3294c865ca94e37cfa464,8,2254,0.3521875000,80,80,uint16
IMG002205.jpeg,86bd24448b19462a691e1b8431a2a8e5862255d33924efc86a30340e1884baab,region_maps/IMG002205.png,e343d058d4edf3eeae4f3317bd2cb01033abf371855102a117fabb4c36cefe24,4,4686,0.7321875000,80,80,uint16
IMG002206.jpeg,22cf0e3e0f540554740db258e717a8e0b73d152c6bb6a9ec205eb62cdd5e713f,region_maps/IMG002206.png,ffa8dbaebf55c86d26a586db1f8d22eed4c7c5f641bd223090d1d9f2f52fb88d,8,95,0.0148437500,80,80,uint16
IMG002207.jpeg,f0897f16308407a21b4e6c793bf585c87728d27203bf0d15f98a344eb2435c85,region_maps/IMG002207.png,5687ba62fc8f43c64de3751f5dc7783a42704fd4d037902897fd16ecab064105,9,2082,0.3253125000,80,80,uint16
IMG002208.jpeg,1e207588e58fbca89d9eaf31543c710f90a4e5f0415b806ac57682481292c5b4,region_maps/IMG002208.png,61e2a8372b76afb88991a51dabfacecb16a4d8862171a5f67da7c73ac55c9030,9,3829,0.5982812500,80,80,uint16
IMG002209.jpeg,e15d14a3d8ea0e459a56892de914b88a40a995fa36400d77a3098e2e7a8921dc,region_maps/IMG002209.png,91077d421c4fe5f3bcf83d84a455c45e7b19cb2ad7fb3b5615fc44814bf4b3d4,14,2831,0.4423437500,80,80,uint16
IMG002210.jpeg,5182e92d00e583d0854c36982a87486d62d0dc917cdcc33c8535b2a0269fe642,region_maps/IMG002210.png,ae5ba874311b81025f995f304f0b3bc69acc456b51fa53c5b7a8cc82b28054f0,10,2673,0.4176562500,80,80,uint16
IMG002211.jpeg,f327d6dd4870851033f265c43bf97559112902fca52e07c02302d063ff54ec43,region_maps/IMG002211.png,04a01a0e655b108f52cc64107660d7f0c896421f90fda6e12ded325efcb08559,4,5769,0.9014062500,80,80,uint16
IMG002212.jpeg,a7119b54c4d1a45b1fd549b49a104e7f86d4a5584ba17067f12ca0dd2aec2bc1,region_maps/IMG002212.png,2cf953ccd800e9953724f5395cfbdf7b0ec3ebcbd3ba74503c3212543e41b6c9,6,1992,0.3112500000,80,80,uint16
IMG002213.jpeg,d5b662382c019f08dc3a4d5892f8c47b349486e69557b00446d5d295893a7ac5,region_maps/IMG002213.png,066db0a25be554eb623104eccf8d706c75d7f2c1a7b60434fa6a9a616b664b3d,5,1200,0.1875000000,80,80,uint16
IMG002214.jpeg,bd92423313ec09a6c7b1155d89cf9111c5d8732f842845d8642c4a255ad3f45c,region_maps/IMG002214.png,79d2821d91d392ba08736f3b2afeea57e7c45b5587795f1570ed3f0645412bd3,10,2176,0.3400000000,80,80,uint16
IMG002215.jpeg,bda1a789cadc107ec483583993f2922c574a7b8aa6acb35058ef62a4ebbfd501,region_maps/IMG002215.png,84ad989b745ce5a4acb81972fbd863ceb7d9d3b94647d73b26d8795a1003c323,2,949,0.1482812500,80,80,uint16
IMG002216.jpeg,4ed5c4a4b57f11e43c5e4fe89919d1db52948eb8182ce576d23d7982eef28ebc,region_maps/IMG002216.png,cbc098bbb97fe318d5a1e9df58b7379d6f04f9be0d286ea1d0c83236681749a4,7,1589,0.2482812500,80,80,uint16
IMG002217.jpeg,a0edf150657e8f6fae6c452c014a5747116d47bc5907c3159a02d33c3b2773fa,region_maps/IMG002217.png,77e021ec0746031f464dac59fc2ad986ba7598f66bf71d1b993e6baf235ae50a,9,3297,0.5151562500,80,80,uint16
IMG002218.jpeg,86b2a35df46124ae6b365de245c206fa74847a9f890f3660cd1f47279341a00c,region_maps/IMG002218.png,b7f8d92ba7e278a834f63f8a1ae352f124988c850b69f965c4c50ded02d9b915,13,2406,0.3759375000,80,80,uint16
IMG002219.jpeg,d5d12c40a35f16eadcd40d86a887816c1bf9975aad35caf50cbd2a503021c185,region_maps/IMG002219.png,66487853cb225e663b085fa79160f2bded57dea98b35e5603eec3f2df131f4e4,8,2776,0.4337500000,80,80,uint16
IMG002220.jpeg,964d0d3e5017f13fd9f7b7beb67e9d8e4d16dc2c1f512a39a1929c7af7ad688d,region_maps/IMG002220.png,88701bc4ad043214c6166f6d4d81973d2758cbd730f11c6176542dc74f78b01a,12,1542,0.2409375000,80,80,uint16
IMG002221.jpeg,fcf7ac8a31527ddfffc5501d0dfb572430698ca35ca88211a0aaa26374ab817b,region_maps/IMG002221.png,12d33a92fea1c5ba66b183912430487a4b0d3f6aa508afaf571fe36da68910ae,11,2272,0.3550000000,80,80,uint16
IMG002222.jpeg,bf6a30f33416a8a83ec8b8838578d65ae2512b94a46c0f3b2e9ffe50d4a469d3,region_maps/IMG002222.png,5ce5aa30245f5194a827963802a84645c057b2f5ba9a275285a23e1c5946775f,11,4666,0.7290625000,80,80,uint16
IMG002223.jpeg,449a766115e9bf5623a5df72bff7b4c9860f8e022272085c6251189db8c9d6e6,region_maps/IMG002223.png,f1e93e8bf94f1619dd7175677e7dd01356fb088f329c1f1e3ff517ba86a345b2,4,1732,0.2706250000,80,80,uint16
IMG002227.jpeg,67dffa5240d5624841ef387b9b050a3d9fb051b01852726285059dde8c5ec954,region_maps/IMG002227.png,df510e68a6f71db6fbae5f3bb6d504b1f346bcb41e3362bc8bd9fb3d1c06be23,9,2059,0.3217187500,80,80,uint16
IMG002228.jpeg,344902ee32c08ef32ce86d4a189175f7dcb09d29f2f34793efafbdfe0f99e616,region_maps/IMG002228.png,c514aee8edf59beba859f07bebdf8b48f2a1c184bb9364737934de2c5d192919,8,971,0.1517187500,80,80,uint16
IMG002229.jpeg,f59564e70f5a487e0ed381ae2e4031205b7684500571763ca366aabdd96d50aa,region_maps/IMG002229.png,6cfdac3b3d271ce341fd95edac3e2ce8e2b30b2488cb7ec9a47c74ea8e487154,13,3479,0.5435937500,80,80,uint16
IMG002230.jpeg,7a06cf55eae3404ed93512ac10f73ebb722d49c96d0f07a1478279f508fcf331,region_maps/IMG002230.png,76c13f0fb555b0b912bc96fe3012f7a6109d6645dddfd84f004364ed694223dc,6,2882,0.4503125000,80,80,uint16
IMG002231.jpeg,4e221bef1d2d93de1b30e9cb3d19a48352c2f39a41fa08db020398426893f455,region_maps/IMG002231.png,689b5a96483d88a15ffd820347055256f79df1e5c480f164c41d2ade1b680d53,15,1914,0.2990625000,80,80,uint16
IMG002232.jpeg,6bc0c37f2fa6759024546a9366e21e33de431e1210aea8987ae809f743c78b82,region_maps/IMG002232.png,7a919944e060445ea807d5be80f0063d6858c95c12a1e2a25cc721132834cffd,11,1601,0.2501562500,80,80,uint16
IMG002233.jpeg,c49d064e50a14c9f4583cf6839c33a19aff1849eddadad5b51b138d05471c838,region_maps/IMG002233.png,3f00d86a358344985ed7f4b17e15073fb176d3756a1498c3a3e9028bc3e90d01,5,3087,0.4823437500,80,80,uint16
IMG002235.jpeg,28dbcb9599665ccdd0db347191fd74781ee0d9c625b33afbabacd2b0c791e929,region_maps/IMG002235.png,c8bb267e212c851bda69fd58bedf9c5c9345acf462505cc26d03f0810d4f6513,6,41,0.0064062500,80,80,uint16
IMG002236.jpeg,464786767aebb995dba9fa3fdce4e9cf05546dd46c20202ae07e529be08cac6d,region_maps/IMG002236.png,a5cc36c5560ecd102fa5397885bb32df4d8086291484bff7ee53f514bebfcf27,15,29,0.0045312500,80,80,uint16
IMG002237.jpeg,48cbcda237b25ada4b327f8855f195f2a58fd6653159a9e9cacc23dfe39c9b65,region_maps/IMG002237.png,7f3c513e195c669a60457c44b8ad3efb1bb1c209a4cd70ed4687d3c52c766c7c,29,5716,0.8931250000,80,80,uint16
IMG002238.jpeg,7cf20e81234762266deb8706e0608c6e75d87735c471c6e91671101eb0019858,region_maps/IMG002238.png,0297e5c1e1851e6e4f51693fb0a53cfa90f066be0f04141c9105fd8aca6f7712,9,1784,0.2787500000,80,80,uint16
IMG002239.jpeg,fd715dbd57996e03429c93523a8cb3d7378ff06852307f05bbfe2b96cdb8f342,region_maps/IMG002239.png,a901796c94cdd9dbda4a90b7dfea170061f89520439c5cd494b1b445929e55be,8,2920,0.4562500000,80,80,uint16
IMG002240.jpeg,952313a6b8c4299baf1f80ffafa0e564d82f569bccc8ca5ab498c5220ca88952,region_maps/IMG002240.png,285b35eda8f6a24c8602da3c4f777e8125ffda510068bcd6cc9a88cb6d8951e5,4,862,0.1346875000,80,80,uint16
IMG002241.jpeg,3d636cc3eee211fb802cfb4a8fd2308f45e44e4775168beae72712cd24e4a1fe,region_maps/IMG002241.png,2ac0f1cab56529e62125089b1ddebe9545f122dd7a936c01bd98e65a939ca6b6,2,890,0.1390625000,80,80,uint16
IMG002242.jpeg,6110689e569dc54c28c468a5e84ebfbeea7614b1becb1757443818e29aaf7293,region_maps/IMG002242.png,1994a8f296a960c6e4e3842997f29f7ffcc9baf744197b109ad690b3b9694e8d,10,6012,0.9393750000,80,80,uint16
IMG002243.jpeg,a738be130fb1b33bf6ec980d6ca47255383655dc7bd4374c2a3c8ffe3064c0f9,region_maps/IMG002243.png,28f652584b7d1b96b5d61ef54a6a1cbd2a177b705d6b0b0566e4b192eb492c10,5,565,0.0882812500,80,80,uint16
IMG002244.jpeg,9a354a82fd33bba8a317f2016a91209d7cc1150b021a17bfd1e06b334e0745f6,region_maps/IMG002244.png,d41e505be0401984deec3806f5bd5c7d653c61af18a35d30663a08d53c9f2055,5,492,0.0768750000,80,80,uint16
IMG002245.jpeg,1d53b4b8806c1b2db15160663158d0360f78207728ea6baa019859104c0f0781,region_maps/IMG002245.png,f9e957ace87d4de88e0aa0d0871502507393d3574afd52560f006677307cf723,7,3543,0.5535937500,80,80,uint16
IMG002246.jpeg,0c1a9f909aab91a3b31156d42115e74180dad88b0136d9fb622cba20dc0faf20,region_maps/IMG002246.png,987801f8ad56b22bbe347400324bda904cda36cf8072671ba7c6cfa3a2c190b6,6,604,0.0943750000,80,80,uint16
IMG002247.jpeg,e95ca7aa4f9437df309afc8f7373aa2279bc646f78b999a9fa503a54c27d50f7,region_maps/IMG002247.png,5f3180474728ea34d8ffc6e85434cdb414f33e9a8bd446623ed754d8f359c354,3,1085,0.1695312500,80,80,uint16
IMG002248.jpeg,8a7723c42665b0f5da08290c221695686a3218cc8818711bb62fbf527546c527,region_maps/IMG002248.png,f9d8e6a35522b2ddf538627fdc83dc4d65b1cc065b63506e69bdb83612c53624,5,4640,0.7250000000,80,80,uint16
IMG002252.jpeg,c339e592cd6c590ccc712acf468249ea4c2df610311572982d9f8de8d7b8422a,region_maps/IMG002252.png,a9d6f568dc96556a17bd0ae41a582652e606e5149d5a189f9573bb7c50f8d46c,6,4615,0.7210937500,80,80,uint16
IMG002253.jpeg,bc057f2ba7ad7663d7541889c854e44f87082d082ebd18cc7ef10524787dc288,region_maps/IMG002253.png,d1e2fbff2d08ad01f432215de15cb18875cc406d9f8bc28a8f27c46609ce85fd,9,3817,0.5964062500,80,80,uint16
IMG002254.jpeg,66a3933b6130eba56b701b0dbf6c1ac814e32f9bf7b70235cc5e4bcee8b581a6,region_maps/IMG002254.png,52225936ddf020b767c6b518a16f3a5cce365f87ec0be5ad1d43bcd5bb43320d,12,5400,0.8437500000,80,80,uint16
IMG002255.jpeg,2391a8b6e013e63fbfbda0c76421f0d4d6d4a1df486fce987b799d9404074185,region_maps/IMG002255.png,95283167bf763a41cc4e35947291639c2303bc93115d0f662df1cde297a7fd60,12,4202,0.6565625000,80,80,uint16
IMG002256.jpeg,dbdc221db09ec7c5e6e3e141fc6d26137116587f3567c14f551f922150bb7eb7,region_maps/IMG002256.png,d48a719658bff3e73336566fefe5278ba582ccf59917a6aa56008a0bd4c46dbf,6,5539,0.8654687500,80,80,uint16
IMG002257.jpeg,f0bab17fd155aca46f8b8bf07dfe5f138f7ae10c7720d7698c829d26e2271438,region_maps/IMG002257.png,637e7e03285277e896b1af6a8a16910a06a0ad4dcd4ac59d6a63a9356976a54e,6,5462,0.8534375000,80,80,uint16
IMG002258.jpeg,f52bb048a8ac680636e34f4e47edca80b29527db22341f5748156a32161bcf65,region_maps/IMG002258.png,3d23c6d329c55ea1ae737d71507c6c72049ca23c10b0b5f18e28bafa094fe397,1,963,0.1504687500,80,80,uint16
IMG002259.jpeg,6f541a4cf74d1ee189f9881679e5c2a8d42198592220f5d3e18b51e9e83b03a0,region_maps/IMG002259.png,a8ecf3db65ffc714940f4dcb5010ee58738198304fab647b6fc097aceb553496,1,939,0.1467187500,80,80,uint16
IMG002260.jpeg,117497c15eb32a2efe8a3102b93f31124c852abed7b6769c77a5e92ec4db06a4,region_maps/IMG002260.png,49c4f8eb0c0414e1a3237e98b7a137ef06a47363f52639ac28e8e66f66bc9166,9,3656,0.5712500000,80,80,uint16
IMG002261.jpeg,4306a3e4c7ab82809386667549416689041ec1a24d13ac3d94a5cdfb24efa6de,region_maps/IMG002261.png,12edc855a16b17f38cb37989960c384b612080be0afb2c3ce66db1f064a83679,11,4283,0.6692187500,80,80,uint16
IMG002262.jpeg,78f272c689d80ef8051e0f073b901aab16c0190fe2849cbbdd351964ff909add,region_maps/IMG002262.png,a16031d4f0092207e2774c8fec00c9f0b26578d543fd0493d3593db6ffaa8683,8,4327,0.6760937500,80,80,uint16
IMG002263.jpeg,4c78b0e6c8a5a2cac5572c72daae136ac380144e79b3df073c2a25b25c69e597,region_maps/IMG002263.png,256055222e4f96cd1ea0d8b648ba5e95b6ef396bdb01f561fcb175374a4ce40c,6,5625,0.8789062500,80,80,uint16
IMG002264.jpeg,04efe7bccce666a3cd2e6b346a29f1552ba343868e80fabff559176a8390b33d,region_maps/IMG002264.png,def64eb88a109ac32e07e0c395d962af1027f05f8d3bb6205d4b2eb6f397aa44,12,5451,0.8517187500,80,80,uint16
IMG002265.jpeg,e2e50923ced8ad8bc85531b8affa79da3818d35323450332b978a26cd412d1db,region_maps/IMG002265.png,e73c6b7192aba2ebfc51f407f5627451e8fb4efcf71adba02ecf1a2eeddf9125,5,3630,0.5671875000,80,80,uint16
IMG002266.jpeg,8433906a95446dd0fb8b7051e88728d890ac11870e1f97fe1d249864d2d96458,region_maps/IMG002266.png,d6a7b485da14a25374b61018dbdf578ce78a5577731e508de68b4ebfda8b4f8b,6,57,0.0089062500,80,80,uint16
IMG002275.jpeg,44d820d91ff6ed52046a3ab45b443848374dd338b4a381c6e3397f8ae9888b09,region_maps/IMG002275.png,28c64010d502f9963686a7c4e4ebd0b69b47acd84b55cfc0ccf46724b0dc1239,6,43,0.0067187500,80,80,uint16
IMG002276.jpeg,674d92290d74f4035c5785d486a9842eaf952e4b9544801f72df74b09b3f1224,region_maps/IMG002276.png,b5fd3a4cf85f8c90825d594fa42b7b696bf85d5f0b34c21b24cf4f3d1dbbd9d3,7,3152,0.4925000000,80,80,uint16
IMG002277.jpeg,011c8800020b81b322c1ca2a8369592f294f6b8d0dc311981c594439cd66ad5f,region_maps/IMG002277.png,4859125becda3dace2d6af1cd8be430bf5f998b9933e4afe91ff8e36da57c3fb,8,3132,0.4893750000,80,80,uint16
IMG002278.jpeg,2e196ed989d5c02f202d1a7ed7e9bcd344a3b9f42d94676d4a620d985d4988c3,region_maps/IMG002278.png,31c9cf8e558004c4fc246da21fa12184663dd5cee8e76b0f7a640be6099ac9a1,5,3463,0.5410937500,80,80,uint16
IMG002279.jpeg,a6475e4b11634e02068ac7bd1757d72328091cb0a9cd095948b5dc7795c00e0e,region_maps/IMG002279.png,f4e8d13cac0c33f8e60c1147c9a77f3585d2114c27fef40859e8ef6080c6b3b8,7,5753,0.8989062500,80,80,uint16
IMG002280.jpeg,c1b2e59c0c3be1b52cadda94f6e04004023ca27a0bac5b1994ae10f535f6a339,region_maps/IMG002280.png,706ffb2db88e88189b2bfee0ceabb2dfcf40c870cf99805605c58e6f8b3f71ee,3,2487,0.3885937500,80,80,uint16
IMG002281.jpeg,cc0a06b6e7e3e9f1fac8c2edb1a21e183a407bf6768106dfffa48ce1de00633a,region_maps/IMG002281.png,f7cf01456520270145ec30a031c6b0d67cd36d54ee1978b8e7d617f1819ff1a1,7,2770,0.4328125000,80,80,uint16
IMG002282.jpeg,675e2e7fe8a35275b5d693c3caac8121dacde47cdac5bc9d630c327fdd7765f3,region_maps/IMG002282.png,7228dddd178fd9dc01de386f028d7c93b87715d7983507750f04db408cf2f409,4,1284,0.2006250000,80,80,uint16
IMG002283.jpeg,b8e8b9c80a48482b6a24ed47dfd97b37eb5f08ef4e8101567434b99037b3873f,region_maps/IMG002283.png,018b5b0f3f2c141cf09777a5785c9828077394001bdf2d10f9dd5ec4db24c31a,10,3233,0.5051562500,80,80,uint16
IMG002284.jpeg,54d534e8d5dda68cea315f8dc237111ec9645e93e4d8b268a52063170b6c707a,region_maps/IMG002284.png,55fb7edc6cb6e9383d75f79dd92c3443a7ceb5128ee5e2a7cb72015b84f4e719,9,5402,0.8440625000,80,80,uint16
IMG002285.jpeg,3a73675f040f60d05a4b1d420b68d18d6a07b9d872c834da815f6439df1876a9,region_maps/IMG002285.png,3b3eda8fabd430ce2c1054646a3aafab8cf939df9d6a002432e3e3766f792727,10,3342,0.5221875000,80,80,uint16
IMG002286.jpeg,b4ab7c5104a86fe0ff4e0a2c2629596007504e0f7fb8cb321ad1fee8098f9ca9,region_maps/IMG002286.png,91fa2edca6e3fd025acc79c0569e89cc9a1b0641753b23ea20a9aa880f50eebe,7,111,0.0173437500,80,80,uint16
IMG002287.jpeg,2b2eb36d153a5f2ff142ab0debc57ecde57bdb5ff9c23d7e7d3cce94cb48d79d,region_maps/IMG002287.png,8d6aaf4481eaa594765df2b2bd52506f200aab8d9996989f8fdc1e46a2e64222,9,1361,0.2126562500,80,80,uint16
IMG002288.jpeg,37330d895daa04fe72fb557422cb59f253e2ceeb4de0bdb2085bb16d7ce68e00,region_maps/IMG002288.png,3f729b51aa89241bd958e26a92e32447b2438138d07d527b6d0f36b7826a14eb,8,3712,0.5800000000,80,80,uint16
IMG002289.jpeg,7eb78947dc567e60fd9e19b0f03a538e18db260eaf80d00990fafe9161122392,region_maps/IMG002289.png,af631c00e65e104f5047114516ec3ded07bce1b2d0ef9bdae650ac1cefadb86c,6,2993,0.4676562500,80,80,uint16
IMG002290.jpeg,d3039e1dad660fd2fffebd56ddced7ba8069110d018c4e93519743f5396385f9,region_maps/IMG002290.png,3bdd5987b4f4a0ed8a0dc4dda1067d08969712ff5667adb239b79490ef479b0e,6,453,0.0707812500,80,80,uint16
IMG002291.jpeg,33e1a46d58a043fb89956d08386b53985ccb5ca96c0e553afd160cf9440fb7cb,region_maps/IMG002291.png,3a659af7fbb511ea5073acce0b1badf7bde1a80d4e71cc995817f537b673ab15,6,3220,0.5031250000,80,80,uint16
IMG002292.jpeg,d3a70d05797991571442472d513d0b9eaca6b3c086be2fce5c7fc8e5527232d5,region_maps/IMG002292.png,0a9d8655bda46c37f70b981682a7c66c66c42f37909d716342e4561115c4aedd,4,5328,0.8325000000,80,80,uint16
IMG002293.jpeg,7e71af05a6c77042dff4e18c85791d6c216bff9c2613420c803fad91ba3473fc,region_maps/IMG002293.png,0dd858a2980f87dd4b3b27465497f529402864af1d806f69f3ca047aa77cf60e,7,3034,0.4740625000,80,80,uint16
IMG002294.jpeg,a7c8db2e44b6104f314e914086b4e2f250a42fd29f1d9049d367bac082f10f81,region_maps/IMG002294.png,c8a9e60a094abbf983cec8a7714035ab097fd4d5752b77d80823048777b3be7b,9,3795,0.5929687500,80,80,uint16
IMG002295.jpeg,6296ff56c9ec600b112db31813b429c2a59b27bc3be5ba77b0a2a840a0eca0ba,region_maps/IMG002295.png,e305c8c9aff168f970d7fa590ca739f55833d03d9083f99742b7c647d2d57e9b,5,3628,0.5668750000,80,80,uint16
IMG002296.jpeg,ac1867212d5875fcbd3c8a8b515a425df8a00d0725c1bf8269369026da668ba7,region_maps/IMG002296.png,b266dd1cd9bd01000d60eed3c58a5bd4896771fb3490880e485d9f24760c2236,7,132,0.0206250000,80,80,uint16
IMG002297.jpeg,d80d409875d71d52449490c95a7b0bd5d857096259ae929c606c3e9393006de0,region_maps/IMG002297.png,06b5620fdf8564e1a50d8fbc06ba41410e8bd0f5dea9f5318eaf762e1206ea59,8,3198,0.4996875000,80,80,uint16
IMG002298.jpeg,d76fa2316ab7379b2af4ba5a5f2a8efaae76180ab9c664361b65dd2f95b0fa6d,region_maps/IMG002298.png,f11a4246b635f86260070f28d8b1bc24a154155eff179bf04aff7c17ff0d36f2,5,5411,0.8454687500,80,80,uint16
IMG002299.jpeg,74f99d7114ca706ca1b3fc478254be9daf401a7915544389da8009e994c5b98a,region_maps/IMG002299.png,d3dc78f1954250269ffad9153d4db497443eeaf925fc4b440c963ac858293cf5,6,3132,0.4893750000,80,80,uint16
IMG002300.jpeg,80d6d8072d97119ad3770a7eecdb0c59c732f12ed84352de2f86beeb9bd2a8fd,region_maps/IMG002300.png,2d08a91df7c415ce8b6fc3e24be15e53480bdb7216bc01d0831e3dab30525f56,6,4024,0.6287500000,80,80,uint16
IMG002301.jpeg,d0e202d839208417b0caf1e3bfdf2917e2f250a2172281547356709d16138d8c,region_maps/IMG002301.png,112cfe826ee8b5dfb3d90f3b7d57e7f09d18c56a1f581c9b9c685e6242b5d0e9,10,2853,0.4457812500,80,80,uint16
IMG002302.jpeg,35646244d9667f9d42ecc1a00b6e5868228d57164f6e67d77a9a870053addb9a,region_maps/IMG002302.png,1fb716755afcf1b069e30047843f84fa0e27be454988a72fdc45547e114742af,7,4157,0.6495312500,80,80,uint16
IMG002303.jpeg,19b7aba92ba0fc7d136b1baf6a87202a936d91931bd966feca8f7b062d143c79,region_maps/IMG002303.png,1b3bf74b5ffa897f963a2dd4652ef95ed84d9328950786b164746a1bd71cfa58,4,40,0.0062500000,80,80,uint16
IMG002304.jpeg,95bef697723dc999392e4a591e97e7bcf9aaf8c64e8e2085c2322256effa6fc0,region_maps/IMG002304.png,aa217094dc168520facc3e4b29b846743bee282a2671079be3d5b9c93770c41d,16,1390,0.2171875000,80,80,uint16
IMG002305.jpeg,2a90595f1eac77552927ef643c04cc89e61ff440349ce98d23a3c3a8230e2c15,region_maps/IMG002305.png,47e2d642335924dc4a99dfff2828eedba7c2ed2ddf32088243a98c54b36c737c,8,5143,0.8035937500,80,80,uint16
IMG002306.jpeg,0a0ecfc0cd279b6efef62dba6bdf89dbda983b919d6e7c957c6a56acae852042,region_maps/IMG002306.png,d93b5abf62fe4c3120fdbca7bfdd143c324be8dca5255d3253bca776a8dddbd4,6,52,0.0081250000,80,80,uint16
IMG002307.jpeg,6bc17cbacb3ece29b42e16b97933b630f73a89b68e6e16c4441fd911fbfb51db,region_maps/IMG002307.png,77abebba515b6b257c20cd0aecaf147f7c9095f878f147369da86b3edc2ef70f,6,1577,0.2464062500,80,80,uint16
IMG002308.jpeg,8a8d1e13169846433bbb90f4c6b20cd42da8e7a1af6d6b8d79aca3dc227a9b4f,region_maps/IMG002308.png,771b2663ab66aca836580e89b8dc2efd7b482aa4a27d3d7ca5dc74bf79f13345,8,1803,0.2817187500,80,80,uint16
IMG002309.jpeg,14de3662dcc26633cc64cee34669e415633520269266cc000d09f539f364e621,region_maps/IMG002309.png,1353550bede25e95f1d9a80058279b2530a0f881a855b2cfe51c0a2067cdaf42,5,940,0.1468750000,80,80,uint16
IMG002310.jpeg,3aec456ea52b608ecd5ea638b405b7ded74da513524c334ad17670e246b4834a,region_maps/IMG002310.png,a1812720fc34a03754f86f03b7d4a711fc9ca8e9600b095b3c2330d3350f09c0,7,1653,0.2582812500,80,80,uint16
IMG002311.jpeg,903a4106a080e337e9ec9853f59f265f698d2bb1a5723ebbbcec9ceadf5dc7a6,region_maps/IMG002311.png,d16af6377f9b66f9bc6fed82154307f92263c59eae7d1092c76a97ffde91a400,7,1018,0.1590625000,80,80,uint16
IMG002312.jpeg,2aa8b8dd6d61cb66aedb4af4b52f4526743e4a95f03528d43cbcecc408ad6917,region_maps/IMG002312.png,545ee6f5e548c6a7f0faf587720d98b935464603659f179206b892f1117b3492,11,4217,0.6589062500,80,80,uint16
IMG002313.jpeg,5ab0af818c9fc1fe516ac010b5f43f085acaa1715c903978b1cbf3ec6d9a0ec1,region_maps/IMG002313.png,bc97f95783234a2dd276ae1562d318a7556bcad12078e63b9b4f4fd8e29c697c,4,1828,0.2856250000,80,80,uint16
IMG002314.jpeg,79850a76b87a3a08489d94e2abe18326ebc3e1b549edfef1790c46773fbb242b,region_maps/IMG002314.png,b15618d7fe7d53e0da75ef7f204e9a3a1ebb013aed833b7a62cf0946eb0a5d39,5,2517,0.3932812500,80,80,uint16
IMG002315.jpeg,1ef93eae42984be24b4eaa5f2a6ec6ff2987e4a2fffae24aea1730708f159401,region_maps/IMG002315.png,4d9a3598c1eb0a9eec71a49ae634289caccfdc90822e4b0d426f143042a2d7ea,9,585,0.0914062500,80,80,uint16
IMG002316.jpeg,f5338defa5688ea913e7cc97efb60e02cebab39c5f3070600cadad4375df17ce,region_maps/IMG002316.png,1eaeba70187fcb6480840f99827207a81becc78d25606633c43e1073bf35c465,12,2724,0.4256250000,80,80,uint16
IMG002317.jpeg,86146530217b391f6e6cda119873d9e9bdd5bd1fbfc778e4c3656b286047d3a5,region_maps/IMG002317.png,9ed4650cfaf2d961e3bea5672834224dca5a5943cd081f7b7bd475b18745e606,8,3566,0.5571875000,80,80,uint16
IMG002318.jpeg,d4382a1580945edc5a5844052d02ec1fe08af905306d5f62ae1dae7869ccd4ac,region_maps/IMG002318.png,fa8a4a234161b18673b2f8aac19ec0bbcece74a8c4939a5c292e021f1e21367a,3,3702,0.5784375000,80,80,uint16
IMG002319.jpeg,213968d8b8816699ae167672ea59bb6db264e3065b4b1bcafaba06c2f65443c9,region_maps/IMG002319.png,2c08c5b163015215a59da407e5de7b9fff90fbdb164efa333941797eebb573d2,4,5384,0.8412500000,80,80,uint16
IMG002320.jpeg,b99349219b2d502a9903fb1176cfec007a1ef0375e9ae702d33838f907a75fc2,region_maps/IMG002320.png,9ca7e2cfc1930cdb88a964f1f346ae11ff93c6ef95dff6649016dbd4e6840974,13,4281,0.6689062500,80,80,uint16
IMG002321.jpeg,f0427692bdf52415838db22d506c0c7ab21df2eb06226b9fa22417c2cedbe86c,region_maps/IMG002321.png,079ff3b7691a7d9cb68c8ec665ed1bfb37ef0a939706e1f13279f1a33834df0e,5,722,0.1128125000,80,80,uint16
IMG002322.jpeg,6dcf095505990f9e0e92d96dd69b8e3cfefeeb7c0ce0d1e60ad89f7d5d0eabe1,region_maps/IMG002322.png,65e509ec57e40c10bed862af0ad587c233ba5718245dcf2f9b8c83864531b314,4,729,0.1139062500,80,80,uint16
IMG002323.jpeg,c5fc3a1f91993ed355d5760f739903c8444dea2e6d0cf244a8c97e8b79794027,region_maps/IMG002323.png,b0bee7e810a254da91b813a2c217674bfaf043766439e26003a9850e301fc77c,6,4142,0.6471875000,80,80,uint16
IMG002324.jpeg,ba1ddafc717449ca1082e0614baede6c30c04cf4b808269296513c191fbf9b67,region_maps/IMG002324.png,6f979e269ca19bafa05f2a947f766e7b544857d9a791f0545eddf3219e0c9458,6,2209,0.3451562500,80,80,uint16
IMG002325.jpeg,cb64e334e836f947cdd99a0859ef014a1c345854c952cad7ef7377c0c4109c0c,region_maps/IMG002325.png,4d76d9e663369c2280d9a154020828b5daf9945e8a10b39cc47a3730ec7ab7fd,8,3506,0.5478125000,80,80,uint16
IMG002326.jpeg,1047d7759b163f0102cc4fbf9a804425a40fcc3c593ec3e9bc99f99b3ffeda2c,region_maps/IMG002326.png,5abffb9b58f1eb5ffb1bcfc9b934a4a0516ab6569c63f2c9c8f1a01087760837,9,2588,0.4043750000,80,80,uint16
IMG002327.jpeg,2f13fd5aaa6ef44f706a2738c7d309912ff02cfa67b126c610314ae5c01f6437,region_maps/IMG002327.png,7979d7b5c584b0ed22ed50c199689a1c4bc574966ec5da1dd2a6aa6869fb78a6,7,106,0.0165625000,80,80,uint16
IMG002328.jpeg,05eebe592f11f533578ca0cf11afed3e2de619e33cd21138fe7f83d26e46c6d7,region_maps/IMG002328.png,d45374953b9862e2a11d705789dd89c2e54eb735ff9f5a2466388d8628229e3d,5,4530,0.7078125000,80,80,uint16
IMG002329.jpeg,2eca9d02dbb37a8437b800556cc937fdbd37687ba44f11f3bf0e594330e651a7,region_maps/IMG002329.png,d93af4fb8319a0bcace2e603f0de4a8179167a12f9fa55f322d23d145a0a594a,5,5519,0.8623437500,80,80,uint16
IMG002330.jpeg,cd2e469e5b3145b5637a1fd594e338e6e48daca01a64292e7bb00eb01ccee1e0,region_maps/IMG002330.png,a14a7559d87b5033f306aeea3862047e57e3dd4484332947fa6178b36f43f46a,6,3541,0.5532812500,80,80,uint16
IMG002331.jpeg,8ff49e26f22cba0b69d08626be55080538e48edd2d43e773a6067d659932315c,region_maps/IMG002331.png,13bcefeddf352f4753407f11d73174dbab61e5fdb8048aa9e8397fdb9629d95a,9,5618,0.8778125000,80,80,uint16
IMG002332.jpeg,d0a2deed3296810613bacec28ae9cf3480efdc1c30e94cba85f47fc7c70f505d,region_maps/IMG002332.png,85507ef4ba8ba20bb79453fe0ba90795742198e1229ce5a60879c3c004f0b177,8,4954,0.7740625000,80,80,uint16
IMG002333.jpeg,2e725c3a89b9d642fcd37368f3913392a8bb5bca818f1b452da94bc830ddb90c,region_maps/IMG002333.png,bd20e6b4bbdf4e476723736b2946fef5b4c51cc01e88d835aef3e05f1695b224,11,4703,0.7348437500,80,80,uint16
IMG002334.jpeg,14d8ca97dcf69818d4a173fda70c2667fe7b41956be79e003ec1227d2873ce38,region_maps/IMG002334.png,bd3e92a82a04589141ad5a1c8aaf73e099f2f56e2c3219c6e50f0bf959663194,7,2415,0.3773437500,80,80,uint16
IMG002335.jpeg,a4e54fc013ec48f0422a08696399f84a0cd73d8234216b92ad79ea18afbb1047,region_maps/IMG002335.png,a7a84eea577af29d4c78b816f200825fde1e0a2aab9e853c7245d064026611f4,11,1277,0.1995312500,80,80,uint16
IMG002336.jpeg,2aa99d3c601e3987b887e691d35b74bdce8b57b0c4d0a4c7352e02527e6e5c93,region_maps/IMG002336.png,851c9b44379515428b2246ddb6873dd5fa24c194358225c4db5141aed7239eb4,8,2836,0.4431250000,80,80,uint16
IMG002337.jpeg,d7b21e3065720500d44e1a8ab768fafc91d31b1eb880e47c1b6ea455e1ba5a43,region_maps/IMG002337.png,2c343ccc1765532669a98133dda391d10f0187f6f4d0ec85df2fe0196a296925,14,4943,0.7723437500,80,80,uint16
IMG002338.jpeg,402feb8110b2e86216de2c0dcb75cad1d9a3443b69176321179275d299f95ad3,region_maps/IMG002338.png,3587da8fc455ad1777ec7aa007845323dbaaf29276e02323ac8cff1680bf24ad,22,2499,0.3904687500,80,80,uint16
IMG002339.jpeg,14e734596694f4f71eab464850ba38f12f255d70300412fdd215d21867bcd1f2,region_maps/IMG002339.png,1c25bd1ac01aa5f58cca281178f21678c613c8395a667d832dd3916004a41e05,3,2386,0.3728125000,80,80,uint16
IMG002340.jpeg,3bd8a679235363b3aceba6248a314db5e419a1d5793166e18905a4da05f669c9,region_maps/IMG002340.png,a959efd383df61623e5be74e9fa16c2a234418175192eebc4f6c53b72f7fb2f4,3,1091,0.1704687500,80,80,uint16
IMG002341.jpeg,82d5984182d6a89afdd8fac7f2e972f12e41c27d5dc4d5189db963f7c75610d8,region_maps/IMG002341.png,c330a22fa7d7dc78063895e17edc3c0d63f287a58a3c05f6f6baf1ee2584bc74,3,4869,0.7607812500,80,80,uint16
IMG002342.jpeg,83e9e1403749fc2116286cc7c09241a3e4cb1f95b11edd49c86256889be4f367,region_maps/IMG002342.png,94f73e53cd22d5ab34f9ae6e37c6b6bfd83875ebd2c3a39c78a0d33c1c6ea0f7,6,3315,0.5179687500,80,80,uint16
IMG002343.jpeg,7e5ca04a313bbaf78f56295181f37cb0f305f931d53e135abe83c87cb8a431b7,region_maps/IMG002343.png,00fdda2ae4be33636a6d3996507eaec7ac91b1b79a8033f9f1b9306023276483,6,40,0.0062500000,80,80,uint16
IMG002344.jpeg,bca877046854bc330547361a042f1d5b001b46559dab3817202d25a1b471d962,region_maps/IMG002344.png,8966d88d45b499d27cbacb6662c2c26aae1bc5baf7506c02cf8d65c500120338,4,71,0.0110937500,80,80,uint16
IMG002349.jpeg,f784b40edb7314c193dce938fdaae0f08a2aee29a629184acff4ac7a74564ee5,region_maps/IMG002349.png,535ffdbcef3d37159125311029b1b4f28243c6fec2d84e1a736b500242dfc05c,8,797,0.1245312500,80,80,uint16
IMG002350.jpeg,fa2a5014c89d553e9a320cb6be7556dd2e5c57d2e560a949b243eead77aee474,region_maps/IMG002350.png,0cf88d5f3fa42d16be8175e4a23fff362e44e3ed649fc77e792c95925890c992,10,3182,0.4971875000,80,80,uint16
IMG002351.jpeg,4fb0d7b61f3ed1e6fc4510a4bc2e506de2c7916a9bee57d9d8b877845d0804f4,region_maps/IMG002351.png,4c846ff813edb65296b712cd4ff891f332d66837e5278aa8e85f10647f8e4999,4,3359,0.5248437500,80,80,uint16
IMG002352.jpeg,55f4ff576612368c3ba3da960977963511decc02f08a3b206894d1dffee52fd0,region_maps/IMG002352.png,88a08729825f23c62b2c0d9b159fe40db08fda038c0eca8ab09768481a9cdea4,6,74,0.0115625000,80,80,uint16
IMG002353.jpeg,88d2613be308932dadeb3f9941ef6c3a6d7086823f473a609067546f20e11955,region_maps/IMG002353.png,ff72feb56cf8b4e3a1d8b62c2facc44802fd43f9a3434ba31b35067135f61643,9,3785,0.5914062500,80,80,uint16
IMG002354.jpeg,fe466f5fe4ec9fa193987610e2b6048aac556aa23be48a8570a86d90703278df,region_maps/IMG002354.png,759058ff9104fdcc978492ae23dbf3c39b4610b979220c383e885e1b5cf7b189,3,404,0.0631250000,80,80,uint16
IMG002355.jpeg,6b06666187d0bd82c038c380e388a16d55898e70e03183becbf13cbf177c2fac,region_maps/IMG002355.png,b97fa25f92c574d71268f1483663ef2ff3ff06e54aacd94b1bdfe64760ca2eb5,6,999,0.1560937500,80,80,uint16
IMG002356.jpeg,1016a24fb891001b4fef1f07e3483c88731f0ff7b2dc0015367d33f2c1b3e995,region_maps/IMG002356.png,893d9d1bb7159fdcf6123bc8d8ad8cc18ae9bb69dd55442fb1341df8fb262128,3,1057,0.1651562500,80,80,uint16
IMG002357.jpeg,14b85fcb52d2ffd4ea314607e13136d9411b1ca04eb8ae144e909f21b5a6f266,region_maps/IMG002357.png,27ce8226f52c5af08e96f0fbb724610cda97f47249f2780e14c214c030ae7055,8,1378,0.2153125000,80,80,uint16
IMG002358.jpeg,1c06ee911e3fa6c0d318be0a451a122591a3366f8bede33f71395a90dcd5d2e2,region_maps/IMG002358.png,c58ba1caec83bb4e080dc12bdf166e6f172155153e56d02268af065c7394b0ad,6,4043,0.6317187500,80,80,uint16
IMG002359.jpeg,be28cb41089cf8ead44bed2a41b284ef4cd99b38d417c57eb31e0cfc0214cee4,region_maps/IMG002359.png,77db1d982f28aadadcb488fb73db3f684e436be705a5cddf861a75cf027bb0cf,11,5802,0.9065625000,80,80,uint16
IMG002360.jpeg,3afc6c48d6c7adb91f4d526e6bed4fdb509054f4d150516d2792d9808d51a91d,region_maps/IMG002360.png,f950647901f9edba54b5e9b984e61830562de1230cfd779ca4a560b014f86d33,3,889,0.1389062500,80,80,uint16
IMG002369.jpeg,091ba23ae3f23d45ab316d8f83c4ded35d45a9b6d381d5d2c26e1cb1953f2e9d,region_maps/IMG002369.png,8c6396e89553f240b8c8aac1c11ecdc199f4696f6b0d48d92382968644311a42,7,3241,0.5064062500,80,80,uint16
IMG002370.jpeg,2d99854647cb145513a27652112d8311b925ec074362fff6919f29aa04b96d23,region_maps/IMG002370.png,3976a353d4aae9deaa2f0fe5dffb124691356efd1f286e64f802ca31f3fcefcf,7,3317,0.5182812500,80,80,uint16
IMG002371.jpeg,efbbbb7bd350e850ee5fd8d2b8a0a53d09233917bb02dc8c8682ba9be2ae8453,region_maps/IMG002371.png,aa0f6e658b0c68316b00674966429b177a735cea025a40ef852bdb49d5257b9a,6,3362,0.5253125000,80,80,uint16
IMG002372.jpeg,46adb6e729d32e02bdc5742bad2ce1d5eb4efa0e3112e61326b865808db3afe9,region_maps/IMG002372.png,d1dd13bdeebf36e490889e8e03c4dda03f2957168cf02957ccb7fcec31c63972,16,1459,0.2279687500,80,80,uint16
IMG002373.jpeg,ead443eafd37c1b8d5b62f61849fa319dc00b2067e930c7ed525d469be1892b3,region_maps/IMG002373.png,3e3c1fd2d00dda63612d554cd345d76549ec722b68a1ef52435bfe07589afa11,9,1330,0.2078125000,80,80,uint16
IMG002374.jpeg,06b136ef55cf0f153a2707d2a9e8bd00b5ef91c997c94358b620128f55fe9f14,region_maps/IMG002374.png,dece0a2d3ec4f0fd9ef639b490ae379b6a188016870dbd704c1696da283b73cb,7,2517,0.3932812500,80,80,uint16
IMG002375.jpeg,c23a2206b14cd56f4f1f77b8f601265afadf16ff465d88a761958baa60883a4f,region_maps/IMG002375.png,6bf93e55ccf19acff8027fda3d558dadc046c1a9ed337015e836bfd50a59ae3a,9,2408,0.3762500000,80,80,uint16
IMG002376.jpeg,c86ee303a1f0170adc1071969ddc617eddfe893421de3309bef0a3bdf4c802d9,region_maps/IMG002376.png,98978e61d1ff83026ba9b09ca7e871084633f434d9aaa49a036e006467b585fb,9,1231,0.1923437500,80,80,uint16
IMG002377.jpeg,b2117c1b836e062f0099d9bb3f4631c1006dc5586a8c21e21ae2a835cdc9fe4e,region_maps/IMG002377.png,92cb828365a3f10a220a2fb5dabeb05ae24a69f37e49ebe77bcfd7f59d916c86,5,2726,0.4259375000,80,80,uint16
IMG002378.jpeg,b800f59f243215ecce0d7c77d23d7d5b08b97cc1780b805fffe704975f7e1dc7,region_maps/IMG002378.png,e36cd45ea089bd4f7361ddc9c16ff1d2bea9918b774f23bba2dcc04b12df6ce3,5,1075,0.1679687500,80,80,uint16
IMG002379.jpeg,703d2b228f729cacfd5a628eceac8658693c7e4677af58c367da97dccf1e2df3,region_maps/IMG002379.png,cb2fbe4be984f10836d67f2851b936030242dddb7dfddd84d3cfc7aeca62845a,2,1158,0.1809375000,80,80,uint16
IMG002380.jpeg,2ebfa78a83c618507bc7f78db3185609f816fabc397e4ed5325c2d7b2393abe1,region_maps/IMG002380.png,7364d7bb5cc48d92abd5f47a81d0f10d6a0706e548f4ea8551e1db3a3be354ab,7,3296,0.5150000000,80,80,uint16
IMG002381.jpeg,79abe5e928678f9b146cfe46092a8a074dee3a32f1fc232927e9da5e5bd8fe43,region_maps/IMG002381.png,f1a2edc4fd5f6731203047722b24da356b57748ccab63b43e6a1001acdc6d9ce,8,2459,0.3842187500,80,80,uint16
IMG002382.jpeg,3808a141f0a29acfcc791cbfdc86de1dfb101243c44b6ffa179d3867881a5b7b,region_maps/IMG002382.png,7250d8fa4f5b37bb3944a8eddabc2960c97eb7f1552f0bad0d2cfeddb0f53928,5,2734,0.4271875000,80,80,uint16
IMG002383.jpeg,8986d3fa63ed51e5e455019b03d9892c061bb92a4383d8b083d9d75cfdc0f6eb,region_maps/IMG002383.png,05eab1a70c4d31e7301a7270e229eb15eb7004e23eaf9b5eaf9f833805c67ec2,10,2475,0.3867187500,80,80,uint16
IMG002384.jpeg,7c1c70401f04dca04278da73047c7cd47279946c1646be63a83c398fe23f64dc,region_maps/IMG002384.png,7285205743c3fbd532613579e785ac3d9dc1895e39ff96cc48a13ba8bd4af6e1,7,4067,0.6354687500,80,80,uint16
IMG002385.jpeg,10f75b67cddbca83bd4576875b2462a3db9238f00093f97f4f79b45758dfd520,region_maps/IMG002385.png,45abc6164c249f2807bc8db0beb9fbabe45ec37d711267ea4bfdd6768a467dff,5,2268,0.3543750000,80,80,uint16
IMG002386.jpeg,39339b02c2b401b2c84de731fdd1edc588d8410d68712a84d5e0073be54b7ff4,region_maps/IMG002386.png,a1951c402bd8151eaec23ed740b9a4f37f5ed02de0bd9cb2338bbacd3cb17246,6,590,0.0921875000,80,80,uint16
IMG002387.jpeg,3b5f120737ad21cc609ab10ea049722af53e6653b5b6cf4ed276703e0680aebc,region_maps/IMG002387.png,018db15f0088832fe3b7def38f75d90ad4e7768f0692536afa8a6850332e6eb6,13,1812,0.2831250000,80,80,uint16
IMG002388.jpeg,d966b5fef5a60b4cf373949383b131d8938cc7d8fe98cf795d1334ac274748dd,region_maps/IMG002388.png,8cf8ff1a5615be4df2f6c6df7a45ba638c0122d13b005e6a82b06fc94ab311b2,4,3233,0.5051562500,80,80,uint16
IMG002389.jpeg,9b2ae268cc94375ea7db40ac3008ab05a81b43782b4fc82769589cdccb1b636c,region_maps/IMG002389.png,e07623fbcebee0cd666224ac769d205f8f3aac885e6e0a4bfa307afb6e32c710,6,2813,0.4395312500,80,80,uint16
IMG002390.jpeg,baf86e98ae105fe4c2ceda5b6140bdc313ff95193c98517087ce5fae0bed8202,region_maps/IMG002390.png,af1d0373e06a53254f464b753bc4a19170d58d3eb2f535d2be3d8232990c71b8,3,5731,0.8954687500,80,80,uint16
IMG002393.jpeg,bd38f186c434ca5a66ece1066ff0740f99ab06fe6f35cc756856265b48db6b5e,region_maps/IMG002393.png,1fdaa6a1edf2f88108d3d08672c296c4a6a8a279cebba71e37aa38d85688f32b,11,5733,0.8957812500,80,80,uint16
IMG002394.jpeg,4d74351fdf5070f9bf302fecd8b1af6ba2f815d18be5603c6951c03422964f4a,region_maps/IMG002394.png,21cbdc513e3b6ccbe69e9e0f577e2fa0fa3c6d256fa7fb466acc640d7bbe7d72,15,4035,0.6304687500,80,80,uint16
IMG002395.jpeg,186c56e2b663bd432a36ded7efd2e07cd945342040d9849b42f7078efdafc620,region_maps/IMG002395.png,19194cde0132b303fae5d44fe37691eba66b4bb20a74989cf029a4c4f20d8348,8,5288,0.8262500000,80,80,uint16
IMG002396.jpeg,f438c30e86d03a28e1796a10a3a18c101048a23f479376caf3ecd55bed7b5da7,region_maps/IMG002396.png,2cd9d6222751d0e37972248cd18faabb46c7bbe3faaee490b1af270ed0b2cd35,7,3238,0.5059375000,80,80,uint16
IMG002397.jpeg,ff55525cc0d6e3b34887afe06b1d4d3bf3e56c75694f4ffd7a190a5a80aac7dc,region_maps/IMG002397.png,6afd10b7cd28dcc9f26267611cecb3e7a3e703345513277cbda3538bdead3dc8,7,3056,0.4775000000,80,80,uint16
IMG002398.jpeg,4aa9f19312941a482ec9eb5c82cea485023a4281f1d4d08ae3fef4ee740dbbc2,region_maps/IMG002398.png,e2bf08f01ef571d37759c3512562efac9cb8fe624507332bd6fbe82053f3fd4c,6,60,0.0093750000,80,80,uint16
IMG002399.jpeg,29b4e67238e66eddae72a7adedfeb1e82a8faa52e13fb4054480689d3b80be94,region_maps/IMG002399.png,8935f089c78ebc74830f64652dd33cae0b9981e9cea214a50a66796fe9a8dd6f,16,2192,0.3425000000,80,80,uint16
IMG002400.jpeg,acb064a87e35ee83134600d1fcc62241c698b7aac728291f84db0b6e1e5992c3,region_maps/IMG002400.png,c99450d0bb789642f30273a885cf3f074b3f9d14aa4df0830cd9ff4c2e602a3e,5,61,0.0095312500,80,80,uint16
IMG002404.jpeg,1a294bb3aa3949ffe52884a7649383a52d1804a67cde81cb9a56effc33c967ef,region_maps/IMG002404.png,042ad0f2467481064ae9352b47228afc735e47b34d3d104846f3c3e8d8d79167,4,39,0.0060937500,80,80,uint16
IMG002405.jpeg,e96174d820bdd96e314d16870799f4f83b6fcbc8dd17a84ace175b60eb86a930,region_maps/IMG002405.png,512382aef1e02e658727c08cde8b60ff9b31412c90615af3d6045db826c107cd,7,2440,0.3812500000,80,80,uint16
IMG002406.jpeg,1b7dc5ff14805d54d746e6957d595417ba85372f0717bf86c1e1cfa78d8fc41f,region_maps/IMG002406.png,ead4999108393f4b13b226905f2f34d783753660139beebb9d2b4856e00b2771,8,2553,0.3989062500,80,80,uint16
IMG002407.jpeg,9c50e41faf4729a10c1dc2fec3efcb2cc19295fa41e3ed1f75f82e270f9d1da8,region_maps/IMG002407.png,1ca7d95bce0717fd5f65a5604ad1bd0cf4c43c05d3d0f8a21984de9d3f920ea0,11,265,0.0414062500,80,80,uint16
IMG002408.jpeg,bf7c150e2f5ce462793a269e74f8951c70bf8e0c444662e99bfdc34cf1fee347,region_maps/IMG002408.png,5e97fbb3eae35ba2718ea05ccc01aef8e7d5a91a129b62e37188026c2f8e6dbe,3,4242,0.6628125000,80,80,uint16
IMG002409.jpeg,8d06c5025aade61881deb6fd218b3434d9be01efa8b3c73a1d7d2261c0b63bc6,region_maps/IMG002409.png,c936f8e8f9a6dcfa7ea801d0becb51ba2a25e189ecb172557a5124653570863d,3,500,0.0781250000,80,80,uint16
IMG002410.jpeg,ee99a233e7082833f0ae69bcaf80e88f8b7bd75e2de5bea1fb486c75645d9fd1,region_maps/IMG002410.png,bff0ead2b8f5ed9e14a0e4f1ac51134cf6029e44afc41c19d1ba8d4236d3a277,3,512,0.0800000000,80,80,uint16
IMG002411.jpeg,813d669a12f69162b8653afe5c86fabf37ab0a45a98d49337a58a596b1d3c5cd,region_maps/IMG002411.png,4ed472985dabc8961d6fd294c8c677dbb98798fc16db438591604d1827d6e864,3,851,0.1329687500,80,80,uint16
IMG002412.jpeg,5d3c485986e5f059c98488d509b25166b927bd02777075a50cab6b2b340d0004,region_maps/IMG002412.png,ebd7e3d9c3bafa40c61efeb1ef9a2f33663e0a9c13caf4246f953cdbae90189b,4,810,0.1265625000,80,80,uint16
IMG002413.jpeg,351429c4a1976fb37798da16672d63ff8b1e645f7c9762eaa078d7a0bb493092,region_maps/IMG002413.png,291619090732503c0a7aa3a8d8d14c6d074dcab48ea82cb3a22b4a7bfe8ea116,4,30,0.0046875000,80,80,uint16
IMG002414.jpeg,9b0fe0b735944e7b273523558dbf8590b5907740a4f4c0db8399631b4fc55dec,region_maps/IMG002414.png,6c8db5f7c78e2f2b14f8cbb47cab6b89911c39f00876ca5c404bd6913e97be74,9,4340,0.6781250000,80,80,uint16
IMG002415.jpeg,4f9f893966ea2879838dc3833418e16428a35feb83cef0b62938f5367a3dc273,region_maps/IMG002415.png,16dc7f91a9e7b10bbfefabe6c0412232cb2caf46b00d334a307df3141a944969,7,88,0.0137500000,80,80,uint16
IMG002416.jpeg,09698fcc068a0f9d8df584fde05d007af09824c0c81940beb8256acd7afdf7bb,region_maps/IMG002416.png,e6911c5383b9fb93152eebec0a066e9f010de03ac9b9a3ebcc36a2b48b958668,7,2167,0.3385937500,80,80,uint16
IMG002417.jpeg,8e6b6f21fc45b148ece1337e86aef3948f0da16dcec05363d156ecb923dbaf53,region_maps/IMG002417.png,6418543a526a650ed0e7edb621686d4f5a8dfa98afe68820fb8d9ef916977591,3,2881,0.4501562500,80,80,uint16
IMG002418.jpeg,87d4c855bda355e30d549bd0c8b463c4bb627e7c129f6ef8d12232912aba7f0d,region_maps/IMG002418.png,84fc1f0f015a6bc7a579c17e85c7679c2b640f9569fb62b62aa7f5231ceaf818,7,1876,0.2931250000,80,80,uint16
IMG002419.jpeg,22a9f66b47b1b3549977aa711c73fb1f3886dfa6b3a2c8113cdaf5797a37c4a9,region_maps/IMG002419.png,12db4ebbe1810bf4205745acedd9cfba17184bef87dbbe26dd3f224908bf7c6a,20,2149,0.3357812500,80,80,uint16
IMG002420.jpeg,e6ab980a136a998cd091ad01fc3f44faa3854d1b082744cb8e5ed6e447d186e6,region_maps/IMG002420.png,d75324914f39797ee839ce78537020dc522a498aae24dbab9fd5e7c0206665fb,4,948,0.1481250000,80,80,uint16
IMG002421.jpeg,5a324fb8bc7c06d53d4963b1f98ced6e75e3c2135e3e9183f908d83fab0ed1a6,region_maps/IMG002421.png,4e2035a7705aba33d0c68116158052d9fc37cf0fef806de0e76141c71ceb0f19,4,4136,0.6462500000,80,80,uint16
IMG002422.jpeg,53cca231722cac46727e71a1be372c320a30756450d9a7c96d5c903ed8297a7c,region_maps/IMG002422.png,521a7561410f32c18eabba0a2b1409e7b6066e8fdbdac43635a0a45bfc37365d,6,1920,0.3000000000,80,80,uint16
IMG002423.jpeg,97e6bfc86e00d8312fcd91e2f3f4b9b071c5530eb902cf44dd6e70b903491563,region_maps/IMG002423.png,005c779e9322808f6dbf228b3c94967a3d35cab57c3645101c59b53b1426c282,3,960,0.1500000000,80,80,uint16
IMG002424.jpeg,b2fe754e578ce7dd062be58b101a836f4acc6e2f06284f3237c598c8468a8854,region_maps/IMG002424.png,39414ed83121a63633b51f6749d82c8c71eeae7aacaa080c9996c68aa6d9dde1,4,49,0.0076562500,80,80,uint16
IMG002425.jpeg,2e5c3090cdd2bfe7e2b8b137c84aad8f024ea5e098a75f0e14c8a3ca4007369c,region_maps/IMG002425.png,57cdd939588a8ec9d43b3151a3efa743d678e86d795d9d47c08d891dbe561d79,8,3793,0.5926562500,80,80,uint16
IMG002426.jpeg,2332564971827c19c5d9731e3324bbf27eea92dcaf9d9902dcecb12878f410e3,region_maps/IMG002426.png,6326a7c3b520a9518faf2896ff75604fbf7eeac4b6680164cd8195f7785f6fd1,9,2126,0.3321875000,80,80,uint16
IMG002427.jpeg,6c8f11e6093cc098b42de863543fdf7b462f2d9cf99660537db8ef74509b22d0,region_maps/IMG002427.png,86c3da45c809f324eda77be0bd2a30381fab91596a51374f64f12f24b4408ac8,18,6338,0.9903125000,80,80,uint16
IMG002428.jpeg,bf93a695a4efcbd17fc8c181d043b24c5160a21de3d6bfb59ee082dd30ab0456,region_maps/IMG002428.png,96cef179a5c32013d17b1455d11fcf08adb108f9c53a866bdce843f63314f89c,2,2708,0.4231250000,80,80,uint16
IMG002429.jpeg,20038cc09d2de0d668fecd11eee5494acfc7e938fc25e48dafe864b35f05b4dd,region_maps/IMG002429.png,269e175075da5a61f192f947bc117f73bb71d43aff0309d6a1e0c6ded09b2786,11,5336,0.8337500000,80,80,uint16
IMG002430.jpeg,6d39a676352f19dbe7ffaa4b3faf19669c5be804616ed569e9328a85a0d3e82f,region_maps/IMG002430.png,31fa7c09c6c5afb36018604ac492c1722e95b8de4f1cadac3433cec7f289d200,3,2430,0.3796875000,80,80,uint16
IMG002431.jpeg,836804506083129fa8382e53b8acd5b42a07b8d1b1c7b03e9b05b8ca4159ff86,region_maps/IMG002431.png,89549d8e016a45b06fc420f4ec03d8ba7ec2cb6d2bc131d78adb6310bf665de5,8,1317,0.2057812500,80,80,uint16
IMG002432.jpeg,c1ba4a4c82309e04174e6e610fabe7e3d9c7132a8f1b63d3cfba923bd78abd44,region_maps/IMG002432.png,a0869c227967f64483f7bbf2f938b5a398cd5ddc94b65eb05f036380264a7dec,9,4129,0.6451562500,80,80,uint16
IMG002433.jpeg,8e6689ee3722b5051e30c0b2fe8d9a6c03220ba60387b7889dff4c62e0377785,region_maps/IMG002433.png,2f0b1d441cd55f085a78ac9ed2f5fb7f63945cd18d93e08d80c9e168f65a6bda,12,5931,0.9267187500,80,80,uint16
IMG002434.jpeg,a6524ae9269ba813649afade8d2be085380a9e8a328befc57c1837bf665f6c9d,region_maps/IMG002434.png,e086a4a49140b0f61b276ea5e22b0abe24c92eb7389cb6728a9e9090e62e1938,12,3608,0.5637500000,80,80,uint16
IMG002435.jpeg,e51c82b57b05ab1ea6a668d1558c548c9b5008bead1d105bfd6875dc6b3e1393,region_maps/IMG002435.png,fcd8d0c281b4581d4c92e80e68a2b8748956a9885c448386a3aa42bcc752ead4,9,2214,0.3459375000,80,80,uint16
IMG002436.jpeg,d6ba0a2a8aac96382642546b45a4125aef81f842bcb013abc392a2dcc5c7d0a6,region_maps/IMG002436.png,0b8c93d7971f1c20bb511f5ed2db6f201afe032c1a1176ec59773565c220c825,6,4528,0.7075000000,80,80,uint16
IMG002437.jpeg,8d25bd448a6c626dfba5468b923a32892e7ace06673863e457ade99347d42914,region_maps/IMG002437.png,af039aa7ed85f326e1ef854a2c8352ee69193fa960b052a7b80749b37f7f47d3,7,4751,0.7423437500,80,80,uint16
IMG002438.jpeg,ac3b92ccbef27ec4034c6bf4c75049531b237c181365cdde2eff2fced979c0f0,region_maps/IMG002438.png,6d27583cb95dc906c4c54903eed2102bded197608d10248cdbe60153f688d2b9,8,4692,0.7331250000,80,80,uint16
IMG002439.jpeg,4c6e6e5d8f8502356f572564c49c108ec6a9b838dd5b9cb577899230eb4d50f2,region_maps/IMG002439.png,e3b36a8c0571ee1c81c702c1a1bf019cfa4d57499de79f1354f184626682c50b,8,3731,0.5829687500,80,80,uint16
IMG002440.jpeg,1e4a301ba3c3acfa7512e57344c711b35ddebd39934efd17cc4fe6e0569717e5,region_maps/IMG002440.png,b32beffc2d6dff847d2193cc9f5e13d95bb0085867f0fe49d2e8148852a053cc,7,4462,0.6971875000,80,80,uint16
IMG002441.jpeg,a91e85c7429f1e4c64e52b1c10e1de0e144ebbf754a0fece78f30750c706f6b2,region_maps/IMG002441.png,a1d34cd0f686320dbbb3aa24b80e28b6d0b299eca71b2ecca8458587d36ca14c,9,2026,0.3165625000,80,80,uint16
IMG002442.jpeg,6a84b6d8e754c288fad2281cb05ef5dede4dd182a3c1366e1a4efce9d2ef2b3e,region_maps/IMG002442.png,0bf3409a298e2da3f8e2b5029dc22a195cba6633bd8594477efdae434c40f4d4,7,4204,0.6568750000,80,80,uint16
IMG002443.jpeg,004a596f57948e686531434a3b403b9ef89c9d982fb70913d5409ffadf5cf6fb,region_maps/IMG002443.png,22999f43fa1dc9e4baf7c9220cf9974a725cc705f56103c298d78152ff971355,4,6098,0.9528125000,80,80,uint16
IMG002444.jpeg,6e08cc87de3c2844ffd104768d609bef79295bf8d236cec30f6b1d341586c6f9,region_maps/IMG002444.png,91f74a6ebc731dd7d9b351a26113c753df7ce6b6d7b6f50a57db257062e2281f,5,2127,0.3323437500,80,80,uint16
IMG002445.jpeg,a2af8587b330cc21608dd1a8413bce1c3f332c7bc6b94e920065efb4bb12a4bd,region_maps/IMG002445.png,16e2107fc2485ed6679a2a16a74a2c587b6420eb439671867ead5caca02c2e8e,10,2774,0.4334375000,80,80,uint16
IMG002446.jpeg,5bf0facbdece23d17bdef93cd7a2e5f75fb618c4ca9471d2ae1f5e8d4a2ae6d7,region_maps/IMG002446.png,890f70f9b3616febff78a07cfe5cb3ebc6894f2c3e0ab14c48538c69793529c6,8,4046,0.6321875000,80,80,uint16
IMG002458.jpeg,fa345fa7dace2a84f01df8e918e3410eae3d49c9029cd7029fdc95bc6d0f3e0a,region_maps/IMG002458.png,c72e9d532f3f747ee90ef7abecb275ea31d43d047ee9296ca2e66360c5bc148f,12,1899,0.2967187500,80,80,uint16
IMG002459.jpeg,e218f3f38bbd625fd8ec61c425141d5d48755ae33de593d2fbfc00e6ee63c76b,region_maps/IMG002459.png,fb10fffe285227d5ce4d79c2221e1371d026338cae5018838250ba82e03e5702,10,3618,0.5653125000,80,80,uint16
IMG002460.jpeg,13e81e42c0322799fc565a2b50f44a03b8e8e55063c8ea829bb5fea32073032e,region_maps/IMG002460.png,c81540d0d8512534ea064da60fd52dadcb29c84829ef00a4c20b4e1e825df301,15,2321,0.3626562500,80,80,uint16
IMG002461.jpeg,a299875cf8f24071534864e55ba39f61c21006341b32ba7aa042e546b26a3541,region_maps/IMG002461.png,8f77a9a9eb3d8435528037dd347b3f0c49ec8398a8792acf5ec5b03a10e24b89,8,4941,0.7720312500,80,80,uint16
IMG002462.jpeg,13175405f803edd9660c637dccfcacb57f832f25ed97c688cd975e76ab518355,region_maps/IMG002462.png,eb6d213a749228ff0a7cae7170c91668383b3f04ba0011830761915bd933c9f1,5,2831,0.4423437500,80,80,uint16
IMG002463.jpeg,0a57b9254904cdeaac6697d4b77ccc60ec46df20ca131658b502f71c7603894c,region_maps/IMG002463.png,c4b779193befb89f4b777e485e2106b54ef73b5c02bc6db0d9e33d90d76dcc07,8,1711,0.2673437500,80,80,uint16
IMG002464.jpeg,7ff19530a4c97c276cec0148ed57f6f0f575a8df98b0e067765335d88b6943ed,region_maps/IMG002464.png,895557ea461d7e7085ae5ed6c2d5e809497c8998d890ba0daa7e6274e58e9214,6,4863,0.7598437500,80,80,uint16
IMG002465.jpeg,de837b584ba4d06c19adb5bb45d223796340cf2a8b9ed8b6bde2f36efbeea209,region_maps/IMG002465.png,d798c158bb19d9e7d4adae9194bfa941906257897699c518a016d20d684709c2,19,2047,0.3198437500,80,80,uint16
IMG002466.jpeg,dc14a63efc88a754993a210ed012ddaf1a877662ec32538e718151abc7d9baaa,region_maps/IMG002466.png,dce11a3c8346ff9302640e5a9860bafec9212406adf7b1cb477ad47064cfe958,13,2790,0.4359375000,80,80,uint16
IMG002467.jpeg,f5d1b5ace4c56a29b774d1db4445b27a871edfa4cdb83b28c22a68e61571ac4c,region_maps/IMG002467.png,d5b1f4a30ec903d3e965e5447548933a680405f7ae699923f21e9465cec2e83d,7,3094,0.4834375000,80,80,uint16
IMG002468.jpeg,edcc2f21b3f9a29b555d59e9c3b4190d9122b4b5f7b8e11bf84f9361227f1081,region_maps/IMG002468.png,e27bfe4d8a87be291301052e5bc584c6d48315d38ff1dcc82c3aaa98f7cab9cf,12,3862,0.6034375000,80,80,uint16
IMG002469.jpeg,3b397973587e54192db9cc7d4b442e7d07b528fe5e5549fb145ffdb98df73968,region_maps/IMG002469.png,48c4db65bcda30d888cd6dbc41e8c30c39f88bf819bcf2adbe753fa6eaf1cc97,7,135,0.0210937500,80,80,uint16
IMG002470.jpeg,181bec348c51bf32322e2e33a9541b49d239b13cc4dda832bc934b3fe95ab093,region_maps/IMG002470.png,71d8666df0c28bde3310aa6f5df2a96f173eb6f1cb99222404adf59de198eb90,5,3302,0.5159375000,80,80,uint16
IMG002471.jpeg,477ae025d88964ea05aa457f259307b0f2da796da429783b5299d36675b2dd6a,region_maps/IMG002471.png,d278feb516099246a841747236b7d4dc2ecc44e3a906e09ec38ffa52a965d9e7,11,4329,0.6764062500,80,80,uint16
IMG002472.jpeg,312ef1d6bfe1dbd92fe881a18c44097ab9cdf802f071b0b7f219e0e1f8ae4c6a,region_maps/IMG002472.png,1195dc3a2321163501699e0f3741c762e8f847f9078611db59877be40360e17b,11,2588,0.4043750000,80,80,uint16
IMG002473.jpeg,89e2786a66293687c46da909ae9fdcbd27ca6b8395da3ba0d9f6de7d6971f690,region_maps/IMG002473.png,ad39cbc826bcaf5d8e5000a5bf4e887c9a77e96ee769857a469db8acea78a6bb,13,3051,0.4767187500,80,80,uint16
IMG002474.jpeg,91ad1f2da20d929df155cd556641abd80669794c1871dbd8b250bdd3ac0717f9,region_maps/IMG002474.png,dd0487e59100162bed93cbefb7e2b1ff2fa32ff7cd0d59eba56ae95d2c3b184a,9,5701,0.8907812500,80,80,uint16
IMG002475.jpeg,6c54e13c53aa714b357d16ef24493aa5110696f0af4a546a3621fdf5f38996aa,region_maps/IMG002475.png,09a33fa947681b23b4af6e74ac8b80ba9b3c3f1da7d106a0750180c42b0dd478,8,5249,0.8201562500,80,80,uint16
IMG002476.jpeg,08caa1cbc8d7337011291044f3a7607aad8a01aba40dd5884e46a93f80d36912,region_maps/IMG002476.png,92a5f94db3e84e645b0aced0b54ad6de32c0d4cf4e4171e7b00b860668be63e1,9,5323,0.8317187500,80,80,uint16
IMG002477.jpeg,5033ff6e0f0a58d6d658686cf637162560bf8224d8ba241704e08e0b309202ae,region_maps/IMG002477.png,8250eebb557fa4ae2a2f1dc6d33accb3cfbb9f70adfe371eb7dd012f93989849,12,78,0.0121875000,80,80,uint16
IMG002478.jpeg,6c0893491161c7fae3a15f817c13705515a74c41ee0d2ff93d6cd18861e90d32,region_maps/IMG002478.png,f920f80dc8c1a91489ab0b2230cf562420a7c76f4ac7c78f6424ebfbbeafa503,5,6284,0.9818750000,80,80,uint16
IMG002479.jpeg,5b1738490e63377785db789922a9322bec4a4c5c25288109a4e73216655fd055,region_maps/IMG002479.png,401aaa6b7f601ed5b0672e55c06b2f6cff03bba5517a226de325a19d2e766544,11,5544,0.8662500000,80,80,uint16
IMG002480.jpeg,907ee2e6ddcafd075f6232bcd725a7655570920360c594bfb78c320e304dd758,region_maps/IMG002480.png,4934dc3cfa904ba9ce58239cca8c933bb4acb9ddcc252d77e45aa88900b7599e,9,1648,0.2575000000,80,80,uint16
IMG002481.jpeg,f23ad56d2e616d183e3af737efd2cc712c511c83830730b161bc0bbe3c837627,region_maps/IMG002481.png,f7fde0d60ada9e98991195d5cbb59af89038011a8124c12a0f65874dd2724fee,9,5170,0.8078125000,80,80,uint16
IMG002482.jpeg,283672c116a00bb9b76390e75261f0c6ff431be6b47cb93f912664ff056eb1ed,region_maps/IMG002482.png,a3174c72a56af61a2c545b63af468b216d8cc79d4c7a0d21df546c915cc9607b,8,4447,0.6948437500,80,80,uint16
IMG002483.jpeg,b185cb3b3f63b5d65a9d51088aa0fd45861d86d0b2ca32e65e52be7edc2fb9ed,region_maps/IMG002483.png,050e197c5d626351cb4649f775142ab4a46c6e5cb2bcd443cee58e7ceb89025a,19,1390,0.2171875000,80,80,uint16
IMG002484.jpeg,98eab45ace3f5ca94552da10c3fe5b4d3b6883d04ff3c2414239c0108e3eb77a,region_maps/IMG002484.png,f4e1513a0b6a0c3da7a1b24da1cc168d93638714699ca15e56dbee57e204d673,8,3672,0.5737500000,80,80,uint16
IMG002485.jpeg,cc7f702964da7a6a4e4123d19f918e98694d91111683193676afe1a723754408,region_maps/IMG002485.png,eae4b31ce966250b4a666a5c20fe5abc896fd3a705370a5b2cfbac7b52b9972d,4,3767,0.5885937500,80,80,uint16
IMG002486.jpeg,913ef771d15cc7b4c2b6638d0651b41c057488f9753609b2e93ff11f524c89bc,region_maps/IMG002486.png,d485d614b995b2ae7d378d0e5edd1f22369928645147830e0c3615515b32f8d7,6,2661,0.4157812500,80,80,uint16
IMG002487.jpeg,348ea96a3553c0dec5d5352d1f9b8452922d13a7b76b6c6b50b23ccc35b83998,region_maps/IMG002487.png,10093d63715f18b96b1f07a43bcd3e3c0d9ecaf216f1b55cfc64f74d05939d35,7,2989,0.4670312500,80,80,uint16
IMG002488.jpeg,c43b76955c850314366a855f35c96163590734acec5ffa54f30bb7f18511b4c6,region_maps/IMG002488.png,b003495a71c3c73d32957844399b50e8bd834fcacf59b258f89d2441d1bb0d12,10,3835,0.5992187500,80,80,uint16
IMG002489.jpeg,ef32b4d20bb5da2731e444c6b2c1920372ab7a2675559a177e67252a084dbccb,region_maps/IMG002489.png,6fa19cce44d2ea6f691842748eaea97eebaa027d64f24a362f45d45a55348e1a,7,4555,0.7117187500,80,80,uint16
IMG002490.jpeg,ba624d1e71a3fc6d7c6bd0d4c1111828272b1687089318707979a43e291b4046,region_maps/IMG002490.png,a0d7ed81c7b7cb123b3286cc1889d1378dbbebc18bf9e159cbec5f2e3be406b0,2,1386,0.2165625000,80,80,uint16
IMG002491.jpeg,6841d53ef73a8b04a70dd3df71f2eb829fb1e5db53a441d92c9d7582425c52f3,region_maps/IMG002491.png,7d81d60df6d8862534d1aeb321f4f2f60acf9cbc18a921f1eb7b65c4bf7f66e1,8,2306,0.3603125000,80,80,uint16
IMG002492.jpeg,e1b95785853c98ea21174b207f87784abccb62e6d80544e0bf58e09b17e72ac9,region_maps/IMG002492.png,a95525316cf9e646c969b984e82a476beb3e13b8c9d777324aa9c04cabfb10cd,7,2575,0.4023437500,80,80,uint16
IMG002493.jpeg,62f4cca6d6de0db79553445bea480764edabf8c465a3d7057e46a880b58119f3,region_maps/IMG002493.png,5b9a753505f9063349f519dc37f3570a81b6c20e48652c2b9801de1cf1ba6b61,8,4587,0.7167187500,80,80,uint16
IMG002494.jpeg,9b592581e88064ab5291f6a311b3159277e26f858211705024f55cc02c407ce1,region_maps/IMG002494.png,3eb98c22f6ca4c1380fde8cea96a8c968143c3658fe804d69f207c4b34cc465a,5,54,0.0084375000,80,80,uint16
IMG002495.jpeg,8f63a46e9f6b18cd6580a2f95e1cfb756c83bae16686b4a4ff230098abae3c57,region_maps/IMG002495.png,5776b3315fab819ba4d09fcd221c9fcbf51006d3f04339cae39f83dda6712e49,7,2843,0.4442187500,80,80,uint16
IMG002496.jpeg,e55684f184b26d3c4641e1446c4e7342c4ee4a1e47dcd4ba7618dc8dbd365c28,region_maps/IMG002496.png,92731e85dfb425eaaff670ee7ad57420ac8ec422b2608ca31b49d2d494d9ce46,6,3187,0.4979687500,80,80,uint16
IMG002497.jpeg,182f636e06e61be7ccebf07d5898dcaef0b4392258652fa1f36e66f041448178,region_maps/IMG002497.png,7150bcef69e070f15b26e87198c019c1e61c3990e6359f0e25a6c5ec71d2022c,8,2474,0.3865625000,80,80,uint16
IMG002498.jpeg,6d93a23b6b17b47bcba1f3da0895d2e26ce5b4b01f2992cd7c112ec60671f9bc,region_maps/IMG002498.png,ed88f7a7c7719246b2b4e14bd72ece633ff81b0e9f9abfe45b030b760f4a1d57,13,1757,0.2745312500,80,80,uint16
IMG002499.jpeg,5d2b6c7bfb3d32fe98cf0a8ee0b0d3970f083a51de1cf6522c95365cae1af974,region_maps/IMG002499.png,6c8bb15242649e68b7da8f74aea352d7adb99119c77625e4619d83c2dac06927,5,93,0.0145312500,80,80,uint16
IMG002500.jpeg,2a2701f92c4228f69dd7a26d14c2a2f4e0d02c9a323f9b8d63f812fd8ad45df9,region_maps/IMG002500.png,20efa4f8a22dcdefbc4649c85228168d70b1162370905ba889f7290e958bfc09,6,3143,0.4910937500,80,80,uint16
IMG002501.jpeg,882cfbe576cfb4029d46fe7076bfe98ddb85864fb8148a5f31729129841f7920,region_maps/IMG002501.png,d522c3b658f5df4bb98e2f016bf9b29688365033ffe98fa198ec84cd505f8add,8,55,0.0085937500,80,80,uint16
IMG002502.jpeg,0ccd66d4187322d3867cdaa1ca1a1892440753d9ec7bf0bddfbb05ae893e377f,region_maps/IMG002502.png,a0fdc4f5d58ef3859105f254b9b24ad0546928be4b6bb19ea0cfd57bff3b63db,16,2245,0.3507812500,80,80,uint16
IMG002503.jpeg,8045eae1c3377d1f3671c20d045f9e7dc0d60244e38f759ee49c76f37e2a9e59,region_maps/IMG002503.png,1f29a959580f20e8654cd9db54abbd23e256ea8eba609184d6d58d8198c295bb,6,52,0.0081250000,80,80,uint16
IMG002504.jpeg,c2d231097bb48a302218c12635b89fb2f2cfac357fb5a96014c59efe63b9d56e,region_maps/IMG002504.png,2240f6efd0413cf9196a50a79940c747a76a32e711c0d16b22f6d01e2311c4a3,8,77,0.0120312500,80,80,uint16
IMG002505.jpeg,8e20eaafa63ffcd2984cd06f63702ed1c9fa06f8ac8cd280e0be02d4cb80c20a,region_maps/IMG002505.png,b6f502cbe7a42393c51809baf497c4dd76b48645aef42745ce5d7937c59e4b0f,8,1358,0.2121875000,80,80,uint16
IMG002506.jpeg,d24f0dd61958610ac5027aedbbb1dff831d3c610a98ada0fdd49d96a6c141506,region_maps/IMG002506.png,c07b36e8e26bd3552b751bed16960c024d18c1ba416aea47a0afc4d75beccc4b,13,2053,0.3207812500,80,80,uint16
IMG002507.jpeg,417a93a6064d30e0e59c87b4156db335dd036cd13ad881c44d06d494024b9eee,region_maps/IMG002507.png,e804d3bb3e4fd1f500a840209e996e7a0449b6347351339c00b78ddb5578f821,7,72,0.0112500000,80,80,uint16
IMG002508.jpeg,d75b95e35593689d0eb5afc3c3daa7bf4bf575cc1f0e7c1088be48ef1c53bae7,region_maps/IMG002508.png,b9cc6b65d8d8176a50f08442edcd97e03d54189e50f7ae00065f5a238759b6eb,10,1162,0.1815625000,80,80,uint16
IMG002509.jpeg,4caeb4c04755d977125e1685449a213161489c65086894f3690356d1764f3cf0,region_maps/IMG002509.png,d1e4b39de8869056874f07f5e4408fb2929988db708eaf15627a3353b1afc752,15,5072,0.7925000000,80,80,uint16
IMG002510.jpeg,4940c8fc9b9ed367935534c3be3e840caf34d12ee78c210c9b47221209c8241c,region_maps/IMG002510.png,7c383c2c6ff03717f4a7beb21ec92716b91acfbf4b06924155f41a0d5a98c9fc,6,3108,0.4856250000,80,80,uint16
IMG002511.jpeg,895b6c7a2cb039793adfcec3edc8dd230171a504d896469f4585e092cb6cab02,region_maps/IMG002511.png,48996f29bdb590528c748668b6dc85d2737dad5539622cb94c9754c59cb8ac6b,4,3647,0.5698437500,80,80,uint16
IMG002512.jpeg,024316eb1bd0daa57e1810473e74f88ea3beba31aa1b8b67799cc6dbb269cef2,region_maps/IMG002512.png,573a567fb9d6170c89a84362d1a5bec427da8edc6afe6b0e3cf065d6e17e7a1c,8,1820,0.2843750000,80,80,uint16
IMG002513.jpeg,2c856245e628df838dac8d9647bdbd3a9ccce76b68dde92ca7cd7ee41c033fbc,region_maps/IMG002513.png,bb2d3d9a10e2d4676248a4f4e5a3f71d344228e9fed852885c110690b8ea56a4,4,31,0.0048437500,80,80,uint16
IMG002514.jpeg,43fc669533c1794bf57a43d6a135940ebe149ed0137a78b0f15dabcbf9f01e48,region_maps/IMG002514.png,9ef7e336736f968f43852ab57c8a92ce9297f8306a891d274b5cc5e74c6d4fff,2,65,0.0101562500,80,80,uint16
IMG002515.jpeg,4e74326a8cfe20b18d449a398048d002c6062fcf94ea75b6533709fde3d6893c,region_maps/IMG002515.png,64f0bed965f9ea6df6681e126ce231576cc6d4c0d874cbe37dcda262c7427d59,12,3555,0.5554687500,80,80,uint16
IMG002516.jpeg,c21a9dd9085e7475f0b5320580648be2ea52f6bca2c9e328bec2d60a58c97728,region_maps/IMG002516.png,2c58c6e883affcff34d655827642d53f97dc5156955ff163431f88bff491b69f,4,3971,0.6204687500,80,80,uint16
IMG002517.jpeg,c66f09491ec53cb067224662818cc840a0805a0b1356de516b912408ab777f6b,region_maps/IMG002517.png,aaef1ee5020e557a760c94822a37da3ceb16faed3938787a4af212a889c01aac,7,4443,0.6942187500,80,80,uint16
IMG002518.jpeg,ef1c691a02c8665703d43e3c2e13cfde32db99a6d5aae2473b393ac19cb8a00a,region_maps/IMG002518.png,33262846c86013d03872bb67c7446d450e829838af99b81fe5f9cdb67406db45,7,1602,0.2503125000,80,80,uint16
IMG002519.jpeg,12fe43c9f7e5de3037874253ae6ada313e56369a836e20587a1144c7ba36de1f,region_maps/IMG002519.png,669ab0f7cb9e6d7825ee2337a12894f8da6646ac15fdf1418bdd9ad82a28c5ab,9,3493,0.5457812500,80,80,uint16
IMG002520.jpeg,0251a54f95aab0609f08085b22598ec5d433073f7ab355633958a952e8a9548e,region_maps/IMG002520.png,f77be3920a224750b1682f73e4bcc86ab022851488941193e399fd50965426c4,5,47,0.0073437500,80,80,uint16
IMG002521.jpeg,9564989c49d5286dd395d2d7c2657ea913d1d7d3b99125fec8bb43bbfbf3b393,region_maps/IMG002521.png,47f3074aa94a74bc788e73f02f13b92c3305267d23dca8c05b31b8cffca1307c,6,4238,0.6621875000,80,80,uint16
IMG002522.jpeg,605cf9697b51999aa3aa95c7bd2ded30e189d2b5ba322c24e23331f1291bfdd1,region_maps/IMG002522.png,8f69c3a1986111e29d8cb5ebf14393445b0eae7618ad20be56d5fc333cf3c5a4,10,2429,0.3795312500,80,80,uint16
IMG002523.jpeg,bcb7af4f55279938e47839ee5a7577d144b80e53bd0a5ba30ca1e5720913ef62,region_maps/IMG002523.png,f50f36091184588855375b5a52daecbeae347a008456ff0ec013b86be82c77ba,8,151,0.0235937500,80,80,uint16
IMG002524.jpeg,62882459d1930e502e61880f31067a2512a38bd02980a5c81a0a4528f5c09216,region_maps/IMG002524.png,2bb53af4b10ff093c3799986b503fcf8b13d1e6feaac5098eb17cc005800324b,6,2323,0.3629687500,80,80,uint16
IMG002525.jpeg,47a3965a80132c07155fbf09044fa7a97b9dbb72860f5ecec9d9d545136b05df,region_maps/IMG002525.png,295589300db6a1afcfd9b2aa72e01ba3f5a6b12e571aa1d7b980aab561ee0f93,13,2807,0.4385937500,80,80,uint16
IMG002526.jpeg,d4cd9f14998bcfc304cb6022f0f856c777619697fb621ce16fa994e32c0ee41b,region_maps/IMG002526.png,3af5bfc69cd7b8c94496a4a2a5136b03b3498d7759d4fb8806ae573dec6a7fa7,15,4987,0.7792187500,80,80,uint16
IMG002527.jpeg,92c148069095952b231502560ae104ace332fbbbb82891cd95fef21d7b10408b,region_maps/IMG002527.png,0ebf5730b314f5a6ddb94d89a6305945d56db87196d22844a8bfad871c9a180d,7,1977,0.3089062500,80,80,uint16
IMG002528.jpeg,03a94a0acad1cd752b0c2f19811fb2118d744e9451564dea106cb1626342dbd9,region_maps/IMG002528.png,c112fd76e0ba2295809a765fb8cc61c27bcee43cfcb95bbe99f47a8b2dec4566,8,1765,0.2757812500,80,80,uint16
IMG002529.jpeg,43ccf3329c22848ad8cd56976607e57d781d5c4132632b8e630df084ba06bdc4,region_maps/IMG002529.png,918e2980e2ea4684f6af29cde1308ba7fdb2aca45687223ac5268f315456657c,7,2915,0.4554687500,80,80,uint16
IMG002530.jpeg,d42b987a85e87cd855c4731d2b52572f20c958a8dcfb1f1dedde56eb48018bcc,region_maps/IMG002530.png,a801ab490f3b2783efd23516d46dbcbdff024dba6b4cb3e9a1f1a270851152af,3,732,0.1143750000,80,80,uint16
IMG002531.jpeg,10eb5c304b881d9de67e85714cb7e12f45830bf23cf749b740159dd0ef09111f,region_maps/IMG002531.png,fe3fb61e343f1ff18f9ae50625d497c6ece247532cae3f14bf100ecbceebc6ee,6,4979,0.7779687500,80,80,uint16
IMG002532.jpeg,bf7e09d9b779eec5afb782035e4e43dac0f47f7c422b973ffa0b0f7f29333371,region_maps/IMG002532.png,e7db21d731a1ca436ab252a049f8d4f6821fc0246e13b0f0cf681cbd532ea5e5,4,80,0.0125000000,80,80,uint16
IMG002533.jpeg,19602557836f55f7acd5e4cbe3c6b545b16ddbd156ef5a2901ca6be7ff430226,region_maps/IMG002533.png,5b7b14c6a75d44ce25ad35601ccba0310c4517309e56ff5f463dfa63daaf522d,8,3574,0.5584375000,80,80,uint16
IMG002534.jpeg,61bc4350f84f619fd0e33d784adf3eae5a10340be75f702a4e2757149563b0c7,region_maps/IMG002534.png,d8e53b1b0ee0fe758c59f2b741e0121f13123c426e49a04a57e19b08c589d70a,6,3777,0.5901562500,80,80,uint16
IMG002535.jpeg,5e0d778400a87c2b604177bfdc8ce206b49b4e82abb09d7a53111067e6eff013,region_maps/IMG002535.png,038d24911373389e860d4ed1281095a8aa08c92b883f160d36c7816154d6045b,3,2608,0.4075000000,80,80,uint16
IMG002536.jpeg,bcc56078dadf7f388f85dba55cf98220882f9508d72c7ded4003317f5e77ca90,region_maps/IMG002536.png,b65ea7c709ee616f63540306e402ff6beba000db3bbf2af5f3ba9f1ab00fa84d,3,1364,0.2131250000,80,80,uint16
IMG002537.jpeg,dbba3ec2d44e00b62d352ced8c0339900e207704e9eb4cd756be87fb5c9fa773,region_maps/IMG002537.png,1dfefd5da6dd70df7446a0635106609c1fd4c7e20aa230554d65b6f3e94696e5,8,1915,0.2992187500,80,80,uint16
IMG002538.jpeg,95bbf2cae5d35568556f4fcf5a2aa56fa03e5941c6ce79b84ac2016870726be6,region_maps/IMG002538.png,9b2473d8895d18b23ea87cd5894e1093a0d4fac6fc580b89b651a9c2e44b63f6,8,2878,0.4496875000,80,80,uint16
IMG002539.jpeg,5a375c8a55adafffce0213642b99a459ddf999f1aed37d0d247ea424329a5fd9,region_maps/IMG002539.png,f401c2dddc182b98d9df14e45ac70970df915a9ad89f49a9e1b4ec233f200da0,12,3244,0.5068750000,80,80,uint16
IMG002540.jpeg,178c4a9fa5a3cf46b2b9e066981df44877a69755f94bad87dfffabb9e03cf7ba,region_maps/IMG002540.png,6e76449cd729ba64273cfb17b512f06ee2fd2e88e9fa873eb7825d0cf6df4960,15,709,0.1107812500,80,80,uint16
IMG002541.jpeg,f0316495c358aeabdb852cc6c70363ec2cc0b834ff31cb2b0090dbee2d164728,region_maps/IMG002541.png,461e515d7691e5168b2d22a7ff242bd2134f5e5b71e21739e7d8a1f4155e83aa,9,932,0.1456250000,80,80,uint16
IMG002542.jpeg,c7ac4b25888d5b1b67538b2be34eabe29c890312dc7073f5d27d0b051962dd0b,region_maps/IMG002542.png,b8a4d22875e5207881793683566902d2ea5884300e9ef9223ccc5a622071b062,9,987,0.1542187500,80,80,uint16
IMG002543.jpeg,dc6006daa865b16581f6dea7737d8de6f8d8fda8795921f262a8e22614244983,region_maps/IMG002543.png,cc1efd80c3de730f4f000ffbab09b1e07b56180b5aeada3ebff006e30b62b610,8,2131,0.3329687500,80,80,uint16
IMG002544.jpeg,f288bac7a398ed70a1f49a89d5efb2d81483b86529cc1cb2aad523d2f0071649,region_maps/IMG002544.png,798e93831c88a72688a17b352e05d438595e0daba2312ce7192ae4b546739fba,5,4118,0.6434375000,80,80,uint16
IMG002545.jpeg,3dec056a85c6b9aabf8fdeef8a71086df126cf3db957125cbc935b1aa5021304,region_maps/IMG002545.png,e7fa5328738b3459f68d568b82a1a3df7dc1f0e62f1d09ae5895b98d95fc7e6e,6,945,0.1476562500,80,80,uint16
IMG002546.jpeg,752e75b43b84e73aae91c009d2676838e39319a914673ec76e16c391d2854519,region_maps/IMG002546.png,be4ce8eefe164d9b5904e41632f24c1ddcde49d92527c861eccca1b9b55045b4,7,3891,0.6079687500,80,80,uint16
IMG002547.jpeg,e283e51298095ed6a5271565fe72daa0fa2d82d65b9f7f57b358cf384ab9b494,region_maps/IMG002547.png,d50ba86853ca1f31d5e346e996dd261b8dbd30519401bccf2f4d51a3c589c800,11,4254,0.6646875000,80,80,uint16
IMG002548.jpeg,683776c13e75a8d0fb31de76f8baf2a10b9635a7f28d490495e10e4eb7859793,region_maps/IMG002548.png,dba36507f420e4a33e4d70b9b428ea1c182c673e3d4bd5f157638385cdf84db7,10,1332,0.2081250000,80,80,uint16
IMG002549.jpeg,b3e74f99899108d762cc8efcd49f162c52ddbfcd8e953b7b6d5ff43cb308bba5,region_maps/IMG002549.png,64091c844193019844c190d260893c3e3c3178caa49a2ebaa0fd8192ff914aba,5,3324,0.5193750000,80,80,uint16
IMG002550.jpeg,84a466575c6edb25104a8431e70c4a085af0933eb77a8b905b9269411c7da28d,region_maps/IMG002550.png,303f1776d3981cfb007286222239dd2c42c8f479edc44370d480582ae0d8b2bc,9,2163,0.3379687500,80,80,uint16
IMG002551.jpeg,41050120b6b3856660944b54a22dec002e8ce7879c486ebb0cb221417a843b65,region_maps/IMG002551.png,6c56ff8d4f05426ff43ce9251d8f2f673f5c70422265b20206502fbf5ab7a552,11,1845,0.2882812500,80,80,uint16
IMG002552.jpeg,5514bbc80ad27c6dd6d85128fbc3dab771d98ca3f9fb692451e640a97cbcbc58,region_maps/IMG002552.png,7976cccdfcda4fb237a3ff0bed9e9922b08956201f9fd84d2665fdea99ece103,15,4185,0.6539062500,80,80,uint16
IMG002553.jpeg,f6abedaaa1c119c0e402e04f884b98f3df3d82e8f655a860a2d607cb5ffaa0c5,region_maps/IMG002553.png,90548f8ec0c4d8379c102197ad1dfea27e31397097140e6c020cb52e5ba7ec18,11,3790,0.5921875000,80,80,uint16
IMG002554.jpeg,830329c1a4222e1d2611cdf0480a26d94aea9a2b41ec1cd4701f6e557a63b41f,region_maps/IMG002554.png,c28da4d91d296752187b001b9bb4b6a8dfa38fd934c4912c48c61aff0524c376,8,1677,0.2620312500,80,80,uint16
IMG002555.jpeg,60f03451c48ec62465f914a243cdc8fdb0ba3e4e42a08d7bc904a041f9be0744,region_maps/IMG002555.png,9b484bfeba57a3994fcab809ad86cd3b10b37a7e732f0127b3d647277e7d8c10,8,3246,0.5071875000,80,80,uint16
IMG002556.jpeg,e013aacc9ec65944044794568cc86c38189640972c07cada3bba17818e2e0792,region_maps/IMG002556.png,8520efdd3815f07d11ba3026d0b77fed19a9110d13e1777f7c2a74f9ba2ef52f,6,3587,0.5604687500,80,80,uint16
IMG002557.jpeg,7e473051bc16f4bd17d93847bd7ead01d066805650cd632caea51040dedf0137,region_maps/IMG002557.png,0ad56501441629154f02a60fa4311713f0964789d7b8dc29d0b14bcf284e2fb3,8,5340,0.8343750000,80,80,uint16
IMG002562.jpeg,ea98db681803a812553eae4fb60e08d423f19738b5af88f570d632913862d770,region_maps/IMG002562.png,bb62210b8711eaf5739172d7a9b3bdd9291699ef7fd1fd372b2ffe313b94dd5a,12,4830,0.7546875000,80,80,uint16
IMG002563.jpeg,59c27419a80bfd16461c7ae5651ac6e2e956df5de4e0badf58ad27702227c50e,region_maps/IMG002563.png,094d2dff28fe02b62a0974ecd008f1af3e16d2718210d90ab4228fcc739daa13,9,3198,0.4996875000,80,80,uint16
IMG002564.jpeg,35112ca8d79b0738909aa998247c827e11bab4668d87c3adb03956a75eed31f3,region_maps/IMG002564.png,0099847e38ece9f915278478cb21ca10cafc4ea5d25236306972b6aad3f9e363,6,5716,0.8931250000,80,80,uint16
IMG002565.jpeg,3b1ba5646f518dd24499341cbb78f75eb5486b6013cef53cf93d8f55b1f4d0a9,region_maps/IMG002565.png,c6d48e68d41fc0db8bc87b6ec7fcb95a266e8c71a43967f9f21fdb1fb8ce4ef4,11,5003,0.7817187500,80,80,uint16
IMG002566.jpeg,46f9baf0c4025d5f3e14ad677b20652b932b66429dc142db74adad1b93730632,region_maps/IMG002566.png,f050e207d1d9b0210a4bf5fc0ac0d2e71b6946b850359c48d51065d1f4046d42,10,4075,0.6367187500,80,80,uint16
IMG002567.jpeg,c10bc9dcacd40bbaa27044e35003f6cd9c86310919277c7c224e708b3b4ea1a6,region_maps/IMG002567.png,9596955c584f84996bdd70e46b15ffa65c1fffc5aac0746df64f1d1dd0953f09,8,5032,0.7862500000,80,80,uint16
IMG002568.jpeg,f9a35d84412ec6c5bfd5be43badbab1667549fba6dba4351eeac33ba88280840,region_maps/IMG002568.png,6ceddbf63c1dede130eac645052cc208674e0bd632c8cab6c192811665a39c47,5,80,0.0125000000,80,80,uint16
IMG002569.jpeg,2f7f47b3c0cf1d25bf01383f9fa07ecd38a0ed956a61caaf32dce2f370a9e239,region_maps/IMG002569.png,f6972e58de23544f83fecfd18cfe86f0838b8330a342bbcba7699ca86dc805a6,14,4371,0.6829687500,80,80,uint16
IMG002570.jpeg,084369365bf3b13a0636f35c2625065edd0f29de05efbf270706ad743791ee86,region_maps/IMG002570.png,63a238ad875cff0c7ce7e6823767c44d5ddd2540e1d3093d8f1f11a00ac47985,6,2324,0.3631250000,80,80,uint16
IMG002571.jpeg,6daf05d1fb134ec45db83e05f13d36b9166e5f28123373080016df6c940fe1ee,region_maps/IMG002571.png,0437e6e8dad3ca16a9f21ab18a86ddff72291277f7f74dcba67e413fc8484705,5,3265,0.5101562500,80,80,uint16
IMG002572.jpeg,b9c076271ad5d023ea6a1e0acac3014ee566a1aa3ee7233cdde7552d6e67f151,region_maps/IMG002572.png,100c5906cc534cab3c737aa7c83029b252110d935b34499f1e74c0d8f7e9adf8,11,3000,0.4687500000,80,80,uint16
IMG002573.jpeg,dafa9c4dd88768240a6f5f335e93b9195bf6ae56f616ae03a120722a55eb4deb,region_maps/IMG002573.png,32f3386b8f265edfe3171ed028b9d6df70b48f9ebf43eb1bfa4f8357b8184667,5,59,0.0092187500,80,80,uint16
IMG002574.jpeg,fc683728c655ce60d017dc3cfa3dd5e120160f0a2963c17658d090cb2b71d577,region_maps/IMG002574.png,a305e228aa210b363018aafc224b40f0263d2b1b83cd4370a0dbd7179b630ece,10,3147,0.4917187500,80,80,uint16
IMG002575.jpeg,4ee70c1c6b5a5da437e7c7c30e1473b08e9b85ad47ce035a1242e2b227e154e7,region_maps/IMG002575.png,aa9f5efa07e6051915d11a19e127ebab37a92139d1259847cc800dd4bc7d61e2,4,6305,0.9851562500,80,80,uint16
IMG002576.jpeg,56facac9b740cd012fe5431b9ec839535df26d6e76665c887e6f04ff56662b9a,region_maps/IMG002576.png,9c1df3866ad54620303e1a4afd706cc67881d645c5a1e567464b2d78d2bbdb00,6,4650,0.7265625000,80,80,uint16
IMG002577.jpeg,b0db0c86bfedcfcc54607e734e5def63b9f100ff5adde14e753b02506b84561f,region_maps/IMG002577.png,c8077139065eb956c0ce6db5b26c4f348dc33556af031e1be5c11df5387ddbd4,12,5468,0.8543750000,80,80,uint16
IMG002578.jpeg,3f30b828b2adfedfb99aa9885f0a4c3ad6763f09124a388edbd00ebeece5a6fa,region_maps/IMG002578.png,62bedab241051019a13a9ba052b39eb726f532fe534f926c82db387893b5f79e,5,4041,0.6314062500,80,80,uint16
IMG002579.jpeg,2eeca994124fc216b863e7992bafb5ee648a3f05e9ac7a96769b8541b290f2c6,region_maps/IMG002579.png,4912c41781e631fd35c88295a041cdd74d59382afbb8ae485fa9f9a5d984d4c4,5,2162,0.3378125000,80,80,uint16
IMG002580.jpeg,30a49a10063637785aed026a4a4ac692acbdee3b0ffb9d3d2dec718968ae3190,region_maps/IMG002580.png,f9964bf96c56a0ea995389e1064788b313b184d3df03f6734e9b89555a491869,5,1284,0.2006250000,80,80,uint16
IMG002581.jpeg,6e7d36ea0063e9ef9f7311c46fbeebeedb54362db2b97bdd183eef06e6b831f1,region_maps/IMG002581.png,344415df005b16082e9482cba49a585b77c3c2ad7183371ad508fb4bc84f85c4,10,3098,0.4840625000,80,80,uint16
IMG002582.jpeg,f80429754ac673ec8d6940458640489f0c0a0aa73ccf0b38eb86d4362498081b,region_maps/IMG002582.png,09a57ffba1b514f35ab8ec9919cf1dad237f317f37e82fe3ea6aafbff6b5c26e,21,5358,0.8371875000,80,80,uint16
IMG002583.jpeg,c0b164cc0e84a76fa0b660cf2809b791abdabf1b971dfc9aeee79e95e66d0d4d,region_maps/IMG002583.png,0cbeae4ed2c9f30e59fdccbd7432f31018ae0143fc042b28b7c17f7396e57199,7,2015,0.3148437500,80,80,uint16
IMG002584.jpeg,4d07138cbbdc55ff362b31e2a93dd1c9d46e9281b9252351857bbb1b0cf7aeee,region_maps/IMG002584.png,0a13259cc4355067b7caa02a14a3ee0223b62347b23cace2c6d6379e5b95dbf1,7,6258,0.9778125000,80,80,uint16
IMG002585.jpeg,bf798bd3e71c8936e8696bd1a300f6958684455d227efd92512fbc87ec70b2aa,region_maps/IMG002585.png,834169ee4c8d1da48610070c67e00a67ea761a105ce6f443d1b7a698d04c9b4b,8,3241,0.5064062500,80,80,uint16
IMG002586.jpeg,e8cee454de8dc2d9bd0b38db6723bf3bedfef93877e255b3c9a6779f9e74a05d,region_maps/IMG002586.png,e8056711e20f731a0061165965a5d5a50df9ef1fd2cf2a4f635919355c2e4ab5,10,1822,0.2846875000,80,80,uint16
IMG002587.jpeg,c45fa4b28b370b2279e343b5b3c054b858f3bb17fc550eea67fc39ccb489a145,region_maps/IMG002587.png,300f7c6de91d84f8b1c8a0463394f346806a8fb007674d69242235199c4fccab,4,49,0.0076562500,80,80,uint16
IMG002588.jpeg,b7a8d3c6146c6f70e8cc1bedc854595726f55ba7cc974f2a85bd7520a1beb2d6,region_maps/IMG002588.png,b30a1c5b3eeb3ebbcf471cd8c19c819192134425acf7359782f9743c2eb90351,9,2646,0.4134375000,80,80,uint16
IMG002589.jpeg,42f7f45c7fdd34eb0f9269925eff921e42eab8ccb4d3aea077ef0f49651fdc43,region_maps/IMG002589.png,a740eb1fbcb979f8abc8056c2ea0b25304b74717e2a36c4864491dcd678f9e74,7,2359,0.3685937500,80,80,uint16
IMG002590.jpeg,f056f60a563b7027874a7a345204e5727a789fe0a13d92ce38b038a7722ac7d4,region_maps/IMG002590.png,6d1c208f9c7a4c1e2b63fc45b1abcfb6ef41816818d3b9070d5f5eaa7764d62d,7,1722,0.2690625000,80,80,uint16
IMG002591.jpeg,7830b36abaca793d30a57c600d73ce7aacf4b60294d26f7ee164411456203bca,region_maps/IMG002591.png,2495146658896f3f1f312ed26bb56fc46c9be121364dc38b153204f658cb7ba1,10,2033,0.3176562500,80,80,uint16
IMG002596.jpeg,af44cdc7f6f9d962e6af8566ea3073365d18689ce303a23e7a98257b0fefbc9d,region_maps/IMG002596.png,9865da6b95430813cdaf1d8e2eb6d78cec7759736a050675ad4ea12d784c8de5,7,4031,0.6298437500,80,80,uint16
IMG002597.jpeg,d1e6876740f8a966fcdea4e6345fbdc5d75b635205a98cacc0178f10f68076af,region_maps/IMG002597.png,85d64c60e2cc2e4a7a6938cb70a2ac2927caafe4bccd7beaab19d48686e46149,9,1457,0.2276562500,80,80,uint16
IMG002598.jpeg,2ba9c515c8b4bcb6099d419579c7036b3cfe71f5af1d44c2a0dce1b3ccf9c737,region_maps/IMG002598.png,3d372c926e37ec059379ea1ea8fc4217c5859ac606379034e2f75878a5fbb88e,5,2535,0.3960937500,80,80,uint16
IMG002599.jpeg,db26cd4f6d45d414929524a58ecf10cdf49cb34ff089e16c20b1e0e52288c22e,region_maps/IMG002599.png,46e26c590da5cdf1458e6a6221eede248ce0675422eabf58425c806f23a96591,17,5704,0.8912500000,80,80,uint16
IMG002600.jpeg,034dd616cf0794209ad2e31712c93b75ee6a29f50a03215641969a9bbc69c306,region_maps/IMG002600.png,3f7bdf962d6d4496876f8e414758027bf2db6ffc646910cd20a9284df29ad3ee,5,54,0.0084375000,80,80,uint16
IMG002601.jpeg,076231572e613826e43a1cce3e5342e565dd8b8b48d76ae640bd6042b275f83e,region_maps/IMG002601.png,749fb3df61d5d6d3d8402ab6b5fc5196c0288a5225632db6e7bf2cdbf5f9903c,6,5027,0.7854687500,80,80,uint16
IMG002602.jpeg,293630e6f0a3910e5fa3faa118c873c3eebfbff9abc423efe5af5e26c4055e30,region_maps/IMG002602.png,6daf8f3f06edc290a5ea05457608079f4250cf2dbf1ec10bb2529bf5dce568dc,5,2863,0.4473437500,80,80,uint16
IMG002603.jpeg,14737db88900f397dfc2201a146cbbbab83525351e2b7bde9b2f0a1e5ad1c663,region_maps/IMG002603.png,436eac74b782fe0f92ef68b448ff9dfc0f5ab612381b1a8e02b574df60c867f4,11,3420,0.5343750000,80,80,uint16
IMG002604.jpeg,0837e00dba9b38cce2eddf7994241d8177bd47acf0d81073c0dddd243098dabe,region_maps/IMG002604.png,25d91d11ac937505930d84ba5689e1aff962fcfa600a32fa572146bb26f81224,7,1903,0.2973437500,80,80,uint16
IMG002605.jpeg,3a1564e588f394611ae4fb4d8aac7f98a8650b0751d8f64eceb8f30ba8398bdc,region_maps/IMG002605.png,dc392e788d4f9b360dff6504340556ffe690bb0180712cfc45c59888db65d4ff,9,88,0.0137500000,80,80,uint16
IMG002606.jpeg,c8b3c4aad9a362930d279bd28c166d630497dfe2dbc0eb9622523bc4779263ef,region_maps/IMG002606.png,41e161e138c8d39c7c565229860b29adf79ab6cf19ee32de377c38a3948b81ad,7,3411,0.5329687500,80,80,uint16
IMG002607.jpeg,4b409136c9e61b1bfe5293f29e855bdb39315043f0685bab496a283088dbaea2,region_maps/IMG002607.png,b693883a41a18d787f1eaaa4fa584c0adb3a8c9c76e7a23f3113f7714d54daf1,9,4991,0.7798437500,80,80,uint16
IMG002608.jpeg,50a87db92f8fdd7fa5371daaada90dbb462d109ea99352037d288c63b785e7cd,region_maps/IMG002608.png,1e033a228f560ab02d63f5b297cd4758bf5ee91679afdff4677401dc60d30848,9,5516,0.8618750000,80,80,uint16
IMG002609.jpeg,58fd4b99ae182b1764d92afd2167977f98a0456fbbf056acdc448c52e91b9afc,region_maps/IMG002609.png,19533f0eb26b0f0894d5de4ae94436405264686ad843fe20c2c9f4df4080371e,1,1048,0.1637500000,80,80,uint16
IMG002610.jpeg,afc778f5e25d542e44d8756084acad95c2e63ebb68e5bdba082735a642e1c5e0,region_maps/IMG002610.png,b6b89be651a728c2699cd56e05a81b6d2587cfda8c24c5da5137ba9b8c83ed10,6,1924,0.3006250000,80,80,uint16
IMG002611.jpeg,e302db9770fd3adf727cdb46aed6ae4d7437a834f2c95d3c3076cb025448bdec,region_maps/IMG002611.png,dbf8d4b8dd2e4ec282c119a0237836dbd0d3723e9ac187917347dc94038c3b3b,16,3059,0.4779687500,80,80,uint16
IMG002612.jpeg,64a62e319d9ff39a1c95c864b9ab1cba19d7e93d69621005c9cb118286c56ad0,region_maps/IMG002612.png,212b08787aaaa26ea182f1d2e2224e8adec6e397cb5a166c1f56e52efa2420d8,1,1095,0.1710937500,80,80,uint16
IMG002613.jpeg,d4bcda992bf1530fecabe3764bb21ec92c24f651f3649f2c03784423ce292c7b,region_maps/IMG002613.png,598988f2230aee28ffc54070515de7f25266ecd24f7f23a5a442349393739d57,1,1129,0.1764062500,80,80,uint16
IMG002614.jpeg,f6fc0a7d3c439fa80c17fd93ac749f66eaaa7a8ca5324bbc2ab8c591575aea7e,region_maps/IMG002614.png,13bf8f24fd773c64f353804fc897b83b57980e9de0250f79df6b15efd51f5bd0,4,2505,0.3914062500,80,80,uint16
IMG002615.jpeg,b158a0e17eb222afd902cce7fb5aa1ff1d8915d283a462dc03185474a91b20f2,region_maps/IMG002615.png,021975759a28053cd8c082d67aee51b665cbb6eb6ad8e9ca06af6c2ae09e6e63,9,5024,0.7850000000,80,80,uint16
IMG002616.jpeg,65ef9546af71c6f1392f04d8a94476d1b64d663b7d7138cd2fd6a2a3b9495354,region_maps/IMG002616.png,ba2d3cf9c91105f6366eed944951806f7c358b39a9786d0c780107e1e5c1a61c,16,1299,0.2029687500,80,80,uint16
IMG002617.jpeg,dc6c0c22368e034a6750b86d37e448acee6c0e8d68c62c1a2233d4d9585ddeed,region_maps/IMG002617.png,8d7350e6df18b89bbdb37fdc2765130ec5dcc3e4df7205cc84010ecabbd6e4e0,8,3273,0.5114062500,80,80,uint16
IMG002618.jpeg,35f613ac8f11cee9e66849f9c3c3b6befe82ddeb9d402036be8e577cfe847ccb,region_maps/IMG002618.png,095dbfc4fe13ddb8cb1cc63dce1051199c1b81b812a37d0791df4e0519ed1f03,4,556,0.0868750000,80,80,uint16
IMG002619.jpeg,b0c5a102aa360545383ed9dade39b8be346c18aba81622a91a4fe2e7ee511c35,region_maps/IMG002619.png,da75da6aa23a97bcf6dc5ef324386a66d00fb962bdaed80dc0385bc3c45ab497,11,1741,0.2720312500,80,80,uint16
IMG002620.jpeg,5276ebf2d677cfb0a278e4f9342d4e94fb188701715c9fcd6405cafe503a8453,region_maps/IMG002620.png,28b8f56b0706b4c66ff56be2a560574e5661c8a220907aa332fdbd848ea6049e,2,599,0.0935937500,80,80,uint16
IMG002621.jpeg,6949df3f0333ca867a9e1a33cf5a87a4d3c4ed14e674d6add09d6e3ffac4404b,region_maps/IMG002621.png,aa72b70d96cf7be4f251701af4f6c9f5cf857df312b9eda517f04d7bd8297f3a,11,1108,0.1731250000,80,80,uint16
IMG002622.jpeg,e8603b9e1eb50cafb68ac63e604cba0f1cfade6b98246aaefb27e69568e150c5,region_maps/IMG002622.png,2aefb93113edddeefb306e860a234cb4e19a2c73b3f330c5188aff0bfca4e13f,8,1269,0.1982812500,80,80,uint16
IMG002623.jpeg,76a1122f71155f711861f265f6b50e5bf0d8e3b9d7d94545e3c2a8cce003e510,region_maps/IMG002623.png,b15b0ba4a272436bcbe765ba6a2ace1aeebec42765df635c900f831c263017f1,9,2106,0.3290625000,80,80,uint16
IMG002624.jpeg,17e79118474c7b293fcddfa064f429d5050aa85846662555b1d253f82df4b137,region_maps/IMG002624.png,9ec8fc98947cbc6f90b908d487e04fb4b3d91de2be534f50467d5ebc7d596c2c,7,1879,0.2935937500,80,80,uint16
IMG002625.jpeg,777ee60ea9277c5f5123f98a55f25047b9026ab5a5657b6eccd2e8bea6605f09,region_maps/IMG002625.png,5e3885c181299f92df7c078e24a487bbed672290dad9af5ecc8a7fc47c8a168b,8,3620,0.5656250000,80,80,uint16
IMG002626.jpeg,27943016a21ab86a5dabf07e411b38c09f6ff240616e3be5f3e62ff9fd02cbf8,region_maps/IMG002626.png,87ee2ea7db8dfb53a13fdb58ccde940c9b423a060305c1d25c3f2fbf2cfc31c9,18,5666,0.8853125000,80,80,uint16
IMG002627.jpeg,baa63cbe3df853d184549c6c5da7238de8f55095e2c7845f159f608219e21ba7,region_maps/IMG002627.png,f3644dfb9e9cdfbb1e9b015cad7793720a05e288043a5e133b653e0c2e832e83,6,4442,0.6940625000,80,80,uint16
IMG002628.jpeg,d054da51b0589e9286cbc1d8f99c6dc8c8bc7071c59e49f0def6f76948942d35,region_maps/IMG002628.png,dcaf8422267235b995cf09b886b8cff6ba49ecff38ff8b6caffb18aadba8208b,6,2380,0.3718750000,80,80,uint16
IMG002629.jpeg,b2091c0d46a7e6162c8cf54974d904a8c062157c09e7e917db905df88e876302,region_maps/IMG002629.png,f96415d37d778c249fe40fbb13122d71c3a5d994de9fc8e4df542906c17813fc,7,63,0.0098437500,80,80,uint16
IMG002630.jpeg,555f5428732929215ee384d3d1097cfc14f7bb78f9b679980243bd9038a06519,region_maps/IMG002630.png,2f272412db64752fb862d439ede1bbac52c327ac9ff09aa893cdd352dd2afdc2,9,1940,0.3031250000,80,80,uint16
IMG002631.jpeg,e1890a5ee25cb8fdde5954423d10823307987e51e80d2b169581b16c41299565,region_maps/IMG002631.png,b220e3b65d1af3e3fa7f23db58f16c89787367f14c516882c82b05e5aa9639bf,6,2242,0.3503125000,80,80,uint16
IMG002632.jpeg,01c66933ba80129a12157c6213e6a7fdaa8801dd607e4322db618f5634b741a2,region_maps/IMG002632.png,5fab81445a86d24147b088bbb967dfe3d45d11aa31a450047cc0c675c907240c,5,1994,0.3115625000,80,80,uint16
IMG002633.jpeg,71ccfafb135569ef27e1f06a06cd6c16cbe717ec4459e3045a9d4a76e9cec382,region_maps/IMG002633.png,2feb52bb8737cfc2227b1d6858324f480efb42f3d994df5a60874d11ebda0f1d,6,787,0.1229687500,80,80,uint16
IMG002634.jpeg,fb70ab28007bd921df1df94985cad36767dcfab7d351fc63c18a97186a2a8943,region_maps/IMG002634.png,56e93bddef2def9632fc2d5df6d42f22a7604940f98735644bf837cc5c313772,8,4321,0.6751562500,80,80,uint16
IMG002635.jpeg,45aab458341ee77bae23d18d039b07ff0d5f58aea8314132128ce650cacd6813,region_maps/IMG002635.png,4cd51ab6b54f638e68b62ffeed938f06a1d86d7778d2c2172458a5d84c54adf0,3,1234,0.1928125000,80,80,uint16
IMG002636.jpeg,1261cac7091ea168453487d4ea72411b89cc4dda3f043465e28b80a539b07f7a,region_maps/IMG002636.png,563e14d52e059f9632f614ed91f0445a7cd5f1ef57c207ed082cc20ec081087b,7,3789,0.5920312500,80,80,uint16
IMG002637.jpeg,8e1c67aa887d684a65db68274a1ab5b553eb1e04e01579902851ba2a37e677d6,region_maps/IMG002637.png,82ce43545eeebd14029c53e40e4b30fe4eb5c65d55b0825d5eb6704d4fed1198,9,2549,0.3982812500,80,80,uint16
IMG002638.jpeg,4e2464efb0cc7bea284f19d1b51c189f377dd9352c41d19bd1d46aed0327ee56,region_maps/IMG002638.png,41587bc0f6c286fa10b7fc5563f06f79356369992ac0c8d00d9c3bbd17dd3cc2,16,2298,0.3590625000,80,80,uint16
IMG002639.jpeg,e6b84de63c3eeda79db84d5ac6736a2e99372c347f2acb20cd0056c840f08017,region_maps/IMG002639.png,61499d064934d23769fdcb1fd14bd10cbe6859baa33af8e3fd312ed78d3c39ea,3,893,0.1395312500,80,80,uint16
IMG002640.jpeg,c16a3060950526f9241b5a830276fcb676a9001b40fa69220c3b7c1fc1c4d5f4,region_maps/IMG002640.png,14eff564f15bdbc2eab11bbec1c1909bec53dd6162b941f590a0143f535a13d6,10,5931,0.9267187500,80,80,uint16
IMG002641.jpeg,af709dd41622edef2ccd5277c7c3f182b37ad0587ffc6b7d5c59fa48df8e8a9a,region_maps/IMG002641.png,ef2813da4719b043290f33da833c20bfe528af07fb486bcfdb6c31a6f12db8dd,2,912,0.1425000000,80,80,uint16
IMG002642.jpeg,916a3925be77bf11be12ca019568488ecc47820047af2bf234af3d68309b03d2,region_maps/IMG002642.png,378d49ec45721140e7e31dccbd575d6f30db4aea7c2613e32571e65898dcd866,9,3400,0.5312500000,80,80,uint16
IMG002643.jpeg,f6e2fd07792db2160b35454067dc3f7b0a3cbec427cb4fb1a0d59ecb02721fc8,region_maps/IMG002643.png,35ba2ef41951d278013caf168592c8c87daaca48914d7e93622261d3a8255599,2,898,0.1403125000,80,80,uint16
IMG002644.jpeg,da81eaa28053c0f47b8a915505434bbfae7b51abc89563ef0d1d0b826c77dc81,region_maps/IMG002644.png,9c75fd8d327191b98225d2b7d5e565d5a44525a06eb8ab2837ae12b3f444857f,6,1801,0.2814062500,80,80,uint16
IMG002645.jpeg,ae80e83652b361011d5824fb43cd56b7ce267fe039815b1bf8ebaa6ddcc87d3e,region_maps/IMG002645.png,4b9fdfb591fd254506a5eaf9224f314496b6545da24cb695b8a3bbb5c4fadae7,3,1163,0.1817187500,80,80,uint16
IMG002646.jpeg,0a722a65264d5ec05bb23929de1d98d61fe33b6a660c368b490c6842247dcd97,region_maps/IMG002646.png,e611006766c0ffa1e939b1e544968c5a1ee06c789651285c145415de49b2be63,6,2539,0.3967187500,80,80,uint16
IMG002647.jpeg,8079e27ff477a146f37fc59c4ccc2e3d3926cc1677254ff06cf6d4fa02d08001,region_maps/IMG002647.png,b35b3a75895e752b0b1b246c71344041edb45af838f4256da90e23a7e3107f6f,5,1201,0.1876562500,80,80,uint16
IMG002648.jpeg,37efb901bf5401e4cdaaa34f32761a2b9c0ead517b84ed7d65e3d2ef0a12574e,region_maps/IMG002648.png,237563b19c10d554ff5305c94bc36df98c9f3214cf9650daab2bd04b90129bf9,7,2719,0.4248437500,80,80,uint16
IMG002649.jpeg,01e6afa7ca138fc6aadf178859dd2aeb9a680cd0766a39cd26c6beaabfec44c4,region_maps/IMG002649.png,2686dac32eb3ed69e98d787d544d4f432bf5027df186ff60311bab3fd4d3ae94,2,5754,0.8990625000,80,80,uint16
IMG002650.jpeg,689f836f6cb8990ad66c00cba8067dfe9698c6d30e606e033d8dd74ef02076a1,region_maps/IMG002650.png,a1efe0679ad9e42f1dcc15614eb1d381bae67941f13f9febbf972480d3bcd6f2,7,57,0.0089062500,80,80,uint16
IMG002651.jpeg,6893c0e8e3a935273f97bfb8322103b1359acd125582b39fffe5b24a1939448c,region_maps/IMG002651.png,e385be2af41b5172961bb633b640b4e40b15ac84eab52af22d66386a79596df2,7,3319,0.5185937500,80,80,uint16
IMG002652.jpeg,561826c9ee6d989488dcb85f16e10002bde0cb3824f3b7ae3b4e220e0574a59b,region_maps/IMG002652.png,a1d20b4619e6f7939d865d33c0c09e9f757bfdfe230aec82c444a0d798913e6b,5,3224,0.5037500000,80,80,uint16
IMG002653.jpeg,3b98fa180053282d1208e973a1a351d608d7cfdbf04ca4fd88e83ff43fceed8e,region_maps/IMG002653.png,f5ba98e7da53e7bd11ecfa67cf9b291f82980135dcb3a29ef7290eefbd74328d,7,2011,0.3142187500,80,80,uint16
IMG002654.jpeg,a16ca25bfb91ab7de2be3683dbf712bd7ce288bde43279322f2878cb723f8342,region_maps/IMG002654.png,f6a52ae3f30d7b1b1ba60f72be94ae042a0371f59f44bc6c9cb821c54f1ac495,6,2728,0.4262500000,80,80,uint16
IMG002655.jpeg,0fdd99ab0a4bd914a4fd423a2f5d0f989f9395a81283f28e445fdbc52e30d892,region_maps/IMG002655.png,6dd51ebbd15aec153ec1ad9961847f2ee0859805574700d84206fc3efd446e2c,9,5060,0.7906250000,80,80,uint16
IMG002656.jpeg,79ed15a2cb9c528830b3294b06cf8a41a14fda8db968979379fb5134fd8c1d3d,region_maps/IMG002656.png,0b9e5d73fe35894832acdd35406ed127ba7f64720e9f9971f7199e5b6b88e6c9,6,108,0.0168750000,80,80,uint16
IMG002657.jpeg,babfcf716c476c2b4f322f99686fac2b02d2e58dc78d1db44eb14ea0cecef6b8,region_maps/IMG002657.png,a087d342f9e4f19ba0aa7ca262435e1206a0b15e2fc0b3d25968872483b12a3f,1,899,0.1404687500,80,80,uint16
IMG002658.jpeg,3855c4e92dd24b5c30f84542e5de6daf24bf3ba0a1957610cd904f2a2f557560,region_maps/IMG002658.png,bbb712beadb387b98e3f73ea3e7cd737f0927afa46fc77658be700f8142b873e,15,2822,0.4409375000,80,80,uint16
IMG002659.jpeg,9b219f017c03bf38c36d0493ad7c1b93560459144a8d2a6824dbf8a341a61c42,region_maps/IMG002659.png,eefa4e75330b8491011c2cd922425c003adf8650add8a2da25543885e9757873,8,118,0.0184375000,80,80,uint16
IMG002660.jpeg,da6423797ed3d88e7b3fb335c8e5ca5a33eea91ae220d65349b2d2234b52a4ca,region_maps/IMG002660.png,b12575a86b8b551b801c83d8daba5364236ef6680f72c8e15c31b0780108c3d3,6,951,0.1485937500,80,80,uint16
IMG002661.jpeg,e2fbb2c394ddf1488bcc9efee0435287a501ffc3f0cd88dca11107ae58e646d9,region_maps/IMG002661.png,3d80c65deb366e9b96ce4f162eac0c7a6d57920ff6e10c5211392d881c5a1a3e,8,103,0.0160937500,80,80,uint16
IMG002662.jpeg,6b9b8a8ad7b3a1227a137380240c7e6598b0287c3be76c0dade84b3e3e3d0545,region_maps/IMG002662.png,1c90be96378c2595767eeb12192c3d9ebd777ba9c2c1299c4e9eb6b33149a4c2,17,2152,0.3362500000,80,80,uint16
IMG002663.jpeg,648af4ccb47eae738ef2191a68b51f305a3a27bf42250f0fe854ed884b5b1eaf,region_maps/IMG002663.png,3ef782a1962ed87964eb9c93d9c8312b6cd3086744a4c92638b517f8921f85cf,5,2826,0.4415625000,80,80,uint16
IMG002664.jpeg,0b2adb656f7589c4d4c1a00f9a5352f87b6d56b2bdc88a9863394acdf7911dc1,region_maps/IMG002664.png,a0bf9826dc995b63134de5ba3cdd9ce3c46775fde69536a27472586c745ccf96,10,2177,0.3401562500,80,80,uint16
IMG002665.jpeg,1dfd942e0a55ad8b4becec4537cdf6018baa40d438a45c38b33d40b097cd491e,region_maps/IMG002665.png,472457f02aa754faf10444cb3d15cfd2f14e85d7854370eb1278aa6f2ff75d0f,6,135,0.0210937500,80,80,uint16
IMG002666.jpeg,6395197f094810acb6f5af3d763ec3bffc77b5619ea7511a9c792f39546649ad,region_maps/IMG002666.png,34485726b67141b9305db97105a7e519ad74b2e35d30bdb26450b79da02e92ed,7,5244,0.8193750000,80,80,uint16
IMG002667.jpeg,92d4f80663edb2152a1598782d96575654fa9aa3f6b05a12c7493e754506665f,region_maps/IMG002667.png,5edbf56fdebd1644b4e1b01d7cb0bec8088029f81304155d825b732f4a3148a4,6,152,0.0237500000,80,80,uint16
IMG002668.jpeg,457310cb59993de3fc0984007e31c1734a0cf93d2ee60d3bae52590559de2fba,region_maps/IMG002668.png,38da0258484c39482f398eaebea6f48f23348b6e3ac13412d3a7dbb6a7846e54,9,1358,0.2121875000,80,80,uint16
IMG002669.jpeg,58148603ae3c3b97caa06e3c17bff4bc73fd566bc254b659088053baa3767014,region_maps/IMG002669.png,f30df60b81e687f1b8c1f173acf0690cf85fe58b559d52a4d0c9a96c43b7c274,5,138,0.0215625000,80,80,uint16
IMG002670.jpeg,3521403d8b589a857591fd19ce898ab581ef72f6b019ff32ae53f3ed86700de9,region_maps/IMG002670.png,3f267e4a1aba51b6e59a65c2b0d3045d57555434474e92c3b4b1f40801d0f2c9,8,5374,0.8396875000,80,80,uint16
IMG002671.jpeg,22198be207f2e1600e6b704e618e90643418fcece86375394aefa8513daff8fa,region_maps/IMG002671.png,cc86c0566f6b86ec25e4871ff882bfd52177b09c8ee087ba9a96ead6e6ac1bc9,5,3767,0.5885937500,80,80,uint16
IMG002672.jpeg,fb3450c7f6aaf534b13dc08a93ddb8bd2afe1577605aa5b264d664c49ec5dbba,region_maps/IMG002672.png,0a75c08c6203c4eddf5ad2f69b6138d0d05281444ad43edc7f545a4dc16ca177,9,1935,0.3023437500,80,80,uint16
IMG002673.jpeg,6abf9d53d6dfaa4da12beef97db05edb68ee2afda798a8072ed6137688ebbd13,region_maps/IMG002673.png,ba9d9f2280ae2bc28385e25a05f0193120b83bd44e84a13f7d0f72c56e71591a,8,2544,0.3975000000,80,80,uint16
IMG002674.jpeg,ede229653354c148b6e1d6bd0ab6e264522b79f74daf15efe2f0bcadf265614b,region_maps/IMG002674.png,26e2e3a02c84bf4286ad6fbe4bc3b811c3f9614bde21c7df339d18505651974c,8,4592,0.7175000000,80,80,uint16
IMG002675.jpeg,f56ee66d3ec2e0a551b9db03bd578cb5aca6c12aa2953e17693538019fc48ce8,region_maps/IMG002675.png,fdf36474dc092bf9ea18bed28990568e3f87b695ca93ec8233c7156e5919a334,9,3533,0.5520312500,80,80,uint16
IMG002676.jpeg,bcb23cbe2fb833d46a8458d7b8e4175024258833545267fa559b3a7f13f54255,region_maps/IMG002676.png,681970060e24346b6a63b3367c0da2f5bad35b2c7eecc2ae96892eb97bd5db1e,5,4674,0.7303125000,80,80,uint16
IMG002677.jpeg,eeaba8e0954ee67c8dbc98218fef8b8b2fe091bd0fcbc2b1f903d98e3ba6fd26,region_maps/IMG002677.png,cf51a0b264fd9aba92f64ab5947eac22abeb37795473db516e271f6d7aa3b99f,4,772,0.1206250000,80,80,uint16
IMG002678.jpeg,5714e05a85a56d854c05cf8df7123dcbc4e9465f7698d8a1787b25dd3be32074,region_maps/IMG002678.png,aaa780af4ec43e2fa3df1e5243b5142f5bd162cd64b990800b12ef6ce08824d4,3,515,0.0804687500,80,80,uint16
IMG002679.jpeg,1ea701fb38ff8f2b48c5fcc676064ffc41d494b529e3a7722c23713b60e74c92,region_maps/IMG002679.png,54c4743e5727379427ad740fdeea6559fae4274d7d44d579cfc26bfb15cfc161,7,3914,0.6115625000,80,80,uint16
IMG002680.jpeg,ebacf93b1417cf4ed3c0b84c6c05e08194957f295e635fa30ccf101accda9b42,region_maps/IMG002680.png,e7bd4086acafd0fc74e72dc16f392b7c4c1778291b5444ebc4ddfa9cc273d1c6,12,4264,0.6662500000,80,80,uint16
IMG002681.jpeg,64edfacf093bda79bc0eae1a0b1b0157b349ca299ce9b50560bd4ea734f2a092,region_maps/IMG002681.png,fde9380c749b160ec0bfccba3824e1dcfa2684f54e9883503f78b5a1e4e4fc3e,8,2552,0.3987500000,80,80,uint16
IMG002682.jpeg,658636df7b520927936e670e1ffbdd67a59a16e7e1e6aa84529ca36caa381ad9,region_maps/IMG002682.png,0033603e1fffca097cf91ae047bb6ad619ed43a71c6bd7e14bcee804787c2491,7,2104,0.3287500000,80,80,uint16
IMG002683.jpeg,3e230c1d6086b7d8911df7b82560071906e7c701e356a919ad46b7907596dd94,region_maps/IMG002683.png,8da0c7c4874ca1d1ff02bf9185720b4cce0172a038f503686d180f12814a42dc,10,402,0.0628125000,80,80,uint16
IMG002684.jpeg,a6638f8e81aef4243e729f71d641f2c0d061ebc64f96aeb313f6c2d117a062e5,region_maps/IMG002684.png,67330af7bd9d78c74abb889aed76d1270bbc08db0b27b7513841d9d482dc6220,9,3335,0.5210937500,80,80,uint16
IMG002685.jpeg,cd577a93fb1fa995d2d47c4b5209045e4446c7299fa3c28372ebb331851696ac,region_maps/IMG002685.png,f02b9c58255d6d6b58a7ac40892755e1b4f13b92301972826339b99c87666aae,6,2533,0.3957812500,80,80,uint16
IMG002686.jpeg,09b66cfc17dd5b614ab16d4de8986661cef0efd0ece19573ac3be356122fd8f6,region_maps/IMG002686.png,002256402dabb368285b207e498d3e03f512024b304b9fd1161553d9034556a9,4,769,0.1201562500,80,80,uint16
IMG002687.jpeg,3c1bb6cf3796ebf64f6d521540102334d42234e38c25c7bb5d12b9b2e2e5f23f,region_maps/IMG002687.png,d74f32668554da4fe6bac69a1a68f79dd6bcdeae845fa3c6f83b8cbbcb9b29ec,11,3465,0.5414062500,80,80,uint16
IMG002688.jpeg,b2f0a604b4b6ba09f70fc820d3022db8c943a0414406435322ffa344d84c880b,region_maps/IMG002688.png,2e24667e3afb144ee2572db74edb9ae80689ff703064333a6c26f214952de0f3,7,2194,0.3428125000,80,80,uint16
IMG002689.jpeg,7e2ad0e27eb451315b2517187218d49313107690815770b3ee5aeee4f9b04956,region_maps/IMG002689.png,735782b481be92a74620a9992905b92c4e4961c0f5eb09f1a2c2c60f559f37c3,9,2299,0.3592187500,80,80,uint16
IMG002690.jpeg,7ecca02926b6e4d49da3c4c66a381c18ad500a739a54704c0f80fe1134d994bb,region_maps/IMG002690.png,1fa0c1331e26eefcbbd46880c4a9bb9fbb4da9aa8ae799505b93889ca518fba2,8,1926,0.3009375000,80,80,uint16
IMG002691.jpeg,c84528f06d37da1f0134b8009bf6c88deba1c355ecd2ffb1fff87e1d8fe58685,region_maps/IMG002691.png,1d759ef9479812b4d25ec1f7214903350b36c23efd6928071f0897fc5ab48635,18,4390,0.6859375000,80,80,uint16
IMG002692.jpeg,5f6f9b7f72c7a45ea47943c4cf1ace775616f032ff9b371b36f019caa142ef52,region_maps/IMG002692.png,05dc60c45a8880a2878f4da3744cadf01b654fd60a1129e07d62e6d90124b2a4,8,4705,0.7351562500,80,80,uint16
IMG002693.jpeg,ec9809547f1375b4c9b7fc5bc66308591b2848ef73379e7d733713c6115d71af,region_maps/IMG002693.png,b05f7a722c453a0cf7376e6cba18b7c7cee686f6bfd01cc196822ee2bd6a2715,9,1499,0.2342187500,80,80,uint16
IMG002694.jpeg,1f4d2a7568df08c2f7b85f474586b8a9de812cd7fb613bce1e198b07f91b3139,region_maps/IMG002694.png,200933ef2d7e56656d5381f9d64f763ab3d25a6f434c5d3f37ecb57d5cd97a55,10,3876,0.6056250000,80,80,uint16
IMG002695.jpeg,767373054876badd8a4af044ed3382abba05d013ec849e144ba1f8d41907e550,region_maps/IMG002695.png,ade98e0f5f00e22af93bb679cacc15e1acfe9c5f4df8d0b11eae603fe2152992,5,3116,0.4868750000,80,80,uint16
IMG002696.jpeg,632bd7d860c9ca468dd7be51f43b1710e1addedec7a6aed554dc5252db394695,region_maps/IMG002696.png,05e339bdffbc93dc883526a7cf3c04f08b82753269dd1fc42e16ab73e6192d54,7,2784,0.4350000000,80,80,uint16
IMG002697.jpeg,f34a3d6e3f20f1c93a150bdaa5beacb28bf53f4e09d0505ecc4f3c468405725e,region_maps/IMG002697.png,f91e6dcad3113fd66e520bc108ae11ae0e4d8ed9677be167363aa079d2d5937b,8,3684,0.5756250000,80,80,uint16
IMG002698.jpeg,5a9dd153d9ed2b06b9447299d33886fe7eb322e56826ed0c736c7651019dc4ab,region_maps/IMG002698.png,706a11d66d62e9ac030c1937754e2c95b5d58e4724a138a4fcb55d8c09bae210,8,3486,0.5446875000,80,80,uint16
IMG002699.jpeg,1e8b664b3644283d228443d1082b3c30a0ee659c9d3188fe28b3cb2e0fa5dded,region_maps/IMG002699.png,1d4a4a03bc2bac43d8ae3297b8bbc72e02869c7cad4d5e53498a1d5069b069b2,9,2230,0.3484375000,80,80,uint16
IMG002700.jpeg,f2b79b2534b5e7cb0d68b07b3208591b83da847565e7a46e2cf9d41150371e4c,region_maps/IMG002700.png,ab1b7caa8d815964530a706182702fb9488d03b72b057730f15c00cc8b09a7e6,8,5654,0.8834375000,80,80,uint16
IMG002701.jpeg,29132ef6dfa03bb788825a8335400eadb542a9f87f717bb7483d13771e608b52,region_maps/IMG002701.png,9dd620fa7d618fc68928f96f934cec5d5cec5fe02722e199b590a5bfbb442884,13,3401,0.5314062500,80,80,uint16
IMG002702.jpeg,8d154593f177996d6956ab176e07d89d165ca7ad3f7c9f29454e59f71ddea887,region_maps/IMG002702.png,0e737be96ab2814e1ec510148c8cc8b58a86b19a8c603411f09a0c8587e3ac8a,7,4618,0.7215625000,80,80,uint16
IMG002703.jpeg,358f07853c2d4008021fda52b94af9697db430a857bbd4a97ca1d6d1557b74f3,region_maps/IMG002703.png,751a8bc261919e5cf7cb5a51407fb2015a30ecec30712027826495fc738dfa51,14,2827,0.4417187500,80,80,uint16
IMG002706.jpeg,119814b027195eccd6d90e4d2b8e74c31b4623aa97e8c62c35c92434518cdb26,region_maps/IMG002706.png,a039ca657dec2025b54af735ee324dc3ea346ad296c79d726e004d0b6db67dc8,21,1500,0.2343750000,80,80,uint16
IMG002707.jpeg,d5700cbf7bac080253b20a5846cca64226be8fcaccb85b806a171cf9e87e17df,region_maps/IMG002707.png,9233789c163686e9b73863ad7688509cdb1d26d005406772ad625835176b63bf,10,1355,0.2117187500,80,80,uint16
IMG002708.jpeg,adcd6acf0d564d72eb4ab9d7f3d3804a2bbaf44b9f1292e7f945a82f272b75d9,region_maps/IMG002708.png,eb435f6d517d5c4f3511c434e49816bbf4bd288e95cfe9099d3c76625921b74f,14,2153,0.3364062500,80,80,uint16
IMG002709.jpeg,7809f7bd056ec21dbc36d7d177cfcbe6eb587e7dcebb67b3d6e822035cc5bba5,region_maps/IMG002709.png,d41eff80d8fdb1f2b94ad821e86993a967bdce419672c32750a92850532f08ab,9,1526,0.2384375000,80,80,uint16
IMG002710.jpeg,e005b1524a4a30356302a9d462af17d4a91f9a300a187f31a31ad089e9321d7b,region_maps/IMG002710.png,b9f0803766962211c91f8ab69a29e3303b3824edc77e383093bc39ab50f64438,12,1265,0.1976562500,80,80,uint16
IMG002711.jpeg,163998a37638bad9ae5fb8205e14b957db69a53e8e6530b378f2da119d869918,region_maps/IMG002711.png,b3e2d35deedd944ebd16fc6e65c7509f857b44f467a44969facda0d21fd405ab,11,4354,0.6803125000,80,80,uint16
IMG002712.jpeg,fda4ef4cb6e8da079128f0032e08901bd063c19240da6b6aca9588200ebcda6e,region_maps/IMG002712.png,2bd05f89051f50cc592e30210d41454a75b9d559e87599be5ac19f3b3c55faad,16,1717,0.2682812500,80,80,uint16
IMG002713.jpeg,e114a911e1542404d079c179afbeda5f339c5cc49ac13bae83711eb957b465d8,region_maps/IMG002713.png,30b488bc832f5e03d08111cbbb79b9a1acf7a9da8e327791bd63bfa1172b0c84,22,3740,0.5843750000,80,80,uint16
IMG002714.jpeg,4031b7cc9484178dfa735fbad02e054766d707efef04f22f22e694b293dfc580,region_maps/IMG002714.png,c14fa88d0a4f66547818a14d2ae6a16742d8c51e2b77741d82c6d7a1e26e3128,6,867,0.1354687500,80,80,uint16
IMG002715.jpeg,7acdc8ca147c82f2e3f34067d9af2cafa7a40b0998eddefa12d9f85a4ef88216,region_maps/IMG002715.png,d11a4da5fa3bb890ff9e003158d317b7dd08c318ac6cb2ff62d63c5ce846a940,20,3732,0.5831250000,80,80,uint16
IMG002716.jpeg,d78df68f6bd617b5c74d22002800c76710272aa0e937b46b4e87510a7b950e83,region_maps/IMG002716.png,3f020d39c3d4786316ad0acda90a546d663146b41ddcd2c165546d88d49d1e89,7,1157,0.1807812500,80,80,uint16
IMG002717.jpeg,0176023b0f0c61e276788bbe8534df8c04bd4a8d654188c471ab87e833e8462a,region_maps/IMG002717.png,666c5dea1ba8d571f19793ee9c3aeb4cf7635e09b96f5c39018219c08636944c,4,4490,0.7015625000,80,80,uint16
IMG002718.jpeg,15698fcb483578522376713502fffc9822232f3d3d75d70e66c67e40d2d10f47,region_maps/IMG002718.png,87b1b7a3abe950278b5e648b673ddd1c4ed5adfd6682763da177c8af7734fd9c,4,562,0.0878125000,80,80,uint16
IMG002719.jpeg,194ff1a31102f5d4514ac3d223a4eb9c4f84dc2afa984299145edc09b73bc009,region_maps/IMG002719.png,290561235625cd7dce9eb50f980bc3c9a369db75308b3f872a4b885859496e19,8,3467,0.5417187500,80,80,uint16
IMG002720.jpeg,ebf1bf61d4f5aeeb35f1fd8ba0f3f6d04b9656928ab51d93759dd9adab82a4bf,region_maps/IMG002720.png,4252c6efc86e503b782f43e98bf77075f3347bed48368943955288712ea161c6,7,3102,0.4846875000,80,80,uint16
IMG002721.jpeg,1cca7d30ed033e4d1d980ea74bb394895b8aee67fa14f7e9ce1e2639e554ca9e,region_maps/IMG002721.png,702238ba0a530991ce794a16162cde08322827db77386cf6663969bc5f285000,8,3036,0.4743750000,80,80,uint16
IMG002722.jpeg,c309de634fa904c5004e1d1005d46daccc4011702e69c5da3927945bae0c4012,region_maps/IMG002722.png,8a0a151d5ca3571dd5e290a72b736b0f7c35b89642ac08a48d0d0d3f5a0b8d61,6,3185,0.4976562500,80,80,uint16
IMG002723.jpeg,cae47ade026a751bcb06f842649cc6a4f13bbf548d70f38471cd2c5d63038846,region_maps/IMG002723.png,5640ee77feeb21e8c2ad09905a33efeb1bc3850496fba8e870930533750518bd,10,4923,0.7692187500,80,80,uint16
IMG002730.jpeg,2e773f20096c8f7a5e36281e06180d3090dfde8ac194de40843fa28b9036829f,region_maps/IMG002730.png,8269229108cb70b30857724cf0fa49328da88dc4b3eaecad6b3d5b9d0c7830cf,5,25,0.0039062500,80,80,uint16
IMG002731.jpeg,a1d278e6e8ddf91cebb12779c1935f1a13f04bf1ae0de09ec842e47329e3e6d8,region_maps/IMG002731.png,c795759c78ea6188492408155855a012520d5366344226bb71673d846c2361d9,6,2860,0.4468750000,80,80,uint16
IMG002732.jpeg,ccf72e7fd975de8b99732c82b48a5864aec84882df50816fdb9637c2114d0682,region_maps/IMG002732.png,e1e90e8e717e87d3facc14d278471dfb777aef9fd06afacb2c61650a8e571bdd,7,2783,0.4348437500,80,80,uint16
IMG002733.jpeg,514ea7a3f9562894c87f50657b3fac003959eb7448113b3d4fc8f5291d41dba9,region_maps/IMG002733.png,dd9faed189ede842a107ccece3c7be466c51e4ab3c0fedcbcfa1f317b0a52942,25,1880,0.2937500000,80,80,uint16
IMG002734.jpeg,12c5acefd8c6aafa7824b37306e56e5994a7a539b49a48999f0fb93441e3f858,region_maps/IMG002734.png,79a70a7ef5e3a345fad9d10c2807f3f94d6856ee19b767ef09535191718087f9,10,2345,0.3664062500,80,80,uint16
IMG002735.jpeg,80304edc4d186bb28ab401b4d0674420f20450c9da83851bca58b1f0fecbef7f,region_maps/IMG002735.png,7432335343e39d2cb92c6af910699960086d063b194ba4280efc8bbc1ee46a00,6,2204,0.3443750000,80,80,uint16
IMG002736.jpeg,6dbf358037de86c30d7ee9399ff3296db7a7659c1903e4572918ccab5926be24,region_maps/IMG002736.png,b72cb6c04bfeb02f9d44d812088e2aa98d921ca89deaf01a1e2456be6e1c379e,13,4674,0.7303125000,80,80,uint16
IMG002737.jpeg,3ef739b2551cb14d1a9cd430be3b0d304297139e287c969a17885850eeab94d1,region_maps/IMG002737.png,3227ddf959d3429530b2e73b0f4ef48c98b769c82dee48b19217f3b81db61eb8,19,3891,0.6079687500,80,80,uint16
IMG002738.jpeg,43ef69622c75b8a051916316717f9ac318c8d06e7b582a8d4df6173dce4038f1,region_maps/IMG002738.png,a8913b4501ea9444b769c41f99a27e707ed93a219b867b303f0ae0a51e499616,6,82,0.0128125000,80,80,uint16
IMG002739.jpeg,a4151c2d49ef4d721886d4c1eea186b5271d611398bd59360fcd9f9598fad319,region_maps/IMG002739.png,f8efcdb295c72d0efad171486fb36fd3e2ffc10b3fe33ba9caf34b41bd8b1ba7,4,29,0.0045312500,80,80,uint16
IMG002740.jpeg,1653b880cf2fdcb6e7870d13de68ec22c899c3306a9b1671edf330c1dc328a7a,region_maps/IMG002740.png,0b3618588b9befb3274ef6e5667e8fd4c7ea888a977c589050953c9ce80522c9,8,5001,0.7814062500,80,80,uint16
IMG002741.jpeg,54120166ca6aa3236a335e5e6d4aa7628836ce70df1e95b030006f232fdfe652,region_maps/IMG002741.png,370f793351b3ac94e48204a0c3feb469cd90b24288904b33899ff207fdd881f6,6,1775,0.2773437500,80,80,uint16
IMG002742.jpeg,f93da6656c36059ff4efd119a8de31f18f005c2645face486a58ba5d303e139d,region_maps/IMG002742.png,f74b11aa42cf8542eaba8b7062ded37d5ce185865895c2914ba9b2f95d4f2914,12,4871,0.7610937500,80,80,uint16
IMG002743.jpeg,19ef0c3f9ea60a28c436d961573f84ad0ed321128a8cda6c012ac331e0cf0276,region_maps/IMG002743.png,7c75de5bf6cc9846a2ccb98fed1e845c7983cd7d0d271ade8667511232d68818,22,2166,0.3384375000,80,80,uint16
IMG002744.jpeg,14fb9d8ddf4755b5a0aa5b6e0b93ae1cff48338e1df2ac1faed100e56edf4280,region_maps/IMG002744.png,a8afb7a15c48a07154125a67e5f615a0ad015cd3cb9341d40c31228bd8b854c5,17,5294,0.8271875000,80,80,uint16
IMG002745.jpeg,9a38c160c25143d35b9c9916554680b5c5556eb53a9443f3cf6513ed507d66ae,region_maps/IMG002745.png,d95b7a685ae283c7c84969c73d2eb5f4c995301505cdf1e77e8453d7eab9f22e,3,6071,0.9485937500,80,80,uint16
IMG002746.jpeg,6a910f166729a52face3e2f13819d633b4a7effe350b43833d49efcc65dd90fc,region_maps/IMG002746.png,2b91264d4b7d7c6b5240d9b8720aa9bd96aed15f2c63b1097f6294ef417f785c,4,6122,0.9565625000,80,80,uint16
IMG002747.jpeg,2342bd1ba2fe26d64a5c3f9496bf18a79ea781e5d12913da4a61799f92edfc51,region_maps/IMG002747.png,bb6f3283b180d88a2579bca7af199a4da5ef9b8cd578045a4ec0bcef10cd3d94,7,2214,0.3459375000,80,80,uint16
IMG002748.jpeg,7bd9d773821e6381183a030c9406b77d6781484ac729114f39cf7aec1252ce28,region_maps/IMG002748.png,9ebfdc13b9dca17b0853969219a78f9215511b6b1308fbe72e82c32030a3a2b5,17,3288,0.5137500000,80,80,uint16
IMG002749.jpeg,88bf999ed2a12f3e0934da057a96fd7bdf746f0226fc0ac8921ddaef0c09d2e9,region_maps/IMG002749.png,b9a9a4cfc782dc5653f917c57179c9e23aa3267e85aa0eb18c41b1967e5a94f5,15,3983,0.6223437500,80,80,uint16
IMG002750.jpeg,5541b7e4b7aec4b2ce1a76cac35405919b36fb46edaf60863873c5101da3edaf,region_maps/IMG002750.png,1fe446ca71fcc7e27ea398a109ba3fae48541fd68dc9a22734ab7ec6b2d88ff6,11,5063,0.7910937500,80,80,uint16
IMG002751.jpeg,0e74bd4b3cf09d26b77bec0503f23ef7ec07072faa2a08171a156d4f4a9d1404,region_maps/IMG002751.png,d38c4e7a4bdb1a1ac5bcd73f33466d02cc4841376e84ec7bda2faa701104a52d,7,144,0.0225000000,80,80,uint16
IMG002752.jpeg,601e57be74b09f990215c1f918dc497ff6d10feeb00a617274e9c481c9df241b,region_maps/IMG002752.png,8b0f5e227ec9af67bb434e9c1942fa0aaf26dcb5f54e57737a258bee08e79fda,6,2995,0.4679687500,80,80,uint16
IMG002753.jpeg,af62f0ebf130502bdef11e349662427e1a7aecf87f742a0d5a4e2c1429cd6a8d,region_maps/IMG002753.png,82f8f99eced7357de56ff3415e80a9036c30780878d96848d46915fbdfbe428d,14,1673,0.2614062500,80,80,uint16
IMG002754.jpeg,9e9d4827dc0847dbecdd61e22fadbebc016395a23da6f812d78d9f3e20cd5766,region_maps/IMG002754.png,155857493420f66d2c48f9a51c8ca7ed8e1fa3a2318243c42121edee8ab1cb2f,6,560,0.0875000000,80,80,uint16
IMG002755.jpeg,4221fd1d325d9dfa5af33408272127739e435a6610ff360a1d4495dc45ba9c72,region_maps/IMG002755.png,9dc5774bca1e482dad82efbc3f3caba2211a704e124305b5a0d977db1f9ec403,10,4489,0.7014062500,80,80,uint16
IMG002756.jpeg,e1f5e2582b8ea0dd0d4768767b350856e6d43f81da8c5f867cd605a1affade81,region_maps/IMG002756.png,d4bca715af59b25ad0b2e75539e41984746a96eb8b204c418495e06a9c91f2d8,14,5622,0.8784375000,80,80,uint16
IMG002757.jpeg,56234f2e2f7534c0ba78f057bf301a8569d1b7eeb386f7e0cf6686e6860a28ea,region_maps/IMG002757.png,2aeab3bc2fe62baccdd1b9b7513a62d8f48cc76f9da8ccc65a740dfa4d0ca1c4,9,6150,0.9609375000,80,80,uint16
IMG002758.jpeg,daaa3a81248163a7d05a60f62e697754cacb824389ed5bb98c7b8998a53d4aff,region_maps/IMG002758.png,0f120c6fe4212fb1073142f1fed133adab17b28f405271643d2720d61a9ce4fa,21,5648,0.8825000000,80,80,uint16
IMG002759.jpeg,4f70ae83dc99557fbae6b3790c1b792c4536f5a35a051d9a4b54d4e60dd13142,region_maps/IMG002759.png,119f6b282833918c21d85afe3a6d746b36a82ec6325d5c568a95b933d6340d73,4,1016,0.1587500000,80,80,uint16
IMG002760.jpeg,e0b4781c84152e1739cf1e505475fe289fe88b36268234f0e21ff9226d92428b,region_maps/IMG002760.png,946aa0c98e92defd658df70d3d197cb7596e28628d6672e87eed160eba2671ef,7,2650,0.4140625000,80,80,uint16
IMG002761.jpeg,e3dcefe2a62e03481ea1502bc50e27653e081a7a4c4aad7d78468e6063511f6a,region_maps/IMG002761.png,76aa04c6435d6efc6909a3b9dcf567950bbef11aa5e3f1662ee631fee4027224,3,1088,0.1700000000,80,80,uint16
IMG002762.jpeg,9290e7dd8936f0b28b7096e94b33588c936b513de89b19fdcb2d6249ea13bb54,region_maps/IMG002762.png,4c0b1059ba67b8cc6bfe3a84eebf710fdd5816fc485f5ca402d6eb067646e5ed,8,119,0.0185937500,80,80,uint16
IMG002763.jpeg,6040f4aa207d1f4419d14064906e4c546eed6897f50d8e4f6eaf5cd5052718dc,region_maps/IMG002763.png,04adea797b1a00e4ba1e6e7a07babe7273b62ce13094f0ad27088e06c8d5cb8d,8,68,0.0106250000,80,80,uint16
IMG002764.jpeg,9c6947e3cae74b123261171690cbc7b09e45e190333098c768e5d2c5f62e1732,region_maps/IMG002764.png,adc2a1dd8e1aaa34924ecd30253b75bb6f1cfee9a95240150fc1b41969cf4a0b,6,2429,0.3795312500,80,80,uint16
IMG002765.jpeg,0a39d29e7037f9a13b38bc0e7ba8b46b3a079da4c7d97c6e337162c00a44383b,region_maps/IMG002765.png,06ab52b2b07bd4a73e4575a8cf0f9b2670622bee16cf9eb16a9e77d6b8a726c2,13,3614,0.5646875000,80,80,uint16
IMG002770.jpeg,0338bed39b7d0655c81796733ab2424bfa4b515d7c6113d5eab0d5b577ffbd53,region_maps/IMG002770.png,8d2d4cc7e3f74499dff06dbd13c409004950c6b2fa72d0d826b9613dfa9fca5d,7,3266,0.5103125000,80,80,uint16
IMG002771.jpeg,7d90cc29c62cd721e08b1dcd1ce663f74649459f7058325ec1a2e9470d538a4f,region_maps/IMG002771.png,50b87f6cc3d52950e8ac62acebff12d87f88efd10942283e44aafb70626a78d7,7,1862,0.2909375000,80,80,uint16
IMG002772.jpeg,39fbfae034fa074d7d715086f3737154508868410b1ea1a1bc5157befe5c5b8c,region_maps/IMG002772.png,4299db043dd6878bfcca896d39e8f21e0288c59647629c992a77dbcaffb2ecd1,7,3172,0.4956250000,80,80,uint16
IMG002773.jpeg,5cc90dee24d040fad4fc10be4cdfe8c7400b81fb6d3dc0729c313f2578e82235,region_maps/IMG002773.png,f771d8ecce3ee8e198b1bfa0240527f1bd83fbf3ba6c36433bf9f887e7211c00,10,3931,0.6142187500,80,80,uint16
IMG002774.jpeg,d10c7c32932da42e774532fdace29d116da9ae0a002af872ae3f2900aabc8041,region_maps/IMG002774.png,e49b411b877ef8b7e747bff7e8cb65fe355028649ea35200927618a5a69b3d60,7,1143,0.1785937500,80,80,uint16
IMG002775.jpeg,d086fc726f8cf56d307924a515a104c3e588bcb11e1c759fe09d713b07c8d795,region_maps/IMG002775.png,6b30e3402235ff0d67456a5976ff6f7610ab1bc01e91bc043ac5f312f604bbdb,11,2117,0.3307812500,80,80,uint16
IMG002776.jpeg,127fae32511008dfeca215d1bba3488eafc35b5c672b21ea76cefdcf98fbe46e,region_maps/IMG002776.png,6c098262c878b4dbb644100fecc5fcf4dfd707124014231acb98524a0c05c812,7,1886,0.2946875000,80,80,uint16
IMG002777.jpeg,e3163ea36bd9677e748f65bb6ed73302f0084b1f77a760e3224971415d26016a,region_maps/IMG002777.png,ac63d8e9b54ffc4b0c33d3640dab46178513db1c1cc741e4ec025525d03c3093,13,760,0.1187500000,80,80,uint16
IMG002778.jpeg,83b7f3220f80b6ca74ae84e9510fd8bf501221fedc69c8de0eca9a715f935eb1,region_maps/IMG002778.png,f37988ce2e44d79ee9931fd2365224c632c0203c2f25aaff617b235d18004407,12,2690,0.4203125000,80,80,uint16
IMG002779.jpeg,411887fdba67a85081ea2619131a1b8c836c81977c7b3167b0c37a7a3001f5d4,region_maps/IMG002779.png,ba42ad45e01cc478de306ff4e092fcbdec7bc7ae7e0291a99d9ff23fe9dc6592,19,2587,0.4042187500,80,80,uint16
IMG002780.jpeg,28324c1f9af237425c4ec8d8b5459018327499ef126134b05f4e7dc87885f795,region_maps/IMG002780.png,f144e8fe2c87f0c6ffbb7d6ad26e8a47a24c8fc1d8f103a6b11f0a630035b077,5,2263,0.3535937500,80,80,uint16
IMG002781.jpeg,1a5f1974025af1f2e499b3f75b72db3cffdca983cce20659c7fa4ef988aa50ae,region_maps/IMG002781.png,a27ac56e217bc75446baed21737c7cd6f626b2f7f8fb99142eff2a90168997a0,5,1741,0.2720312500,80,80,uint16
IMG002782.jpeg,63e55ababcde94df50bb563d66174cbb382e1bdd4ae6f689b3d20f63c0b0bc99,region_maps/IMG002782.png,4aab685a229948230ebc1f786939fef3e9825713f296088bfdfc0bd0ec306221,4,91,0.0142187500,80,80,uint16
IMG002783.jpeg,5c5918a064d40fd06fc3482d9a728da357dcdb24865b60be02bc5205895553fc,region_maps/IMG002783.png,619dc51e156a620c016a3330f02c2cb41b3af70654f572539151903e0a4c230d,7,392,0.0612500000,80,80,uint16
IMG002784.jpeg,a3b47f499c706bddfc34c8260ac946cbb6234061c9a1d907a0efdc08160de9a9,region_maps/IMG002784.png,119ce3d599210273f6775786a387f2e9b40e22f90c64e5d3cc5cd9e8b9e5aaa5,5,58,0.0090625000,80,80,uint16
IMG002785.jpeg,e3a60bdbb7077975e6e9c47590d2adb337590c37f872398c2cd8f3ab2ade0954,region_maps/IMG002785.png,e5f7358428af0042d1a8c880788f57538747426889f729337dffe655bf9ca372,6,1465,0.2289062500,80,80,uint16
IMG002786.jpeg,abdac0c14cb9b64f38f196d24229c76a277daecf433a0436b3adf00156281c99,region_maps/IMG002786.png,86ce556937b089ac54e122d03776beb2f1006560fa80be8ef8af8f9957df46cc,3,6338,0.9903125000,80,80,uint16
IMG002787.jpeg,dcb721d11f06ffaad1644e2c7c4c616d0947e17d3fb9435f9be6ebeb55294abc,region_maps/IMG002787.png,d1b39616a4aa40ab6ef6d255c9ea80674d61bd8caad2b58579b7666535674b5f,5,4200,0.6562500000,80,80,uint16
IMG002788.jpeg,f1bde0b05beace40df0b090ddc5851fc85995db6601fd3757ebb7a23b3116707,region_maps/IMG002788.png,41dd07f055c092e6be4027f6728232f18a015b759e8cb2663dd23da1af4f0186,7,3152,0.4925000000,80,80,uint16
IMG002789.jpeg,0a81ff4d4f9418597cace8df58ec92aae2d792c012274a569a7885fc9a598297,region_maps/IMG002789.png,0469860bd45d3fb6c096d002e7f5fb008d3b41924a4e948758212900dfeb1f19,4,79,0.0123437500,80,80,uint16
IMG002790.jpeg,4911bea32f1d659bb677bebfa9f91344baa8eae76b1deef1b00d3349c3aafdc4,region_maps/IMG002790.png,b3a66206fdf96cf3c231e30878e4c084779e641999f7c387315489c41d1703e4,6,4565,0.7132812500,80,80,uint16
IMG002791.jpeg,ffb35cd8bdf22513396836f4f7c343b06709c3c87b4c49f77fd250e7e9592110,region_maps/IMG002791.png,67a2ae0861907ab12797b20ed1bd645f1344745b0033de1caf03ddb94870a6c6,9,3736,0.5837500000,80,80,uint16
IMG002792.jpeg,e12c65ff4af62863c7a8ae2130a78990318a0970ae50135904412d9fc8de3159,region_maps/IMG002792.png,8016ea5896a48adfed8527f847ed75a196f7fe4956c3822d7d15f94ac48efb25,7,123,0.0192187500,80,80,uint16
IMG002793.jpeg,1867efe663eec29212d1ff110fbb8fbc277e5609eb5871af4d0eb1089ced13ed,region_maps/IMG002793.png,766b2111857a6c5ae31696f0205092155b08bc7bbcd86f5e42ab3af8452d0c3b,5,2133,0.3332812500,80,80,uint16
IMG002794.jpeg,0922754862807ba426c29c1490cc0ec36a5eabca9c077940128d93cc505ba53a,region_maps/IMG002794.png,6fcc347a3ffe65f268825061dc92ec336beb60a11dba9e361b9e6572b79e3214,6,2909,0.4545312500,80,80,uint16
IMG002795.jpeg,75acedb904c48e5e9d412b97d2cf37acf57f7941e22a109465b439f3539209f1,region_maps/IMG002795.png,a3aa06585613414d9d9ed882ca51ef32481cd34410be54fe0dced07592a9cc8c,11,1720,0.2687500000,80,80,uint16
IMG002796.jpeg,49f0df7c0cf1d395ce15f5697722586d6187185754684f3dd52a732c51517f5c,region_maps/IMG002796.png,fcf684d7b373c9aee067ce3dc7cf4073384a4641a293d6d85e711f573912259e,6,5687,0.8885937500,80,80,uint16
IMG002797.jpeg,ec11be278654c534f3799371ee2bac47c5ce3eead7e148d8678d13e58ba79285,region_maps/IMG002797.png,15353310165524f982b4d5656cab6104bd073c8fb25cc7852d0037e21fe170fd,2,49,0.0076562500,80,80,uint16
IMG002798.jpeg,c03fa8072b12e929913129aa13736c9cfe3b9dce5277b1aa4772669d3ecb2622,region_maps/IMG002798.png,057f94adf01505018c318276d63b75618ad9ea727792a0fd0885303367d2599c,10,3238,0.5059375000,80,80,uint16
IMG002799.jpeg,b5ee91ac38f50833e25da97a842d28f51953b0ed9dcfcc4ee7fdf02e1d22494d,region_maps/IMG002799.png,dd8efd9bf9e739f094ffedf65c9e04fa42d29ceb369467cbf57de433960d9703,9,4831,0.7548437500,80,80,uint16
IMG002800.jpeg,fe7f3856569f5e836e1e64bee78c49f608ac630a26f3d80721f63ec2182675e9,region_maps/IMG002800.png,2a0394e866e2b1a97ead2285609271de70b55ffc8e0a15ad711e692b076a8a7f,2,6358,0.9934375000,80,80,uint16
IMG002801.jpeg,965e64fbfab423efc6967cb4a808acfd9a1c065e11fd2ba29385dda18faeb73a,region_maps/IMG002801.png,cf875edf328df8c0930527486df36ffe66046871f9ac4442d8ae2adc3fb23397,7,2939,0.4592187500,80,80,uint16
IMG002802.jpeg,0dfa4c3f62a4a0ef8c2a6f868d79748dfc44559a2304e24feba8b9a56037e9f6,region_maps/IMG002802.png,bea880d87744d84f348727d600d6fed67130a496dca02a2dfc6bc0c898cc237c,9,2732,0.4268750000,80,80,uint16
IMG002803.jpeg,e7ac5f841fe61aedd41fd4cd68c91350bea3ae273a77b6fbc4f39de75d71569e,region_maps/IMG002803.png,a71208107cecc41d215d2d6babd6742db91f445d27923bde94f22ae87a39e53b,8,2108,0.3293750000,80,80,uint16
IMG002804.jpeg,4f6da61f756f69459a7bdae27a36f032e3741929b3f5abf9e749af275cf0f368,region_maps/IMG002804.png,2708b2c0e08b773be3bd6c7ece17fece14ac762302965a8d283516d90ceaf151,10,2674,0.4178125000,80,80,uint16
IMG002805.jpeg,9f1dc10f1a646527ab294477c7f4f046af2c678341d16618c0501f1920672b8e,region_maps/IMG002805.png,d606d56e8f264df66dff558eafb1c0f48f3aa34e5e427fe9004cb6d6f5d15af6,8,4418,0.6903125000,80,80,uint16
IMG002806.jpeg,93c08c7953e75e42973b2373fa10dd242485f7ca59862839dfb17ebf4db820cf,region_maps/IMG002806.png,0fc9c3ed6fcf43dc9c7d7f2f570fe2398fe0c88ebb2ef6474e618d47049fd116,12,3279,0.5123437500,80,80,uint16
IMG002807.jpeg,9d1b875abe43b3bb82f862bb3cbc80d48f95be650cd85191cdd817218444b31e,region_maps/IMG002807.png,187710353d276ae997505336e96154753c48e906e630a87a7e5bf7b10f583b16,4,2047,0.3198437500,80,80,uint16
IMG002808.jpeg,3a69725464907d9ccfd5d6f5739b97027f8d488cffd59c40242918d057f49677,region_maps/IMG002808.png,f7b129415cb4572968d0ef2de2baed44d7bb1e9ea3ce2f04d4a8c6d953ce260a,10,1512,0.2362500000,80,80,uint16
IMG002809.jpeg,d877863f01e03fb9281263981c7eb7c2d528470f5ced50253bcca97bb97ddd4c,region_maps/IMG002809.png,b0367cae83c7e4f4b37d25ef43a56f5bc94092dd8841ede9446cf00f9f2bd78b,6,5927,0.9260937500,80,80,uint16
IMG002810.jpeg,db75481c2328480003c42dc48c434f4943bc4da1d149b3e4a557ef7c0daf80db,region_maps/IMG002810.png,4774354afb2e703289a1791a4ac2364f3ba06bcce2c48a7902c29771dee037a9,6,1624,0.2537500000,80,80,uint16
IMG002811.jpeg,90be0c3ff1a50b5ff96a72083e6c644b9298b3a1ec7cc01429d10cb4d94e6761,region_maps/IMG002811.png,b37b61bba8ee6fa83a90afe6a593fba646ae3b78e9d0edd2522c2b7d1cd3a730,9,2388,0.3731250000,80,80,uint16
IMG002812.jpeg,ac0cce2fbb35815eb7f2485123ab6566cad4d67cc376d024346e893d1358b057,region_maps/IMG002812.png,aa18201c5471decc743c1e65f3416ccd0ddfe86feaa2cdde201843378ad7dd53,9,670,0.1046875000,80,80,uint16
IMG002813.jpeg,fa93b3647d03c8ea84cae19148d953f0e0cd7c0d0f1fa12b9dced9d0134b203c,region_maps/IMG002813.png,71a63a692f2070e968bcc387bb7417039065e48d538b54bbdaaa78873fba8b06,6,1772,0.2768750000,80,80,uint16
IMG002814.jpeg,23392f9ff59e1a6debf6f93ce12f955ed9bfdfb255ea5a705676a2ed1a43f9e6,region_maps/IMG002814.png,49bd55c03d85cbfda5bdcd5fe2a5cc6def51ef570db6c44474ba52d896b8d3e1,7,1055,0.1648437500,80,80,uint16
IMG002815.jpeg,6084a4df7cc3b257ac79ddf4793524261e7e3bc1198898ff3da92626b8dd9e1c,region_maps/IMG002815.png,abd4043550504dd7c0952f6376f89af90d07caacdb793ab390bb1c6e0406a0ce,9,4624,0.7225000000,80,80,uint16
IMG002816.jpeg,bff1557249921da6b9475838707cbc758ddd64c7a1c9bfa3d75d1540f2aa9a87,region_maps/IMG002816.png,6f97e41b02f6264aabb25f8c3a6049299aa82d466f081f3fcf898ddfd2395cf1,11,1358,0.2121875000,80,80,uint16
IMG002817.jpeg,cc07f0dfdce69e2f5762e8769f315b6b287bd1ca8b1771324614ffa581fca9d3,region_maps/IMG002817.png,4850b0dee234709f04f7f5e8de9c72ae60785403b34f0bc61cf76ba580eea8c2,13,4124,0.6443750000,80,80,uint16
IMG002818.jpeg,d9395e810c6ff6bfe3285ec4cff4e64a1606100c186addecf87b40cf6484067d,region_maps/IMG002818.png,6c3d036f4cd77e0c676ff1747a842ea69b44e98325f5bb1165a1d7ae271d17a3,8,737,0.1151562500,80,80,uint16
IMG002819.jpeg,a4c09957144268c23e4e692fc0caf39e5dfb4194391502b41abc17d4401864e6,region_maps/IMG002819.png,40ecd9b122edee7f634884f28ece9ffbd7415798a0a6ca375b458a56fe62d959,7,997,0.1557812500,80,80,uint16
IMG002820.jpeg,9c72fdac55497ed7cd3b8ed842821ddacdcfaadc006d12ec2f2d2f20c95de175,region_maps/IMG002820.png,9791342f04ba6e0ee45771b7d088e1d0c580989dd44e9075946e1764c27d7b1f,10,3984,0.6225000000,80,80,uint16
IMG002821.jpeg,ede3226444bc299d4312a70a1a52b6838f4ef15e81f6fd8abe168eedba0b174a,region_maps/IMG002821.png,57880f1da07be0c7a4dae54b8089a00b2aa959728ce7929f5d9c1635172275b5,19,2786,0.4353125000,80,80,uint16
IMG002822.jpeg,4613c346d771a4103e50fa7eb3d4b7318670f4345dad6501cea98d752ee9babf,region_maps/IMG002822.png,e8da02c5a9db2b006160d49feebf3c728b955037ae4a1ee89b8d41a7af06d70f,9,3125,0.4882812500,80,80,uint16
IMG002823.jpeg,afdb259c029773cc43b4d967047ac9a9ba1f96b8ddbe93c32151d033d340ff3f,region_maps/IMG002823.png,d4c698dc4634572d847ab01db78d59df3bf494df2a780571bf5cae059e37430a,8,4893,0.7645312500,80,80,uint16
IMG002824.jpeg,96f82752373ac4525ffab52f67f5d6c5f60ae30ce1471885db8beb4331e1bd1f,region_maps/IMG002824.png,db3050067ab158bafe7343a8cbd25685392ce7f512d4bac3f7f6377e974dfbbd,12,4311,0.6735937500,80,80,uint16
IMG002825.jpeg,e577f364d5782146bb11fb35e4d3eb7359f02ae9e706d2a7ee6f16b5f4d234ee,region_maps/IMG002825.png,33b172c39bfae640910889ec31161363ce1afa54675531236dca811eb1686e02,11,5063,0.7910937500,80,80,uint16
IMG002826.jpeg,98b80d67cae1e7babb0a87af0da37ae78d090d308458e0341c157f7f09347df2,region_maps/IMG002826.png,e52bc3a337235f3cf3dff27b2dce17b8b4db4b969474ea79660d0980bf28c621,9,3859,0.6029687500,80,80,uint16
IMG002827.jpeg,1b5b34d59a847361ac4044f8b66fc0e1e8116a1c60b6160d85a874221856354e,region_maps/IMG002827.png,95959806e3febb5dd0340a8a19d0052ee46620c3bb8eb065d2ff6556562bb4ed,6,3745,0.5851562500,80,80,uint16
IMG002828.jpeg,bac0a40b67d302c68d4544bda78aa0aed80a90f9a97809633e65b4cb56054242,region_maps/IMG002828.png,6108eb733f21500f164d1d4706fd7a304981c1ebecbd107e62b1e18862d14c11,11,5691,0.8892187500,80,80,uint16
IMG002829.jpeg,b33682762b057ea5653bce2c80c82ae5d3a357271c51e4d734e076b8c4f467cd,region_maps/IMG002829.png,cb09e0b80b7182e5e0550411c13330c25d2ac75863ec91d3b26560709823ba25,4,3937,0.6151562500,80,80,uint16
IMG002830.jpeg,1d47bddcc11c6d3bfcd0e85c24dac6e8743307f7004e26811a0079b4bb98fe38,region_maps/IMG002830.png,d292eb5f7ab0bfeed1296e0e136cc8fae86065262cd88f35a5f7a4732671e1c6,8,94,0.0146875000,80,80,uint16
IMG002831.jpeg,bace65cf963cde84094a10431ae07b8b648698691deeda30b38727c18db93c23,region_maps/IMG002831.png,9316d3b91561b6e8d46b3267125018e88dac45ba6d2ac29a032b67addbd4b66e,7,4516,0.7056250000,80,80,uint16
IMG002832.jpeg,c7739cde130df499b48fe2efb9c4991152ea33d9714211e4a35d8bf1794120c0,region_maps/IMG002832.png,ffa78344bd86c5e552f65e1eafb4e6b741dd75dcc9e8ad8f8c657af43268829b,24,1544,0.2412500000,80,80,uint16
IMG002833.jpeg,260a2032e3fb273566e1e91f3170adb4e17cb3a8214eab2bcc2c68d0964c8fee,region_maps/IMG002833.png,af45da1e3316ea35e2c45917b22a3352d68e424aaaf48b6785331e0851b53897,5,80,0.0125000000,80,80,uint16
IMG002834.jpeg,f7dc3e54d18ab32dc9eb699cc4e1a4c39c87ec32e62ba0826ee1ac12b39b7573,region_maps/IMG002834.png,a9f7375b75c00ecaf094f19fccd43c3e3c6997b16758512898f314592f4a6a02,10,2074,0.3240625000,80,80,uint16
IMG002835.jpeg,9f5786a1c38d71d4662c79bd1bf15dd5475bfec58355935be0c56423b16ca92c,region_maps/IMG002835.png,3b8dfc2df9eeec7cddda655b9d5f08b3dc906dee4aac232fa0aff16ee1c2adec,6,2094,0.3271875000,80,80,uint16
IMG002840.jpeg,c56521532884f124b0efbb136b24e236fc4d2c796f37ad72f3369eeaa0eae184,region_maps/IMG002840.png,3dc6072c23c4c3980c584d570ca1d84a6363b155584f4e71dd50364d1e73fa9e,11,4202,0.6565625000,80,80,uint16
IMG002841.jpeg,c316681c535734bb1f9b913f9175140d8e0f2bfec76743101067cae21483f566,region_maps/IMG002841.png,3f7cd7ffdaed0aa592d3cc9c490562e14a7f9f839bfb5a0fe7c097b5c58975bd,6,401,0.0626562500,80,80,uint16
IMG002842.jpeg,d54220fa166359511ba92e5b89a7b9a86fd34b7c84a07b4a9c416b049cfa4e90,region_maps/IMG002842.png,5cd77124b02dc1bb58b1381be92b61272c2c7cf2fb7d0e0b062a69175b4c4fed,11,4596,0.7181250000,80,80,uint16
IMG002843.jpeg,b7cb05b7cb51c7d67782e373a7c00835d95b33d2760ed5e9b2edef995ce4a78c,region_maps/IMG002843.png,b632edddc89abbd7760139c5c663775ccd87b618da5a7593dbb9ab7320bc5cae,8,4982,0.7784375000,80,80,uint16
IMG002844.jpeg,6bb365edb7ef8e5b34ee0d1bdef41fbe47abe3b38765c12086f05814befdfec8,region_maps/IMG002844.png,cb85c38b055889b0d9bdebe8cbb2ccf3f2e728fc8f30d045e54e096c8658a577,10,5145,0.8039062500,80,80,uint16
IMG002845.jpeg,ede041090b484de12e48014f25b2f206a19da38d1e6bf043c3d62a24441ccc1d,region_maps/IMG002845.png,51d80116fd2734a61d2933450c9f2cbf1562f6a19f760b74be34a5901ad21a5a,4,3070,0.4796875000,80,80,uint16
IMG002846.jpeg,4a36c835b43f373a8c873f5d55a74dbb425bd200e7e0856697d7706e8c1390b8,region_maps/IMG002846.png,ed1ec9b0bf7d2d948e3bb704c8afce4bcd9342cf68ec7ac43fabb75b1ae2f2f3,2,855,0.1335937500,80,80,uint16
IMG002847.jpeg,d4affabf5531d79ca913113e007d17d228a3d00f438f9c49c6f469600b11eeda,region_maps/IMG002847.png,c9de8984ed0be30a1af7036f9cc5649738abab7b08de818be2dc99c4c924a4b9,6,1886,0.2946875000,80,80,uint16
IMG002848.jpeg,2ce4023046213105d78dfd3b8d4bfe3f0b532e8d9c9231ac6d0bacd1d972a844,region_maps/IMG002848.png,294fadfd9e8f73f7a960a7a231d3094768bc457a7183f65625ac2c499c491703,17,3621,0.5657812500,80,80,uint16
IMG002849.jpeg,39e8b793785d4047a31eb665774eaf8637a3412637a4de4d7307e1ad6fbf610b,region_maps/IMG002849.png,4d408bdc418cf8f5ba1fe5317861a9ebb33e0b18d54fffa6da4a7ee3d840ae16,14,3231,0.5048437500,80,80,uint16
IMG002850.jpeg,5c04ff93fd8c843591cfbdf60973ecbce9f42ffcc58d2800e09682427091d611,region_maps/IMG002850.png,9822ef1687101e5a7d03e0a800758c046a42cacdf99f23f397702114372ef855,5,3889,0.6076562500,80,80,uint16
IMG002851.jpeg,8beae6809ab134978c907171ae5190a96358acd67e2cc0b4ecc4ff944c67503e,region_maps/IMG002851.png,85a46a619d6b82b44157001bc690b3201c3b96005168a3a53c06591c98538857,9,413,0.0645312500,80,80,uint16
IMG002852.jpeg,766c1d65657be412777aa7b87e86de60dbd2f3478d6644aa3988ac66d2a43291,region_maps/IMG002852.png,0975fabfe4dae9f13c0fd95dbc4bb4fb06d62d61940213f5bb205edde405e0aa,6,3475,0.5429687500,80,80,uint16
IMG002853.jpeg,bb6b7c8723ba2d3b3e8d496794ab6c1a1dd185430c364a4963a1b360f0424d7e,region_maps/IMG002853.png,62e6912a0a48dc86df32b5b9abd17cae6da5f9b9e6af4295414739e79601234b,10,1797,0.2807812500,80,80,uint16
IMG002854.jpeg,7105e1e5a654a4c3f119a62d60988c05c6944431921d11cb45f2c5577aff42b2,region_maps/IMG002854.png,7b4ad61fea387506bbfb5b7b25f34a5f67cfe449d8b6b7e20a264701d4b9b26a,3,6289,0.9826562500,80,80,uint16
IMG002855.jpeg,91b0ca72f1c18505362f654ef6546a2a5e81e5406ca2cf7e0bb18e3d797c51a7,region_maps/IMG002855.png,11f1e0bf67b5838524cc6061da47926809795154d60d069660ceacacf109f013,10,2477,0.3870312500,80,80,uint16
IMG002856.jpeg,0c69664222734e1909c059403957b61d3ba996c5b6723e32dd503127a308e403,region_maps/IMG002856.png,c3226ea8492802d9abffcf5027a6463348a5db738af9be1a20e15cdeb4a96cf2,6,2155,0.3367187500,80,80,uint16
IMG002857.jpeg,725e91e13422d6034205c2551551b50a09962397842c78d69124d2ea27681de3,region_maps/IMG002857.png,f97f21f9139bb26d6f6a5f269703a15480ab8831783c8c9783422bfb79d2cf78,8,1868,0.2918750000,80,80,uint16
IMG002858.jpeg,522b0220f4483e13d59917ceddcb057dd329bbf4559228c4e816f3bb7fa6112c,region_maps/IMG002858.png,92387549c36ebdcaad1abf8a9dd2411926f73f96d277ef21fafa846d1dccca6b,7,2511,0.3923437500,80,80,uint16
IMG002859.jpeg,b60f0660cebe12295d7e13d39608ddca847678d42841dba0ef24ce5f041abff4,region_maps/IMG002859.png,472be050b0c19f0093cd0148a621edeb9bd14273be20cfcb58733643386a37d0,11,3196,0.4993750000,80,80,uint16
IMG002860.jpeg,63525d9390bc7f2c554d436308e1efade5aa6009386e4d43e789d6f4b2e43580,region_maps/IMG002860.png,739243d2b6e33576758cac5872862c61fceb52a8839dc55472f2e3b755e5d12e,5,63,0.0098437500,80,80,uint16
IMG002861.jpeg,aab7c5017acb25fb62f1723665aa15e325120517293b3b748e07439bedb7113a,region_maps/IMG002861.png,678b6c7dd9e9f57cf7d9513f8afbc2d0df8446a843d1b021f46178bb1ae33e9a,8,2282,0.3565625000,80,80,uint16
IMG002862.jpeg,239be40c07ee5db46ab06256e84c97291b2764e89c6505b7a4349704e5648a09,region_maps/IMG002862.png,1c50f7876af85c01e7312ae040e53da5a9569561bb83e836e57c852162035754,5,5445,0.8507812500,80,80,uint16
IMG002863.jpeg,96316ac63b3883c5a470342999105042c31e54968a83d036b590948fac16f6d1,region_maps/IMG002863.png,3b611591d2099aa9352aaaacda0c822c4f47ba1d146ec0ae708315604d85f786,10,1609,0.2514062500,80,80,uint16
IMG002864.jpeg,bf083d1469b6054a0235770f818520f2e348e2269c76028cc6ff842b5446de00,region_maps/IMG002864.png,af929b4b44afd139f01ce4939c693a52ea3f72ee0071978cd796cb1fc0dd5549,5,46,0.0071875000,80,80,uint16
IMG002865.jpeg,291867850df89102d40b5320836ea0a45d2f90bb7b172f94f30beeb3cb925351,region_maps/IMG002865.png,f2fb865883a81a4ed74dce2bc7ac928dba84f646412344c2d9f518f3efc0668b,5,58,0.0090625000,80,80,uint16
IMG002866.jpeg,c4cdc9de9fb78328f7d2ba713f136124140a48f22327d7352b277dca31e69dcb,region_maps/IMG002866.png,f106b03228dcad76e717c3dd57cd72494d038dff44fa2cef0897d5c9f0eaca18,5,2479,0.3873437500,80,80,uint16
IMG002867.jpeg,3f0593d6cd5d202a757703555dc258f0d75cb5fd9c962532a376e323dea9d623,region_maps/IMG002867.png,67fd5764adeea00df2c9954b3913be233bf1c17b26a1b64948e6fcb891acc01c,17,5489,0.8576562500,80,80,uint16
IMG002868.jpeg,a3bb2e80ca2935b7a56c380bd42f082ca6e391a4d01adbc9d129502b7e1189de,region_maps/IMG002868.png,272d7259664b41cd77e63635d4bba4cd247a35d5273847ffd55753e155f801ff,9,1651,0.2579687500,80,80,uint16
IMG002869.jpeg,15631b09bec82d49652ecb6022ea7308c1eddbce523934e05b3c1b30885142bb,region_maps/IMG002869.png,82962b8c106d569bca463c0af13892fed4834f841ab978db5cb7200a0e4f906b,8,2226,0.3478125000,80,80,uint16
IMG002870.jpeg,46147573b7cdf2c0a4bb1d7ab521c363af2f77d3ecf8619e46829853fe3aad75,region_maps/IMG002870.png,0863b3edced34f16d137b68ff61d77adf3d5fd789fbe2291088c9f6a079adad7,8,3970,0.6203125000,80,80,uint16
IMG002871.jpeg,ca6fc03068f7584f8844af3768ad51ab4dd65fbf6749d1eb694393b0246d8e71,region_maps/IMG002871.png,6a5127436f61a6aca827fa6842acdd3baf237cc965b9fa23de01abc4bf6a6773,1,975,0.1523437500,80,80,uint16
IMG002872.jpeg,774abcfbf309073ecb4e1aef992c90ce7d828f18901547c592125370675d9522,region_maps/IMG002872.png,37d3e58c02ff18b3f28266f7f411c1d1d83b804d8c1bee6a55f3c0c28e2bfe00,16,1732,0.2706250000,80,80,uint16
IMG002873.jpeg,ab5f01af5c365a0cda18ca88682868dc298240250bce5463b65741ee49a8ba5b,region_maps/IMG002873.png,b3fd657f9e01fb4b56b8106f7382b8bea5ab3f0c3a3dab4f06da8d6d90459329,9,2532,0.3956250000,80,80,uint16
IMG002874.jpeg,c77905b065fd586646b0b447b7c9b938bfc467ddf88cd82f689712adb08958a4,region_maps/IMG002874.png,3d747404e98b65c22be3d977fc483f91e6129c81a464c08a9756854183a7db33,10,4168,0.6512500000,80,80,uint16
IMG002875.jpeg,593001823fdbb572b0d408347f0eb3b4f54864335e2d419b0bb47e84d5cff7f1,region_maps/IMG002875.png,228a09412643226f95b7ab81ac9e1516bfd668b977b1c9cee3101b250bd7a4f2,18,4250,0.6640625000,80,80,uint16
IMG002876.jpeg,c6e221768b36a1227154376ef2317ddd8d34a227268995ec6166480f1240874a,region_maps/IMG002876.png,734b89064e43a21b9485d01d7361fd206000d20fba5004ada350f7d636d1c8e0,16,4008,0.6262500000,80,80,uint16
IMG002877.jpeg,297565adeb52390ec302f44a1cd6bf5bf2e120839dd850e99c0595254a35998f,region_maps/IMG002877.png,2dea024080319f2781faea9813e3f11151be6110960a29e15af8f8c198030369,10,3905,0.6101562500,80,80,uint16
IMG002878.jpeg,b08e636415a6e85dc9665ca2393cb5054262596c6e4dc9b4ed45c2900876c1f6,region_maps/IMG002878.png,2c3d0779068a60363c8019736709a1a898d3ca876a80243d194a73f701e99982,9,295,0.0460937500,80,80,uint16
IMG002879.jpeg,7d3d6251f5f39b1831b0ed2f6f46eb9551440b6ac90c6fbdac0333537a5c82f9,region_maps/IMG002879.png,78f179c502e2edee86a909c738f774eafaf253055d4a5736cd4fdf2a8514f966,3,734,0.1146875000,80,80,uint16
IMG002880.jpeg,433c4d024758a85e016cc3e21ad6690d86d15cdf996b73f088215a73fc3a299a,region_maps/IMG002880.png,4044a8cf38049b2f185d8a5da2e75bb44c87c45ef72650513c99e91447da8ef8,15,3495,0.5460937500,80,80,uint16
IMG002881.jpeg,83dbcf54db6a82f74933ab3a0dac74fc251cb358b60e2436c9dbdfe04fe9d6c1,region_maps/IMG002881.png,a0a4fb37e82b43db790b8773f5503703a46e0297df7eb16d98ee5b7602b13a6e,7,2424,0.3787500000,80,80,uint16
IMG002882.jpeg,953da3094d7cfdf47a6d6120ef68e371a8e58fa45c6af790dac50f13b9d8079a,region_maps/IMG002882.png,84b6c16f684fee59593b02f88a6c87c3f787549fbf1cf7dfa74d904cc9eae06d,2,1098,0.1715625000,80,80,uint16
IMG002883.jpeg,e0e0edcf2cfea303f5f02008b226063ecc85df5b931bc02ed3e54f001027b562,region_maps/IMG002883.png,3d2fc4b38fce9d356edb0df1472bd5e7a411da86de338ecb03addb4b2a5d634f,15,2791,0.4360937500,80,80,uint16
IMG002884.jpeg,57b5ca09484085bd6a9719858bf46b8ceb42233e7b92f7765c6eee067fdd9ce7,region_maps/IMG002884.png,9ac8789060c593b93957b8d7bc5bbad792209807c263aa1b87134bbf939e47af,3,777,0.1214062500,80,80,uint16
IMG002885.jpeg,66c8b9573e84dbcf5e6ac0b640ac256e6bcb1eec5dcdf55c61bb518663bfacb7,region_maps/IMG002885.png,f4c1d9a70c29dcecfee3c61b8e336ed4239bee211b6ea44230527017e6b20e50,9,29,0.0045312500,80,80,uint16
IMG002886.jpeg,66c09af16ed278d73719f9fed4a8429910707ac538a7a5f0d09a2f2c1c8d69a2,region_maps/IMG002886.png,11a4524c62b40484241966666da66bac6095b5900c04063093912e7c9804b52e,9,701,0.1095312500,80,80,uint16
IMG002887.jpeg,b38ee3f76e9900450d3ba91407845b2125983b353a8ca2f87a0b02daf15c052d,region_maps/IMG002887.png,b2024b59a596f11dc7e83394481b53d2ed0ebea4043ad649ce77179937fb63f3,9,48,0.0075000000,80,80,uint16
IMG002888.jpeg,4039ea84113eb8f2b0f2f5299cf6df5806037dbd0355cc59c8536bd44883dbfb,region_maps/IMG002888.png,182265f6f39c568ed16b8970b0c8aa3bd0d1a90a51bdf4430fbd63baf59518df,6,63,0.0098437500,80,80,uint16
IMG002889.jpeg,83ff4d0857bea50a5ad36f4c1e96a5911bacd85e4c3fe5d2deedd5ab55889afd,region_maps/IMG002889.png,174aee67832ff00a552d1d6a2871555820d4fef3c5ad46acf01b0879613dfff9,8,3092,0.4831250000,80,80,uint16
IMG002890.jpeg,02ecd502203440ec1fc51c404156c3a46093e106c616c6f245067b04f7166d11,region_maps/IMG002890.png,cd34c92181e385ab7bb9c07e306b8de27f5168aebbd1682749169786927678f3,6,688,0.1075000000,80,80,uint16
IMG002891.jpeg,69ec3ac9d3224671c77a055ebafdcd12e64e88bd4997bce8e95a3bda76621395,region_maps/IMG002891.png,bb5436ee66f4d1ad39f42713f8ff0e57bf9e426793521c08089d9d401ec6b641,13,586,0.0915625000,80,80,uint16
IMG002892.jpeg,41e1e20913e9f6446ca74294b4dbdac4ea45ab711c4a2538e1a65b70738e73c9,region_maps/IMG002892.png,ace26c17fd3424fdd54b8ea8fb6dea1bfefa7361a39fcc5cb6e8318b322247e0,6,4604,0.7193750000,80,80,uint16
IMG002893.jpeg,b8d4b53faae7477709f927bb31c85901a2fd6fea830d7932475b7b67a8378f37,region_maps/IMG002893.png,8dc36744d22e32bfa5e83e316908f0c6fc8b7e6260cd3eb9b47e55724b8b787e,11,4343,0.6785937500,80,80,uint16
IMG002902.jpeg,ffac66742da7b07a468356a3ea6954e1e53e66ae418ae5f262a3cb9ef7bb1f50,region_maps/IMG002902.png,1c50fdb0320015f2375977ad2d5cda7b922d0e19befeef4ae534f243765013eb,11,1219,0.1904687500,80,80,uint16
IMG002903.jpeg,d3c627e64af51936e83bd7884967e42ccaafb05fb3018468799572650ba18974,region_maps/IMG002903.png,bf52794115f1ee951f98df81a615d8c7047b239f4b6136ad16163969519c27b5,8,2455,0.3835937500,80,80,uint16
IMG002904.jpeg,7098c683cce3fe037398ab2bbecb0ad1ad6e3d12a6f31f4af13fb839b450fa6b,region_maps/IMG002904.png,693cb871657c6284e8a6a8e66a60d1d6e6c26330676f0a206c73d5bb75e1543c,8,3382,0.5284375000,80,80,uint16
IMG002905.jpeg,58220b8b134c1979fafc63ad526ed5414821eeddb3282b9de1d6d3c8e6e8f6db,region_maps/IMG002905.png,c1bc93a2ef0d1044f3cf94b6c3d86b5502cbc796af084a88af6d4243ca96d57c,8,2023,0.3160937500,80,80,uint16
IMG002906.jpeg,935c35dedbe870eb1ecbdda5f9690d63cd366df748d7e302ebcf190339b74367,region_maps/IMG002906.png,b73e105d4d10796debe04565133360026b353f31ef20b62fd42c2909ddfcee04,8,54,0.0084375000,80,80,uint16
IMG002907.jpeg,9a809412d2e92b16ba87b4a1a66b744f8f2fbc6dda9029bc13b61b6a7dfd4921,region_maps/IMG002907.png,309a2e30b2ff829eed5f1036f3330222f698ab83d4044bcdfc0e10cb9f459ecf,26,2172,0.3393750000,80,80,uint16
IMG002908.jpeg,628667a35e96dfbca4bc04cff474d87c00aad3bb3b35f3e24c004d07913db5de,region_maps/IMG002908.png,f3e5688ac49b186e3c0f23c194480f84a61d0682ef62cf7c21bb4df35946831b,6,58,0.0090625000,80,80,uint16
IMG002909.jpeg,7e88fa208ad7826a926134c88d6ea9f9fdd6f59cbbdef9ed330e2377419c76f0,region_maps/IMG002909.png,eff3b84ca880cda0029c254ecbb2c5f637dd2c6627331fb9f71554ab1fe5faed,22,5349,0.8357812500,80,80,uint16
IMG002910.jpeg,653a48ed72447d9c17902a48f943c1ec59932a44ac74f482dd8a45ecfb6db7fa,region_maps/IMG002910.png,2bbf2b70791d1a19127ba74a81c91d137753af6ae0774a006409b414de5cce31,20,4019,0.6279687500,80,80,uint16
IMG002911.jpeg,b05c6223735676caefae275daa7c1fac9ee468d8616fe68e4b1b83adf4ca72bc,region_maps/IMG002911.png,dc37f214a74d2a59e864b540314c16c743af91dc8473180bf012c9bd659d72cf,7,4390,0.6859375000,80,80,uint16
IMG002912.jpeg,f84464e369ab71c51eafd98d487936f1f50e8a28b96810e37cda2292ca58ca91,region_maps/IMG002912.png,911146fc0c69e6d228c0aa9ccc07d8198fb40726d722720d570a9548ad152442,17,3123,0.4879687500,80,80,uint16
IMG002913.jpeg,9169365a5bfe364841dc7b40ee47df7b7b83feaab3c76da4c9bc212942a9285d,region_maps/IMG002913.png,51e063f2d0e4cc52a9414b8c8a5fc984d008d46660bafd3a71ae3518157c323b,4,991,0.1548437500,80,80,uint16
IMG002914.jpeg,dc26ee272e9a77816ae6f6c109c774d8c37ff282181f9d93ac15dce326f9d9fb,region_maps/IMG002914.png,a0fcaab2d01768ebdb2fa99046f90a2b4f9411fffda26bf57fa51feb77c5443a,9,2925,0.4570312500,80,80,uint16
IMG002915.jpeg,12fa2da010573acecbbb0f64ee317ab318d99d683f159bfa41d904befa55310b,region_maps/IMG002915.png,9a33ed2c050d04f6b1b303aedfb6a52ef291b3b2519c56fa421fcccf5ea240b0,4,1102,0.1721875000,80,80,uint16
IMG002916.jpeg,35031d658d209f9011fd4bd32b344026ee5e5b2a1f42161812126a12a43c6130,region_maps/IMG002916.png,5dab9ba1d62bf1609d171f8b3cd61bb66c576e571e32f4ab5d9b69dc0398f42d,11,2801,0.4376562500,80,80,uint16
IMG002917.jpeg,28b34060b5a78f63eaa84480ce1625ca735fbc175a6ae0968d61a18c6d3406e0,region_maps/IMG002917.png,24dac716bb173018ddbe9b14cd61f4a4ea8ec1db841f9b6a2381a5bdc234bf97,8,2404,0.3756250000,80,80,uint16
IMG002918.jpeg,af007ebd5905baede930e77de5f54661043a5d1004a0a818693f4b2ad93152ea,region_maps/IMG002918.png,e07bdba09a67a807b6c30685f6860b9d2978a10362a3829ce12f5d98319649ae,10,4678,0.7309375000,80,80,uint16
IMG002919.jpeg,37d7d9e818a5cdb4adee950060f98d622262b2431d5a67ded2cd905ef2337319,region_maps/IMG002919.png,33d280c485b8540a4dfb116ec2566082c5834fbad28768ebd7d6ca2558c0713e,13,1866,0.2915625000,80,80,uint16
IMG002920.jpeg,9502e0dbbcc8572a08eea9af52d584c896f9f8f2f7a29a8f3bbbc0590f7cfc6a,region_maps/IMG002920.png,1854f3bebb86da490eec93f51d618ab92fc6558fba1c4cdd99a5ee5a9ded1eef,8,3543,0.5535937500,80,80,uint16
IMG002921.jpeg,6ef9f02b76609da3b65851449195bb38865aba95fc732b5bc3692e8cb6188c62,region_maps/IMG002921.png,85e1ccf6b1ed92ff24f19634d28d45558e2c63a0977ca2818c1ddfa19c6aeff6,4,4792,0.7487500000,80,80,uint16
IMG002922.jpeg,ca867f382b194db9d10e67bfecfa98338dc2ad64df862fead3b68536803dc3b4,region_maps/IMG002922.png,d785cd8f00ef4321e98081298cb088a5a4e8972049aa8ec3a6f76904f4a3ad59,6,3982,0.6221875000,80,80,uint16
IMG002923.jpeg,e2de1f5894db883fb37d8a5e50a03e366ada6af25cf6091282ac38d5233be048,region_maps/IMG002923.png,b7e67bf737198312f1f692712ffdffc80b42c374b20f7368d4e5d407feeb853d,3,3623,0.5660937500,80,80,uint16
IMG002924.jpeg,ab6c382bed1a091e76e74a3f3b80ccde79cf47b6bdcfe0f9f37c763ae39af1c5,region_maps/IMG002924.png,79c8f28f85deb86a2e8d6500c6a730b93489f99ff649181d414010bf80ab0d95,3,995,0.1554687500,80,80,uint16
IMG002925.jpeg,e9b553a58ffa02024e52d3f977d21c977c67194b8c5fd2a7b8e61a89fe07f5c7,region_maps/IMG002925.png,463a3dde1fdfee7b645eec1f0580b17c8e4b3d61c83b46104ea4312c162d357e,10,4120,0.6437500000,80,80,uint16
IMG002926.jpeg,2d510137850aa897415f0154acd1156442218d4581dcf759cd6e5e7dd1902fbc,region_maps/IMG002926.png,c87dfb38273f088293ca1355d7c0f6b988ac135b559a4cbd1cb83325ce0c266d,6,6013,0.9395312500,80,80,uint16
IMG002927.jpeg,a9060e54585023f829df92bb9435177a0317415cef56fbf80a353fa3abadffa0,region_maps/IMG002927.png,f89c463a7770a646277ea3f0b1d33cdefe90f1ef9fbeaac77654d8f34e161544,10,2262,0.3534375000,80,80,uint16
IMG002928.jpeg,0f4855744247910dd120ec6214cc90884bb5b4e2f4fb82532d6238587f547714,region_maps/IMG002928.png,467ab8e0e2a4889f52dea72d7f8f00a26644e219e88e20536e8d7fec112a8cdf,10,3796,0.5931250000,80,80,uint16
IMG002929.jpeg,303cc72f7919a81d2f97cb2cc763094c37ebdb413cea973cade4d65e01edc8a7,region_maps/IMG002929.png,3fb05ca543362221b3f1f8a2c18b8ac2cf8fe639c6b56ac37997fc5b8b6b1fa7,10,1780,0.2781250000,80,80,uint16
IMG002930.jpeg,f5f21d29be53d5fdcadeb9ab1547fc4a950e7e792f8cebb9d40927a3b2ede3ea,region_maps/IMG002930.png,e197fc536aa8c80c77d95a73299d7bbf60d759972f48998699c56ad2e5443007,19,4542,0.7096875000,80,80,uint16
IMG002931.jpeg,cd1c4dcbbeef8c5ee36af458f9be4f9693f6396dfcfb1ef6d83bff8f8772cb31,region_maps/IMG002931.png,e689a31e84832769462b77666bb91f54083ce4bdd77c088d1eae6e6c4dc96978,9,3456,0.5400000000,80,80,uint16
IMG002934.jpeg,93731f7150bc3ac5feb3968b26cb746653d347aaf50cdb298efc93e5f6be29e9,region_maps/IMG002934.png,d684d9d9e037ce9f7c7f8843c68377fbcb54edf5024f37e22742ba5a9ce4dee9,6,873,0.1364062500,80,80,uint16
IMG002935.jpeg,aed36a1a15c710b7bd7cd9865d185f525b62c286038d6668ca182682ca6e6930,region_maps/IMG002935.png,278206cb4bb27b34fdf8a5e943fe6a1cb3b35d619b617ff83286e63c483a48f8,10,4200,0.6562500000,80,80,uint16
IMG002936.jpeg,98e9559f89658bd4c20ba19b55cf4b123c9d7b1320343e1b432bdb75af82a6d2,region_maps/IMG002936.png,6a81d5fa25af5af5af01a7d7e2f4b0f297f77257dc31fdf696dd23c1ff53d3e4,9,4105,0.6414062500,80,80,uint16
IMG002937.jpeg,04e474a02d5e9c7b9d751823fedfd0f5d5c185fecf41b3222771f9f779deaa5b,region_maps/IMG002937.png,acb20e2dc07d4fcbde867ed2f6e3e9189290566da7d24613aa51070cf855304a,16,4265,0.6664062500,80,80,uint16
IMG002938.jpeg,401b13f14b6ad0754c9063d3758dc5823b25c466b68ad0a8d24423a93bb9f924,region_maps/IMG002938.png,411aead6c0c0b518e3a37bf2c657d8e760f2bf284bdc84350cdc7ca7763b662d,5,2650,0.4140625000,80,80,uint16
IMG002939.jpeg,4035671dd3e1fe0ba9df93fd45bc2a65b4d022db7bf1dca9b58ef36e46915e75,region_maps/IMG002939.png,3a2a53a5a724c97bd89f3b2fc94d2a76310938d54a94d2e8388b30c2335a71a2,10,2657,0.4151562500,80,80,uint16
IMG002940.jpeg,a8ac7c4df9e65e0d6b8878de941225300e242fa5044eaa30acab00aa7927a30e,region_maps/IMG002940.png,2dfd46d9ae8b1462eb3f627811db4b33fb35243a75602c1949da761e4ae36f5f,9,2400,0.3750000000,80,80,uint16
IMG002941.jpeg,b1d150e4a87237d164a6544353243378744bad86d67b5b663bc999f61356e927,region_maps/IMG002941.png,a07617a349a2bfa24d9954525ff93d875e0dbb984630f035dc89d7b28ae4afdf,7,2851,0.4454687500,80,80,uint16
IMG002942.jpeg,bf2b989596fdba3c216f125c03f9f136bb50cead19594487c3081b18739d2609,region_maps/IMG002942.png,3a26946d014c160cad68f9d1a06fb7a3e2b36b40183fcfd37acc3459c92b2bd1,4,872,0.1362500000,80,80,uint16
IMG002943.jpeg,f0136b4c30257159f8e7fd4c913820f05790f60355e70d88934a2c57649bf847,region_maps/IMG002943.png,fc374ae4c342bfda8e4660df21f465f80805f570c495210f6d2bb21371ebc77c,9,3013,0.4707812500,80,80,uint16
IMG002944.jpeg,172236e9dc13ae03bdb2919d9dde12807ddb59ee17adb92d85c7e3f283ca4e6e,region_maps/IMG002944.png,d1e2cfd95931e5d60713f0d2eae3f0db2a7b8c707af73ede055df05c84c39f1d,8,2412,0.3768750000,80,80,uint16
IMG002945.jpeg,529d5c71f83174691cabf3814b336b4733e3673cb2fe3805b9dc85e5fda3dc5d,region_maps/IMG002945.png,1919db558400304f28efbe7a5efc3600eaa6569ce2514389415c997088cd0efd,9,3630,0.5671875000,80,80,uint16
IMG002946.jpeg,8fa15df18c10d6cf25a15d4944d3fec0bdebe470d453c9efb5fa4228908dafe1,region_maps/IMG002946.png,2f7944a60a843407d5306b204028b8056eefcb4a8e4430f020f45deb92dd71ea,11,3208,0.5012500000,80,80,uint16
IMG002947.jpeg,413cb9044cd08406514ec54e88996bdb424e9acfc9cf5230602bc2f427b2fb90,region_maps/IMG002947.png,525e5549e753fb5e85f064d87243f376aa8f847f8fc473784d7cf5e7b3c59b74,22,4318,0.6746875000,80,80,uint16
IMG002948.jpeg,36f42f5d6a7a5cd01649e77493d9ef1caf7e5e8569e56268197d63ae99df3202,region_maps/IMG002948.png,63e7c9fbb4fcf777021165dcd82b984ad6f1fe61d26e18456656187a1114bb4e,5,5025,0.7851562500,80,80,uint16
IMG002949.jpeg,6a801847e0fa487b4605a48e95df6e74b5fbb15e0798c73baea43baf91c7cef8,region_maps/IMG002949.png,dbf954315db08b48d570189dc923b098ecd6d5787c329db4bd2b37fc53d0b3ac,13,3432,0.5362500000,80,80,uint16
IMG002950.jpeg,9f3441794b09c8fe1b10090038c14e194dc456b1825bcccfb4caec88c9e863e2,region_maps/IMG002950.png,00b63ccc3809a05b1e6952a6434f1f124fded95ed8b9a332aa32d5757f554607,13,1946,0.3040625000,80,80,uint16
IMG002951.jpeg,55f2a8c0403121e9e4f0498c607d7668c41ccdbabe6ce35fac1c4d2fc87f641a,region_maps/IMG002951.png,b2cdf44ea6e5c8b202cc4f904646e014615b4df686440e3e53fa4f18f0ed46c2,7,2512,0.3925000000,80,80,uint16
IMG002952.jpeg,e5b70a535c0d8225c4ea50de229a33a7f01f5f76555bfe734533867e9377937e,region_maps/IMG002952.png,08fd5fb983d6133db2982e518902b134efc151c738bb609eddcf2ad001ac30f7,19,3920,0.6125000000,80,80,uint16
IMG002953.jpeg,aebf491aaebabf706ec694f6578e0a80e63ae7a92482445b1bd4d1f53cbf9494,region_maps/IMG002953.png,aafdf48a80d1e7225447ad60395095446f5122f063506bc9d4bb28d78911a4c3,15,4638,0.7246875000,80,80,uint16
IMG002954.jpeg,2dc4102bfecd04a612996e77fb755225e685bc325bd61624213eaff00957ae0a,region_maps/IMG002954.png,7adc1fe6f579f42577c59087bd4cfa66b751f14924f05b313d4a9697729874b8,7,2580,0.4031250000,80,80,uint16
IMG002955.jpeg,5bc8913bf35b0f4965159d6499322cc8cb620a1d5371a69b7585cbc42ea2cd56,region_maps/IMG002955.png,534a4f6dfdb3292c2931489b999161d0410410cb5b7a835e00459179cf828ca8,8,2697,0.4214062500,80,80,uint16
IMG002956.jpeg,6ff1310790c39a755e3ff943dbdd1e95f91eed9742e351feff1f252e25271919,region_maps/IMG002956.png,2a6301ad031c9aecf35f902fef2ef660513480019e837bc67da9f70bcc243e8c,6,2300,0.3593750000,80,80,uint16
IMG002957.jpeg,055c0dbc109eed7d5994c968c1ec904bfc331d9f21b9a69ca871e6f5ac5c23e1,region_maps/IMG002957.png,1a85d396e9ca9f520a58a6f8e395e183868e7e1070b6b328e571b8934c2438b4,16,2315,0.3617187500,80,80,uint16
IMG002958.jpeg,25bba97a5309d94b182d71464308a4de49fc2c01736e8cb8cadc1a10a6fb05fc,region_maps/IMG002958.png,7d33e50a226ce30c5142444aedb1c58064a029aaaafd233ba37618a638200837,8,3310,0.5171875000,80,80,uint16
IMG002959.jpeg,49f7d815942a20f03b7b64774762403ff4a837c9ba5ec696afcf49d6284a7b00,region_maps/IMG002959.png,606246cd9ffb743dbb04369f9d04c6625a623136b52342311cb3c85c60cdefc7,4,2073,0.3239062500,80,80,uint16
IMG002960.jpeg,4280b9fedc021f92de1d378f4c302b8ad6a5aafa52a4edb6c6821b6269b8d7b8,region_maps/IMG002960.png,4123996ae4dcfde0796946fae0895534078a8d49f2348be4d78109e4684f4862,7,2389,0.3732812500,80,80,uint16
IMG002961.jpeg,53a7f2d6e8631166f40e2df6ba7d24083ba6b5d95dff5d11302d85fcdd16dcd1,region_maps/IMG002961.png,b9d4ed5e4c113d004d386ede97368231db34ebd741f362f20cabcfbed2db76fa,9,2159,0.3373437500,80,80,uint16
IMG002962.jpeg,f1b6282e9a7196dc09d8c4b005452c2d472cff1fd61942c5c41f04a9543c5940,region_maps/IMG002962.png,d19facf2df70cef46ae8bcb8c7f582a7e5004f574d0fb4ce239b7e66304c712c,8,4021,0.6282812500,80,80,uint16
IMG002963.jpeg,6b62197b62f21bcecdec98017c717d51a97e2424df5f44bcc1cb54816bb24885,region_maps/IMG002963.png,1ab00fe23305a049c8876766497fcb2523392e198ba982d095911d59c6b6db26,8,5036,0.7868750000,80,80,uint16
IMG002964.jpeg,52f328074777c43cde3dcdaac34cb46eda9ef22c7f4a4f81af2043712d12fc1b,region_maps/IMG002964.png,10690254808fc81cffa7f6bec17b4e4d8a3ee290eeadd278184199e5ecc080ad,17,1534,0.2396875000,80,80,uint16
IMG002965.jpeg,78afa802877dc18c6eeb9eaba73b7110ceba0d216394e3b3563f6c2169e9331a,region_maps/IMG002965.png,44371c2ac93c037fa7de33a52f1b6976ed9a6b678a13b0657e82db8977778aa3,17,2050,0.3203125000,80,80,uint16
IMG002966.jpeg,5c3806a6d74cabb9c057488d7308ca46aaee653442bf0ca4f18fc3ae6eca03bd,region_maps/IMG002966.png,5a8c3d9c5594157126041aac614270a84ac9ad20dd4bd23d886cf3b52c1b2f7f,9,4579,0.7154687500,80,80,uint16
IMG002967.jpeg,ea2e764e4d337847ab3ee14450ef87f2d90f5021f70a1edb222eeed6ecb07db2,region_maps/IMG002967.png,e6eedd8f4ef1247f7202d871145c79d8e6f8541047e64341da4c16cffdb845d3,6,3945,0.6164062500,80,80,uint16
IMG002968.jpeg,02922d90328035c0a44d7d6d87a6cc526d4e4f565ce1181a3c217bd5438a8b57,region_maps/IMG002968.png,30bdcd197d3a38d64f4f48a53703985cc4de4de66aac0b692189d81697ab0f1f,10,2106,0.3290625000,80,80,uint16
IMG002969.jpeg,632fd20890152c19658c79d27d62f095d5484d06b38c4749c8b5aedf6ca39aee,region_maps/IMG002969.png,023a0aef0e1252632849584c4d0d870c2030425a5e41399bb168bdfadcbf91f6,6,3468,0.5418750000,80,80,uint16
IMG002970.jpeg,c37515af56be813079a30c135652cf9ecfb587dd3b4170f34530529d9f5735b1,region_maps/IMG002970.png,78dad3e11a15e37f391450d2f2f4c16be21f222a6c76f9fa2f3aa71c5b47cf56,2,1154,0.1803125000,80,80,uint16
IMG002971.jpeg,f5695962b65a75c6cef23cc469e610fdbb0b6c1870576dc5675f8219f8451bbf,region_maps/IMG002971.png,739952c2d3024b0991a20717efc225f64783e008ca3ed78482068789029a7ffb,10,116,0.0181250000,80,80,uint16
IMG002972.jpeg,3574109cebe181fa267a4880e9614882ec89210f8dd5a4315aa22dcec0149f0e,region_maps/IMG002972.png,7bbbea7ef964b5e91ca627c6f55c6e45864c5a503a20c8938e62d233b56841d0,5,2420,0.3781250000,80,80,uint16
IMG002973.jpeg,44cdbe0622762d285c109ada2a8bfccc236c8e743a0a6f513425cf64a17a0242,region_maps/IMG002973.png,d16be411f980e28d3cc5b0e560fca23437190cefbd6bd06b41da9ca1332d29eb,8,5069,0.7920312500,80,80,uint16
IMG002974.jpeg,d9d600e88a6c384c5ddcf1ea0ca1fd960aff98f48fdf3f9ecca782febe36185d,region_maps/IMG002974.png,ceada2732b1e6ed7e89041ed19d4a2b444aa8f910d4475578273e630d1033a55,8,34,0.0053125000,80,80,uint16
IMG002975.jpeg,3b0a36697ca2f96cff7c1ba42b80407fac92058349f586209c0f6eca8d71f020,region_maps/IMG002975.png,53ef83b2a6d598512f1f1d9e55c49a80f453a5c4abf082249fe9217d5d63ba2a,9,2902,0.4534375000,80,80,uint16
IMG002976.jpeg,0f0eeae5721c8cec88fd00b7bb2fac227f9e1cf3bfe5e34d1c00715595549771,region_maps/IMG002976.png,cfa0239e28ed6d109ccb7e6213ddf39da38c1eb7760905e8ba68a7cdc14fac0f,7,1740,0.2718750000,80,80,uint16
IMG002977.jpeg,084e65a1ec0149578ec553eeb0c2d2c2c40b60dabb904371a0adcc7d0b2913bd,region_maps/IMG002977.png,d28aed6ad4ce03a12abdea871cad3db7d38899dab11ee0c47c9ed0eafe5eb0dd,7,99,0.0154687500,80,80,uint16
IMG002978.jpeg,5733cdbfe0a29543b57600a88e44aa25a288b64c786a31a1a0c768e946c25252,region_maps/IMG002978.png,5870dd7896116208fb342daeea9720ae83e29c73d7ae16e930e15546e2f7ece6,10,4769,0.7451562500,80,80,uint16
IMG002979.jpeg,31864d578ae616f4616004ccdb1052c91249b2fcb33a453272d0291c92349f6a,region_maps/IMG002979.png,b820fca5d1802e5676565774b4c330ac5764b4e1242b7cbc30e1813d6ee27432,6,2024,0.3162500000,80,80,uint16
IMG002980.jpeg,9b85ac3b998a49d4a6e9b97bb901f2cbefc142a4af1faee91e2dee014f87392a,region_maps/IMG002980.png,bc66a78a114b40076a5bb0627e452dc0d28d11f611280687158fa82c3498ced1,8,3409,0.5326562500,80,80,uint16
IMG002981.jpeg,8efa238a164a4309940d6600527b393f247330c78325dee23d9c11ec25bf000d,region_maps/IMG002981.png,1dc24cc4058772882ba8ffa9247ec35b19d04a814bfb88b612111d408d14d80b,7,5123,0.8004687500,80,80,uint16
IMG002982.jpeg,11c6221ca064ec5ff7657065054d4be3d4ad9e9c4a2833f08e83ce4f8d9b2ac6,region_maps/IMG002982.png,c1b7e92fb6e9946316b64394d1092f06ba59b60fb0990bf5e5890a13bf9ebd40,4,1051,0.1642187500,80,80,uint16
IMG002983.jpeg,3eac151a3ed460bfc52d4ae6f5cef7f360b749e1e74caa61205c01bf5cbbb6cb,region_maps/IMG002983.png,6e686d03e316087f2ce0e6e55de44f9e60ef4128418e54a258ad5810e46c078c,5,6212,0.9706250000,80,80,uint16
IMG002984.jpeg,1da3dde146a15cb0653a358e5a4d0753602c8d84da9a873a93f3b885e4588312,region_maps/IMG002984.png,e10e28ce5c3000e3481c07ea17e0d66873510cf26de9baeccd53eda8eb778e77,7,5390,0.8421875000,80,80,uint16
IMG002985.jpeg,456f4cddbdbba1bb63cdfdc05b072f5d8584f1ff42136b8b91c55524d8afa787,region_maps/IMG002985.png,d6a7315e841785e886e36d8f84511664dadffb030932ec3cbf599e58691a6357,6,2207,0.3448437500,80,80,uint16
IMG002986.jpeg,d5b4f4a17ea825e3da72f2b1336d8c835193e11be259b69809a6de79463eed5a,region_maps/IMG002986.png,fe9ba13fde55f110117c3542fdf0243fd73c96f58bb7720bdf102314e1ec5db4,11,2652,0.4143750000,80,80,uint16
IMG002987.jpeg,92ef95299db68599a4f524a10ca950d49db1bbd1f720cd814283ccaddb702a6e,region_maps/IMG002987.png,39952a1de56eef01e8e225d8d7f57e3bed8358b81c24f5055f3f38f5d32b02c3,5,3129,0.4889062500,80,80,uint16
IMG002988.jpeg,11dac1e0f3a4e836987a2d76778b8ba107f8335778d39bb945618c392825c57e,region_maps/IMG002988.png,99dccca17ae69c62b78dd4b091122a55c2e4fcbae239cc4f8d3b3fdd3dc78dd3,21,4791,0.7485937500,80,80,uint16
IMG002989.jpeg,aef2c24bb3d5129cb0e238f89bee3c3094dc29265dd5082c02ddff9bb2becc90,region_maps/IMG002989.png,82a15a49caf5fcdc2c0312f6d3c05edec939805a8e748dd2aad6514558000b94,6,1666,0.2603125000,80,80,uint16
IMG002990.jpeg,f249bca2491f6184a1f6d1c6bb6987700698b623a0dfdb45dc4152ebc176575f,region_maps/IMG002990.png,61ec7efde9c59a8e55d730f8f2141d0ff4e50b9b49d4d6d58bd19f4a2ba441d0,4,4836,0.7556250000,80,80,uint16
IMG002991.jpeg,45cf4f5e00a7a82d229a776c80b0bbc35f25d48492756db76f05c5f2672beb91,region_maps/IMG002991.png,fa40f493ac549a89bc613bb0b00a7292773b470250b4a4b5156023175c3ace68,3,6256,0.9775000000,80,80,uint16
IMG002992.jpeg,944804275d8d00deb9a11cca73ba86f74aae74e86e7f13060d43366746013ae4,region_maps/IMG002992.png,23f8045b64481fb61f8057c7ea08c6df2b16a03efcf88f563f6daed49c4ef2a9,5,2541,0.3970312500,80,80,uint16
IMG002993.jpeg,d7226ffdb5e5a8316f51e60f0c8f900a662b7ab7c00b09e6c15978480fdc4f22,region_maps/IMG002993.png,c64f76f73de9659802f12130b0d7a007ac035611c4631352659d6f07b9c12fd0,13,4732,0.7393750000,80,80,uint16
IMG002994.jpeg,894e88edd62243a005123531b07a0b761835a438d5b5454c6bc8604a63254981,region_maps/IMG002994.png,c2a3a59c17f369d80deb240c5bb09378d8cf7d35cace17dc635c6aaeb969666c,12,5365,0.8382812500,80,80,uint16
IMG002995.jpeg,634b2f3fa054b53c1a2c71193177b6f94b9bd30c32479d407db9be7845d77803,region_maps/IMG002995.png,2cfa5ee04afbd0fa8fb4defc4e2cbfc8264f63317270e36ffcd9d56aedd286b7,8,3879,0.6060937500,80,80,uint16
IMG002996.jpeg,2b6bd2594ba13de20e6d93e0f2fbc04023dc2c8b1ab1474131964fbea457b61e,region_maps/IMG002996.png,35c997ca8e138a09b121490b5bdcbb56e983ee9c818c30864d399dcc6d46e992,3,697,0.1089062500,80,80,uint16
IMG002997.jpeg,bb694d8a5f52dbb706275fcc25631f11f0c94d193cba1a76757797b16256b622,region_maps/IMG002997.png,dace0c46ee5b50cd95e61f53558aeff92e16af6e3e8f6f7e76f5254e31417424,8,3686,0.5759375000,80,80,uint16
IMG002998.jpeg,d71e834dab99d90af33110f963d2ae6021a7a235629415762a210b4c627e39ff,region_maps/IMG002998.png,f4d530921a9af87a7d86daa5d4a497abec08b0b191c6c3770ba813dc14336392,7,61,0.0095312500,80,80,uint16
IMG002999.jpeg,a87e0bcda28bc7bfeb50410d869be1696ff6159d95adfe4109932880c66630e4,region_maps/IMG002999.png,78725782033595035d2c1916e70c9797113211c382e192410ab98baf4ba54901,7,4801,0.7501562500,80,80,uint16
IMG003000.jpeg,8435821fd4ff1091fa58dc5c9d80f2a05e0fd97297377fecc5b158e0b7e62908,region_maps/IMG003000.png,733b9df7e505025c646dc80d5841e9163fb4041ec24956c99785b92cfecc3cd4,10,3973,0.6207812500,80,80,uint16
IMG003001.jpeg,a94058905c3a5d73cf5d56188a3155514cd527448d9f07bba67a21ed49830845,region_maps/IMG003001.png,b15be181207f69d2825b36da7254da6365dd78328c16b65de47a0a51310a32d4,5,2671,0.4173437500,80,80,uint16
IMG003002.jpeg,77744f1f4cdf36d96ada5fe30afc49dde12852db7be8a566789436b35f282017,region_maps/IMG003002.png,b85a4d4cc23c7552285a7802b7c1e38a881527599eb67480ffe663b30d07c424,6,5816,0.9087500000,80,80,uint16
IMG003003.jpeg,db42f15181d026ae8354752716a6e8e4b9dfcbfea93550f3e2fd916aa72e87fe,region_maps/IMG003003.png,4c12d22d903f2330a3c1bf7b9e8afa957bf2092968033dba6f2b94430a7abfb1,7,2598,0.4059375000,80,80,uint16
IMG003004.jpeg,71c8aa04ca01c078e7b54fc4efe55f7546803b62af86a5f55c563ed31cd9a58c,region_maps/IMG003004.png,5e5391289a5df983bfda7161aa8e4e7c3402a1c30039255d1cedaf08247c3cee,11,3132,0.4893750000,80,80,uint16
IMG003005.jpeg,7eb727a0fe03d7b34fc719384deb0608e30b016b56829cde2e296569622d9d6e,region_maps/IMG003005.png,8298bd7142ba5f7525616efd2befc5f2f2bcc7e217fe1f7ddd2f5a2ab3b4785d,7,2152,0.3362500000,80,80,uint16
IMG003006.jpeg,fb1c6e461824f4d4579f93c991285f892954c46862f4888a1bc4020d73769018,region_maps/IMG003006.png,8a50341d805967f2bc16f7289c04fae47fb8ca500ce4ed19185b2b31995af5b3,10,3482,0.5440625000,80,80,uint16
IMG003007.jpeg,3b95c63906277393ceead380ac554db71641c79366f563ffc984238b58d1f9a3,region_maps/IMG003007.png,00ce084422fd05898454279635ceed0a2631e6e74010c7b2dc257e7b5a1093ef,3,926,0.1446875000,80,80,uint16
IMG003008.jpeg,9232b3d0187c02337c6497252a926a325e13795c98165a2d466031dce55fb4bb,region_maps/IMG003008.png,1247773052d8418e78e914f26de55a52ea5de1584b0fd1aa86b6207ae7fa43ad,4,876,0.1368750000,80,80,uint16
IMG003009.jpeg,3c9140914e24058c601f6c5e0ed97591057951e3344d0b4e79eb371e24c5b89b,region_maps/IMG003009.png,58a7bcc792f4445d4ff33d79ff2da3db2ab7a32cd86e41c2cde27ca800aecef0,6,3919,0.6123437500,80,80,uint16
IMG003010.jpeg,37884cf88a6c0dc5e5b7800572ce47464aad2f1386497c42661df9a1976871f0,region_maps/IMG003010.png,4da1665ae08cbed21e779940c79d124071c1665595bdb921a40f69002db9bebf,7,2086,0.3259375000,80,80,uint16
IMG003011.jpeg,96230765ab8136b300b276611bd7f64f667fb807226854759c0ecdd78338c32f,region_maps/IMG003011.png,36ac485f48a27451eb56953a95ebbb831a0bac21ea159065c7deb50fa7fa3b7c,5,672,0.1050000000,80,80,uint16
IMG003012.jpeg,f4a6f8a4926cc18f537a0e14436301c6a9ec52837f6f67a997ddd6286cd4afe8,region_maps/IMG003012.png,a885878c706ed58aa0ce1ba2b6c2765ca7abc342e01b0f5d3c7905584d80dbe0,6,75,0.0117187500,80,80,uint16
IMG003013.jpeg,e586e43290697f0380718cced8058a784d973673295a2bbd53746656d8305fcf,region_maps/IMG003013.png,3284321a04daac58f7519fc18a8f22ae636c08275e7b8cdc5e7b817a01d05ddd,10,1049,0.1639062500,80,80,uint16
IMG003014.jpeg,8aad95405ccc4929eb747d7c94bddfb1f336b64723c2250e6ecdb1c8b1239041,region_maps/IMG003014.png,6e439fef4233ae8101e848e338187a3a5880f2ab7e0b7908cd45f1cdd3b758bc,4,762,0.1190625000,80,80,uint16
IMG003015.jpeg,7f88763392dee7a1c45296312b36de9a993a14ca44db59c26c02b54ed8f19436,region_maps/IMG003015.png,9b79678c47d43db65b2a901dccc46b556007e8e0db391c73aa26e42e8044ed31,7,5861,0.9157812500,80,80,uint16
IMG003016.jpeg,24de375eaa5d4af326d6b14f5974fc507a838e720fbde22c18e7568f3d6c7cdd,region_maps/IMG003016.png,07133d0058b5b0367f09b67b710bd9e8cbb92b03a72f2c197768041fceefd96f,6,5688,0.8887500000,80,80,uint16
IMG003017.jpeg,27bb5027a44114e4c57fe24fd52247f18495312599e51d4aae553b5769a116b4,region_maps/IMG003017.png,28df0c4d270f8dd5fb066ae66a3cda1692a0f08aa569aae1c834d4859ff4594a,9,4158,0.6496875000,80,80,uint16
IMG003018.jpeg,78e7cc2081e09d375d05b47c38062577a70028c6b3ea4b59c84ba1364d46a653,region_maps/IMG003018.png,38ff048871dc8cd51014fce7e4d19adbd6d3dcaa6511078850f17644a3293ce7,9,2475,0.3867187500,80,80,uint16
IMG003019.jpeg,e47cb77cc92d9f98ae0216865a87f111fcfa0be567c7cbae83d5a7352ce6817d,region_maps/IMG003019.png,9c33c70a95a5dcb1677b1d9c05725ec585e2cfbd42334d3f76e7d15458d03ba7,10,2605,0.4070312500,80,80,uint16
IMG003020.jpeg,924a49fbb1717367c6db077ce4b7ca95e9a296d8ac758729ed083089c81be5cd,region_maps/IMG003020.png,0555f9ae56fff03e40f7abfb874b47abf548d1eb809c16d2909965b679d2734b,8,4652,0.7268750000,80,80,uint16
IMG003021.jpeg,e37a6244cf2d73cc6bdcb6836b6bd89abd1490d95ce7dc88148e224327f420e5,region_maps/IMG003021.png,0f32a6a868305108fb1084e006bcc7be4b5e544694331120bad7b829874d6c4c,4,3724,0.5818750000,80,80,uint16
IMG003022.jpeg,8321ffc23f6455e68ac374037c588a442085f3113db4886ce5a240aa62ce0832,region_maps/IMG003022.png,604e632211a5287ce0dc099f1f84272f7d6b72c183e2e360f071d2083c326edf,14,4494,0.7021875000,80,80,uint16
IMG003023.jpeg,d9511dddec2cc007cb46d98096c33f59d88eb1639556cafb7a41bdd99112d52d,region_maps/IMG003023.png,e72ea1137875cec8b01131a133a1adfaf06d61450ab67a2f9e33f617632793de,5,1240,0.1937500000,80,80,uint16
IMG003024.jpeg,ee64bedfcf4b9bba7e1d3f12fdcf633970797a248ff36ea6da71afdd396804e8,region_maps/IMG003024.png,0db7493490baf5676816ec4b6dc94671bfdb103ca1bf6038cc2f80f971d48a46,4,2884,0.4506250000,80,80,uint16
IMG003025.jpeg,6cd3708648683da3b6e452e0ec01f66cba5259d75ecbd6a696f4f2a589696c88,region_maps/IMG003025.png,2c4dc7545e90a46fd74b24f141ea969c21858fcfdb39dd72f5ea8767d8419b04,4,4471,0.6985937500,80,80,uint16
IMG003026.jpeg,6bc73b34bc332e9d79c63d2d48d23080df9bd4ee58cb64a3b50585e2fe544eab,region_maps/IMG003026.png,6e02c565164abb9767510a6db365e24038ea502fe2ff790495f4fa223a04aeed,11,5799,0.9060937500,80,80,uint16
IMG003027.jpeg,79d93128dbda9593feddb99426d6d1c62f074a5de7b947f60ad4b6a6961f1102,region_maps/IMG003027.png,a4a6cb8fe2b9a983588b6240f0a03a43841d87acbebfb2d65bc0506ecb35e12e,7,2540,0.3968750000,80,80,uint16
IMG003028.jpeg,2e2698b6b0072abc33c1aafa874dddfb417ef5590a5b628fbd058eac2b11fe52,region_maps/IMG003028.png,57049c541035b27ab90d8da1de9a7c56843c82ea68f316e3b935f455a8be8b05,8,2257,0.3526562500,80,80,uint16
IMG003029.jpeg,37521e343f5770f99713781f1e36b1f741fb77703fdd1a91f9964d61762969ce,region_maps/IMG003029.png,7da54bdd02442b074faf55d2c5c77e24182c237daaf402a805d9ee29cebec406,7,4047,0.6323437500,80,80,uint16
IMG003030.jpeg,a4ef96ec79063e2b222d97c4bd1859cf8e1ef07ef1cdaed6b31c5ec202417688,region_maps/IMG003030.png,d14774c5e869ea683edacf1cd0c8a748c82402061a9c8366224a491a9050c3b7,6,3645,0.5695312500,80,80,uint16
IMG003031.jpeg,523af59c87b8eed48527b2620cdc004a8a5afcafe74ef6abaa18271ed2523af6,region_maps/IMG003031.png,1089c18f8b4bf75ff54bc40179ea2b2ac059855a87fe9c8ba8d56a47a008a791,6,2226,0.3478125000,80,80,uint16
IMG003032.jpeg,edd5cda4c3e108cfe29c03b631fd1af42ffa260dfcfb257eb8da89c5e3a1a76d,region_maps/IMG003032.png,f89f607c61f65a948faeb18d7fb6badee7928d10af082d95758d2b82c8683cd6,4,1063,0.1660937500,80,80,uint16
IMG003033.jpeg,a676b92588e4d346ba24c9602aed29b46cc601e6f2cf84c75329733f52aa64f8,region_maps/IMG003033.png,043f6b76f9ae9e92ac20fb7f19c26a0845f9975047fdccd7359ee064678044b5,2,1013,0.1582812500,80,80,uint16
IMG003034.jpeg,6ac9236cea2341d08a6fd833a4b42447d2cc6903476a7c7f2ff4008cd839b51c,region_maps/IMG003034.png,c2524f275e0881b8a6f32198f97c59eb44e9ef59a321ed56a2d4d026404d342e,4,5713,0.8926562500,80,80,uint16
IMG003035.jpeg,386d20aa820da25bdbbe5bb125cd8f7c75cde446a8d1a889e8835df18c888a38,region_maps/IMG003035.png,4b2d3513af8e9a5a351da1b8fa5c612e6bb614cea8b82b5542b36183f494949f,7,5373,0.8395312500,80,80,uint16
IMG003036.jpeg,e2fa339a6ddb32359ff6dad07b4ec708e2e78684f4d0bf2fa91b3ebb0c970118,region_maps/IMG003036.png,b5793b31b067eb1e59c9129276c790607c7ae0ce12e8efa779639b5a3f7d91e4,3,1029,0.1607812500,80,80,uint16
IMG003037.jpeg,0e295b0e1aeb84d0fd3dce4c1fa06f9ae02494c12fef92c3d4436946e0ab66c0,region_maps/IMG003037.png,e6b6e9efdf5e94a04837f1c245f2e0d82ee5ddf10c3de2e27d7bca4a3d8d251e,6,5781,0.9032812500,80,80,uint16
IMG003038.jpeg,78fa174a1563a7687df117183b5e7dd1cfec9c16c721705e59e0698de543e27b,region_maps/IMG003038.png,ca4eada4cddbe9c271fdc90c72f0b15dda41e6b4f765da3ba37ccd5c62479a4f,1,1840,0.2875000000,80,80,uint16
IMG003039.jpeg,6a583a0988a79db672a124f90b007605a635fdb7c8802f3ac8ded1e3bed9f34a,region_maps/IMG003039.png,29b6696a0017467bd90dfb829b9a0fe0c267e71befe57910c269329647f922ce,5,3864,0.6037500000,80,80,uint16
IMG003040.jpeg,51846ba2f2d0775faba88f59f6c5e5d0563fcc1bac2652779a20122db9033870,region_maps/IMG003040.png,8cd7959e9c64a9d4c73d4caf9434dd50ba7841a834ad538216c5df230fb37b88,6,41,0.0064062500,80,80,uint16
IMG003041.jpeg,3e1c7164a1ea80054470807642dd658899bab6e4f16d499a64a833642421180f,region_maps/IMG003041.png,dc7fbaedc7be50ea04c524363eee34fe4ad327c9437ef5cd4d76b8d3168c00d8,8,2470,0.3859375000,80,80,uint16
IMG003042.jpeg,d34edb3d5de34cc624309dcd73f2beb4722c0e5baacd6c5f7412584840e0b5c1,region_maps/IMG003042.png,4424aea3e57241ab59517ba48d83921db1f90f7b79351248c7f98ed15eeb0162,8,5835,0.9117187500,80,80,uint16
IMG003043.jpeg,5c222c7bc6a0904f582926aebcfe5749d4d4d63a99ac5c5c710296e550b6d855,region_maps/IMG003043.png,c0d7bbe133a015676c46f2edc10b0eae9821c5df8169561a118529ba5a50f401,3,301,0.0470312500,80,80,uint16
IMG003044.jpeg,448164940c55ff5226287ccd445363db7e3a2160f0aa2182e567c9ced48a04dc,region_maps/IMG003044.png,b0cae95422cbefcc3ece8e7cf6763190bba99282786f65f6668d7a7947575131,1,2362,0.3690625000,80,80,uint16
IMG003045.jpeg,25b1bfdfd10fa089b0af75c4b89db4e6b7f4e629acee8e74e8353c4052e5c00d,region_maps/IMG003045.png,6080cad91450aa5e386873fd3c93eeab620cf7127d46e1f8c2a7d55a7d49bff8,7,2265,0.3539062500,80,80,uint16
IMG003046.jpeg,a2d3ff7b3ee17af6ff02d64cce4bd92a74cca5818e21e392285ac9f4d3e55cc3,region_maps/IMG003046.png,fd94a8397c0130dd07bba4902481725884dbfe69fe922dbdce24cf35be2b1750,6,162,0.0253125000,80,80,uint16
IMG003047.jpeg,a34785c26a11ef05de1936ef69282b9c5ea8aa86e8d847db4f1983ce7c3d5566,region_maps/IMG003047.png,8510aafd168ae942c8a4a6d67d3df1d4c94394e05d81b64d3abc808808d41765,9,2094,0.3271875000,80,80,uint16
IMG003048.jpeg,9c745d6ad26e333d21813a4fa9f12351f35017318b098cf2e0d46389e570803e,region_maps/IMG003048.png,6a7d41e1c2c78b03033bf96c1f8f5f3e9437ca5332cc389ed6968d34fb53deae,19,3850,0.6015625000,80,80,uint16
IMG003049.jpeg,ed950f25f901b8ff66035c8b4280ea11bb3cd42709ac0d9f56196c55a559b436,region_maps/IMG003049.png,ad55f6dcf888984fca13230f7b8a79e9681c58a54dcdafb2b15da95b301119cc,5,63,0.0098437500,80,80,uint16
IMG003050.jpeg,96087c2f2cd1cfe895632bc71f978095f187508e9cb1476d9a620d8ada1ddfaa,region_maps/IMG003050.png,c3fd55d3df7426bb8185199d0da05bba2ca0ad512987cb05ce51b6c10ab9b95b,9,2627,0.4104687500,80,80,uint16
IMG003051.jpeg,dc50005f7fe6a758523d97634123fa212b601a611992e1c9b91fc42cb868eca4,region_maps/IMG003051.png,d98462701d868910694705f975f3f5c5a8dfc813535b7c04f069ecef8bd2044c,7,2267,0.3542187500,80,80,uint16
IMG003052.jpeg,3089d0be16721363613c06d63e65ebff8d505626ab70b3058de053dc1385e933,region_maps/IMG003052.png,32e1e3d12ca620aab3df82691542546a7b48a70cacce7630acc662dde76ef0e5,7,1524,0.2381250000,80,80,uint16
IMG003053.jpeg,cb0a49eedd8cf408ef5f6cadc0c98230c424d4e36702b854368ae4e4942088f5,region_maps/IMG003053.png,09c71c9a3435fe706fc36284e13f3666c6672933e60d2cd10a0f8ce6a943dd79,5,4592,0.7175000000,80,80,uint16
IMG003054.jpeg,e609a2a4e88b7d1e9f21b38d3dfcc786467af7a1016967ba7fd51d0307a36d03,region_maps/IMG003054.png,0c122c63f1c6ffe0b301383cc014b33e49afbda8a6f83579cb897630b343f688,7,154,0.0240625000,80,80,uint16
IMG003055.jpeg,890687293c60eb464ea832deebe4c5c63489d2e26e5489013be562c4d83a0b00,region_maps/IMG003055.png,ba6d0c577c08f657c78821767e84ff5be43326f5dd5261906fcffb68e4cbfc14,13,5687,0.8885937500,80,80,uint16
IMG003056.jpeg,acc5c36654015ff39c5228a7c3e220d1e2b59234fc837b29fd07f05236feffe7,region_maps/IMG003056.png,f59bb09e827550141461d486570fa132e2a137f49ff65be4a9dd3bcf89a9ee91,3,422,0.0659375000,80,80,uint16
IMG003057.jpeg,b556b9c246423a7207a8c797a1d57f7b16f8934e599d633161c13f41718a80ed,region_maps/IMG003057.png,7d58b07bb9ca845ad27210d39695505a293b788b0bd9915c089b5c2661ab79d0,9,4112,0.6425000000,80,80,uint16
IMG003058.jpeg,eeeee2205e3fe57cbedadecc58c9e893d26a79de6f1581a11a5301bc9c9e093d,region_maps/IMG003058.png,8ecaf72f5e5a006e53d7f8ef50bb7b49f8b38d434da71b0da0264e4e8752173e,7,2334,0.3646875000,80,80,uint16
IMG003059.jpeg,c4a88de8154a949438342dc3b0adf7c7cfa0340d4b4828ca7e9d34bed6a5ec64,region_maps/IMG003059.png,2fe328e1059553e2f3c697a941919ad29aa513d7a1fd40be8bcc8890f3987236,9,191,0.0298437500,80,80,uint16
IMG003060.jpeg,d2e2bcec55ed4ab87917ca223f3abd7bdc3df1d8d18e7e0c91246084fa6d6f1c,region_maps/IMG003060.png,c9cc29e57701fef07d3e66a8b90b09e2dc613dd6bb5474ec58a7d5f5ac01f66a,7,74,0.0115625000,80,80,uint16
IMG003061.jpeg,a0a594c13d09e1d1e03da4e944fa3f8f2e8628760265a425301f6052cc26f958,region_maps/IMG003061.png,217a88a38aa61edea2ee073127269c7b85e44f7094529654201074b1f18f1034,4,175,0.0273437500,80,80,uint16
IMG003062.jpeg,273603fdd69e0eb608641369fd817d4f20238f1818954745dfb5bb0e03b9de85,region_maps/IMG003062.png,fc64078be3e4c271f5f0366f25ae7063fddd9007a581b3c7aca958c87f7322ee,6,2406,0.3759375000,80,80,uint16
IMG003063.jpeg,6d33c7b2de39f69386c92038a6cc25cd673f032d9edc63ed4e8e1186d0b42dd8,region_maps/IMG003063.png,b066b38eecfdacb8f9df8de170f87aa99c2a858dac307ea3d3e11ac44da75786,4,4640,0.7250000000,80,80,uint16
IMG003064.jpeg,f0b02ea8617ace52d1ad7d1ec872a9bdd0ed1e959b4f9328fc6da6eade68a89c,region_maps/IMG003064.png,c846d3f3a3d9049a08fb8d5222eaa6ebbdc11a336a4e3aa9b1a0cf037b4be2df,14,5255,0.8210937500,80,80,uint16
IMG003065.jpeg,9962d321d623d5e38017e8f0dc76cb02429ce1499a540fb31cf68d86e6c2cff7,region_maps/IMG003065.png,d29bd87e5c3858ef5c3de13e463106644d1246fac82d4b8d692cf10ee7ae4848,7,4077,0.6370312500,80,80,uint16
IMG003066.jpeg,d54ff3bbad35a6c19236e6076c705338129355d2876ce04c1250e734ce2cea82,region_maps/IMG003066.png,1109a7112631a55df3b1d4f82b4264c25f1c080bcac2e5ae8e20068a851e2b0b,2,492,0.0768750000,80,80,uint16
IMG003067.jpeg,e4bbfcdcd8834ebbfdf3af4e3347161d360afbd2a2c4fe39e19df28bd64bb331,region_maps/IMG003067.png,5c9d107fde8a01ab2e2310741cc07f3c6492a99b4ba1c234997a45d71cbac41f,12,3192,0.4987500000,80,80,uint16
IMG003068.jpeg,124488a2bd0bff0af510a0a476c254f6041cd46f770b23cb57e72e5a1d8c2df6,region_maps/IMG003068.png,685eb0afbc06ba45b0dbb2e8c346c009f5a677842de83bc4f7140510ba17b1e1,7,154,0.0240625000,80,80,uint16
IMG003069.jpeg,5806d7ae9adbf6373827a8ae6a3977c62fb704b253a9dd341766ea3508d3118f,region_maps/IMG003069.png,e2891b96f4f4fcda86ce6a9a83be2517991b4159564c3bb408c808392618ace5,4,6008,0.9387500000,80,80,uint16
IMG003070.jpeg,efd6795ae463fda9f0fc430acc2639de3c75a512a74f4d552527826febb34360,region_maps/IMG003070.png,45d9ee3d5e1f3b8f5c4325a5cb40baa9879f3a40f6a30fbb462d63a3cd4b6636,5,6243,0.9754687500,80,80,uint16
IMG003071.jpeg,bd28b0925ddc31b23d39da0d983a12f39c62bd619105e9bacdfa5227ffab3e7f,region_maps/IMG003071.png,04c3a3b640af3fa08ab4bd52f68d7eb7445b329c506bd0a72a77bf2d7ebbcc24,6,6048,0.9450000000,80,80,uint16
IMG003072.jpeg,02afb739fa51276823a2b9739acb4b12b8b6d49534923144708fe222d78a544c,region_maps/IMG003072.png,1c2b7aa2eea0ce58ca70c9a6c06c0b1182006b984c111454f5334f83699cb893,10,3576,0.5587500000,80,80,uint16
IMG003073.jpeg,06d4b499ef3eb63f9198aa11ec1f651e499b80313433cbcd189acc74281628af,region_maps/IMG003073.png,55b91a07b90f940d842ffc1384b6fddd0cfad49acf06e57b0412fc553d9671b3,4,4341,0.6782812500,80,80,uint16
IMG003074.jpeg,a1c525c78152a9d6be031fb46f5ac71e30ee3f89681ddddf9eb77090a52824cd,region_maps/IMG003074.png,a27d24014229ceacc308f1f8ed42bc8204f03f0d8f71d628bb6e14ab98894626,7,5936,0.9275000000,80,80,uint16
IMG003075.jpeg,8e83701a29c815c79d977379e7e8385a4a28c4d91f84755e37de682370596126,region_maps/IMG003075.png,9b34287763993107f6a1a4153f113052cdf3442ac3f8fdaa2565128fb78ed87e,9,5973,0.9332812500,80,80,uint16
IMG003076.jpeg,dee93d1451c6f9668ec922159036faaed231b719a2cfb7bd53df082309c65e5a,region_maps/IMG003076.png,16c102b386f861c0cb3609976103514191d09c75be9f1e7c7408ec8d49cdd3b1,5,650,0.1015625000,80,80,uint16
IMG003077.jpeg,bde30dfa2b1f3612495eeda1e609be005050ba1edd3898b71fb09324ebe7704b,region_maps/IMG003077.png,2b325ad06cf3f395920c8fe09d4009c5db67231a7e1233392fdc31c4a4863307,8,1177,0.1839062500,80,80,uint16
IMG003078.jpeg,c4b3ac8ae069314a7c789cb129e5c3a9412ee126d9cf22865f72df19c59e71e0,region_maps/IMG003078.png,a96499c9d35272cd141842d376c0c7a4b4950691a67bd5d710b60055df7d4654,5,5850,0.9140625000,80,80,uint16
IMG003079.jpeg,d59b7cb522cc9aedb87b62a134726a9a84edf9670a05cc9e8da087b83ed179fd,region_maps/IMG003079.png,552df2ce2e83fbe7410e9294f3f5e83344e167cbb0cd3fe8b9696622108c1722,6,41,0.0064062500,80,80,uint16
IMG003080.jpeg,97856a5dc1e10d51102fd62f8ca915b5e9f41c3042f05ffd15f2390cef0a7689,region_maps/IMG003080.png,2473a68becd288d8b45b469ad9259e25e3d588022564d73a43be20c9e400daef,9,3299,0.5154687500,80,80,uint16
IMG003081.jpeg,2a482c0b6cc44cccd1b289eaf16e1cdca15ff3d06d5cbaba2d1928463e0f86ea,region_maps/IMG003081.png,706da46b1a4e25835f8150019fb86d0b356f33e896e58f5fd8a8984b443d76cf,10,3230,0.5046875000,80,80,uint16
IMG003082.jpeg,d34f33972a7eb83735849d228fed4ac163aeecef27e790eef328fea92cff5d9e,region_maps/IMG003082.png,3700241d82914df72d22898c9a3e612809543e3c90d1de9d4b02dc6a7e60aedb,9,5467,0.8542187500,80,80,uint16
IMG003083.jpeg,16a48d1d5a3afccba43539ed9bc57a0ccb19446f17d0f0d511353a2cfbd6cac1,region_maps/IMG003083.png,d09aa8968dbba48ebc30b3fd947de0fa3f908bdda877091185fdc42c2b9c9c82,7,2481,0.3876562500,80,80,uint16
IMG003084.jpeg,e84159e4af17dcbf9a1ed8f3a8df831c414c4d536c0cd2d2c390215529174680,region_maps/IMG003084.png,fa87aa3d49f4e2b0f258c3de5c0e8abf716cb4d5a70100556160a11bbf88b6d7,8,3698,0.5778125000,80,80,uint16
IMG003085.jpeg,07944f1b87ecd1fd3456c704314e09e83218b300164a76f2ca37a66df317c809,region_maps/IMG003085.png,7716fc07549c5488bd66d466ecc4f39d005ecd8bad4e91ad80ccc98b4260f3d6,6,5877,0.9182812500,80,80,uint16
IMG003086.jpeg,2b0b964126e9efe2b52797473a643a237f735cb99de2398c60cb4b834d8c1d58,region_maps/IMG003086.png,8ec140f0bfc82a8925b8b3a18e1be48982de8f07a4a2b1a54c2a670b5ec6959b,8,2239,0.3498437500,80,80,uint16
IMG003087.jpeg,5263e16749209ebb12ff2bfd34b0abb5c22443a92c535e114754f8550356a077,region_maps/IMG003087.png,05e5d69384c895e919a6814516076c2cccdca03578ffb95b6b02d298975345ed,8,2596,0.4056250000,80,80,uint16
IMG003088.jpeg,1021e54c7a4596c91c425780dc7ccdf339d33ffe74c608f861bbeee65ab52cfe,region_maps/IMG003088.png,2244fc6d6942c6e75e8dc4273fa1c75a64f1b49d52ea06c6e2f6046a83301178,4,125,0.0195312500,80,80,uint16
IMG003089.jpeg,8fab8d59c00ec3879d239f5ac1650dea45367345b9ad9effc6e2090dbc8b2e0b,region_maps/IMG003089.png,ddba6530a50b987658038c06e6ae19ef1694539321cdc289420754fcf66c77a4,5,4740,0.7406250000,80,80,uint16
IMG003090.jpeg,9d68de5886e0de6fd651bd62152e54089338fea7425573f64242a263aefbb1df,region_maps/IMG003090.png,c904f60284cbc35d1298a28bdc4c62c2b2f1ce4eee6816cd89c84046f8c4a1be,7,4629,0.7232812500,80,80,uint16
IMG003091.jpeg,9036dc83d687be4d6459ec5f6f123260f44611b6f0a255fbe909fa4d73060557,region_maps/IMG003091.png,f3dea4ef961480ec8440ae03570dc2c80c684f55f5228aeac46729fbb4dc9854,7,4034,0.6303125000,80,80,uint16
IMG003092.jpeg,a930f22c5ae18d5811fc5662609bc58f3510218d697232a3ab2e3d7926c31dab,region_maps/IMG003092.png,93fc0e6f315323b3cd96dd3c7a359eec6b01d07dc70c46aafebf66917fbdfd4e,18,5614,0.8771875000,80,80,uint16
IMG003093.jpeg,9ec1c6265874c55f8d9bad6107e08f2c1ece5aec9f3be9925dc45aa1dfc17100,region_maps/IMG003093.png,2e6464718eaa8c95d6f9bf831dabb9c67f0a40f66ec1f5d80f87df0ef72e0009,9,5053,0.7895312500,80,80,uint16
IMG003094.jpeg,0ec9751f6e768558ef237d43b5f785529140ebd4e7a1c0c7518d16592d7dbc5c,region_maps/IMG003094.png,edcdceb4a6757caa190469e5fe5b3c1cc45e828ed1dc6b59070080ec2ffcb9fd,9,2245,0.3507812500,80,80,uint16
IMG003095.jpeg,006d0e4f8a610af59bd8fd2eabb3cf103b7b3b6efc29d078f2025365b19800de,region_maps/IMG003095.png,4498a40d0aa65238aaf56bb36fde27ec69c96fbeb328e9c718e6c74159c349e6,8,2395,0.3742187500,80,80,uint16
IMG003096.jpeg,bad7287c477dec25dae70718d735ec8babeab54fa60d0a8e242c935090afbc09,region_maps/IMG003096.png,81e9f8dedfbdf2d677db6961fc813cfb957b12d50908dd57d6fcae1e17aef879,11,3878,0.6059375000,80,80,uint16
IMG003097.jpeg,6db953aad2f938666c2d9b34de1672450da3982029f5b66cac02b08b937e58f2,region_maps/IMG003097.png,0319f5ab8f10d46717146df80b35efac9c4a1327a2fd3adf670cace9ef66208e,6,2140,0.3343750000,80,80,uint16
IMG003098.jpeg,ed656e3c72615f7520e0def8177763ba87ab8f78b25fc831a080c05b7b2602f7,region_maps/IMG003098.png,3c2f51f26a0872ae3b9a95fffbf06b58bf9d649538c9c53acc24975dee15f4dd,9,4196,0.6556250000,80,80,uint16
IMG003099.jpeg,429e5874a7bb1aaf6b90b2c19d32d5aa7de24fcf23358a2d31f5adbf1917835d,region_maps/IMG003099.png,c8185585edcd558bfd83ccc8dc95947b15afdb1c4fdf6242b0d7f4c77ceb5f4a,6,4394,0.6865625000,80,80,uint16
IMG003100.jpeg,0cea1c568095d26353713d906d1cbb6ca1fc7b6bb5493baefaa7494a5b3c0c0a,region_maps/IMG003100.png,ac7249bf6e2df73def425f80c13b7c4aa4b9424eb06d71c405144b9e157729ed,5,3029,0.4732812500,80,80,uint16
IMG003101.jpeg,05080e396da91c2e30243501ceadba3554de07c4320edb27691f4f67e5deae94,region_maps/IMG003101.png,64f02a01cb3a3f7c24957eb4e27e2f692c502904f380cfeac7c864bda0970f01,9,5288,0.8262500000,80,80,uint16
IMG003102.jpeg,7cd91fb36c0234aa20670517891e9084d3055cb2a8c088dd752eb3c1d042da50,region_maps/IMG003102.png,dd361ca9b0256cf6c011bfc20897d068699b1e158e7f62766c405973f3a21cba,8,1899,0.2967187500,80,80,uint16
IMG003103.jpeg,b73141740932ce1c2af585b9929a507a64b4e895d3407b5a51974d9e4a29bf72,region_maps/IMG003103.png,e8a19f1ba0f128e7d4d2326fcaec529bd365309a21e39b176101851311d413f5,16,4598,0.7184375000,80,80,uint16
IMG003104.jpeg,4f358315d2b0c2be73631e1ad6302888485fed3bcb0b716020537a559723198a,region_maps/IMG003104.png,2271f0519f7b3cdcb2a6a334e6eb59c36f7c52ad8ca5d50ea04420b5affb6b84,8,5573,0.8707812500,80,80,uint16
IMG003105.jpeg,93d79428ec156eec33b99ac704facb644b33ab53457ab49565467e0987c4e600,region_maps/IMG003105.png,02e887df154005b856123926a91a3fa4b897eb33d4ea57be91db74a3b026ea3f,8,1697,0.2651562500,80,80,uint16
IMG003106.jpeg,49a374f8b9bc75903ca61e9694b769027a1a183eb7608322d3c2cc2bb3faf3ac,region_maps/IMG003106.png,a7e1a63db29979ebc16b0d246d9694b64e3aab4cd7c103fecd466601edf7007a,7,5098,0.7965625000,80,80,uint16
IMG003107.jpeg,0f2c7f7982f60c535862a3c11df1bdcba1bb13d53d60dba23ce9003573742f15,region_maps/IMG003107.png,514c1c60627dd56476ce563e6fa3f1edf3f1b0a63442e14488bc21ff295ed61b,7,1298,0.2028125000,80,80,uint16
IMG003108.jpeg,d317653f41b852604687b7612267685165f1236790aae461a320834b465c09ea,region_maps/IMG003108.png,c284579f5374d6f910ffde3f94bd469ba365e1ca3a793e3643dcd89958c49264,10,652,0.1018750000,80,80,uint16
IMG003109.jpeg,e41110ee0bdbbbfd2333e351635384c73e0ac6c0be92928994a4762fee5e5ebe,region_maps/IMG003109.png,3bbb80bef4c58bf2fc9b03ccc1f693fc1440b7fa47d581b1abd0ce4b5fc94266,9,1816,0.2837500000,80,80,uint16
IMG003110.jpeg,74a49f5377862db83299431cc33715d1b34707287ed4b947cd09d124ab06f009,region_maps/IMG003110.png,5f5937467df15ad71bc5c8260acf9e94287d0a3ca7b6bae37b1f16cff1756177,7,1798,0.2809375000,80,80,uint16
IMG003111.jpeg,eab4418765fdd2ce148908e9156a555bc656407786b3d186b970e972e363cda3,region_maps/IMG003111.png,e82539ab5e8ef6f8dd5be7c9b2e81679f2328770fa4768e7e9cbc3e6aa93fd40,9,1847,0.2885937500,80,80,uint16
IMG003112.jpeg,1ac585c0a330d8e50988bb1530334db06fc04d5d2d530c4c4ae6336bee45f686,region_maps/IMG003112.png,2357c2221b3f40c35953c3333d9c92594e294fbc239bcc199c713a4fb636a741,8,2695,0.4210937500,80,80,uint16
IMG003121.jpeg,f6716228c6b686f2532d5277ec85e96f61075e16cba3984d673cb6df9bd6e140,region_maps/IMG003121.png,4f5ece22426d152efeca7526d7f5ab4230281e95aa5e03d76b28e4ed29c702e7,12,1810,0.2828125000,80,80,uint16
IMG003122.jpeg,5ba2bafbae4262d11f47214a308e16c1c7eedaf53f469b6da1b2c5eb0ffec43e,region_maps/IMG003122.png,287f11fb8fdea0d39da866d077a5a1fe99c33e28fd0f87aa02fa0f52af51c298,6,101,0.0157812500,80,80,uint16
IMG003123.jpeg,3e7b16fd9606b1ab3b8c9a17bf36cc3f37366858aba162bcebb94c1df159a78c,region_maps/IMG003123.png,74b15c91fbf8432d1031a23db484a972bca3a2b3518044507742b8bf8ad31b25,10,3217,0.5026562500,80,80,uint16
IMG003124.jpeg,65c5a9140a0aae09988f0de4a95580dce51a04b44c86ef86f88ce09bb8f82ed9,region_maps/IMG003124.png,2c83b34e8662ff225f2d524fad3e871d44141a28eb30aff209f60a79bc8c87b6,7,1305,0.2039062500,80,80,uint16
IMG003125.jpeg,8eae11b4e4ac4851131ce31b4b8509762374278f28ba8858ba825d9a1546eff6,region_maps/IMG003125.png,20ef2d950dbf47c21d15ae2b27e29c3c80a98390d909996042087d455255fa52,9,4255,0.6648437500,80,80,uint16
IMG003126.jpeg,3dccedf0ff769ae2cb10858bb84a5fe9dd280909f213d8d38e66c13467658b9e,region_maps/IMG003126.png,7b950988a960bae0aaf519c68587ac216bbd5a1cb5ac0313edd02fc80fae266d,8,4604,0.7193750000,80,80,uint16
IMG003127.jpeg,c24d1bf9702380cde43b389c48019e903c58c930d06d47b6d2458ee3ade40b99,region_maps/IMG003127.png,9aca16fa87fe8b76f22f67250414004874ba2a8b5bf73e4ab836c093348d4273,4,636,0.0993750000,80,80,uint16
IMG003128.jpeg,03652d4e58973d8111253cf3f37873a1127a5bcb337306dce991905d24010dee,region_maps/IMG003128.png,3664091863717ad50ae905abcee9b67a7b74d37ba7dd40fdfd900ed9f308c239,7,4353,0.6801562500,80,80,uint16
IMG003129.jpeg,7be5e1c35b5b6c87ec48e12265aafe4a2f15ade51750ed8a4ecb6efe7c32c586,region_maps/IMG003129.png,523096cd514ae2b55cf64effcc4eccd28b6e6dd91eaf677f03c3591c063cff46,5,3901,0.6095312500,80,80,uint16
IMG003130.jpeg,6e3b061b286fbd77d1f7cbf59960bd6a9c38c278d238a1941f6796d58bfafd5f,region_maps/IMG003130.png,7caeabaf7ac823cfe0e1271e379bf9870acbcfb2f22fcc951e76d08eae825f64,7,132,0.0206250000,80,80,uint16
IMG003131.jpeg,1d4221d5a5452973f3f28adc8c49f786bd2ac76fc437fa1e833c8f1531ac04be,region_maps/IMG003131.png,cc3c430330841206d2f8e3c046a165cba466a8af454af00e828b8d576c90236c,7,121,0.0189062500,80,80,uint16
IMG003132.jpeg,de6dfe49910cd305a19b1874266a86bb16f56b049c6b661b07e8132960f8c8a2,region_maps/IMG003132.png,ba24717144a5a1f04092cf09b445d356f496b9b598a25a93ff5471a568cbb570,5,5515,0.8617187500,80,80,uint16
IMG003133.jpeg,91c4bdba5908d2400d242e6d2d8807344461fcf5439629a3cbc35978df3e2a79,region_maps/IMG003133.png,bdf403e70be18473e0c2dbfa869252441a5bfac8c0da5ab3517929d2b87a8e6d,12,5767,0.9010937500,80,80,uint16
IMG003134.jpeg,cb48b76fdfbf6f31f93aee025cfe61012359d1b595b1424db8256f7f948c8859,region_maps/IMG003134.png,4cfc865d8129894b4ec3924ccfb499ebf3b5f5a97f7e87ebb0197e790e960706,9,5908,0.9231250000,80,80,uint16
IMG003135.jpeg,f1c286bcc9eab05eba18893d608e827831f880d5d8797c2c3d8cb62bf5a281b4,region_maps/IMG003135.png,878d72947ee58011fd1f3ce608f8ffd7c573de90a8786d42ba008f8f770ebc4a,8,4152,0.6487500000,80,80,uint16
IMG003136.jpeg,9defe625303b1141b1dc012520e6a67d1891517b7fdb057bc283e8dbda6657fd,region_maps/IMG003136.png,758da0c61a6a019436e2df42d90f3e22a6ac354d15e4b5ed7039813215520f17,6,1562,0.2440625000,80,80,uint16
IMG003137.jpeg,bbf86b56e04e859ca8698022d71f3ae809c76f44dbe46194fab2a6f57df17080,region_maps/IMG003137.png,067b27566cebd241805f7df34e1c46a39ae32ec711df4b6febe681daa9407905,10,4376,0.6837500000,80,80,uint16
IMG003138.jpeg,d1ad2a36a2d9e3f96db3dbab18b0c3645f5f3a1680ca690ea3d5a1b9650c457e,region_maps/IMG003138.png,b479b6626a63aa0528af934d49aa7f52165f43c3658006cb76ec46e857f43818,1,1035,0.1617187500,80,80,uint16
IMG003139.jpeg,9e0e14db944d2e791dd6ab6360754cdfa1c05f732e8de754f37981581115ee6a,region_maps/IMG003139.png,82d961aa30f05847d28d20e778a6e34287e219a0a400d55de8b525491ba6e884,6,1584,0.2475000000,80,80,uint16
IMG003140.jpeg,7f49bb46b6ff5b6587bd4fefd8f086a5a88b41979681ec5747e0eeb9c65540e0,region_maps/IMG003140.png,c6a964b700acecbee8ebf9031e622edf3113a452414d1eeb840459a5e8a13a17,3,2404,0.3756250000,80,80,uint16
IMG003141.jpeg,a972ca2b9f02f845b0226d84f44d80f1b585272cc0dc8e9c8be4a838453cb781,region_maps/IMG003141.png,351f0864fc06299507d7af4f49e9088004ab3fb3309996f101a6de02795bd57d,2,827,0.1292187500,80,80,uint16
IMG003142.jpeg,759099ce4933939fe809aa40556359f7b5c586ce95688688473ba1f79bb7900b,region_maps/IMG003142.png,bd365064a9dcf405f7ae950e41bffb23e483dabf2106364e528fb1697922fdf1,8,4739,0.7404687500,80,80,uint16
IMG003143.jpeg,5666e688b1567988171560c1e83a5b636c1417eccb1571a08be75137883c1d99,region_maps/IMG003143.png,cab0db26528511dc6d1acc00665521d2eee3a6f61497748d7bd0bdf6c8a05c42,15,1846,0.2884375000,80,80,uint16
IMG003144.jpeg,46862bf9b5817604253c9fbc4016b39fe9977cee3869c97c6a23cbfe1bc5fe74,region_maps/IMG003144.png,3ac9b220b04a37eb91d9e4796f677bc982a6a7d26471b94b0e4a3fe0b6cfdb2a,6,2982,0.4659375000,80,80,uint16
IMG003145.jpeg,986e1702fe64b4b0ab1c743fc7936669241935f0a897813eb8510a595f96bf85,region_maps/IMG003145.png,c2348df69318cc8c035db2ec993ef6bd20d3d008beaf42c61064670abf71aad1,5,4432,0.6925000000,80,80,uint16
IMG003146.jpeg,0f31f5cafc58ae884ba689cf435dbe5f662e2ea9c659177e04ad1516a95d682f,region_maps/IMG003146.png,b11adc7b52124ce2ddd0f3ae78a288d8f7b6d443b642d0b5ef0e1a09c599bead,5,234,0.0365625000,80,80,uint16
IMG003151.jpeg,f942e81c1808a50307f6b7fae06b5bbea9eb63e1e8c2eed2c8adf08e0dba6677,region_maps/IMG003151.png,34991921e9dcd46159bfb5f296fd895a2cbb0193a1b1adca2fb235b7363a3d60,6,4729,0.7389062500,80,80,uint16
IMG003152.jpeg,cf039f0b4ed6bd125574c435afe03ea78bead33b0833ebb35f37312971745cbf,region_maps/IMG003152.png,55f7702a7e8a8d98a4cb4f0a982008b98052bf3ce53fce532fb36646a904ee51,8,2495,0.3898437500,80,80,uint16
IMG003153.jpeg,7e61770942550061f14ee5e16f7e9bf3679af9d1159ac50f1f1159165949413c,region_maps/IMG003153.png,e5bcbb473106c49f4500b75ed307e0dbe44113bcffa8c2ccf88202c49b73f052,12,4771,0.7454687500,80,80,uint16
IMG003154.jpeg,2a130487f8d7f53d24a429aa0724809f683945f730d8fee120ea1525ad87e75d,region_maps/IMG003154.png,004a76b4736dacb5fcddcdfbe44480352673808821623b53eaaa2ee42b6ed1d7,5,3930,0.6140625000,80,80,uint16
IMG003168.jpeg,e9533ddcd1e89b22bf24f75848deb465fcc0dccf1daca7cd6b076e9a7bd95d83,region_maps/IMG003168.png,262db21eec30b9831bd1760d01e1d68cf8a47eff774c266136e588c876459a12,5,76,0.0118750000,80,80,uint16
IMG003169.jpeg,9bdc5719a65664b59bb45cb41702ebd2a8a54f71abf55c740180d8899302354c,region_maps/IMG003169.png,7c7f935e5f2f5e2aa5b09c2ad5c1acd8da0127132a9bcaf56317c188773493aa,7,4378,0.6840625000,80,80,uint16
IMG003170.jpeg,e0fa309a2746bcbcddfe0d719ea92a5ab3ecf83dbc82b258ef61910998410663,region_maps/IMG003170.png,26b70dba10cbd50c6c08a683db7f6f5fc4dde997e57147d639732a13d7834862,9,3058,0.4778125000,80,80,uint16
IMG003171.jpeg,7e8fd2981f6cd7c4a3811905c37d5ca3ae4cd4b89288d1e52b64f57cc81d5ab7,region_maps/IMG003171.png,9e14a0893c31a51a477c5abbdf10ca274890fbe9f0ee26986cc6df4f81240764,6,44,0.0068750000,80,80,uint16
IMG003172.jpeg,c5d4f74752a5c7fcd22e6a6502ccc1766b0ccf5a6379c3319f54a0ee4af5b1cd,region_maps/IMG003172.png,c9cc8c9fa640d7e81a65cd2fa693f1780c0553fd08f6e0e6c11423ec571bf6a0,12,4236,0.6618750000,80,80,uint16
IMG003173.jpeg,c35070eb58ac1ee939b3c91f50702b31285b98d52dd6996f3c5c281a24a5b85f,region_maps/IMG003173.png,f651c3016c7f258d9a73cf2e4973dc6c73ed12b9a8fafda29f500e9367cb49cd,8,2708,0.4231250000,80,80,uint16
IMG003174.jpeg,93162439699301360c58369a27584b8ccdce58947b010cd88b2265dd98b91872,region_maps/IMG003174.png,078e53be98c50288d38fb61433d8cb0623e624351f2c636b34c3e306cc5fc0e5,5,76,0.0118750000,80,80,uint16
IMG003175.jpeg,541c312746642e85445c0bd286f436235dc01896729e8723a35069d1d14ef41f,region_maps/IMG003175.png,c6f36fdcff2bf6e4f62d7751b7b5e99aee104dd5fd28b51df408f152e7126805,6,2446,0.3821875000,80,80,uint16
IMG003176.jpeg,5b9644b743cf30c22b8419af17d19096898e8129c0c6072fcf55125b1726298e,region_maps/IMG003176.png,5457b6bf6a885e096f3716de7dc977f497cff9934fe9fbaf7698bdffbcb566cf,9,5030,0.7859375000,80,80,uint16
IMG003177.jpeg,e5fb4b709a040ed118ea8a224974cd2fb9864e535060a0757d61b258e7ec5b69,region_maps/IMG003177.png,cc54a69a779f7bd7cc7983cb782a9e05202d19e4d0488c45c34fed6a1e5b6d5c,6,2345,0.3664062500,80,80,uint16
IMG003178.jpeg,dae016f1159c499bb3d21a1b6c36e0ff8a095edaf38cd7905f9b928694a9f591,region_maps/IMG003178.png,5f7f307ed04b9c31a57b47fd18e7dcd83b71a08a38084aafa024286a33184834,4,5220,0.8156250000,80,80,uint16
IMG003179.jpeg,406c8272efea50767d745edae9312837a26cb133acce15da87ad47a9e5122a59,region_maps/IMG003179.png,ffd88f774428a74732dc2a9cca69892def5a515cf6f717ddd6855bc6af2aa906,5,3919,0.6123437500,80,80,uint16
IMG003180.jpeg,0cb8fce3b2709407c7ae31f81ca5331ea935f7dca9758ae6178b3ccd5b1956e6,region_maps/IMG003180.png,65d3803768afa3c1809bb84c52be352ddaae2e627102ed41fc84aa1c69048677,6,2283,0.3567187500,80,80,uint16
IMG003181.jpeg,ab8b741ce15122dae12f173f57dbe99149018a4b2201dd4d7189adf00271798b,region_maps/IMG003181.png,e03fed20a3fb7f013e73fe8cd51ba8c0fcf63fbf3ac78e8c313ba39976228ba1,6,3594,0.5615625000,80,80,uint16
IMG003182.jpeg,3d9b5952f4308be214f77622b2f466a01c51826c7acf5223be45280679179cf5,region_maps/IMG003182.png,60d3acf4f08450be2f51f4735b02da2cf5607540fd2103d57ad7090038d804e3,6,2940,0.4593750000,80,80,uint16
IMG003183.jpeg,65440e39d45ceaf26a74be9dafedf8f39147291e397b7f44f9d769dbed2fabb5,region_maps/IMG003183.png,7223de472ae33b01466a04ca6415e2cdbc23c5f8c7122d3fef029467c54782d5,7,5041,0.7876562500,80,80,uint16
IMG003184.jpeg,dc3699399a1d5fdee1520ad96498471764c7add9413d750b7f9ce24d03f6b607,region_maps/IMG003184.png,93a7d435171f209233bcf3cc8571095386b6cb8ece355bc7c50c07a3f4eadd5f,12,4763,0.7442187500,80,80,uint16
IMG003185.jpeg,629499b740bd5c431f60797d773322584080ca1400c4bd8aa610276e7b2c42df,region_maps/IMG003185.png,1f81b08576826a4d5edfe0c15bbc6478c6379e1a5abbca42fd6ce29c06ce48fa,10,2425,0.3789062500,80,80,uint16
IMG003186.jpeg,3d21c8272ed0212fa8a35ce61c3eecd9aecc8a891691307ac4297c4e8f6a9932,region_maps/IMG003186.png,dc9a8d731a362df3113d6985db4cb2714ee548794d6de00bf578b05b347c80e2,10,4862,0.7596875000,80,80,uint16
IMG003187.jpeg,4c8eae366df7c1131ebc75397351b2e76c08c8028b3b1918ebeee04956830a59,region_maps/IMG003187.png,ddc8731098e6218f76fdd21e0fa344738911af9e703fffccfe3b21f4b55e3da9,7,5220,0.8156250000,80,80,uint16
IMG003188.jpeg,6fc797389e20029e3d77bf0f209b3b33568db132876ba73118d67151cea2cf0a,region_maps/IMG003188.png,ebb1570941c96ffb7dc1a6d3e3e2c03a58bb9d586371d732115ded3c6e739e4b,11,5716,0.8931250000,80,80,uint16
IMG003189.jpeg,8490e8efcabd1d805cbd3b7c8dd954edd457675035ebf44f1e4e6c01d2ea9bc1,region_maps/IMG003189.png,884ac269c9d5b4c082b96e74f1cd905375219f763deee3b2ee4ad5a4e516ad96,9,2418,0.3778125000,80,80,uint16
IMG003190.jpeg,e7b2650297cb90c3b3cf83a0b660c85fae2aac1d825698e7b30050329e4e1762,region_maps/IMG003190.png,8664bc6255bf8a4d6c1de269b7bba97d7d8b993bb5034dc83e3c6c691a12fa0e,14,2834,0.4428125000,80,80,uint16
IMG003191.jpeg,24e568e020165f052f491d4af979dc644ad82d12573dab38d35bf4ec97307303,region_maps/IMG003191.png,4ace82fc8ba704c39c74cf56fb3f4d4439a23aea60341bdd97be71e22d6b7f06,26,2602,0.4065625000,80,80,uint16
IMG003192.jpeg,fd77d04626334970e1f8b60d46835f17cfe84851eef7f763e67104a23d720112,region_maps/IMG003192.png,29e537ca14784d9d0c62b686f8dd6289e58f2677b935c30b49be19c8fd563ef4,7,43,0.0067187500,80,80,uint16
IMG003193.jpeg,eee4491f2f9880e80f3fcafbaf7d986faa97a0f489343035fa6eb5117325d7c8,region_maps/IMG003193.png,a7f90b8697cc2e7a2a19a5a6a18ff50526d5519f79ebd01bddce4f5ad56e4ea2,5,2481,0.3876562500,80,80,uint16
IMG003194.jpeg,842ce7b30dc544fbfffe62fc354a32915e42af9fac33f3a9b4445119f6fbbc41,region_maps/IMG003194.png,97aeb492832362482ba1d5c898da76871a3b662881784b3fd45f1eb2ae946768,17,5544,0.8662500000,80,80,uint16
IMG003195.jpeg,2a33f7b1223e3469795c40449e91d4553c4b1eec07f6dd98b4d47dc7c6226403,region_maps/IMG003195.png,e7f62811200251cfb3fc7d31dfdc8669efc80d259cbe1b2e66932af9aa46e82b,6,3533,0.5520312500,80,80,uint16
IMG003196.jpeg,9bdbd9aeae14f5d925670e0bdc3a967238a242b51d909c920f19f002b07c55c7,region_maps/IMG003196.png,22f6b8f690aa309a98e4768369b2c032a094403e0a3c3b147ca5f180972cbd8f,10,3897,0.6089062500,80,80,uint16
IMG003197.jpeg,f6bc8fd949de7a463b5cffa60e55427c45bd3e28e0cd9bf4064d805be3092bc3,region_maps/IMG003197.png,2775344f8850c94dc0e111a8145bd2d3b074c121e2682dcf13942773d8c464d6,7,2936,0.4587500000,80,80,uint16
IMG003198.jpeg,f3553ad5148d9c998bc3d5a1d58b5f8da0b856cf1f35bd4fb316cedf0a67881d,region_maps/IMG003198.png,2b279da04cfc4997e790f1b9a611f85e8e5b417c7ab68ef5df531e92b7583153,12,5109,0.7982812500,80,80,uint16
IMG003199.jpeg,5ceb489ebaab314dc50626cb220ebd1f59a74d5ee3fec31d559f8f3008d6ee77,region_maps/IMG003199.png,ff02ee6b5ecf3430b2ff4f4e5698828de320b7c4b00dc0fc82e63acb65a56c2b,10,5241,0.8189062500,80,80,uint16
IMG003200.jpeg,fa9acd3cee01b9ca0b0d4eace178c39c64eeb0adb515b23945983a2e17a7b1cf,region_maps/IMG003200.png,18fa4b6ad1fbb99a19bce11d46655b941dd1873062bf2a2b90c5727067d7cc1a,11,2485,0.3882812500,80,80,uint16
IMG003201.jpeg,067eab60457d99de607a4093d0d88faf3a52dc385151d5e7875b3bcc495d1b85,region_maps/IMG003201.png,60c4cbb2ab6de05afb7e9959a9f330e914cc52f873366d8196a25e13c46a66c4,6,111,0.0173437500,80,80,uint16
IMG003205.jpeg,c6306a5355609da8a48df43a3919d30de7d01f537bf2cec9aa811197443a1765,region_maps/IMG003205.png,412921c596b51b5a0a38d601b27453426f2b5c5d0df972b7be9784be06eb599f,6,2303,0.3598437500,80,80,uint16
IMG003206.jpeg,53d4e553e7d22383129fb36cc39448bb7791952220ee6eb2fd6e486549a20109,region_maps/IMG003206.png,8b25e00e7b112aa5a352fcbfa1b2878e19db5e73db8b68c6c0f7184c9527d183,7,5554,0.8678125000,80,80,uint16
IMG003207.jpeg,bf45fc0c44f999203514bbc1c8d0be4bc1b4516a9bd051261d473621a85f1309,region_maps/IMG003207.png,133d9c0455e89d8a7fc07144247a2c32d75509d87bc3c6ef782dbed40e16f912,6,5068,0.7918750000,80,80,uint16
IMG003208.jpeg,c427408b4f0b12caa21f42eb0fcf5a0f869678bd219108117f4011762f0883df,region_maps/IMG003208.png,c513a4da2d305c60397342398fa8f6d2932eaab49cccd4bafa7a7b08c7737132,9,4491,0.7017187500,80,80,uint16
IMG003213.jpeg,2dabc31a4de5817317ef594b372f6e3e0fc72a0ee95e62b19df1dfaea6c384b9,region_maps/IMG003213.png,0d2041c9a0640d1fbbd9c0e0aa29db2ab3020c2e944c1b192ce59d7b878b783d,5,103,0.0160937500,80,80,uint16
IMG003214.jpeg,36f8e2adb89788d84c78f0ff8289d10dfb40c8d149d0999ee3a44bc52ecbec3d,region_maps/IMG003214.png,4923febca6f48a62404eeb88822ba35451a29df37a8ef6d9be813ed54cf4a864,7,2064,0.3225000000,80,80,uint16
IMG003215.jpeg,4026d38c3a8a558cb7d58b3cd3a42727059e6f3a9f19fb0588ba5cd213752f8a,region_maps/IMG003215.png,5e865ccce2e2dd6df55099088aee0a5408f47bf7aff34239d4f72f1604f5e495,7,1899,0.2967187500,80,80,uint16
IMG003217.jpeg,75078036cafd58a8fe6eb53169cd2223bbc9f2f8134d17808735be5fdc94e0bb,region_maps/IMG003217.png,2215963fddbfa9f90c0986dfefd9c0d3b0803c1d93d28d42d432e6311eac4488,5,120,0.0187500000,80,80,uint16
IMG003218.jpeg,a32040d96a8d5df098649fb5758c2079decce77bb3c26709231d71a8c023905a,region_maps/IMG003218.png,a889881f694a154968f70331725e5d3b8a82abd31908d1a775de01df10fe4eba,8,203,0.0317187500,80,80,uint16
IMG003219.jpeg,25931b9b8b77508c5d1574af7128cf6cd7f6820795a9f8405e55a27d3ad0edea,region_maps/IMG003219.png,731c25a2692d503427ef2f96385149859bd906d68d1f25bb24733feec9a7e779,7,2844,0.4443750000,80,80,uint16
IMG003220.jpeg,2ef5b329846d9b9ec4623c2aadc0478c537073cc201ff240dfeafe02e3369044,region_maps/IMG003220.png,bebdf3d5ee0a324b19bcc7faaf5197ffe1dd1eefaea7c04d60b62289d0a7edd5,2,1192,0.1862500000,80,80,uint16
IMG003221.jpeg,5c274c640ef01943e3c97f2bf2f42adc568fbabd8056fc47586d6126e1994f88,region_maps/IMG003221.png,97074af7a5aa04d8bc5aa77d34b7759a3737b05fea24d9dcc70d3bb25eaa8eb0,2,1148,0.1793750000,80,80,uint16
IMG003222.jpeg,40a54a046664f2a15c6de25baadf344a6283084d38a17564e9ad24eb03feb41a,region_maps/IMG003222.png,2a261ba19b2d1c41063ae9f31ed7119057882632611fd66e4617a00a10dd1f7a,7,37,0.0057812500,80,80,uint16
IMG003223.jpeg,f4209f9c6aa80a58050b8039044762b2f568446121298c5e31ba80fa9ae13904,region_maps/IMG003223.png,e53f5a12a787da95d60f83bdfc62d1ad9f32514a333dc77c24751f484255b862,17,4369,0.6826562500,80,80,uint16
IMG003224.jpeg,0c939639914ccd592c689f3314ae00a0d6e22c91a0242b00337da511c08c74ef,region_maps/IMG003224.png,0c7166fd97fbd787dd8054d6c2cf6dec43571ea6dab5cd631ebbe2655ad4d7f2,1,968,0.1512500000,80,80,uint16
IMG003225.jpeg,9cc7d7961d7d6b9736bb5595ec0087c25018ada2c7980a5e00d14fb0bf4e34ce,region_maps/IMG003225.png,c4467a0ad37de695c414c8d2176ac58152a83bbbdd1743cd069bf2cc4f343726,9,2760,0.4312500000,80,80,uint16
IMG003226.jpeg,b5ee7d4a74223ec6587d5ef3e339a0de2fa529b1b3e2f3f6193423f8e87b7ff8,region_maps/IMG003226.png,8207eb509416693321dbb8be12a67100cc1c1b78b24fcff669c799aa1954b20d,4,3403,0.5317187500,80,80,uint16
IMG003227.jpeg,493f343ecf6c63b77a281ba98f0af7f636787f115ffc772e3dd81444b1bf8b1c,region_maps/IMG003227.png,8e747c553076d07a436419cf4a4bea1aad13b8360d20ffcaf0e9fb49c16e4439,5,79,0.0123437500,80,80,uint16
IMG003228.jpeg,9b375b538d322d287a496496b65bce57c7924aa1ce2be1cf7cd259a2d59b8cfd,region_maps/IMG003228.png,7ce5e6c1028d40cf883692dff2c0e37bfafb738dd5166c9db4e5af5e5ed6116d,5,97,0.0151562500,80,80,uint16
IMG003229.jpeg,99e5d9b33b503ed20be7d55a142bf988e8d4a40d97e6cd5b4aa8495111924a96,region_maps/IMG003229.png,e4fc4a51a59269d58586e2bd28d697917a5daf7f3cfd522b3926fd8604462a8a,7,3107,0.4854687500,80,80,uint16
IMG003230.jpeg,dc33852845e337e6f377b267d89fad7c3c99ce5342a021759fbd213ef4bebbcd,region_maps/IMG003230.png,e91105331b39d9ac62b46834b8c121eff94c03bcd42e7715b2ea3a7f542bacb1,16,2734,0.4271875000,80,80,uint16
IMG003231.jpeg,1d73fcbf5c35de6dab51e21e779962de68edb5b669ccb9cbc16353d7e5cce453,region_maps/IMG003231.png,7a82a0b2e95678b9f8b449190c7fca86a8ea786f7b4b4cd83abff44d3c313c74,12,2340,0.3656250000,80,80,uint16
IMG003240.jpeg,3b353f1cb2fbb2b0e0d91585b2caa25348a4d983fb5bb77e111356c6397c23ee,region_maps/IMG003240.png,03aaf5ae95b8ab8139799967008f6b20a16cd6f1f4369d3ab7ab50b701c06c31,4,76,0.0118750000,80,80,uint16
IMG003241.jpeg,6a0c1c13cbed2319ab100d74ee0f12b0e915d1cfd370a815a5e489393d8d0efc,region_maps/IMG003241.png,beca83e7fa40828172a7ebe2aa6bc02e6850e8bcf3e71e9ed642f46127aeac81,5,72,0.0112500000,80,80,uint16
IMG003242.jpeg,a4afc3455d256a8bce5fa5a4a15ed3d1bbf47a904cc0eac704b3a69267b73bae,region_maps/IMG003242.png,4e4443584a361bdab003647e073fbe6f4436009ad651081ea10104d61872daa2,5,2669,0.4170312500,80,80,uint16
IMG003249.jpeg,c7012bd5c7efc3df31ed9d76329ca5dfdbe792853691090ec9f1ea4c3c059cba,region_maps/IMG003249.png,4e6fa613ff1b87aac92cadf94385cdfb553db0f8e17bd3eb8350a3f070dd91ff,11,3976,0.6212500000,80,80,uint16
IMG003253.jpeg,fc4ddf0874cf9492800db42dbf796453c943413c9d9751d41e2dbdbe8dbdf572,region_maps/IMG003253.png,13eda5a33e72afb24aaf0a7a05a97aa85db64e6ab1e0c9fa028c21d6421c6748,7,69,0.0107812500,80,80,uint16
IMG003254.jpeg,9cb6aa6a0ec718e0ca1ceb4abc185e7559526ec6f6c24d1e29730b41c339e213,region_maps/IMG003254.png,b18171c39031fec4478d1a89d76330c825ae0eb3492038821b3baf5c5e9bc2f6,11,4277,0.6682812500,80,80,uint16
IMG003255.jpeg,596165a5f9cd18737c110e1199e538e860330270c337f56fa8c7924a0c48d2d8,region_maps/IMG003255.png,60127efc21d52a778a67e9053ca165c0819f0bb41cb4abe3bec848a8ca747622,9,110,0.0171875000,80,80,uint16
IMG003256.jpeg,554e8d32f7b3be9b387b1d222ebac3a917ff0afc20d03acec3a9f48231a0ce04,region_maps/IMG003256.png,b0c8daa3f01073648997ec6b8fb1af410b639b54dfe5db954072aaf5b77755cc,9,4483,0.7004687500,80,80,uint16
IMG003257.jpeg,13f71727073a33c742bc1641083aff64045e15590517776424634bbcb1864800,region_maps/IMG003257.png,f6a6729f5c7affba710b3fed828b9f39c4a4f706bf8dc50d6f92a8c7cd5065ca,10,2662,0.4159375000,80,80,uint16
IMG003258.jpeg,ed5964b3661f3d66b174a1a3858bcecc31b51e68c36f6b860b9d2b5669ccfa56,region_maps/IMG003258.png,fb50c59ca1c96a32c06b95b43f8fc0f709de2b0feb752011f555224fc19b9b9f,6,3126,0.4884375000,80,80,uint16
IMG003262.jpeg,d04fec23196537f79c500912db8bc17214a4de3bcf74b096c88afd9c0277a692,region_maps/IMG003262.png,8b7debc85f6b9df880fa7beedd246bc26a4377ea500394cc0083dc670d106944,7,3532,0.5518750000,80,80,uint16
IMG003263.jpeg,14215b90473fbc0fd4fabe79093446b6864f77c91537112f78fc01441a794c63,region_maps/IMG003263.png,a46129dce3c31aa49fa5cf85c207fbd0da9fec8cc7a43baa4bcf44a19dbaa71b,7,2853,0.4457812500,80,80,uint16
IMG003264.jpeg,92c20364d20fdc3b2947fa3c79f6a3c2eb9ed8c1121672f226c4996c916471c3,region_maps/IMG003264.png,64509939f27b14a03ecbeaf99794171b391666b53a19d1d5bde9fecf10a01912,4,3096,0.4837500000,80,80,uint16
IMG003265.jpeg,d82377ccc71e303c48b051d08069c6e85b7db8bae3c61556c35f6f99f3515583,region_maps/IMG003265.png,49c3c756479f208a4507ee07872ad61d627048fa9110da2f55dfb90283f32031,8,46,0.0071875000,80,80,uint16
IMG003270.jpeg,4af89941cb77d36c203f4ae0fb6873c80bf3e128ab4ee07c3d804482b04ff567,region_maps/IMG003270.png,a02b4087a9ab5a3a0a5d1f0a26b0216a186b3015e9b55c3793dfac598dd95825,8,1915,0.2992187500,80,80,uint16
IMG003271.jpeg,506e0120e2c5bfc91d4caece2c43d05d4ee18889c21048db5e558662ccfcb9cd,region_maps/IMG003271.png,fa66a0c4eeb6bc6ba0c11456e621ae74fb6b4ab8f21c168d03a00dfc5ac21d50,8,3958,0.6184375000,80,80,uint16
IMG003272.jpeg,42a2b142fabc9edbc220a3c684b07f202d69179ed8e1af4008a37452aa165a11,region_maps/IMG003272.png,8eec6ff58f7571a80198504108030c99fedfdbd9fba0eea6b49490351c6a791d,7,4263,0.6660937500,80,80,uint16
IMG003273.jpeg,9f2170bc9efd66ba3f0e55f67811c3c65ed3410c10ee5de9bd4cd3fe94b5ca03,region_maps/IMG003273.png,47962bd767c218095ba3ebe9566036dfff46fc21434f4c04672ff7f2490d264d,7,5481,0.8564062500,80,80,uint16
IMG003274.jpeg,10e29c797f85f2da836384398ca127112cf4fad1a71573b9db4b82eccf6d7ac5,region_maps/IMG003274.png,2afc84e8e5c943f683eeb97ab25e18ee5ed065fdf68f57bccd77b650d75bea9f,3,214,0.0334375000,80,80,uint16
IMG003275.jpeg,fa54d49adb12b347686aeed217d992bdde430a5b7d8f89f03ab23f9b27e26156,region_maps/IMG003275.png,cf30ac0b21e822f5d2197457fd7011938fd02010e472fecbcbaed860aeaf5d8d,3,106,0.0165625000,80,80,uint16
IMG003276.jpeg,1d25edd59bc5b6b44bcdb810bf12bdbda355fad6a667176430bfcf4f4181474c,region_maps/IMG003276.png,d159de3b2ed866a6496aee5ab52893f464881577fba715bd2817fd79121cc47e,7,2991,0.4673437500,80,80,uint16
IMG003277.jpeg,942585611bcddb317286857df17ec88f95a05c52c3dd77bfe0aea02e19d595ea,region_maps/IMG003277.png,22c3fc231946082bbf2bb4fd7684558bfeceb464c81d865711acb424cbc0a355,15,4319,0.6748437500,80,80,uint16
IMG003278.jpeg,b8afc01c6a70652270d0a6ed92247ea17243ad38b183332e72c8e9e903814122,region_maps/IMG003278.png,fa42f125c14395455bea401545c443f2512101a12877c898cfbcf4700d8cb08c,7,2146,0.3353125000,80,80,uint16
IMG003279.jpeg,c7e255846175d0e01d35e7dd4f08e43545755e0e3ea51c43ed8a7c75378af60c,region_maps/IMG003279.png,d48d1a1dcc28f72ab0c19dea7f4930364208cde08cb781bb0e2eb59be6e8e183,5,2946,0.4603125000,80,80,uint16
IMG003280.jpeg,9cd8c7f363a7e67549e691fec75ffafb32a25bf101607b82438e5651bb78649c,region_maps/IMG003280.png,b2cb98302a57d1522d8ff8043e65b93aa79bf696244f0c18c8184b921db951d8,7,2501,0.3907812500,80,80,uint16
IMG003291.jpeg,c17a1f6bc1100be47a4e71a01a276ac584b7281dc93ceb9142f325a5832e44a9,region_maps/IMG003291.png,e8aa1d2467563a444c6dca17f9d9b7d03502fb3a7b46e99cafa16390f4b657a4,5,66,0.0103125000,80,80,uint16
IMG003292.jpeg,fd74fed16666129d4a0959c11633274e18c498c686e7400faf3eff2911796219,region_maps/IMG003292.png,ea87352c5f76eb5d8367d17fccfb6da1f046bbabb4e6b6ee26c0d09f942679f7,5,57,0.0089062500,80,80,uint16
IMG003293.jpeg,218241843cccc00d85413bb310360546913c444b3f66246e1ff848bd911d1065,region_maps/IMG003293.png,380d0772d047dcc7e6d646a28d034052aed10fc2f35a4197fc35704b58e948f5,5,61,0.0095312500,80,80,uint16
IMG003294.jpeg,55b9cbb0c5ccd05e278e11c63805462f97146ad2ac777502e0f0183cf0bbba3e,region_maps/IMG003294.png,e9af2d29bdacc21fc7424c29cc2632b79fa4026fe32fd7c97a2a4809858ca87d,5,2643,0.4129687500,80,80,uint16
IMG003302.jpeg,5f002cdab5f43d44f140b60c707e79d85497d05f918b37c1b93dcf51c1dc58cd,region_maps/IMG003302.png,2aece4ab788fb6471a677aed69808aceb66bfc9cb098f2ee27cafd69ea140f82,17,4129,0.6451562500,80,80,uint16
IMG003303.jpeg,6e67e695e0747b83482a16b10843a0de4349a294b0313f8a523a92ca19396a20,region_maps/IMG003303.png,1a79579eef4fdfe970609dc5f8eb7b43fe05fca015a253f6bf36dd2c10f8f378,11,2213,0.3457812500,80,80,uint16
IMG003304.jpeg,5e415d99828033a228eba61d0d5c74d7be0f4835dcf078ba6f07eeafc49de8c4,region_maps/IMG003304.png,e6f731351f1ba5355abd1a9a6ca5634e6c56ea685f273af61cecbf8ac33c476b,8,2950,0.4609375000,80,80,uint16
IMG003305.jpeg,26202ea9e4374ddc127f717c1da30c12f3fbc80cabe3ccbe72bb4cabe48b5396,region_maps/IMG003305.png,5b3216856ce1b13e9b8fe33048963ba5179ba4daa95ab6e416bfee71f1971bdb,6,2572,0.4018750000,80,80,uint16
IMG003306.jpeg,63632cf365324f1b0c89b26f9738f148dd9f9c4a49ff43638acb6ce5fb2477dd,region_maps/IMG003306.png,2248363b3112b66df94b5eb9bef90146bc4660ed00fb8f99094959dd3bd20add,7,2756,0.4306250000,80,80,uint16
IMG003308.jpeg,c02ed04b65e3f440e5c3f7c9cf5fe579db2445fd5ce10d8e9f66a1ca58f6cdc5,region_maps/IMG003308.png,ccbbc78919fb0de49fa30b8838d179bab24ffbe24b76165d680de9b473e7cae3,6,3409,0.5326562500,80,80,uint16
IMG003309.jpeg,0842e92b7d1579e6c184ba89c45e199335486769ce68762790fc358cd2b2d6f5,region_maps/IMG003309.png,5c5c74e39719a61e04f4365f24425170897945c8cab556f966cb326feea45daa,7,3783,0.5910937500,80,80,uint16
IMG003310.jpeg,3829b2d1b9f8c35f6858f53a7c8e991f9cc0052f6ef290e273a8fa87531339c7,region_maps/IMG003310.png,059d2c058747f8f95fe72e7317d10e84936065a2017be9182ab7f7344147b657,6,2928,0.4575000000,80,80,uint16
IMG003311.jpeg,8bee9bc1d00b99ac0fe7a531a1360b7aa615745214a6529cac0690cb94c30658,region_maps/IMG003311.png,6b9b748176681f6da40369c8f2845a43436c5e3d39253c8fdbd6cffa1146ccbe,4,2685,0.4195312500,80,80,uint16
IMG003312.jpeg,6151ca7a8f4093b86738c0d6baa818556f26759e1776dd706a8c22609fdd3c88,region_maps/IMG003312.png,b463d2215a5074d818b9fbfff5f5c39f7d79d7f3c08c05da1e56a4bdf72fda77,13,3448,0.5387500000,80,80,uint16
IMG003313.jpeg,f3cce1b195c0f5a4e55a62d7c1f3f81d4912c8851092a86a7fc601cc2b524816,region_maps/IMG003313.png,69e348477736127e06975d6be94e8e3c592381e52075684049f9dfd046cc64b2,6,4759,0.7435937500,80,80,uint16
IMG003314.jpeg,f0ce96c5a4b82bcbf43dd3bff9099ea7c1f6f23991d57d522bb9dd9c491cdb8a,region_maps/IMG003314.png,32a9f6e8f60bc39ee3cf02f4410d33a003f922edee209df3ccdb02144795e66e,18,1614,0.2521875000,80,80,uint16
IMG003315.jpeg,ba44ecf3eaaa4eb6e23b2005fb312900c08d2a5b0c898e47765e96d5fdeb6d07,region_maps/IMG003315.png,37d01810831136a4fda39baaf996b48c0b70293c92aca43960a5ae0ace1718fc,5,2272,0.3550000000,80,80,uint16
IMG003316.jpeg,b84b6c05bda5ae9844e13b4ff55f64c90db786c6539dd598291b4b43d282f71f,region_maps/IMG003316.png,79dfe03fbdb15834399391a5070859071341ee60809789d98e746356ce472842,4,5958,0.9309375000,80,80,uint16
IMG003325.jpeg,0ac10e3f8deafbb39ca66ef5aa01061472c838e7c5d4a26392e1ee86382e5588,region_maps/IMG003325.png,35bb8ddad4b4165842291be1a9df313ce39a31f42f71e29c65cf3000aaa3027e,8,2712,0.4237500000,80,80,uint16
IMG003330.jpeg,cbd643a81ba50e71b64b02a3fb4fe496b3e645be7cc15ab88d393c0a87faba46,region_maps/IMG003330.png,f022d41f8b74a367530f7b9b54d06347512667d87ecb0dcc3879b3d340a9442d,7,3705,0.5789062500,80,80,uint16
IMG003331.jpeg,03d9fca30d11eab99b95666682180d4c298b9d7478f2523b98ed3258d4cbf659,region_maps/IMG003331.png,839c1733cc0f23934603987c8265fe0db57f9cbe38e2c9f3b27c68e2546f0204,6,5329,0.8326562500,80,80,uint16
IMG003332.jpeg,6e34b39e1ab3858068fb483d403bad6f962c4d1b9a98af738f9cd8392d5ee73e,region_maps/IMG003332.png,6569f3e53e09f2ada97c737e9480f2ea18cfd89e21b2a986fd6164692742913f,10,77,0.0120312500,80,80,uint16
IMG003333.jpeg,7ce235d63df7af499125340c266cf708cf9b39a03e79dbeeaa04382c69dad4a7,region_maps/IMG003333.png,c4e5bc045a7db139d91a66ece54aa3266267ffe1205ce446ba119110ff6694a6,4,5315,0.8304687500,80,80,uint16
IMG003334.jpeg,b22bf149728e970a108a8abd4bf3284d44a78534f691769890fa292e00686e31,region_maps/IMG003334.png,792d0871c2118dda60732825c221a0499b6386315b0f699ed95acd4f8839666d,2,101,0.0157812500,80,80,uint16
IMG003352.jpeg,9809904e6848afa16eba4e6fd9338940afa1764947f62c2595c07d9713dc7200,region_maps/IMG003352.png,d94407f188ffa0fb6034d1a5ca75765a6d2d1c63ffcb3741a6036020ce217b11,17,5037,0.7870312500,80,80,uint16
IMG003353.jpeg,118eb50fbf6977715ae040894b0b28ff8f15a58c91cbd61873df1ab34ccdcb36,region_maps/IMG003353.png,c8674b609801cc94d4346e9cf20799cafebe94e3ae964f001942a28950329f87,6,2389,0.3732812500,80,80,uint16
IMG003354.jpeg,52358f86901fed43baaba8468298e186a265a3d6e1ee155ed081742898846f60,region_maps/IMG003354.png,52d00b82e0185b116d8efb5ace08a2aedec99cd5d992dd74c60e75e56c3588fa,6,3756,0.5868750000,80,80,uint16
IMG003355.jpeg,bb82203c21f61a4d90b3c1c3681d3c8d62f152e660d1bf396632f75b685106a2,region_maps/IMG003355.png,daaea624aa6562763ee78963a8bf97a10155ebacc68f954a30b1a1fb84294da6,3,60,0.0093750000,80,80,uint16
IMG003356.jpeg,3b88865a7932e2724feed1a8ac657e06f90c9dbcbea5910d3dc65ca02a9cdd55,region_maps/IMG003356.png,5311d4495fda9e10f428e9dee962cd3cc423cd4e6eec7c3e30832e0aac692b05,8,61,0.0095312500,80,80,uint16
IMG003357.jpeg,fa3c57654ba142942bd6d56d58a28a2195ad93e2babb394e3e43af9a9ca15731,region_maps/IMG003357.png,e8040f3464ddb903c81438754252cb79fab4e82ae29d90e2586756ce05b5d5cf,22,3772,0.5893750000,80,80,uint16
IMG003358.jpeg,fd0ed45cf7747ce3a4037005751072a5fb74c56289076e0bce7384ea58d2871c,region_maps/IMG003358.png,b18a1efa926552070b71f31262601f7f111321b57cfbb4fa47d29eeb751fa483,10,5228,0.8168750000,80,80,uint16
IMG003359.jpeg,6e09e1a84bfbcbb0e7aae00200d34790e7179f3220cf6ac72d85f5f48588fd16,region_maps/IMG003359.png,14e0dc6bf36ddaa352bb14455496392d053f81ec3a7bdfc742b274f76f20af80,5,766,0.1196875000,80,80,uint16
IMG003360.jpeg,0467704e5ddf6228df231dbdcd09f57f2d505929c15fe2d880efe7a8cdab5fe5,region_maps/IMG003360.png,c5e120f1e7162518018cf9aa4dc32f123a864e743791bc9a430f921422745fea,2,1027,0.1604687500,80,80,uint16
IMG003361.jpeg,4f2efdb710dc3c933c12f33deb9c49a0da70b5bd957bb3436d469781653730c8,region_maps/IMG003361.png,a66f9d4a3c3bf99a93e8922bd1347e97c1581a3dfa8cea288160def89cccc773,6,643,0.1004687500,80,80,uint16
IMG003362.jpeg,6fcc88a705382bfaac64eecd4d7e5b5a9a9eba09cc6cc52e35cf81924846465c,region_maps/IMG003362.png,f9520c0fdc15ada8f1d4a52098ecd9bed5eed3fdbe5567b3a3525621988f5533,7,4539,0.7092187500,80,80,uint16
IMG003363.jpeg,55969ae6ca35ae46ee8022332b0371ef58b2ce7240df4e3fddebe3f05cc817af,region_maps/IMG003363.png,8a5ff8b4507194208c2d735d6cba404a10e804584a8ba9353cd617346a4a0214,7,4089,0.6389062500,80,80,uint16
IMG003364.jpeg,fdf9c5e203b5b071ac44d48d951a6ce154dbbb32cbeea495e7834913271c17a2,region_maps/IMG003364.png,6a9949a214d3de48afc748a0feed33fe36aec549c4bb5d42ba955cdfe9f9e4eb,4,1048,0.1637500000,80,80,uint16
IMG003365.jpeg,30838a19461753e3488f40a63dc1633541a3af8633b9be70198362a62c9afc59,region_maps/IMG003365.png,9a83d2ef23a317a8559674792eeae7c7fa9182f8f120ea14c9b435679353faf8,5,864,0.1350000000,80,80,uint16
IMG003366.jpeg,7e7126bb7b9d968785dbd31ee27b148541e86d21da695776508d9ec38a971681,region_maps/IMG003366.png,888249af928f55dfe06af8c39187614aaaf55a5ab4e410bfa794bb3c18a468bd,2,839,0.1310937500,80,80,uint16
IMG003367.jpeg,d02e432015d1e26c3853a515e7d1613c6afca18734d3595b2f48116df0bf54d3,region_maps/IMG003367.png,6fed3c3ad8f796e0cc1e3c2dc246ff0c127f98fba301678df3cee77786c5272e,9,1574,0.2459375000,80,80,uint16
IMG003368.jpeg,66b853559ce30f111d54c8b8f0bffa710950e0391645f35d0c0a853f3bb7316d,region_maps/IMG003368.png,ed0e43179fbecdcc065d66e05892efd1a497f1ebc8390ca27953da972e5d05cd,3,160,0.0250000000,80,80,uint16
IMG003371.jpeg,0abdedfbf94f2e08136d7dc67042f2842c0f287555d5642d71bec687fd56017e,region_maps/IMG003371.png,d49d8c8e516f831b99ab957cb5ad4bc95a1f41a2e3cf31f2735455a8f518d405,15,4858,0.7590625000,80,80,uint16
IMG003372.jpeg,8b036dace9ee4e62c72102e04fb65ab4d8ece4c8776f9fc548f2053814a932f6,region_maps/IMG003372.png,ab2d45d5881453d4192172bb2938501914438b38d833343815e080de3089d703,4,6244,0.9756250000,80,80,uint16
IMG003373.jpeg,aa362822afdfb3e689b90e6515839a7583131435f2b2c309e38810ab358c2996,region_maps/IMG003373.png,2a6952a6b33d6c007ba9fa6bbc7c37024ee8dc791859ddf72400bd848b6b5860,7,2775,0.4335937500,80,80,uint16
IMG003374.jpeg,d8d4bed93204a1188b964f662b4972c3b8efb514ad353e5b9039aa6ed6ae70c4,region_maps/IMG003374.png,6fabf6c798aec09cc62e8ad5aac89c8ad5dc1b8ad6eb9680c27d7182d69e14bf,7,2161,0.3376562500,80,80,uint16
IMG003377.jpeg,6e9ca0baf6bf8d52576bba07d758f53f910b4c82ce29b3dd2374cf4bd8cd9f98,region_maps/IMG003377.png,aeb6dbac24f918a77f81712db505a7af8888de1841d3e0f6105e60ded573b1fb,4,135,0.0210937500,80,80,uint16
IMG003378.jpeg,b59ac0d17d38680ebbf4c8ab374659e4680a27882e950a7f799ec542feab9896,region_maps/IMG003378.png,b808de63166d3e208c37433cf558f1c8df3e5b27a86684310f815c2ed2536a58,5,2259,0.3529687500,80,80,uint16
IMG003379.jpeg,82d7c7ba2aa19bf77c130bb65378f2248b9b27e7b04765eae85611d85ae929c9,region_maps/IMG003379.png,d420752f195f711cf8f9f4326f33bb5434392535c068d69f431b4d9aa7839c42,6,107,0.0167187500,80,80,uint16
IMG003380.jpeg,0b6e45bcdfa2e8749eb035641b6b8aa21cab32835686155a4830ad05182abc52,region_maps/IMG003380.png,74c0bb6116971e703e16f36a34a55f8cc36b20b489ef67c9546197be172d9a6a,6,2330,0.3640625000,80,80,uint16
IMG003381.jpeg,6bd0e4fc16425d02eee2be0f900b229a02a9c0314e645ab77a01e905bf1e5e74,region_maps/IMG003381.png,a6b17c6360c224a16f69225f2bbb4fce351e82a0305d6932e3ca8ed742529a6c,8,4574,0.7146875000,80,80,uint16
IMG003382.jpeg,181fdb8566466ff674d62aaf0529ee09de9fba1681625a813fd0318f54c082be,region_maps/IMG003382.png,d23e86ce90e38d182a4e421162194a4ff1e2bbebb1ec6f7b130adab64cc3ba3d,10,3260,0.5093750000,80,80,uint16
IMG003383.jpeg,a868f0c2bb849d695bd1f11ca8e64a49ef8d351761ea7fe3e5a392ca9f70d2e7,region_maps/IMG003383.png,fc69f5e4f06ea24266afba2bb5d846b095c0fef37fe7e22c58b30cd7113cbd6f,10,1762,0.2753125000,80,80,uint16
IMG003384.jpeg,dd8ca7dcd03e8e21d420ca154c46a7ee39c482ab35609d52b0a6b58d206e1adb,region_maps/IMG003384.png,9f4e5832d71720ee4f7a950e5a5007a0adaaa1b35016a7dc5e13c774f962d777,9,2233,0.3489062500,80,80,uint16
IMG003385.jpeg,240d5b83b1d6c57e4275e4a9eebecfa2034abefe313fec0a7ae626e98b5b5799,region_maps/IMG003385.png,ba07ded7de4af5fed48924dbd8315f0456ca6d44a1b3ab8f1f1268572cd447fe,9,2926,0.4571875000,80,80,uint16
IMG003386.jpeg,06b70b2b9dab245309ed290ecfe2407952f0dffec15b0a2d64b68da5ea075e8a,region_maps/IMG003386.png,42c1850cfd0669d797a53b66b99d84a78465ebf7a1bbed5e7da88e7cf510ef65,4,61,0.0095312500,80,80,uint16
IMG003387.jpeg,53d622702e9258742991850133945b1687ed3ffe9d31310aa32bf261d47eea50,region_maps/IMG003387.png,b7a418e37a9020ba43feaedb6a35db921d2bfcfefe3829a6b1486fac5225d892,6,1600,0.2500000000,80,80,uint16
IMG003388.jpeg,a870b625425798aa050b975927360ccc2499145cf6b481efcf3d356bcc8bcac1,region_maps/IMG003388.png,7248bf4e3b3b8a93c22da116319369e3c92ade881e948fa35f4687f32c5877d7,3,5616,0.8775000000,80,80,uint16
IMG003389.jpeg,5f8dbc269471e48de5acd3494b47812c837fd4c6a1047a3f77d8a6c7730a55a5,region_maps/IMG003389.png,f63aa617029a3cf255f805f6dfdde4ab2b379ae5850e47ac3b5f4a5b58cca175,7,4204,0.6568750000,80,80,uint16
IMG003390.jpeg,8d10e050d9f83037f71bde67600eea3e3ebb4e3efdad1e110e6ed165349482fc,region_maps/IMG003390.png,5ed3f4339c0ce07048d80deae686ee0160c66edd0fed8699d22a26aacb4ced37,10,5409,0.8451562500,80,80,uint16
IMG003391.jpeg,587442ce47502622fa5d34048866e0cd6f68458342fdb872fad27edaeedf0518,region_maps/IMG003391.png,a7843efadeb3c805c0e52e5a4cae8b696bad81970f003d24720f077893487832,5,5846,0.9134375000,80,80,uint16
IMG003392.jpeg,51835ae79f92a0e73c9c19d36c102dfe790bce73978d5e672979b89fa5418c0d,region_maps/IMG003392.png,badb2449b0656755ddf6f1b524d3be5c32b51577f69394a0421e73b890127d6f,8,3664,0.5725000000,80,80,uint16
IMG003393.jpeg,aaace2499009113615641d56b6f216f6bbd5e57977f3ac235de27628192f0702,region_maps/IMG003393.png,26cc604d3e1bceaa33d35f073954784b226caeb292688ef0fe9171bfdeb4064d,5,835,0.1304687500,80,80,uint16
IMG003394.jpeg,e54467d7f476c1c86ed39474c7a0aac864b36de822c1c83788ce475df929c29f,region_maps/IMG003394.png,759c7d510608986b6063dc1639ef5439ea1c6b031e3b5048ac4d82fdf6148fbf,4,1148,0.1793750000,80,80,uint16
IMG003403.jpeg,67558c9087b0f6b6ba64ff873b73866756980a5b326cb184f450fd30bd05411e,region_maps/IMG003403.png,2e5200b03a5842002c19f81bd1aea168ebb846ceca5196c4814404d14427f10e,11,5545,0.8664062500,80,80,uint16
IMG003404.jpeg,73d1dbd0fb05eb6d78a28669fc1ca6ccbbc28a0792951fd22a1929c791c5e0d0,region_maps/IMG003404.png,ed949971ef1f7899c592c0a5eabece525b2e8e2e8b3f849013a81250856abe1c,7,2202,0.3440625000,80,80,uint16
IMG003405.jpeg,e654822e3793a8ebe79889880a79a06ee938f6e68373986e209c0d45c69e3c76,region_maps/IMG003405.png,b02e3da52f90779c5af2fb9303812e8f7e3cf974cfe0496849af7fb89f1730d9,8,2596,0.4056250000,80,80,uint16
IMG003406.jpeg,87ee8e5e17b3bba976006ad2bb41f6026a73235271af95b7e772fb71df5a2890,region_maps/IMG003406.png,fb69e1bc79d7593323caadd335fd0badd7a992a12209f17ff79f9cba303cca8a,8,3991,0.6235937500,80,80,uint16
IMG003407.jpeg,074ea20ee0ff3b03164f1b4e721e2aeff14090c2c9c97f88a2e440253980a113,region_maps/IMG003407.png,d5232cc59621a7f088f3da7ad22765afc09c67412073c9db5b81d11bd9d3acc1,6,3103,0.4848437500,80,80,uint16
IMG003408.jpeg,bb0f99a4aa153f27bf8a282fcd9360998f3f0845da31c7dac497377adeeb2f5b,region_maps/IMG003408.png,2f300c9c3a08ae0cb298d607aa16193540fbcdd94edaa047a0a560c9d9a4d382,8,4447,0.6948437500,80,80,uint16
IMG003409.jpeg,8e8a1f09e4b3aa1216c38960851a4cce0641c7712f442ca7fb6a56b43b0f01d5,region_maps/IMG003409.png,b045524d0a5ec5e47d792bc99e6b746404f143c3b4d719a12a25a238bc71d9a9,10,4712,0.7362500000,80,80,uint16
IMG003410.jpeg,70ace8c07f8e7241807ee7fde833625508caa90e436f3c58d066bdc8dc327734,region_maps/IMG003410.png,982d885c2747349b3e10ee72d48346f3caaf3ff7969d0c2e27f3f77ffc73b54c,4,2351,0.3673437500,80,80,uint16
IMG003411.jpeg,1f0a0d04e2b9fac8a9cdea25be812d695e9689388f0abad56d3cba84ec899927,region_maps/IMG003411.png,aec31f21208bf49e82efc45ea22c29990520f8c1d724890f7a00ef67efa697ec,9,4641,0.7251562500,80,80,uint16
IMG003412.jpeg,f5128e3bba29db34a72fbf1dfe7f257dcc0e559e6c20ee711d91301eaa780690,region_maps/IMG003412.png,cc169acb7577591a0534c5fe5c4f25aa379fc56a2d952dfebf526e188c0c5ddb,12,2645,0.4132812500,80,80,uint16
IMG003418.jpeg,4ad099bb6eede3bb02ca592aa23049374b0bbac0386e7511488f84a6515a9109,region_maps/IMG003418.png,d6ff0da2839fbf2a99ace28dfa692117ad52490d7e114e023c6e75abd8277951,7,6071,0.9485937500,80,80,uint16
IMG003419.jpeg,08ee492d32371594ed79769b984674889f8a65cc079497d8239b573db5f77e73,region_maps/IMG003419.png,e2d5478491f15c0d5c1799e328cf3406cefde9676fa871e445ef7ca4190c211c,7,1671,0.2610937500,80,80,uint16
IMG003420.jpeg,14e4153272c0c82ff5c87597c225053f974beab32991accc56aa0adee2035759,region_maps/IMG003420.png,1cc4c240596f7269cecf4f2077cfd3803fc6531603e849baca457066c628d04a,7,5274,0.8240625000,80,80,uint16
IMG003421.jpeg,7d91f78e732ae541313cefa0dcac6f9aafcd1343106a9af8c4104210813fb25c,region_maps/IMG003421.png,9b3afd9e222252dfc95a6ec4b14cae25819d83acde55ed42831de79e667dab90,6,4090,0.6390625000,80,80,uint16
IMG003422.jpeg,526aa11252e6fa7664a7feb5b88609ae814b13d1f4c3656c48b69a08ec95cf94,region_maps/IMG003422.png,9bd5e873c08756e4f14446d81e3ac88f4430bac9d5b86419fac4dc4ec09a57e1,11,2112,0.3300000000,80,80,uint16
IMG003423.jpeg,5caad6dc76dfa3848d68c099d52a3bb889beaf8d181012aaee1a1507ee545054,region_maps/IMG003423.png,61e983b1c9cf9bcfabf559023448a9c0ce5c90cf5bc47591907107463e084336,10,5053,0.7895312500,80,80,uint16
IMG003424.jpeg,fd30dee3880283315ba1567bd00eaa78143ed3921d19f3dc7340610a207749db,region_maps/IMG003424.png,23f66d50cc4470e29e8af9d0e47b01932ad197d8ca7cc9d4b0d0aa73766e8888,15,4684,0.7318750000,80,80,uint16
IMG003425.jpeg,60e2d79d8f03ae47ac1a657a32973c68bea44f09358c45f0a78e70efc7aa4592,region_maps/IMG003425.png,9581ca4a893eb3a8c318ad7a093f496e832b13ed4b0982289d39e0f3cfcefe9e,7,4370,0.6828125000,80,80,uint16
IMG003426.jpeg,4f4aa6dcb8511d366a409f9d01f9458cc7541bdee0c67ccdd8f6458720ff008c,region_maps/IMG003426.png,770e5f833e7bb80182002a2824dbc7e2697ae8918a0286188d4f0005d04da957,2,38,0.0059375000,80,80,uint16
IMG003427.jpeg,f273d9a588657f47330b8d2d950c442f695999a8ad8696fde838b6033dae2ee5,region_maps/IMG003427.png,e6a2a6239814762b60523cf4997f40cef994140baea15da6228e3b72f8b90e45,6,36,0.0056250000,80,80,uint16
IMG003431.jpeg,52b9cef2e2be9ba23266d1873e217ebad956e38128198ae2bb351702bd8b0a43,region_maps/IMG003431.png,f74df488ee27b8d5daa40f7941e3e803d35ecc148dd5fa4c5cc3a1edb4b6389f,8,2125,0.3320312500,80,80,uint16
IMG003432.jpeg,b9608f0cd799f91bf61171f3921bcbf0cdc87fb1f03b500983223b69690d34e3,region_maps/IMG003432.png,bf8496034ce2d1da1d93d60256bc37a9a63e6121adfc4aac260d5486584fe4b8,5,192,0.0300000000,80,80,uint16
IMG003433.jpeg,c32af9ab92cb62c6e961f4bfe15d7a4eaeb12a0b98945051486c8afb0d93ee0b,region_maps/IMG003433.png,e2f193da72290daa7a901cbe697571471a738f9c3f820601cc80df869238f77e,16,4519,0.7060937500,80,80,uint16
IMG003434.jpeg,705149aecebd1b777d8aa64944639e5538d505c7b98fec7f25629319bffcf9e2,region_maps/IMG003434.png,eeb4f436a4f399ce337f4ca15e54726d088e7c5c972d5fb07db956c5bdc496aa,4,195,0.0304687500,80,80,uint16
IMG003438.jpeg,7a09a7a829d759b8e14635a9928ad3274bfe189f7b6ec8cb856f000bc4a7e1c0,region_maps/IMG003438.png,9a9168f793d9d23d4cae0205f832ba0b131fbd088624f63d24cb6ec161e4ac49,3,160,0.0250000000,80,80,uint16
IMG003439.jpeg,cc6945f75200e42ddccb7f83021be70fa4b5a177b5dc82bbefdbdc1bdebbf71a,region_maps/IMG003439.png,ab379e7986bd5d1843b109b48e3beec6f587c78cf2e40b2219165e6aec0d4940,5,194,0.0303125000,80,80,uint16
IMG003440.jpeg,1b28d9d4d038d9fb968adfd7b83093edf5714cc2bb90e5a58a8eededcd1391b8,region_maps/IMG003440.png,ca44bead5d4f91496d2261efcdd9f609fd303638b3217ef5b600f3a2ba323447,4,137,0.0214062500,80,80,uint16
IMG003441.jpeg,bd19b99fe3303de53d0da16ec0f6ce35c25618c7696a59e5ac966aea667c6b5d,region_maps/IMG003441.png,be98ae64480fa618b6fe54321e6850d4c237265825a66b9580f41a500280f464,4,198,0.0309375000,80,80,uint16
IMG003442.jpeg,a7ea3f560507996bfcf03b20773ce00f1268c67a55901e95bd1105b5af1eccc7,region_maps/IMG003442.png,e0d81b8a0676927081016d1696ccce3c26fe666288bb5d5b41e3923105ba6bf2,8,2361,0.3689062500,80,80,uint16
IMG003443.jpeg,6dfadca2c36b3abe9374d4c76a3bfdb2f7f995c415ff0f3a772d335c1ef01d62,region_maps/IMG003443.png,a8f8f688fa53ebf73cb4d7dc9e29457e3c78978cdc4bb1b1f30d8a513e1788ab,9,59,0.0092187500,80,80,uint16
IMG003444.jpeg,71ae52e21741511bf4dabde6e6a3c4345126f051b4f1ff7b4bf4b1178778a205,region_maps/IMG003444.png,e854267bf0b455ab5932922d12bbc7b4ec12005bf6ebf0721d59d35e4bc9e2a7,13,1217,0.1901562500,80,80,uint16
IMG003445.jpeg,9274c9271708ba9bbd5b7e4669a0b54f9ddeb0ef172cb4d9affe108e8e487672,region_maps/IMG003445.png,5aa4b00e74dd75bb036f63d2b210d3ae8f368789878146b2673437ea6e97a0df,8,3099,0.4842187500,80,80,uint16
IMG003446.jpeg,ae75c9d108b2595c9199ba076497d348835ab3a1c40700ed175764824ac81aff,region_maps/IMG003446.png,2d94744b3604a4b30ad29b48243351e4ac5b58bb7a82bc2fb2d6a52a34e112f8,4,5430,0.8484375000,80,80,uint16
IMG003455.jpeg,6bed1e39280fc0e9ceda6c279ab190132f6ee915175e83c70961d5f149d0445c,region_maps/IMG003455.png,45dcf524003d8a521efa238e93e887c1ccf2c3749dba846676b572d7c66636b9,10,2376,0.3712500000,80,80,uint16
IMG003457.jpeg,70c20abf4903239034dbae5c73e5aec360fe82cdc5c81d9682adcefb9269e7de,region_maps/IMG003457.png,348708f9972a3520d77ece90ca60837dce95d6f16acebf9038e8c7d17e8cc924,8,925,0.1445312500,80,80,uint16
IMG003458.jpeg,d76c44222ab6902816f2ca0db79b08fb3761889d5fa6021c7cc3d594566168e2,region_maps/IMG003458.png,db398bba75f1e0cfdaf5b4c79e6661bea766730518ef04cf4ea8e8a8700f7873,8,3747,0.5854687500,80,80,uint16
IMG003459.jpeg,06f1421c7083827fd71bedcdbf0fe346a6279e5731a541a2adf0ddbb249eb2cd,region_maps/IMG003459.png,9bf1fb76168a56952d007d0e7d1a779b93afa168c22e0a5b47d19e53ec27fae2,12,1801,0.2814062500,80,80,uint16
IMG003460.jpeg,5c0057eb43d46ed66cca39955c778a390887c796693741e51c7069113213dbef,region_maps/IMG003460.png,69bf5aee9cfc96560e953bc8bb99e934cef118a335b0ad8c7e16e2876c3f5e4b,7,3012,0.4706250000,80,80,uint16
IMG003461.jpeg,f700cbc7b77fc531fe31496aef54e5c9694b54e39341220e6b32602f15367bc1,region_maps/IMG003461.png,e7626b3a3d009fe0216e4fb8decc5af57829683851b20d1a4f28659bf51d48f6,2,1853,0.2895312500,80,80,uint16
IMG003462.jpeg,c188c7fbf8bcfb997148aa2853076f30f00328d15183203b39b9edd4b21b4c63,region_maps/IMG003462.png,1be137d0d703d4fd729bac8445171e5af91d174b88578c2dd3ed2e72a4bc5f91,6,3070,0.4796875000,80,80,uint16
IMG003463.jpeg,a43624d499774e19d9d32502043ad1c01eb98b5668c7eb61bfb5fff48fb6531f,region_maps/IMG003463.png,19a47f66bff52abf0c1413ab147b7f71ae9567103f0a8b3f623048a8327cec21,6,1502,0.2346875000,80,80,uint16
IMG003464.jpeg,b149bb4ce66784e0e1d2adbab93b7a9bcf79b60af7219e17d3362076cd79a783,region_maps/IMG003464.png,e2fce0a7a37485215d8fc48dd6513b12231458a8dac669069f6de3ccc2b9ba28,7,2284,0.3568750000,80,80,uint16
IMG003469.jpeg,8a5f58a3d1ac87fb80cdb7d10be99e5a54364fc6090bba6655cedde794b46509,region_maps/IMG003469.png,6fe3058200fdbaaa4d07f717c3599d1357ff8cf5e65295c18500b3a5b245cda7,5,4419,0.6904687500,80,80,uint16
IMG003470.jpeg,6e5e823393db9ddaa19c32c06f217223d36296f181bb76006f72bf6919336cf9,region_maps/IMG003470.png,464eb90e47fd74c3f2cfbbaabff52e89fdac273834fc2e0832cf96589164661b,4,3165,0.4945312500,80,80,uint16
IMG003471.jpeg,857cbfcbc7e0e625224b9b507c0bb47290e46eb320b2a656bca14738d28b4c7a,region_maps/IMG003471.png,26a88ab21707c05ca0c19ebb75429e6e69f3c71b8bb2411998d3567821465d75,5,158,0.0246875000,80,80,uint16
IMG003472.jpeg,ad69058bc4754390e149007b73d20f8ab941e831a171bed0b4589ae840f60c6f,region_maps/IMG003472.png,4e1eb0c2bc996d8c749ed544f17729741a6e09a09d23d3210115af2f1049fb4c,11,4311,0.6735937500,80,80,uint16
IMG003473.jpeg,9e9ec93205dc0087c6cb96cdcb9533dd41fe0419e0415a3a467c6b7c304c3f45,region_maps/IMG003473.png,1db991a181df650cc2b1dd903059708c893ef06ca70c9984c337548779d6f577,9,3720,0.5812500000,80,80,uint16
IMG003474.jpeg,69e692b02c7b9ec2385face2b3ae47ce73580ace2df433c55d9fb17c09ae1417,region_maps/IMG003474.png,03fa90f872664f3da3496d30b1d071c5584c41d326df52600cc96212f3387e67,6,1975,0.3085937500,80,80,uint16
IMG003475.jpeg,22b5628e5342fb069a24932f4dd3fffebd470a11fc852cb20b7760114b5568fa,region_maps/IMG003475.png,3433064b350542780505058197fc326a3ada5f288611851766dabb78c653fb0a,3,4239,0.6623437500,80,80,uint16
IMG003476.jpeg,8ef7228a224975239517ac58aad8b55c88aa9baa9d8ef27d11b6226e273bcd48,region_maps/IMG003476.png,4756d185f8f9aadb0ada76873bd8fb2c41bbac7e110806a212361afa2bf5ed82,8,78,0.0121875000,80,80,uint16
IMG003477.jpeg,462972e5116bd1db053e9d206d5966dc0c9cacf7bb5a4b54cda696a824f90494,region_maps/IMG003477.png,026f36c402ca010d482c4bd78a26696d5624a7427e42ff015e4a070df2eceb41,7,3940,0.6156250000,80,80,uint16
IMG003478.jpeg,1cf341ee63363da9c9107c112dffc8c5cd3cd3302f01476333f09a7b97d26c44,region_maps/IMG003478.png,0186715b1cb7636e3582ba56608ad6f0b13f22d9ec5c634910400d40161d98a0,6,1996,0.3118750000,80,80,uint16
IMG003479.jpeg,7950e8e270d4d7cb63021ccfeb9939e0be73248a686ed1e98dbd190998bef898,region_maps/IMG003479.png,3b849edba5cb0677943f22af1d421e0042e28e724e23e0512cc746656a3f96b4,9,3323,0.5192187500,80,80,uint16
IMG003484.jpeg,a7ed0756bc7ecb18c098cf80df02d5508c9b5c3cf56a29dda59ddde5beeee0c7,region_maps/IMG003484.png,d9180854d59b20aff33669a979ce627988d488394b9c3af79a433efda70dc953,6,3239,0.5060937500,80,80,uint16
IMG003485.jpeg,189d259e524b2d38e49139ac713f7f5e4be950d21cca3d16e1bf9f2753c43699,region_maps/IMG003485.png,e97804dff41197a72cdc17f54cb3b5ce77cc539cf1b00af4d1947204211105eb,11,4936,0.7712500000,80,80,uint16
IMG003486.jpeg,497200ba0a7e33a41fa6494f462454fc472eeb64e178e1c04c32fe143b372368,region_maps/IMG003486.png,9b60c3ac8230f96d0fcb19c93886f3376fbdd7f1cc77bc2218f70534d306a2b8,5,1601,0.2501562500,80,80,uint16
IMG003487.jpeg,bc1489c64f8a04131632b927c094f5d06a75e577f2be1a356a194b3f3ab32e65,region_maps/IMG003487.png,9e9bfbe2c25eb4e7071500213389ec05c1309723de3cb5116e14830c7a4e8959,4,152,0.0237500000,80,80,uint16
IMG003488.jpeg,85aab1165cb91f2ac44e25ae16667d8b3c198975f0ed900b56620258d80a5218,region_maps/IMG003488.png,17baf3274d2b40ef03d80ca2896826cf3bc9e79371141bd3890b49fd3eedeb1f,6,82,0.0128125000,80,80,uint16
IMG003490.jpeg,39e0cf545f349fddc8400fbf152a245e06555fcf8fcd7756e45a954c4e65f960,region_maps/IMG003490.png,2fd576b180472e9c4f826f32fca4b818954c9d61a5c2f0f42733d1bfa239fd31,6,6166,0.9634375000,80,80,uint16
IMG003491.jpeg,af4860355db27b65cfd863fcab9d3a4e1d59d31a5b3dc844e7420b7b4990b08e,region_maps/IMG003491.png,317a1e71ad4af265108f1230b9a7059648bfa0b75e95580d1be576bf5745a65c,9,5884,0.9193750000,80,80,uint16
IMG003492.jpeg,41e0f122d504bdb76a969ad205b2864393c8f71f7ff00f3735e71ce53efa5e9a,region_maps/IMG003492.png,9140fc699f1c5ee8604ba9689fddc2ae8cb4c7fa487daa60c7be6b1f20c81446,22,5520,0.8625000000,80,80,uint16
IMG003493.jpeg,0e61c62c202d365423be7d72c2ef323be21149630c120b5479c18272c0e7de52,region_maps/IMG003493.png,e82cb11f6d544dd232e69d908f6ce0a3f12a58893316cf5425e70934b45a6962,10,2609,0.4076562500,80,80,uint16
IMG003499.jpeg,637d4262deb3f185dcd7775242cee52bbe257253fe965d7ae1cac0d769c31e4c,region_maps/IMG003499.png,7a5562add6153d78969858f86b56d72a7ca2329b88a92588277fa2b8ed53667a,7,2931,0.4579687500,80,80,uint16
IMG003500.jpeg,97c18a80a2d3de69d2b35aa75ddc1313ea7a014987a9b3da73533832591aaed4,region_maps/IMG003500.png,892bc9e2d15700e0cdbc1a79e7c121a63e3f84c44454808792c6b31cdb4283ec,15,5169,0.8076562500,80,80,uint16
IMG003501.jpeg,65d8e202e1932c1ed7988530be6f96c4474c7853ea5fec4925c74fcd7e2a02f8,region_maps/IMG003501.png,73acabb05c39cf405e78417cba4a64c4f5a7fa7577889ebcdad661c24d1bac1b,5,3514,0.5490625000,80,80,uint16
IMG003502.jpeg,a7018cd4b580669cd75744b39e2e2edea4afd52347a5f91b6121e58e0277d466,region_maps/IMG003502.png,bfc7bf53dd8ade7a227770d022ec3e5e5cf7720026d49db1728c9ac3af4aa4e5,10,5623,0.8785937500,80,80,uint16
IMG003503.jpeg,c96340906d7cbd9a756ad608036d172991baf2171beff5f76a4800984c928c7a,region_maps/IMG003503.png,f329ea91e7d687aeb15f9f15dba44f4735a04a5a0136cd4f57d977a72ef6c756,9,2456,0.3837500000,80,80,uint16
IMG003504.jpeg,e5f90a8caa0e188f08b69a8543838af1b6fb82319d5d1666087037b3f5e3a9ea,region_maps/IMG003504.png,74b54cad06415ca70bd0f89b4fad50f7a0a8c1991057949171a40dd60d2dccd1,10,2778,0.4340625000,80,80,uint16
IMG003505.jpeg,bbab1c849cbe53767ae4c96a34ab8751d2825bc7a01acec0f7b3670a396eb85d,region_maps/IMG003505.png,dc10035b708dcdafd9b5316899d8f488db85dc4035f4a3fb4b2addb2e7647460,5,1643,0.2567187500,80,80,uint16
IMG003506.jpeg,ec537e61a9c9cb0879ce7bdb4d3127a035da706132f3a6959e22c3a1856adfab,region_maps/IMG003506.png,3a702beb595031ffbbbe197b7aff6e2260dd1c9a9f0ccc6ed67a738ecfd3ff63,16,4322,0.6753125000,80,80,uint16
IMG003507.jpeg,7e88a60bd7889a9ddd7eda1aafc62ac57793837c7f69c1b76a3859cb156a164b,region_maps/IMG003507.png,01fb4a4bfe57057611fd9f13b6f399ae1098757909954dae51c57553e45aa7cd,5,1111,0.1735937500,80,80,uint16
IMG003508.jpeg,5caf05dfafc009f95a4f7d126c66c08e3edc39ba5f45e50c0c285c5106c69dd4,region_maps/IMG003508.png,dbd2b2e3797b5895e0421b06e692b32226e4f9f3c1e752e03624d66a12e8e7a9,10,1795,0.2804687500,80,80,uint16
IMG003509.jpeg,6e1544b4101bdbf80aeb3499c597e52749af62d16c54f7da07e401a3beaf29c9,region_maps/IMG003509.png,dc097abe1c3580ad5f85b0c536c914c4da9a149c77206e64c5e740b737ba7c7d,13,3599,0.5623437500,80,80,uint16
IMG003510.jpeg,e811b900960b9056b478ad1705a56f30a8601a857cbb40c856b5235fb600a87a,region_maps/IMG003510.png,b3a3790acb0f09fec06c77e8b6810a14ab331d4538a0b22f059e1c4b0f032b1c,12,1803,0.2817187500,80,80,uint16
IMG003511.jpeg,4d32b1bd0899fcc7b8ac14f8a96fec9f138c9ad41dfedaba0414b2260600985d,region_maps/IMG003511.png,ee947957f522cf8c64e776fb0a6e4f742a40b0418fbdeb197447a0018d3571e9,9,4031,0.6298437500,80,80,uint16
IMG003512.jpeg,b90a9b19fd6907bffc23569fb6b68c904c50a1f021917309789e6db352f684ae,region_maps/IMG003512.png,edf8dcd197c6c79b6c3f33dfd2f1686e017a459445cce8fef07d223cafce8188,4,1185,0.1851562500,80,80,uint16
IMG003513.jpeg,d5645fb7323d1877beaa37cdb87683270f1d2cae4c75a3275e7216ec5ad2c765,region_maps/IMG003513.png,664446f9cb8c92d307882710e5d7dee083e7e9e877f3933881dd4e660499d977,6,101,0.0157812500,80,80,uint16
IMG003514.jpeg,9ba2e581c06074882c3c2862f439742bea0eeedb971b096ee07c253a51331045,region_maps/IMG003514.png,81c584857c587cddd170645ace26525a5098eb4e1aae6ffbf702d36187ce4e06,7,2369,0.3701562500,80,80,uint16
IMG003515.jpeg,263ec14b4337ab0ce64320dc3f05e2735fe362a1cebddd2f2f02479599dbc157,region_maps/IMG003515.png,9a242a4586032541955b2c8a2d2b428104c4d436811601c0462a9b4523318d09,5,1737,0.2714062500,80,80,uint16
IMG003516.jpeg,b8951f050b19a3e6c55b886d556f488100ed15621ae32c673680bb2be257a008,region_maps/IMG003516.png,1541152f38cf6d29c0f8c44e1a201fcdc650617193d8d53250ed7b8b5a6e47f3,8,4616,0.7212500000,80,80,uint16
IMG003517.jpeg,fcb9cc3d2da9918ccd5c08c780914878dfe2f1cc6c5c88ffbc00890a8b673cda,region_maps/IMG003517.png,968f9c2ea1d5183c06ff59689d83b4950f825ea7e31953d50c79d2019ee44006,14,2930,0.4578125000,80,80,uint16
IMG003518.jpeg,c318287083d4d0098689c5d46522223ecd90c05a9f66ab4ef24cdf62a2c838f5,region_maps/IMG003518.png,5c0101ca7efb5eee7735d07ec032a53405bb899a046f0ec38f7278406a1add9c,13,4320,0.6750000000,80,80,uint16
IMG003519.jpeg,73cc42a4ed8c6fad00358de4c61ccadbca251c701adf967fd4c851832147f5b1,region_maps/IMG003519.png,4b3d418a1f7c213b198d579989d5699e730a09a82930b92d44009e5aa1e71837,17,3738,0.5840625000,80,80,uint16
IMG003520.jpeg,00475cecaa217287f023e3204baa4cf99390c2f514dcf095158e097cba253b56,region_maps/IMG003520.png,3e1a2c67ac43955869cbb6c7ae72b7967e10dad53f2a55027872c82ebd3fd19f,17,3337,0.5214062500,80,80,uint16
IMG003522.jpeg,e36a3d7e017aa5d8dcaa90c689dcd41646415fb37aca3c99972a47aa3e28bbdf,region_maps/IMG003522.png,5249c5766872cc3af226c9bad5dd3247f4735ec6d7328b1b643665bfc4f74668,8,127,0.0198437500,80,80,uint16
IMG003523.jpeg,e3013463c0a860c18ada83802f384c54bdb979779d9ddad14d75afda10daf5b1,region_maps/IMG003523.png,f0f5fc32ea9409aaacb7eb9a8f8b8a15b92bfa83ff166e4867e8180f7699d11b,7,3757,0.5870312500,80,80,uint16
IMG003525.jpeg,92e165d53225874f27fc77b5bf2c1662d8a00d7b102e757bf1134d44dc8ecb7b,region_maps/IMG003525.png,67f1ec26da4b63a5e20d7978c5f39b61fdb1d20c44377c9eba9f9911718ba62a,6,60,0.0093750000,80,80,uint16
IMG003526.jpeg,2a433259db214a19df28bd58a337c96389656a690f6304effbe65dd84c6f1531,region_maps/IMG003526.png,980a5ea71f05a90f62e4bf0609de68378e16f96723a2519f2638f5dd50250c43,9,4068,0.6356250000,80,80,uint16
IMG003527.jpeg,f1a4a48a77a067fc23290b37248d262fdf858a51b69dcddc96a1165a43646f8c,region_maps/IMG003527.png,0a5e1b1c5d6bc19e92eb747ade74a595e275fedf7a4f3c3f9a6c6ed1a08a70bd,9,3585,0.5601562500,80,80,uint16
IMG003528.jpeg,6d0259ea789a14e193cd60c75f20d32ae451c1d0e811375dccd9eff14ff0723c,region_maps/IMG003528.png,e5b8416170a2e38f5d02b26ed0c1e2d534e4b9812ce081f7eb206b013a1898ca,12,3261,0.5095312500,80,80,uint16
IMG003529.jpeg,0af0871115517cbda422b43c3b551f241445584225223324d40d69eb7a8fa3be,region_maps/IMG003529.png,efa2f11689f4459d474db63e671e4761362d707743ec4fe85143d2906be43ea2,7,4099,0.6404687500,80,80,uint16
IMG003530.jpeg,848b5d94265623768c94946d420a281fb57acce0d0edea3f9920ff0dbf974603,region_maps/IMG003530.png,d39c06225b7d6ef615d86aa41996191e36cfec81ac4c594e98fe7ee87a851d8a,3,187,0.0292187500,80,80,uint16
IMG003531.jpeg,9e8bd480eb723a9d67c432955d426671f54e649bbf8626c04c97ee3f9f660290,region_maps/IMG003531.png,7a3016e5c7a7b77afa6c3e72a0983f6befd9b1f097db60dc014175901ff081eb,10,2854,0.4459375000,80,80,uint16
IMG003532.jpeg,bd8ed67db413bad86d84c9771a457e44477dd9c45d30cd77d6e7bdeb8472828e,region_maps/IMG003532.png,01314739859996da54cc379ae0c66423c66d137e9140df2e169d72ef579f6b30,12,1333,0.2082812500,80,80,uint16
IMG003533.jpeg,99e492a77b6da560dccff871ce88e892ce4a62c213341e1fdc7c88b328a83a82,region_maps/IMG003533.png,f8ad321f20ceca21d24ecfdeb6ed096a0875cfeca8cccd2c0be4b3069fd6d199,15,5471,0.8548437500,80,80,uint16
IMG003534.jpeg,6e89b40a439a22d19bc561dce5567d73ed32e2d7fe984668d57c216329149d40,region_maps/IMG003534.png,0a3a12401a0ede2537eafa0ca5b3b9b76ff3f0ff30e73d1e67d51f66e4860be9,7,2808,0.4387500000,80,80,uint16
IMG003535.jpeg,cfb32a52807a874052f12ed062c1e327d222d6399ddd4649a68a7272e9e007a5,region_maps/IMG003535.png,664999fe06d8716f1e229b4cb2db6ce3742b4a69d132dc1c94d5e3db76a06647,5,3528,0.5512500000,80,80,uint16
IMG003536.jpeg,4af18b3b2882880de70b68748e5b58530f1329d73ed888e242c20b4220aafcae,region_maps/IMG003536.png,d453979c87238371b0d3c06873668ce185630aa5bd107d4548467a07d98e7fb4,15,5437,0.8495312500,80,80,uint16
IMG003537.jpeg,19d65065a317187deec970691dd503507a01e65b72e5cb1b0c8e0189a591fa43,region_maps/IMG003537.png,4d559a0304753a1bf0e602c790b88609ba9f3b23ec546163c91da9b35ad92d95,5,4019,0.6279687500,80,80,uint16
IMG003538.jpeg,07453bf0f8b91ad9773dcbe02fdc8bc07dc6922b3079f652a616e95a8709392e,region_maps/IMG003538.png,daaaed1716ebdf5b1fe92008a5fc260bc14c4107c650580e5502054a04d22314,3,63,0.0098437500,80,80,uint16
IMG003539.jpeg,e181ace762b5926439bed5e556a2f94e997648f983484dc0edff39e1dc121d84,region_maps/IMG003539.png,204b2673fa4cd6e0d6c054424df57ada9a360c773a13cf489bdc53ace0361fd4,14,2430,0.3796875000,80,80,uint16
IMG003540.jpeg,22ea00a7a8b99208bef87248d708b742db203763ade76459005d2b5cea3ce4fd,region_maps/IMG003540.png,582c7c31ac5742f71e7bcdd6b929da32da2380a87c8097adced5624446be87bc,15,3419,0.5342187500,80,80,uint16
IMG003541.jpeg,fe0fefed6e5fd0f8b7fb486c9f53f6a5e2a3000c69073abbfc08dba393164e78,region_maps/IMG003541.png,be091161b6be08a36fd10da1c60442b001254ea80fd46267f4695e0e401bacb7,19,2251,0.3517187500,80,80,uint16
IMG003542.jpeg,8988a5eec96046d6501658c75290a3a29b2f37313a013807e517fcb205a71bd8,region_maps/IMG003542.png,5c559d06c7dd57e3fd038b9a1563cbc05c456a88424f3dc7ed25ac8fbde52a98,6,3756,0.5868750000,80,80,uint16
IMG003543.jpeg,a0f0b9f337913c0592b90d3a1b568601923bcc93f745a3fd1009a5a2998c6e60,region_maps/IMG003543.png,b6858689d7a0fceafb2aa1e45cd6be77ee16a05a920e36d523d14f505767bcaf,12,2431,0.3798437500,80,80,uint16
IMG003544.jpeg,73bdbcb4fe58f21dc70c750b81dff2b6fbe23d85bea432037997681b5e0f0f93,region_maps/IMG003544.png,69d6777b6ebe93d12d31bee68650aef5ae878de7928a1820c9fa338c9b91c52e,5,5065,0.7914062500,80,80,uint16
IMG003545.jpeg,376a9831d33039ecf1378282a41f18f07295d509ebf8a7b6be130c73015d33e9,region_maps/IMG003545.png,29562305adbb426631137d4632c12399849c812fb77d3b3e2497c670a823fa44,3,4589,0.7170312500,80,80,uint16
IMG003546.jpeg,832465d45b85d9166f8658df009b5287506319d741a9b9e25fe92dd51f07f5fe,region_maps/IMG003546.png,fb8d52e446c9ee9f5676b5dc3939b8ed197069ee9b9de3dafcbf78e33ddf3794,3,6198,0.9684375000,80,80,uint16
IMG003547.jpeg,0f29426aa5845e617e50eb204bea30694aa818ee524f17a617332f73acd07903,region_maps/IMG003547.png,1b6092f62d03288c82d9679557b1278dc38b873963d5ba6c765e53523089c719,5,3949,0.6170312500,80,80,uint16
IMG003548.jpeg,2cd7f00dfc01ea5ad2bfdebc9554b1ba3f60d85c4a9e56dafc29cc0ffe6c2bbe,region_maps/IMG003548.png,892895e29c4171fcdcc0c67b9fc0f703016d0f86f05c9cec4b84aa16d52c5723,11,3808,0.5950000000,80,80,uint16
IMG003549.jpeg,44fad6b214d259766de8df4229b6675c2e376c7554e9d7208f3c89e9e9c9a392,region_maps/IMG003549.png,d72e864a4e2de906f9e936c3a9a9605dedca2fa1af149e01d679ccc1195517c7,28,1529,0.2389062500,80,80,uint16
IMG003550.jpeg,da4313b7f90d9fe05f7e06e0dcfb35247cdc24adc8fd6b7601bbd0fa0433c6b2,region_maps/IMG003550.png,6a1209a86d486d10e0190b6a80daae27660ca3c3f4743dabf02ef71af7c7687a,12,3875,0.6054687500,80,80,uint16
IMG003551.jpeg,38214ebbfd68d6834057d56c113874e9648871e43fdf2aca00c0975f86d0e19a,region_maps/IMG003551.png,e3f25b2af01300c0f2ecc32670f8e5f431f28f01343753c9e8d901f9a8c7cfc7,10,5947,0.9292187500,80,80,uint16
IMG003552.jpeg,4066522d9084b49ef1bbe1a7de8edba73a9d93810ac05049a4191134ffc604bb,region_maps/IMG003552.png,f1a2bc8ebc583783c0f51dedfa3b058f34e1aebc26da22a4a236ee91e78b5b38,7,4551,0.7110937500,80,80,uint16
IMG003553.jpeg,59a8b898d80504ef24c6f4046455187bbd9cd6b29eb3e37da38d123b6c311a38,region_maps/IMG003553.png,794a6db16ad93adf7f898f3e44d420a16bd3bea3d045b62d3274d5ca27f0e640,24,3825,0.5976562500,80,80,uint16
IMG003554.jpeg,06c9c8032441be8b40dbcf581a5ff0d8a04a2075b6646d04e65acb1dcd3d9d91,region_maps/IMG003554.png,3c8563e170dbffc4835fd6e37b62ec9463f91641ba4909fdae11530a848fdc72,23,2280,0.3562500000,80,80,uint16
IMG003555.jpeg,f92741e04c12c75c1a43cd132d55c9d84eb1768a526033fdad8728722c0b887e,region_maps/IMG003555.png,c99ca6cee7389f5b0bde680b6dbd21d16c15f532247cec75f097b0a7c3553f6d,12,4206,0.6571875000,80,80,uint16
IMG003557.jpeg,1807573a117bfbfe8e4d56ed0adf598c8e2f430a42a994da505615e0dd65d81f,region_maps/IMG003557.png,31e98a5356e2e47ed5461afe1b9077000539a502503c0e12289480149e23042d,4,4613,0.7207812500,80,80,uint16
IMG003558.jpeg,b61893e78cf4fa00e9a3977a30fc875a11fb7baff5c5250750e508b7751cf8aa,region_maps/IMG003558.png,8e093633b2ee45d253cc2163722c5ee786422a9951d4f61b4ebe685bf83621a8,9,4161,0.6501562500,80,80,uint16
IMG003559.jpeg,f77ddc45759ad46b6ff68ec39d26f844ff745a7a59a8c493827fe393b9b52eec,region_maps/IMG003559.png,879fefe0cbf1201d350384221cec575d5269983e95df02d6347bf5d54e12b4b5,7,4090,0.6390625000,80,80,uint16
IMG003560.jpeg,69cb1b3f5c0c70e6c11edf4b1b5d270572b1acd99530008f0c85f4dd05687e33,region_maps/IMG003560.png,09c2751ef5f60a1960d15739c8ba7f44c4e8262347f6fb6e1408acdb4e943aba,4,4048,0.6325000000,80,80,uint16
IMG003561.jpeg,d1cfd18b523e6a35b2404bcedc6570a3ae7ae4b7813bcbcce95192888ff20524,region_maps/IMG003561.png,6d8a9d6d9cc1b97202585c1f8f5f89c64d3ecc0ed9c63cf8ae60b1e48380a095,2,5418,0.8465625000,80,80,uint16
IMG003562.jpeg,9f940e96fdb6a8bc8412de43a651b11b801186a3351f4284094b61b75c94317d,region_maps/IMG003562.png,bbde3d7e9d5d6f4e9098dde63049052645e7908d93be9d55436ad0ff95a0fd08,9,1943,0.3035937500,80,80,uint16
IMG003563.jpeg,2d9fb27ed168003487f28ca643b321007bee4b2e6dc3f805c066c1130e8d4f34,region_maps/IMG003563.png,7e0d6bb7aee83ecc4584438310f1400f1f56bb80330cb3c96f0a2f689340b812,9,5200,0.8125000000,80,80,uint16
IMG003564.jpeg,88225f2fe98a91d8262c30774771c4468aabb1f4898852bbfc2f86a88266dda5,region_maps/IMG003564.png,14ef8d9624830ff5f4161d473b1468dabdb9478f405eb088b343f2e7287df3e6,14,5206,0.8134375000,80,80,uint16
IMG003565.jpeg,1aa9645495a0b97b4956b02c0a5b770828b34e7ff0edf1b84aa2cb7291d5b3bd,region_maps/IMG003565.png,4d515dd0bfb61a29486f2898d29e8d6a939850dac25ec6084c6de97ff5ee2cbd,6,4116,0.6431250000,80,80,uint16
IMG003566.jpeg,82ffa84ca387474ad1910b41144bfa7303c88748947f103d6d8bb472b813e139,region_maps/IMG003566.png,c685acac3d540934bd2f0a936e8cffb115ac257ed232fd7033261a8e4ba9ad1f,9,5156,0.8056250000,80,80,uint16
IMG003567.jpeg,2eefb53143729dc8edaf3246c442d3549a79300daeab0a8121ee1fb7d6a3f012,region_maps/IMG003567.png,6a708f9a29621b0c809b96bb376e4a2f660edd45252b31490bb7a5a37cb473d2,4,72,0.0112500000,80,80,uint16
IMG003568.jpeg,b0456680b77bc4799c976667f04b2d225dc479112caac3cc5ac4ea10f3689e82,region_maps/IMG003568.png,e1dd1dfdc0412f0e4080e7db08e9b9bf96281163328b8777ae25a216ca6182dd,4,68,0.0106250000,80,80,uint16
IMG003569.jpeg,0c6b22bba2c08de1e67b287463304ec5d6528cbd76d7ecc691e30c59018378b0,region_maps/IMG003569.png,c3e8b479e35babd10e8d4868c7299f3d05f8e92c1d732f78e690e33e9f7b94db,14,3400,0.5312500000,80,80,uint16
IMG003570.jpeg,f85b3150a79b321a6206c35ea10b1078fc7d35e5ddac43a8d0ce1a758b6734cf,region_maps/IMG003570.png,ed35814ab7cbaad016f883623076bcc0245173788d3d233a5c091282b71cc4d4,3,2349,0.3670312500,80,80,uint16
IMG003571.jpeg,ff26b1e4f07502c588a26b181a83d8b6169a5c26b5186c64bd0bd422597fb907,region_maps/IMG003571.png,135e80502d34153c8bb90422fd0ee16aa8a1ff307b9ca1424d4141ab8651cea3,7,5343,0.8348437500,80,80,uint16
IMG003572.jpeg,61ef798456ca932937b7e2d317d94dd92da5e1de4eca68e2c8b08b6f337fcb25,region_maps/IMG003572.png,17007f63fc67ffc099866da0a3420d9a82c9ec63923343c57362aba2fc6dee5e,4,5957,0.9307812500,80,80,uint16
IMG003573.jpeg,6cf10e2d477ceec276097efb30835c2c71376f43a955ec89caabfe2c89aeeda2,region_maps/IMG003573.png,962a4b2a0d33df876d7a6ef36d35eb492dc3190eacd8b42a3d425ba9a8a69048,13,2299,0.3592187500,80,80,uint16
IMG003574.jpeg,8a29cfba78f646d3c2bb941e137c10d30dd802467cfdfb184ece1d42bcb9f671,region_maps/IMG003574.png,6969b0c104da1b401b965d6fff1feb5242960e78f75ccddce33463b8f898b581,7,2408,0.3762500000,80,80,uint16
IMG003575.jpeg,0725db54e7b3c1eae4b0ccdd343f1b2e7ee77aa0ab48dfd44fe24a1c4f2f7142,region_maps/IMG003575.png,5f3d6b8bdffe6d8981d7aa7e71211fc84a3f92d764a0533a1d3d0d2dd09c6ae1,25,2211,0.3454687500,80,80,uint16
IMG003576.jpeg,1a1ab63d10d28a7c3079ef94855f01c110e52a8a819f7d7dca524a7a89cffadf,region_maps/IMG003576.png,5d0b4c10fdcd7692699db658c8135d1f610d6b6c5b5e149b373d1c73c03f5838,8,2804,0.4381250000,80,80,uint16
IMG003577.jpeg,a36eb81465dd533293ee5d4fe3f944455a3c75d56d7c45e81e128c03246079bb,region_maps/IMG003577.png,f357bd7f19929e09ac8079c1dd97d242145c06681f05dd70e33aaa1ee206dd20,12,4485,0.7007812500,80,80,uint16
IMG003578.jpeg,23b0b9d52147071e0917b4295cedc8b0647613e33a025c0d3029dba6e0da26f5,region_maps/IMG003578.png,86f1855389cba909877d895e40f633ba4187c4909a8953dbdebdb9310e77ae27,5,138,0.0215625000,80,80,uint16
IMG003579.jpeg,9458bff3108ac21cd18a4dac6a58f201b57637f078d67c0f797987c1d285bd47,region_maps/IMG003579.png,ebd222e61ff8d3ff43abc245746fc7ae78b9882eb23f4b3a30293b4d1f45ea96,20,1622,0.2534375000,80,80,uint16
IMG003580.jpeg,7c9eff72c000cb65bc9af14656daed15a8fb9a9f470fd5aee2c2cc103a8c4781,region_maps/IMG003580.png,1a981586e2bb65eef3efb9681d675829943f00b6a03418cd2dfc69c4cff3b259,4,5047,0.7885937500,80,80,uint16
IMG003581.jpeg,20d6feab254d4f1af10bd3e107f0f17a75b4a4fe2db7e81e3db893f0eb43b90a,region_maps/IMG003581.png,b7d1416678697add9d9c31a04eb7bbf8f22defee1d8667c8c9b33d04c09d66a7,8,5254,0.8209375000,80,80,uint16
IMG003585.jpeg,6145ce53517c77c06e71bc86174daa79e4a26f0bca9c7730bbbe4cededbca7c2,region_maps/IMG003585.png,4a7b55eb4e76a831f150d2566ec1c53ec69908d1c586a90e3e0ec94751176a46,9,2088,0.3262500000,80,80,uint16
IMG003586.jpeg,4ddf22c0040a115647d47984d2436e3dd32f4a927232e6d316396dedec382450,region_maps/IMG003586.png,325d6b2ec272ff23ca36aee31fe2c42bbf2cf3c707ee594b06a0c19a43cd6041,9,901,0.1407812500,80,80,uint16
IMG003587.jpeg,7c2792a3364b25512660e7f4b28817d1e4129a289e9190a0bf28ee74523fb616,region_maps/IMG003587.png,b27e5d9bdde15f33d8509c58565803e0299dfa23ff15f80371376f29c02daa8d,7,6231,0.9735937500,80,80,uint16
IMG003588.jpeg,32226705d85a5a2e61ab834cb2f1935bc397e4b6babcd6575973eb906461204f,region_maps/IMG003588.png,594bd1031d20fa5433d3d62933e3e5e227da4ae286b613f2e15be50a1e16c7c8,12,4917,0.7682812500,80,80,uint16
IMG003589.jpeg,764bd2c96196616d6350f0d978c49f9e34a6098d784afb3290b6d1aa83a47c93,region_maps/IMG003589.png,3f71504771966523141f3a942a861ce368333edc0c5956f47fd7401fca5bb9ce,12,2198,0.3434375000,80,80,uint16
IMG003590.jpeg,9e91543d0eed7bf49a0f50a0e824094b4149880e35bf01a080d4b2c09a6f6321,region_maps/IMG003590.png,18136486c1416b5145cf8cf7f588e334fb76d9f7aa0578247112dc71db047399,7,2793,0.4364062500,80,80,uint16
IMG003591.jpeg,c64dc777ab2541d6f83890bf94f659cd8b3f19c76d53649f1b937a5a3db36bea,region_maps/IMG003591.png,9adf5749a107a50393bffaad6b47e84b110c40a9f5f182da579c6144aea1ea0a,6,4116,0.6431250000,80,80,uint16
IMG003592.jpeg,3d8843cb28c122251c50f802aca5ad4ddcb7a6295b82f638d5e1b67067340e0d,region_maps/IMG003592.png,8f7f2023bd3cb4cc713d7d85b47871d4fdad792e1d63787c3fb2e6431d1043ac,5,18,0.0028125000,80,80,uint16
IMG003593.jpeg,2a0785dd3c4fbd6e32c38d90b5f7626e886d347ac36f37abaa09e27af693f7ab,region_maps/IMG003593.png,3831fc32b53de3ca26f259c6a537b3947709fb1be61309c48f3d9882bc0c8b3b,4,84,0.0131250000,80,80,uint16
IMG003594.jpeg,4dcbc398ce9bf05409c0ac24632fe2b0fcba3628bbd4d745fe0c01437d8e66ae,region_maps/IMG003594.png,5b3c754f8e5f491fdc9b4771af4e57101e8b62007855405c266f879b004a1a20,5,30,0.0046875000,80,80,uint16
IMG003595.jpeg,6dc1c3f9b8f7a0ff9f6dd8e100bee20362604141c1656437b08892b33535de43,region_maps/IMG003595.png,dbd9cc08bfef4b69c08b882673c14ffcbb05134eebf19cbfa752ee22aa6fe427,7,3199,0.4998437500,80,80,uint16
IMG003596.jpeg,f2280260e6a1701d91d34a6446d5cc1bcd3734549d9d3aaf43e55d6f1fa02b8f,region_maps/IMG003596.png,332eb298d579a6d7b357767626cbd2bd6ad35ac93fc103403a2124b109cc7d83,4,5160,0.8062500000,80,80,uint16
IMG003597.jpeg,2473ef9c3b2eadb3b7e79c34ed0cddd86293a02d404dc8acbb310aec52665d18,region_maps/IMG003597.png,594a3acd4325cea193e685f540a5079b8041112ba43c7d0db72bb4f773a2e64b,22,2885,0.4507812500,80,80,uint16
IMG003598.jpeg,febc6fb4e5d29fd23c08e9d2eb6c4d4dee6b4599b505934d65c0bbfcbb6ddaaf,region_maps/IMG003598.png,36e223b223da489c09807b634b57e913f0fcd96b6d6069eaa5de1dabadc6b677,4,3065,0.4789062500,80,80,uint16
IMG003599.jpeg,94b716906ecc15a09fda1d7c6ef769f2caa7592ff2cbeb0fd743480dd40607a3,region_maps/IMG003599.png,28609a4a602b073c77b5e089f297fbf46c1673f5dd4162a1f29f314d80337a27,16,2982,0.4659375000,80,80,uint16
IMG003600.jpeg,e6e3be86a4199cc519f191253d267a966e06822aca92c413fd9efbccca66f6b3,region_maps/IMG003600.png,710e797627aee5113cf09cc95bc6ff44dba8814ff05f3e4e91a02b44268a6c5b,10,3828,0.5981250000,80,80,uint16
IMG003601.jpeg,be9e3a4bd9d8b3648b8d786a726c73aeee54abdfdd2e208a32d18bb5a46d7f07,region_maps/IMG003601.png,9082de62cdd6cdf58aa53460cc91e742614cad2636c4904b616259f512a15d53,6,3446,0.5384375000,80,80,uint16
IMG003602.jpeg,fabc6762dc5f625595a3c305c1a0a16cf9febfc6b63042598d1be4d1ffcdddc8,region_maps/IMG003602.png,065fc5dd31c9cbe449b9faa55642bcf82f8a081313f6304d79c7827c5fb308d4,2,5838,0.9121875000,80,80,uint16
IMG003603.jpeg,48423a40a1f54ca06666d80eab613e77979229b71db1f8f235b3cc23bba94b1d,region_maps/IMG003603.png,8bd78255aca079559536e34afcc51249d1aaa2ecae9ed15f19579742653e2a8b,3,26,0.0040625000,80,80,uint16
IMG003604.jpeg,df4f1e07ac8edae524cf86232d217fd2a9af08de043c59f932ede91533589211,region_maps/IMG003604.png,2ad3f5804d06321d6fdd12fda50e5f7ae1cdbf1d5fda1319b4526b3956ab7219,10,5734,0.8959375000,80,80,uint16
IMG003605.jpeg,c56426394b13c71735beaa5bfed7142c47dfe950a9ac65fb1160d14344fceb70,region_maps/IMG003605.png,5906d9ee14cfb3bee775f9a8292eb6b2fc18422e9b20e518fc4f5fd9f3397987,5,2871,0.4485937500,80,80,uint16
IMG003606.jpeg,5990c8bf999a09cd6fd5d88d946876a829b9147ef537e89ea6dbe3e3c398680a,region_maps/IMG003606.png,ba0a7a41f845968a6b1bd336f52c35aa76a4d54b06ded0c1b05cc9c4f3073791,6,3566,0.5571875000,80,80,uint16
IMG003607.jpeg,f716a4549d35759101bd4073958de93ee08507e17dbc3cdcbe4bdc2ea2a3f3a7,region_maps/IMG003607.png,15e64b187126f16a283c70810e12402d0cbbc0707dad64a568160e99cf585367,14,4889,0.7639062500,80,80,uint16
IMG003608.jpeg,93085756c85f46b0528007e8c6181db754f121caebb364f775453b59296c61a7,region_maps/IMG003608.png,2d159b2d666cf3153c6f9441f112e52369a2b5a22178058d74dea1f1800d9e5f,8,2074,0.3240625000,80,80,uint16
IMG003609.jpeg,170624a50064f05c1867ab570e5d44c74e17d3936349eb4c9b5f766b0866fa57,region_maps/IMG003609.png,fe224967838796e203a8106d10d2706e3f893e63118caf7799e4bd547aeb3604,12,2306,0.3603125000,80,80,uint16
IMG003610.jpeg,fe9a97016e3e3218d36ee3dc830f7e86c7691b18bc125f0c789d4637035f9228,region_maps/IMG003610.png,e39e55e936ecb0cf7a721ee5adb14e526edd3377f75a503a3460a8a6ba9f2aa3,25,1351,0.2110937500,80,80,uint16
IMG003611.jpeg,0bf02875cacfaf1e17c971b5bbabfee173e1f2bc1a6aaa81f20ce55adfe44b80,region_maps/IMG003611.png,be4d525da02aec620c5b6caf80c3b450fb739bec21fda8f254f24d3303368e8b,11,4996,0.7806250000,80,80,uint16
IMG003612.jpeg,7780abdf589f6345dea2273c2a1cf31dd9643446d63335c4c714d605d1a4269d,region_maps/IMG003612.png,732c37f9d6d9a750e3736d75300e3777b948103ef7d80ca497058fdf4ac367a1,10,4800,0.7500000000,80,80,uint16
IMG003613.jpeg,f877aedcfe7de7e4551a82efdab427ad9f96300757fdb970b68e1f8bc57a5213,region_maps/IMG003613.png,93300786bfedb1f6cf3c4dfc9e63fb6d7b2f89b6a2be37d306cdebb71fc637a8,8,5331,0.8329687500,80,80,uint16
IMG003614.jpeg,6573acf35fcdd9a6c4e73f59c43028dba1f981dbb769a1ab5325e0e36637f21d,region_maps/IMG003614.png,43167da63544ccc52c9a44664bd3c6c534dca45e7445a3ea92493dcb1380c0ee,4,4198,0.6559375000,80,80,uint16
IMG003615.jpeg,0ca4f645e5c894e533f1b618e12e8322439dab450301312f4c4c1bb27f24816a,region_maps/IMG003615.png,d1eb78f2b7754d921caad4c987b821420ea8b105143b8b8371143a8e6f074935,8,4185,0.6539062500,80,80,uint16
IMG003616.jpeg,ee058c335eaba8a1b40851cdbf451ba5435560f50d438d3fb781201f31c7b483,region_maps/IMG003616.png,a7e4457b3052449ec57cd2d4c9f35f69640354b44da3f3b19d49e6ec7335ec41,7,6042,0.9440625000,80,80,uint16
IMG003617.jpeg,4936fb498e480a0fd30a878be52b9053a1aaa31957eeb75a3020480130525880,region_maps/IMG003617.png,4eaa10d0f7ae6ccce9836812bc28a7092a99754707e33c4b98f2a6983bef6943,19,5320,0.8312500000,80,80,uint16
IMG003622.jpeg,9d2ca8e93668ffaffbd6ea83502f27ef5c3ef23f8ad8d8e98f107eaa9d202671,region_maps/IMG003622.png,54a32f38a4d882a5dcb184a3141a9e3793da826f37ce133d370e813a92b5b6a0,20,4780,0.7468750000,80,80,uint16
IMG003623.jpeg,e4ac772c2d57bb16d0e888548e92f553c56d339b516e3503af3e6c0c3dd681d7,region_maps/IMG003623.png,3f247f8885637d86997442e8f27b4d40bd2ba5e0a7557e0eb1149195cf12768c,4,2146,0.3353125000,80,80,uint16
IMG003624.jpeg,6e0fa7cbaba74e3ec55e64b235ef691caabf6c3332a4302f8574cf47c7bd0a25,region_maps/IMG003624.png,f056a6111a7069bd636b304e31df5ea6076ba709fd9ecf1638678a9abe16cd21,8,2764,0.4318750000,80,80,uint16
IMG003625.jpeg,e3e8e695b9b168eb4654ff83ccaa53f8bdfd5b77e3ca58a169eaa5951626d474,region_maps/IMG003625.png,3c6fe0a068da5f6c4999aff2834217525db0318b5e5d5fa5bb8716ed70bb5c64,10,2142,0.3346875000,80,80,uint16
IMG003626.jpeg,c41ba547a4b9519d6b5a761aab00c35070bc4c23bfc041a41d55bd79650da5aa,region_maps/IMG003626.png,13f8affdecef99751f834ccdee5a50aeb0c70cf0fdd58c28c85c3e0b0806a7ca,27,3086,0.4821875000,80,80,uint16
IMG003627.jpeg,32d8e5bdd4424e4490b17e76dd5f8c37327d0adb657dcd751336b867550f0231,region_maps/IMG003627.png,c37f11b967a865c59f73f1c52fdb3cc722f111574b2c5a69aa8ebeb7bf3a1ad7,8,58,0.0090625000,80,80,uint16
IMG003628.jpeg,af1ac79ef2e2031a0729ff44e8d225a0f42aa6391edbb6eb95e9d2dd686a9431,region_maps/IMG003628.png,0407d5ad38cb06c3ce8747c28858ee72f9afac8cff98de6366e2af57c891a2c6,14,2948,0.4606250000,80,80,uint16
IMG003629.jpeg,e9cc01ed20d4b5eb61b051e5b1957695a5715e93a43640a042c85521c421cee9,region_maps/IMG003629.png,9ec0ea00ab8c24276cfada1cbe6f933b7d48f6e5536bf1bed83ea6635690c414,8,2954,0.4615625000,80,80,uint16
IMG003630.jpeg,0df91009d7c8fa6a7ade67d5adf33f0f1f578563f1a7f0aa4c6eaa2f2e90a78a,region_maps/IMG003630.png,6695c6e4686e5b5f13ce13b7575f9392ee8a8013ae2f3248cbd6f17fbcbb0f19,6,3740,0.5843750000,80,80,uint16
IMG003635.jpeg,4f87ad38e69079f7b011eed0baad8569470a47172b4421a938f4180b6c36e64f,region_maps/IMG003635.png,dff7cc029e647e10fcf4ea059b175c57daf57b358288aea1108789513a3e27fa,5,3033,0.4739062500,80,80,uint16
IMG003636.jpeg,3f16592da9ed81fe5277aded9d17231de02ac799f1220db530d91243a6f0d840,region_maps/IMG003636.png,506a806bddc6dcdf5e596ed16e7fadf9696c16eed660c780b37fda2aaca31ec0,6,2692,0.4206250000,80,80,uint16
IMG003637.jpeg,1ddd242cff33f10ebf5a1d0497d862f7f96dfdd624e99527c4a69e9e234d6998,region_maps/IMG003637.png,6f1580ec7d733fb49ee53d8ab466c9cea308a3e45fa3e837c30c5a51ac1cb29d,6,4915,0.7679687500,80,80,uint16
IMG003638.jpeg,a0093391d2269a3d271d77552fafa89b07466b8a4a64cd5bb95f321ce3d84970,region_maps/IMG003638.png,6806bbe518c69b6130fb25162bf2aabaa7b0bbec04ab5acedce0f60521d0793a,6,43,0.0067187500,80,80,uint16
IMG003639.jpeg,d88d191142dc72cb0e5de39d2c90064a7d071bcd7a9a7fb55c99bc3fe7ccc5bf,region_maps/IMG003639.png,3643589d77ae0082442a86d97c831d7d0c4ee3e16e8cc2fa85afad1370a7c358,7,4479,0.6998437500,80,80,uint16
IMG003640.jpeg,ab7464038be4a8132ecd4f3995837a0b5f1aaa3e5c001c3d1863dc3af083da06,region_maps/IMG003640.png,7ce182e00d5638686d723851df5a7852874bceb840e7befab010856d4f25631e,6,4403,0.6879687500,80,80,uint16
IMG003641.jpeg,039b79a645239553a2f1f261a0c868d7ba84cacb8faa9012e59c0a77d1d68395,region_maps/IMG003641.png,52debbad135f3e8d9004b80ebc5cad4d90f767c78d751c91a836864cd1b42c35,4,4703,0.7348437500,80,80,uint16
IMG003642.jpeg,155f17d4e24d3de4bf3ddce2120f78c4c722cc056324443a5a7e98185f3b23a0,region_maps/IMG003642.png,88c36b2298cc3cdf340e1a33141def22706e74b8d853b9b454c3c4b080e79d31,7,6308,0.9856250000,80,80,uint16
IMG003643.jpeg,de96e01f802b758e3abcc386ce1283e6c4a0b4a73f5061a411ba6388fe4b56dc,region_maps/IMG003643.png,3ae8db6e4689fd857189c8c3b7ddec6ac16b1a4c08c5b25da0bb4dbbd494764b,10,4957,0.7745312500,80,80,uint16
IMG003644.jpeg,93d805867085e27dbf345b70e1871c10b1947b1e3f29fa4d0b4fc8bdf7dba4f1,region_maps/IMG003644.png,3010e39bcc7087e9a9fbd69e55af4e86a7ccfa8dbadf6b58bbd76da06b45a8ac,15,5046,0.7884375000,80,80,uint16
IMG003645.jpeg,656fd90854bb9037507b7daf3e19bf3756b3a30cfc2e78d513eda431e25d946e,region_maps/IMG003645.png,4f7799494e429bd9f2c75b557705eac5cafecc4a57eb7eaf807c4eabed9a3338,4,2958,0.4621875000,80,80,uint16
IMG003646.jpeg,a05f3fa3832437ee554f23b06ae55b3cff070d2326613f8c2719925ada5d7384,region_maps/IMG003646.png,778ac82f609f65a9f6f734291394f413b599810f25d8469e84206256dff0657d,5,6049,0.9451562500,80,80,uint16
IMG003647.jpeg,5d04859b17bb5f52c88daf688071160cb83657bdfce54343bb7fc224bf13370a,region_maps/IMG003647.png,cd1f6a1f864630c4911e810b03e06305b1f9a937e6e3c6614e92acaa833edfaa,9,3265,0.5101562500,80,80,uint16
IMG003648.jpeg,20e0b9ddf7607d761e0d56205cf1642cbf3fec3fd6adac99a8531f5f9722d37d,region_maps/IMG003648.png,e511897cb8666849c69f91fb81a41c516ac437c84a517690b709fd0b475b42bc,1,2561,0.4001562500,80,80,uint16
IMG003649.jpeg,02f4bbf393d978784835c870dde677e1e8044df1ff25754334510d92f4f4e0f4,region_maps/IMG003649.png,41c7109af89dbc36688fc96f1b3c8d17a3dcaa67f7d0b93ad2d5371f1c148c29,13,4622,0.7221875000,80,80,uint16
IMG003650.jpeg,6cce8273961629bab138b00533edf233634127e1bfe7b886deb0a47d1b00060b,region_maps/IMG003650.png,314c1351ee39a38e099cbc9fd75e594c9e21ce53d0aacab56fa6c9de0c09119e,7,3288,0.5137500000,80,80,uint16
IMG003651.jpeg,07375b27f1ae916726a53d35686759fb5d73603a1bf5478cb47f2a4004ae29d7,region_maps/IMG003651.png,026e2753b99a248c482609f83cbd1ecdffa8f0e9b9b37069f9252ab721c3b6c9,8,4589,0.7170312500,80,80,uint16
IMG003652.jpeg,59ab5466c58f952d5be95bf4a105896fa1acdf282ef6acfb40544b729565f6de,region_maps/IMG003652.png,0e162ab9f878e43cc2a92b297f38ec00fdb768193695e060929a96cab0232624,10,4222,0.6596875000,80,80,uint16
IMG003655.jpeg,e67f2fb773ea258cba47aee1276a42d0dcc7185566a79b76d7eb9f191fadf1f2,region_maps/IMG003655.png,533e7c22d2a9c82a7a0b89c0b30c89f943af353f26d8f9061420c91f82ce2be9,5,2988,0.4668750000,80,80,uint16
IMG003656.jpeg,9c5a7da35e4bd5e8996cf0989bd21400e0f572f4ff3df5d2edaeb2175b6e98d7,region_maps/IMG003656.png,08e778fed32d9373bc58ecf67462642f8f92bf62bc58572c443347ca35bb78e8,11,1940,0.3031250000,80,80,uint16
IMG003657.jpeg,0a7a95491ac4c5bf83f2514753b77c8dfd1e122fc058c3fe63b110cf78445340,region_maps/IMG003657.png,9c73691896733491a8bf07ce850e3ca64e0dddccc8d28b7c73623e42bc563c3f,14,5590,0.8734375000,80,80,uint16
IMG003658.jpeg,3173f2e566da40304bee853ca0d307f06795b953043082a7fb844b49d44677f3,region_maps/IMG003658.png,a2511e79cca8795063ac13d8815d8ca7fe01f69abb3117ce88633e7371f895f8,8,4712,0.7362500000,80,80,uint16
IMG003659.jpeg,2a09f5e91e1c3a8439ee695d4b0423437a0592126468761081c6e60490f24596,region_maps/IMG003659.png,184c1543936e3a7f09d4f4d10d7ba32526977787536889826a1a9388f2cf080b,5,62,0.0096875000,80,80,uint16
IMG003660.jpeg,28a4ff179467b2db2493b5918e2f2676c7ed9e3264a75e989129f8fd0f79b05c,region_maps/IMG003660.png,05d645e1e37078725ef278a278aa6ae0a1e0911aca3ab5ae4eefccaff14e42ee,4,103,0.0160937500,80,80,uint16
IMG003661.jpeg,f1daeafa4e15296b764feca7ab37560f803b105c015b8eef48abdd1d90b8da0c,region_maps/IMG003661.png,3d85318e8ffc7df543605ce6fd2087add7f0024f299461568520b49dcc75f5d5,13,3772,0.5893750000,80,80,uint16
IMG003662.jpeg,ae02ddb5b3a8f745861e0883f4566e980ffb3765d540bd8ee407431ea30e8080,region_maps/IMG003662.png,b7d1edecbd92bd7de43b1ef30b8f2ed1ab410430b090537fda550222fc608f97,12,5348,0.8356250000,80,80,uint16
IMG003663.jpeg,87a6688d56021b664d61054f19e756304005db8ebb06e07472ad04ef48b898dc,region_maps/IMG003663.png,04adfc693f5aa89b01ca44f4011e69cd551e25081ba81c3468d99946fcce70b7,22,3025,0.4726562500,80,80,uint16
IMG003664.jpeg,cfb77da3794d46c2484d833b713bf2b4dc6143aee3c818be0a9b4482ca8c2e98,region_maps/IMG003664.png,7d68c3433b5754d27607de4d216f82be550cb4219d9a477c8733ac981cdddfc7,6,2295,0.3585937500,80,80,uint16
IMG003665.jpeg,ed9e1105ac9601efccee6b7bf5f7d3499983dd951ba65c7a9e72aa3b0aa9ffed,region_maps/IMG003665.png,876757c61e5caaad191acd8ac4e24eb88a3f4284c10d90d597fa1fa34972aa8c,4,49,0.0076562500,80,80,uint16
IMG003666.jpeg,dfb72001187b83518f525ed425453f32b9e8c988503a9aa6f0acb14a92ea6dd5,region_maps/IMG003666.png,c2f087bc4688c5fb825b608ead941a1257241eb71d00e83cdefd34bd26d0ab1b,4,248,0.0387500000,80,80,uint16
IMG003667.jpeg,d96884c1d4dd2826cfc4c4c03a09a2ad846b84a9c84f30e446e6f3d832f822ee,region_maps/IMG003667.png,391afb83f9029374b1fb66f307131666d090b8148163bcb2978d7097379c6535,5,338,0.0528125000,80,80,uint16
IMG003668.jpeg,2757e9cf7c859412dbcdf2fa58d4ed6ce669322a80f18ae1dcd65e3cf25a574e,region_maps/IMG003668.png,3409197ed1bfb0f1715faa834dda2a2051270562b66c27407f8965e779d42265,3,225,0.0351562500,80,80,uint16
IMG003669.jpeg,09b4f34d010d9b7c3721390c873bcbcf28fe1322b50355733492456f80746067,region_maps/IMG003669.png,f40742feb8946d4abe09cfd5d3810483862a1a90a4e7da1c26d5ec1e75d422cb,8,144,0.0225000000,80,80,uint16
IMG003670.jpeg,3810ec0d65f0904351cf8236b9fa91087ace32fb0060ec2dcd8bec5b8856fc71,region_maps/IMG003670.png,c5bfcfa92c31885ed8be34175f4f848e4d044ecaf0c5502671ab429a9e13bf40,9,3922,0.6128125000,80,80,uint16
IMG003671.jpeg,4bfd30b2536106988d76a14f5db647973875c105376699be3aa2ee283febc70f,region_maps/IMG003671.png,3354a9195311a5c15a5189efa8b596c4ba0d22649532067e90c9fdc2a354db62,8,4504,0.7037500000,80,80,uint16
IMG003672.jpeg,8b316eb2937901f38c2bdecf8d51f6a124cb6d1f8a51d2660450236fe36264db,region_maps/IMG003672.png,05604be64093c52f2d670f81e12a7293711982d4f7e4b28db0c8404737ad4203,5,3626,0.5665625000,80,80,uint16
IMG003673.jpeg,4ccb2570d08c53a26a857fc9f4477529f77f9778b1e256cb6b48bc7592dd60ec,region_maps/IMG003673.png,4fa396b5a8e59960bf418a9eeb2353457608ff32005ff1b55dc099fb53aa6627,4,186,0.0290625000,80,80,uint16
IMG003674.jpeg,e8bb20c4f294d2d0e75bb6c46990e3715fc20c38be801488e05ebdc93f6aecca,region_maps/IMG003674.png,c254885318fc68239f8e1a512ad17a81cea42c76632c1c8aaf8f627690884955,4,510,0.0796875000,80,80,uint16
IMG003675.jpeg,9db8cf11d14559d60e8579487c5d3500631a44fe9111f447f57b344b7ad7d3e4,region_maps/IMG003675.png,eeebf4ad4f397d6c0400b58c842a0d806066ef0858c0e70042f0eb29738b83f9,2,6319,0.9873437500,80,80,uint16
IMG003676.jpeg,42951512b20c8632dd301956b6dadd15174d18e9962fc5e1c5db692b25f1f2cb,region_maps/IMG003676.png,31cbd1bf4d8f4a970cb5064a5adcda3fab88be1f1c4fab502fc3058a0af75e2e,6,3402,0.5315625000,80,80,uint16
IMG003677.jpeg,543a1a190d96dc197e4d776e7d2cba415cfe17c05d7eaa93d46524b71a91f7ae,region_maps/IMG003677.png,064eabee8b2ae82b3d395500382e688e032d1b9a23509cc504b7a72234e293f0,8,3533,0.5520312500,80,80,uint16
IMG003678.jpeg,c29b736ca0baa64458b47c4d34e2abbcb969d2fc5c734598540c767368de5996,region_maps/IMG003678.png,3e3f85b0f24cd04011f5eb95abb1f62979cfb1d21912c18d28116e78548f3116,4,3684,0.5756250000,80,80,uint16
IMG003679.jpeg,1f37d05652f5fa0ac6f5c0e0ebb0dfd9e568e48ec52dda56ab84aa2de429da24,region_maps/IMG003679.png,e4d4c25bf34a54c05d8775e399e0c7c270419ef55f58fe4068b4c53ec5460f7a,5,40,0.0062500000,80,80,uint16
IMG003680.jpeg,3cb0493445fe0a19ae1c11df504f463021a78f0a2a340a7aad8ce2c97a1076c4,region_maps/IMG003680.png,08e69265a0b775417423c2231f53f456a064dcf36f7ca044ef09d55ebf24435e,5,5423,0.8473437500,80,80,uint16
IMG003681.jpeg,26c6d8a6d42611ce7a3afad15ba48498f0c9b1669b6b66b17bcd9ea17bad9468,region_maps/IMG003681.png,7d68f2ccf93e89d7bfec4c3b26b49971e42ff8c4f40409e6e1dd54f4ae3ec5a2,5,3273,0.5114062500,80,80,uint16
IMG003682.jpeg,85a82d2067e94a2084f3009bf572b373762d2f7be0b3ba6a61ed4e00f1e359fa,region_maps/IMG003682.png,b3263b64f133d06e1bf8a48c8dad4b653eaa0175659ffa76632e59128fdea1c5,6,2698,0.4215625000,80,80,uint16
IMG003683.jpeg,0a7be57ccdbbb95f302854b7248c3f148d493fafce84c4067554ad356b34fbb3,region_maps/IMG003683.png,d6da89ce924e7f861405400d00c08ae2b1428e064d9ab112e0ecc3aa9232db94,7,80,0.0125000000,80,80,uint16
IMG003684.jpeg,49900191d696b2974fd64c12faeb0183ef9479e0239cff1c8bff51f43eaa71fd,region_maps/IMG003684.png,5ace46615a350170c97e3fa15fc296bbfc9a7f0724c2d2ed7dff6297960afd14,18,5257,0.8214062500,80,80,uint16
IMG003691.jpeg,4c3d9dd975a8a269dce6e57a2ceb0b49d5253cac34587d79c95dad0511708b10,region_maps/IMG003691.png,c644c22dbcb28451b5b13f681901c71e10b657798bbb519a7038c673969097bc,6,3469,0.5420312500,80,80,uint16
IMG003692.jpeg,bf961053843a08b74c9f913b9a3fe55295aa875cd1e1cc5220b35978bf614dd7,region_maps/IMG003692.png,ed7073d834f1bc6f3719d6a1e14a347989d9d7611cd5b2171bbf8baca2efb2dc,5,5034,0.7865625000,80,80,uint16
IMG003693.jpeg,53fa7bf0ddde28eaee7cb4a23f2b9684fd162558fbe7055f704ad299929971af,region_maps/IMG003693.png,82b8ffef58e0edaf025c2a28f02bd7edea3a39ec4f65b1346155a1d603d13c63,7,3505,0.5476562500,80,80,uint16
IMG003694.jpeg,ff67415a95bd06ffe067d41ada3890414ba632f1dcc7e96e26bc470713d14197,region_maps/IMG003694.png,70db474799e9408c5f98b46477671572cdea660219c8021ffbcf7dada94d22af,6,5409,0.8451562500,80,80,uint16
IMG003695.jpeg,6f91af80ef76d617e9692b09ec1bfcdf62ae6d53320364882f9dd134d5134b4f,region_maps/IMG003695.png,e7206528ab8b9480d43d65c2e43a8e4d8f7e9b0395e46a741243ff5954540c52,7,5600,0.8750000000,80,80,uint16
IMG003696.jpeg,e71e9f19aa2a9b8a0ad7305afdb785d0df2e35a41cf03e35130766b2e11e8771,region_maps/IMG003696.png,e6805737164f7f350a44f01695bb3a7b05bdbecff69687315b6783af301970a0,3,241,0.0376562500,80,80,uint16
IMG003697.jpeg,5bb3d676b0d587ee9c3a8b9bf58bf14727c7eb71aa6b156344102214f60c4dc9,region_maps/IMG003697.png,436984f71e8a66595bce2e1a50884ee7db66ee6fd59daa3bc0cfc5ac7b574054,8,5437,0.8495312500,80,80,uint16
IMG003698.jpeg,a838311f2e247b63e2d534c96a6f8ff036598949a2a1283d640dbc0ff8510fed,region_maps/IMG003698.png,31403cab0a4b6b45f889b24624c3509be6ba5d0d2018d966cec6f613e8e6df0d,7,5819,0.9092187500,80,80,uint16
IMG003699.jpeg,24d25c2affbc859d83c9ab0b1a578f426f798696877ef0cd3780e7c134f9040b,region_maps/IMG003699.png,f2e9127891856da43b176232436aad44caa04bf2393aa2f1b749d23d394041f0,13,3041,0.4751562500,80,80,uint16
IMG003700.jpeg,92bfbe7d3cd74936966623c4cebf7d2a5dbace2b46c309b9233f679f2a95a4f4,region_maps/IMG003700.png,23647e527eb12899cbc8db5248eb5caaf38cfeb1d378483415f1e48dc543d80b,26,2342,0.3659375000,80,80,uint16
IMG003712.jpeg,ccea4416abf896ff57e1b9ad31fbf026188dc60cafaa351dede7095f7317eb34,region_maps/IMG003712.png,61eede878156cb3cb1dc37a5419bbe7234ccc6ac8b4e9c1a827c339de83910ac,5,43,0.0067187500,80,80,uint16
IMG003713.jpeg,7aa1fd63644f5823a49f46e11e9fcf2fdf622b9c80dfc0d6f1ddf71ce8439234,region_maps/IMG003713.png,ea9b5272db5b7f48fbcc7d33f1899b10dbd51af6305e177fdeef1a65b62d7840,13,1730,0.2703125000,80,80,uint16
IMG003714.jpeg,ea795e1883761824ba187c17d484fe7a1e44d72e8398eae3d08b40c04ee23281,region_maps/IMG003714.png,4777c58dffbb35c53bfb255e2011bff8fc440d654ac26933899719ec710be997,7,460,0.0718750000,80,80,uint16
IMG003715.jpeg,8ea5627c48e4c6a7c8ec29e04b0309f295ec4556eab600b1bc1a2f8c5ec876aa,region_maps/IMG003715.png,4ae1d3377a47a58ec0240a10db101c0093e5222fae7f758dff8c92ff10e4acf9,7,56,0.0087500000,80,80,uint16
IMG003716.jpeg,a0e6f11c1b4fbff7070be4b438543cfb1c163de46c4ceb01384220b256240724,region_maps/IMG003716.png,01a9bfa643ab19410e071b07ba47cf616e1b878530e279e96960049868be9bfb,10,3708,0.5793750000,80,80,uint16
IMG003717.jpeg,ea1dc4fc3eb4626f99c14546d5de8f0b07b56c49c27a62ae464169e9c33115ac,region_maps/IMG003717.png,d0c44c5592008531cd5a73e1eddd9990ea5c9c05e27156f7eb6307f903f688e6,14,4526,0.7071875000,80,80,uint16
IMG003718.jpeg,3d52469a45be4a5b0973cb4c8502e2217308a41bab67067582202e6257a40e73,region_maps/IMG003718.png,95692b732a48e9b654890f9717f96b40d066fb545d86bea76db0e8de10203f52,10,4799,0.7498437500,80,80,uint16
IMG003719.jpeg,5be6e890676ed84332e198fda35bc15e189e59d0a2da369780df4a9d2d4b2a19,region_maps/IMG003719.png,614fe70771d10b356647eb892638e77d4b08cc641d16a851f20be4b0d52560bb,16,4806,0.7509375000,80,80,uint16
IMG003724.jpg,772bb0b89a01610d766a258bb53eace2d6ad8ffae25cb6f061ec5549dde08c21,region_maps/IMG003724.png,9dbf6acc1a2f107bcef05355195d41baef814109f1aa056d4ec9e008f363bf17,9,133,0.0207812500,80,80,uint16
IMG003725.jpg,de4408b32ab8afa1581090a175ad19fe598552834703aa18b9693d6c76e31e99,region_maps/IMG003725.png,d81074395708fceabe566386b6fc9ae02d80e1de6c99dfbb409a14fc7cc44fd5,9,1427,0.2229687500,80,80,uint16
IMG003727.jpg,1f57695a94328175f546fa6129636f609f2ef80589b1cbb70cfaa186ab4c0a6a,region_maps/IMG003727.png,d57af577c68a7e523d48b1c964d024fdd6d0911f36235a9aa2f94cb26aba8b4f,7,1969,0.3076562500,80,80,uint16
IMG003728.jpg,4689aa601c013751f88dd6631a5729996e07ae8e79e5f56c78da236dc4a8c81c,region_maps/IMG003728.png,7d58bbfbc5ff80b16f92537a5bdaab3376fe4baea8e7cd5d6a5fed12f8da86eb,9,6183,0.9660937500,80,80,uint16
IMG003735.jpg,b09d30d53e4771b93e229373cf2e1c51cc6dda952d3896ff18649ee4fedee1e4,region_maps/IMG003735.png,df27bbbb71745598809ac1e0c9187b080f94bc4d6bfcf49c9392706aef814eb2,7,5657,0.8839062500,80,80,uint16
IMG003736.jpg,2eb72ca765e17b6fa0366486692fa2d357157d1f3a4cf4790abc7bda7903cbd8,region_maps/IMG003736.png,32fe32ccd43726f704de620a687eee0f5e05333f5f54d677a9661baf3da1f46f,8,1845,0.2882812500,80,80,uint16
