above_threshold_candidates,box_prompt_calls,cam_max,cam_mean,cam_min,cam_nonzero_ratio,cam_std,cam_target_protocol,classifier_causal_score_max,classifier_causal_score_mean,classifier_causal_score_min,classifier_confidence,final_area_ratio,group_id,image_name,mask_area_ratio,mask_foreground_pixels,mask_height,mask_path,mask_sha256,mask_unique_values,mask_width,morphology_components,reason,sam_candidate_count,sam_prompt_calls,selected_area_ratio,selected_candidates,selected_class,selected_components,selection_score_max,selection_score_mean,selection_score_min,split,status,support_area_ratio,true_tumor,true_tumor_type,unique_negative_prompt_points,unique_positive_prompt_points,unique_prompt_points
69,18,1.0,0.2721407115459442,0.0,0.903232421875,0.2287977635860443,ground_truth,,,,0.9999306201934814,0.028876953125,btxrd-heuristic-000001,IMG000001.jpeg,0.028876953125,2957,320,masks/IMG000001.png,f6845163d3f477241543ab00b5877c2b4b96094b935c13999213010b3d5c4246,0|255,320,9,,81,27,0.028876953125,3,0,3,0.7539575099945068,0.5800663232803345,0.15058840811252594,val,ok,0.15,1,9,29,20,49
17,16,1.0,0.1333007663488388,0.0,0.74419921875,0.15117280185222626,ground_truth,,,,0.061212100088596344,0.0301953125,btxrd-heuristic-000006,IMG000010.jpeg,0.0301953125,3092,320,masks/IMG000010.png,f79efdd655cb43aee950fc3388d6b3bd9630ba10371cffe8c6c923216383eeee,0|255,320,8,,72,24,0.030986328125,3,0,3,0.5698014497756958,0.29449474811553955,0.007697597611695528,val,ok,0.15,1,8,32,19,51
13,6,1.0,0.09971494972705841,0.0,0.759375,0.16776877641677856,ground_truth,,,,0.9684011936187744,0.1373046875,btxrd-heuristic-000009,IMG000017.jpeg,0.1373046875,14060,320,masks/IMG000017.png,b2287aab858ac14e02c984f1370f1a2de9409b3ea4a7bdd5a27c33d229f02098,0|255,320,3,,27,9,0.13806640625,3,0,3,0.6777307391166687,0.41376960277557373,0.19030506908893585,val,ok,0.150009765625,1,8,12,5,17
24,6,1.0,0.09069505333900452,0.0,0.630380859375,0.17235170304775238,ground_truth,,,,0.9734755158424377,0.0591796875,btxrd-heuristic-000009,IMG000018.jpeg,0.0591796875,6060,320,masks/IMG000018.png,e43a3f7dcf67de08e1b94c4d9fc47b8e01c2ffa79968d4397b262080ed5510ea,0|255,320,3,,27,9,0.072470703125,3,0,3,0.7527127265930176,0.5300589203834534,0.23983322083950043,val,ok,0.15,1,8,12,5,17
14,8,1.0,0.08954978734254837,0.0,0.68390625,0.15360811352729797,ground_truth,,,,0.9885359406471252,0.0851953125,btxrd-heuristic-000017,IMG000033.jpeg,0.0851953125,8724,320,masks/IMG000033.png,eb86d86d4d187bf5912613874fa1745fa5c4ffd089e8de45d1efb61c1caabea0,0|255,320,4,,36,12,0.0851953125,3,0,3,0.6057425737380981,0.33042654395103455,0.001319841481745243,val,ok,0.15,1,8,14,8,22
7,16,1.0,0.0713447630405426,0.0,0.579013671875,0.13294021785259247,ground_truth,,,,0.9991543292999268,0.0,btxrd-heuristic-000017,IMG000034.jpeg,0.0,0,320,masks/IMG000034.png,14bf4fc16d7e9f17cb073a83ba89ab04bd4c22a2b6f80f25bf73a67ce7a0a340,0,320,8,no_candidate_survived_or_postprocess_empty,72,24,0.167001953125,2,0,2,0.56687331199646,0.1926669180393219,0.004362506326287985,val,empty_after_localization,0.15,1,8,30,15,45
29,18,1.0,0.08566564321517944,0.0,0.594072265625,0.17022116482257843,ground_truth,,,,0.22406648099422455,0.017490234375,btxrd-heuristic-000025,IMG000048.jpeg,0.017490234375,1791,320,masks/IMG000048.png,95958845f7469c9908caa4674a6e1d997f7b47a830c57bb02ff4487a0c321248,0|255,320,9,,81,27,0.017666015625,3,0,3,0.7048782706260681,0.3306480050086975,0.045482516288757324,val,ok,0.13359375,1,8,34,17,51
54,18,1.0,0.16568320989608765,0.0,0.812314453125,0.21014592051506042,ground_truth,,,,0.7224388122558594,0.053017578125,btxrd-heuristic-000025,IMG000049.jpeg,0.053017578125,5429,320,masks/IMG000049.png,37eb3bdcd7d9789480d16d4c31f41e5e7594287bce13936fa609fd717d508548,0|255,320,9,,81,27,0.053125,3,0,3,0.7588834762573242,0.4664810001850128,0.04645335674285889,val,ok,0.14404296875,1,8,32,19,51
61,18,1.0,0.21889528632164001,0.0,0.932041015625,0.2013392448425293,ground_truth,,,,0.9999688863754272,0.045888671875,btxrd-heuristic-000026,IMG000050.jpeg,0.045888671875,4699,320,masks/IMG000050.png,b2233a469963b03dd74706ecb2e6f90d43bca2740bdeed417d1689e14320ebd2,0|255,320,9,,81,27,0.04595703125,3,0,3,0.6938306093215942,0.48425590991973877,0.21212881803512573,val,ok,0.1389453125,1,8,36,15,51
23,14,1.0,0.12520712614059448,0.0,0.63607421875,0.17499837279319763,ground_truth,,,,0.9976662397384644,0.071337890625,btxrd-heuristic-000029,IMG000055.jpeg,0.071337890625,7305,320,masks/IMG000055.png,a24c637d31de04f1962b171a2f7dd170d10b3eab5fd11e5ee19a623b8c9fadd1,0|255,320,7,,63,21,0.07150390625,3,0,3,0.6200313568115234,0.337606281042099,0.004671942442655563,val,ok,0.15,1,8,28,15,43
24,8,1.0,0.13169705867767334,0.0,0.8485546875,0.17607209086418152,ground_truth,,,,0.9999642372131348,0.120068359375,btxrd-heuristic-000029,IMG000056.jpeg,0.120068359375,12295,320,masks/IMG000056.png,3b3e73ba1ecf2edf6cb3d8365d651c780d9263ca8b70e61348a11ca10cf8aab5,0|255,320,4,,36,12,0.120087890625,3,0,3,0.7547747492790222,0.4158952832221985,0.001620560185983777,val,ok,0.15,1,8,13,7,20
34,14,1.0,0.16200922429561615,0.0,0.93251953125,0.1941419094800949,ground_truth,,,,0.9999889135360718,0.082509765625,btxrd-heuristic-000037,IMG000071.jpeg,0.082509765625,8449,320,masks/IMG000071.png,192b1d814529271ed2fdce4df6694844605b91b4233e006431aff5ec2e1aa208,0|255,320,7,,63,21,0.083037109375,3,0,3,0.7097102999687195,0.4073179364204407,0.033156994730234146,val,ok,0.15,1,8,24,20,44
22,8,1.0,0.11433553695678711,0.0,0.86359375,0.18037304282188416,ground_truth,,,,0.9970747232437134,0.160625,btxrd-heuristic-000039,IMG000076.jpeg,0.160625,16448,320,masks/IMG000076.png,53e8a366d3318e95a08f216ec2ebb056e35e76b836615b6b58e2cfc126b13862,0|255,320,4,,36,12,0.16064453125,3,0,3,0.68916916847229,0.4501969516277313,0.13620074093341827,val,ok,0.15,1,8,16,10,26
25,8,1.0,0.05529196560382843,0.0,0.317529296875,0.16640058159828186,ground_truth,,,,0.8206584453582764,0.046669921875,btxrd-heuristic-000063,IMG000125.jpeg,0.046669921875,4779,320,masks/IMG000125.png,b89cccc9ff73003528667ef57688e2f1b110702d90b9ae01b45f7b68bdbb8544,0|255,320,4,,36,12,0.046875,3,0,3,0.7237897515296936,0.4694693982601166,0.0028471723198890686,val,ok,0.149736328125,1,8,16,10,26
22,4,1.0,0.0963677242398262,0.0,0.650576171875,0.21199361979961395,ground_truth,,,,0.9559813141822815,0.1150390625,btxrd-heuristic-000063,IMG000126.jpeg,0.1150390625,11780,320,masks/IMG000126.png,18e00b9c5d3dcac265c516de413b1c7ebf300906f4d9b8d84e05aba11fdb7ab4,0|255,320,3,,24,8,0.1150390625,3,0,3,0.7446532845497131,0.5477513670921326,0.36883464455604553,val,ok,0.15,1,8,12,5,17
16,12,1.0,0.059530388563871384,0.0,0.41861328125,0.15513718128204346,ground_truth,,,,0.97459477186203,0.0801171875,btxrd-heuristic-000069,IMG000137.jpeg,0.0801171875,8204,320,masks/IMG000137.png,2762e91ca60c072b6d7f3c04d268abf43a9457a5b0f254df261f2bea103fb847,0|255,320,6,,54,18,0.080302734375,3,0,3,0.6771856546401978,0.31315872073173523,0.09100715816020966,val,ok,0.15,1,8,22,10,32
17,10,1.0,0.08679669350385666,0.0,0.8115625,0.15008515119552612,ground_truth,,,,0.9994407296180725,0.071875,btxrd-heuristic-000069,IMG000138.jpeg,0.071875,7360,320,masks/IMG000138.png,6c95e9af6f57b821f9a0c61d8448cc6a4672db9166c49aa9f63b3d8c6630111c,0|255,320,5,,45,15,0.075390625,3,0,3,0.6176736354827881,0.30251315236091614,0.003700071247294545,val,ok,0.15,1,8,15,10,25
41,16,1.0,0.20026786625385284,0.0,0.95984375,0.2020019292831421,ground_truth,,,,0.9999953508377075,0.048994140625,btxrd-heuristic-000073,IMG000144.jpeg,0.048994140625,5017,320,masks/IMG000144.png,91e1e591465b80de186bfe3329826d37c2428e7765efd284fef921f8502cd448,0|255,320,8,,72,24,0.048994140625,3,0,3,0.7525051832199097,0.4253697395324707,0.01721825636923313,val,ok,0.15,1,8,31,15,46
74,18,1.0,0.2585165500640869,0.0,0.90666015625,0.21849559247493744,ground_truth,,,,0.9999502897262573,0.06591796875,btxrd-heuristic-000078,IMG000152.jpeg,0.06591796875,6750,320,masks/IMG000152.png,d03a16e6e83b528f79e60dc1a73d7384eaa82abc136eed20d540b56366759b53,0|255,320,9,,81,27,0.066064453125,3,0,3,0.755626916885376,0.5428349375724792,0.27726903557777405,val,ok,0.1280859375,1,8,36,15,51
23,6,1.0,0.12155240029096603,0.0,0.770625,0.19499945640563965,ground_truth,,,,0.963493287563324,0.053115234375,btxrd-heuristic-000082,IMG000160.jpeg,0.053115234375,5439,320,masks/IMG000160.png,23b7a053f5fd2dade82c0e644719abbd97269ba90264351cec20862283c8632a,0|255,320,3,,27,9,0.055341796875,3,0,3,0.7408432364463806,0.5693114995956421,0.2933323085308075,val,ok,0.15,1,8,12,5,17
26,14,1.0,0.1809636354446411,0.0,0.906669921875,0.19413313269615173,ground_truth,,,,0.9999790191650391,0.0447265625,btxrd-heuristic-000082,IMG000161.jpeg,0.0447265625,4580,320,masks/IMG000161.png,c75f83279dab2560a9030d85dd1d5b94987cc4a3ceee41cff0863a9808a3613b,0|255,320,7,,63,21,0.045009765625,3,0,3,0.7530714273452759,0.3609588146209717,0.0021891589276492596,val,ok,0.15,1,8,25,18,43
21,8,1.0,0.09664680808782578,0.0,0.833359375,0.1596587598323822,ground_truth,,,,0.9956977367401123,0.060009765625,btxrd-heuristic-000098,IMG000200.jpeg,0.060009765625,6145,320,masks/IMG000200.png,e61728421347fcd724da03221342750b19e12052235d596ffeaa5a0b571bf7c4,0|255,320,4,,36,12,0.060009765625,3,0,3,0.7062276005744934,0.37882494926452637,0.02094302512705326,val,ok,0.15,1,8,13,8,21
18,8,1.0,0.08672265708446503,0.0,0.76984375,0.15232740342617035,ground_truth,,,,0.9729684591293335,0.01794921875,btxrd-heuristic-000098,IMG000201.jpeg,0.01794921875,1838,320,masks/IMG000201.png,236ad2623a43d36b5c1fd16531d7d921769363ec49c5ecdeb336634df89af6ba,0|255,320,4,,36,12,0.018720703125,3,0,3,0.742171585559845,0.37784814834594727,0.0003065292548853904,val,ok,0.15,1,8,13,6,19
11,8,1.0,0.13907462358474731,0.0,0.899208984375,0.16116422414779663,ground_truth,,,,0.9999936819076538,0.022890625,btxrd-heuristic-000099,IMG000202.jpeg,0.022890625,2344,320,masks/IMG000202.png,d3844d53485b7d0aa0e131e33a287129c97d198b4a381e86185221ad919e3f2e,0|255,320,4,,36,12,0.02298828125,3,0,3,0.6938644051551819,0.316959023475647,0.0049366638995707035,val,ok,0.15,1,8,16,8,24
18,12,1.0,0.05542238801717758,0.0,0.518056640625,0.1351134330034256,ground_truth,,,,0.019777970388531685,0.02888671875,btxrd-heuristic-000109,IMG000222.jpeg,0.02888671875,2958,320,masks/IMG000222.png,b1ad69d19e06b0bcb4f0b169893becbd4f3a7b5f16bcc3123275320b3d61057b,0|255,320,6,,54,18,0.028896484375,3,0,3,0.7608569860458374,0.3057016134262085,0.0005048118764534593,val,ok,0.15,1,6,19,14,33
35,8,1.0,0.07826681435108185,0.0,0.296943359375,0.1909485161304474,ground_truth,,,,0.0010066379327327013,0.047861328125,btxrd-heuristic-000120,IMG000244.jpeg,0.047861328125,4901,320,masks/IMG000244.png,dd2412e2fff764cf98db091ce9fffbb6944c48432f6f14426e69d8374014652f,0|255,320,4,,36,12,0.049443359375,3,0,3,0.721013605594635,0.5533131957054138,0.19296479225158691,val,ok,0.15,1,1,14,8,22
22,8,1.0,0.11705262213945389,0.0,0.788828125,0.1591523140668869,ground_truth,,,,0.9932445883750916,0.019697265625,btxrd-heuristic-000121,IMG000245.jpeg,0.019697265625,2017,320,masks/IMG000245.png,6ce57a43fb64b1f73b8dfb0de41f883346f3fe621604dd2a801fb3e6880f34cb,0|255,320,4,,36,12,0.019990234375,3,0,3,0.7753326892852783,0.41877481341362,0.005645227152854204,val,ok,0.15,1,3,15,8,23
31,8,1.0,0.1119856908917427,0.0,0.64640625,0.1865515261888504,ground_truth,,,,0.9900348782539368,0.066259765625,btxrd-heuristic-000128,IMG000260.jpeg,0.066259765625,6785,320,masks/IMG000260.png,dd022151ebc341925a119cfa04d9ffb607c1414e5199e45119a7543820356c01,0|255,320,4,,36,12,0.0665625,3,0,3,0.7678692936897278,0.5453329086303711,0.3092353641986847,val,ok,0.15,1,1,16,10,26
43,12,1.0,0.12182856351137161,0.0,0.88251953125,0.2002582848072052,ground_truth,,,,0.9999485015869141,0.0586328125,btxrd-heuristic-000137,IMG000275.jpeg,0.0586328125,6004,320,masks/IMG000275.png,634cc707c6d25168dd0f169c4d5888cab80685fcef767c9fb1663c9e5339df00,0|255,320,6,,54,18,0.06087890625,3,0,3,0.7128795981407166,0.4591039717197418,0.13282185792922974,val,ok,0.15,1,1,24,10,34
24,6,1.0,0.07391273975372314,0.0,0.575,0.1652887612581253,ground_truth,,,,0.17335329949855804,0.08955078125,btxrd-heuristic-000140,IMG000279.jpeg,0.08955078125,9170,320,masks/IMG000279.png,90d4c6a28663d8043b859711f6dbdc45cb2bc4729f946e3da16584fbc6f96efb,0|255,320,3,,27,9,0.08955078125,3,0,3,0.6609460711479187,0.5008835792541504,0.28985700011253357,val,ok,0.15,1,1,12,5,17
24,6,1.0,0.13305771350860596,0.0,0.632255859375,0.2265218198299408,ground_truth,,,,0.9996305704116821,0.003388671875,btxrd-heuristic-000145,IMG000285.jpeg,0.003388671875,347,320,masks/IMG000285.png,e88b5efeabc9d1b11f65f5f3462efcc9092e32fe43dc304f08520f8bdd2b62cd,0|255,320,3,,27,9,0.00357421875,3,0,3,0.7559657096862793,0.5874401926994324,0.22066456079483032,val,ok,0.15,1,1,12,5,17
6,14,1.0,0.03677660971879959,0.0,0.252392578125,0.11631584912538528,ground_truth,,,,0.0740056112408638,0.0,btxrd-heuristic-000150,IMG000292.jpeg,0.0,0,320,masks/IMG000292.png,14bf4fc16d7e9f17cb073a83ba89ab04bd4c22a2b6f80f25bf73a67ce7a0a340,0,320,7,no_candidate_survived_or_postprocess_empty,63,21,0.05513671875,3,0,3,0.46928611397743225,0.20881889760494232,0.002041605766862631,val,empty_after_localization,0.149130859375,1,1,26,17,43
6,12,1.0,0.05026470497250557,0.0,0.477998046875,0.11903029680252075,ground_truth,,,,0.04922736808657646,0.0139453125,btxrd-heuristic-000156,IMG000300.jpeg,0.0139453125,1428,320,masks/IMG000300.png,28711802a54f40f55395e792c1a2dec496547ad3347cf2aa28804499f944a01b,0|255,320,6,,54,18,0.014296875,3,0,3,0.6014665365219116,0.26862195134162903,0.05921778082847595,val,ok,0.15,1,2,24,10,34
41,12,1.0,0.10502669960260391,0.0,0.68025390625,0.20972564816474915,ground_truth,,,,0.948083221912384,0.07212890625,btxrd-heuristic-000160,IMG000306.jpeg,0.07212890625,7386,320,masks/IMG000306.png,e64d7757151f0e74dcf21b556fb6585e176265dbc6cf8d1e7bfbcf37ca6b4126,0|255,320,6,,54,18,0.07220703125,3,0,3,0.6848551630973816,0.49886801838874817,0.26583245396614075,val,ok,0.15,1,1,24,10,34
14,14,1.0,0.06502734124660492,0.0,0.286904296875,0.16535617411136627,ground_truth,,,,0.002634318545460701,0.054052734375,btxrd-heuristic-000167,IMG000320.jpeg,0.054052734375,5535,320,masks/IMG000320.png,68732f51ffb0b403ac8473418b98b4dfe776945352aa5c98a4630ce6909d17eb,0|255,320,7,,63,21,0.054580078125,3,0,3,0.6725378632545471,0.30264946818351746,0.023390790447592735,val,ok,0.15,1,1,26,13,39
42,12,1.0,0.1309184581041336,0.0,0.6119921875,0.2295910120010376,ground_truth,,,,0.9858826398849487,0.115029296875,btxrd-heuristic-000172,IMG000327.jpeg,0.115029296875,11779,320,masks/IMG000327.png,be91bd77ff07009989cfbe0ea0c622964186d8ea8e887bd5c8a72348ce538a0c,0|255,320,6,,54,18,0.115078125,3,0,3,0.7050631046295166,0.4972456097602844,0.17557120323181152,val,ok,0.15,1,1,21,13,34
28,12,1.0,0.09946171939373016,0.0,0.563837890625,0.16956688463687897,ground_truth,,,,0.43342581391334534,0.05802734375,btxrd-heuristic-000173,IMG000328.jpeg,0.05802734375,5942,320,masks/IMG000328.png,0fd2e218bd863078259ccdc252e1aca3d909d37d4e610d02ef6429dddf1d3df4,0|255,320,6,,54,18,0.058056640625,3,0,3,0.5779296159744263,0.3125340938568115,4.779903974849731e-05,val,ok,0.15,1,1,24,15,39
12,12,1.0,0.04836293309926987,0.0,0.290947265625,0.129554882645607,ground_truth,,,,0.0033379599917680025,0.008369140625,btxrd-heuristic-000180,IMG000337.jpeg,0.008369140625,857,320,masks/IMG000337.png,0f7fa5e6b30a8a649ab13c08fcb2a517916ce921b88bff0832d624bb2d60c2db,0|255,320,6,,54,18,0.00869140625,3,0,3,0.714106023311615,0.2734464108943939,0.015761274844408035,val,ok,0.15,1,1,21,15,36
26,8,1.0,0.12167045474052429,0.0,0.67271484375,0.22695864737033844,ground_truth,,,,0.6736235022544861,0.08953125,btxrd-heuristic-000181,IMG000338.jpeg,0.08953125,9168,320,masks/IMG000338.png,a0e2a4f44593279d8dc885faf6c548bd9feebc68d16a1c7ef3b2c86e386521a8,0|255,320,4,,36,12,0.08966796875,3,0,3,0.7945975661277771,0.5133684873580933,0.00019944121595472097,val,ok,0.15,1,1,16,7,23
16,14,1.0,0.048374395817518234,0.0,0.3771875,0.13204610347747803,ground_truth,,,,0.009457836858928204,0.00880859375,btxrd-heuristic-000183,IMG000340.jpeg,0.00880859375,902,320,masks/IMG000340.png,5559027b740d8b05dbfcf87db0f4a967964bf50a78735716418694b6652ea91f,0|255,320,7,,63,21,0.01076171875,3,0,3,0.6657029986381531,0.24387678503990173,0.001530385110527277,val,ok,0.15,1,1,23,15,38
31,10,1.0,0.1432519108057022,0.0,0.671708984375,0.21336235105991364,ground_truth,,,,0.9892764091491699,0.109658203125,btxrd-heuristic-000203,IMG000372.jpeg,0.109658203125,11229,320,masks/IMG000372.png,395af0d31c719bad7db385b955871193d0e3f7e4dd6774a13044b68d4ee8bce3,0|255,320,5,,45,15,0.110380859375,3,0,3,0.6693690419197083,0.4242633879184723,0.004782671108841896,val,ok,0.15,1,1,20,13,33
58,14,1.0,0.1239800900220871,0.0,0.5675390625,0.22127903997898102,ground_truth,,,,0.7506988644599915,0.046650390625,btxrd-heuristic-000208,IMG000378.jpeg,0.046650390625,4777,320,masks/IMG000378.png,af8073c97b4b5baf5c4e684897699ebc90c6318627439d8b227963d365e87332,0|255,320,7,,63,21,0.04666015625,3,0,3,0.7686923146247864,0.5325148701667786,0.22876247763633728,val,ok,0.15,1,1,26,15,41
59,18,1.0,0.19930370151996613,0.0,0.8540625,0.19154085218906403,ground_truth,,,,0.2057858407497406,0.017919921875,btxrd-heuristic-000223,IMG000408.jpeg,0.017919921875,1835,320,masks/IMG000408.png,1fda5550ade9022f0152acef21916fcf4427a8ffd1caaf9bf967d4ec37fa1083,0|255,320,9,,81,27,0.018388671875,3,0,3,0.7144298553466797,0.49710291624069214,0.12256061285734177,val,ok,0.15,1,1,35,18,53
24,6,1.0,0.08182686567306519,0.0,0.618671875,0.17029964923858643,ground_truth,,,,0.2769491970539093,0.09068359375,btxrd-heuristic-000228,IMG000414.jpeg,0.09068359375,9286,320,masks/IMG000414.png,695a0fb4f1bfa8a2883a9b44980482910b0d536ab6556b8b5c1622e6c5898099,0|255,320,3,,27,9,0.0908984375,3,0,3,0.6181715130805969,0.5043144822120667,0.3520561754703522,val,ok,0.15,1,1,12,5,17
20,6,1.0,0.10367311537265778,0.0,0.731220703125,0.16646037995815277,ground_truth,,,,0.9998308420181274,0.0336328125,btxrd-heuristic-000229,IMG000415.jpeg,0.0336328125,3444,320,masks/IMG000415.png,3bc59a581cb0906c2366323ed762bc445302318f598ff4c7208adc052ea98667,0|255,320,3,,27,9,0.0336328125,3,0,3,0.6997586488723755,0.49361225962638855,0.07333715260028839,val,ok,0.15,1,4,12,5,17
8,6,1.0,0.01347844023257494,0.0,0.06017578125,0.0818268284201622,ground_truth,,,,0.00018916523549705744,0.0,btxrd-heuristic-000230,IMG000416.jpeg,0.0,0,320,masks/IMG000416.png,14bf4fc16d7e9f17cb073a83ba89ab04bd4c22a2b6f80f25bf73a67ce7a0a340,0,320,5,no_candidate_survived_or_postprocess_empty,39,13,0.0365625,3,0,3,0.48880329728126526,0.24174433946609497,0.0003472293319646269,val,empty_after_localization,1.0,1,1,10,9,19
12,8,1.0,0.077569380402565,0.0,0.331796875,0.17378801107406616,ground_truth,,,,0.005474344827234745,0.014931640625,btxrd-heuristic-000233,IMG000420.jpeg,0.014931640625,1529,320,masks/IMG000420.png,421a9b07b6a71a63221b90d8e440599d66753355701b5edf6bae0e1b12033d11,0|255,320,4,,36,12,0.01494140625,3,0,3,0.654728889465332,0.35183149576187134,0.14047980308532715,val,ok,0.15,1,1,14,10,24
4,8,1.0,0.04241016507148743,0.0,0.1997265625,0.12046550959348679,ground_truth,,,,0.0003147645911667496,0.0,btxrd-heuristic-000244,IMG000439.jpeg,0.0,0,320,masks/IMG000439.png,14bf4fc16d7e9f17cb073a83ba89ab04bd4c22a2b6f80f25bf73a67ce7a0a340,0,320,4,no_candidate_survived_or_postprocess_empty,36,12,0.103583984375,2,0,2,0.5352566838264465,0.2660400867462158,0.00012869646889157593,val,empty_after_localization,0.15,1,1,14,10,24
61,18,1.0,0.20282365381717682,0.0,0.880703125,0.22046737372875214,ground_truth,,,,0.22570742666721344,0.049267578125,btxrd-heuristic-000260,IMG000467.jpeg,0.049267578125,5045,320,masks/IMG000467.png,0193cef24c73aa57233b40e2ed9439cde7e1631870ebd9ab37a89e0cc035660a,0|255,320,9,,81,27,0.049404296875,3,0,3,0.7842387557029724,0.5125710964202881,0.14713680744171143,val,ok,0.14634765625,1,3,33,15,48
8,8,1.0,0.022951388731598854,0.0,0.1358984375,0.10639499872922897,ground_truth,,,,0.001346765668131411,0.0,btxrd-heuristic-000267,IMG000478.jpeg,0.0,0,320,masks/IMG000478.png,14bf4fc16d7e9f17cb073a83ba89ab04bd4c22a2b6f80f25bf73a67ce7a0a340,0,320,5,no_candidate_survived_or_postprocess_empty,42,14,0.42080078125,3,0,3,0.5158265829086304,0.2585518956184387,0.007795096840709448,val,empty_after_localization,1.0,1,2,15,10,25
33,16,1.0,0.0856068804860115,0.0,0.632333984375,0.17602260410785675,ground_truth,,,,0.5159696936607361,0.011328125,btxrd-heuristic-000269,IMG000481.jpeg,0.011328125,1160,320,masks/IMG000481.png,1e7db5ac41d957e761b8d6076b62b2eacfbf7839fffb2e47deba9d6ee9e75137,0|255,320,8,,72,24,0.011328125,3,0,3,0.6604680418968201,0.3524574041366577,0.0018907529301941395,val,ok,0.15,1,1,32,14,46
8,12,1.0,0.09815219789743423,0.0,0.62458984375,0.1455586850643158,ground_truth,,,,0.000977754476480186,0.011279296875,btxrd-heuristic-000278,IMG000496.jpeg,0.011279296875,1155,320,masks/IMG000496.png,b5259f13c9c608d94f28d132cfe68775d981568a7ec77affe489a64062a4ff94,0|255,320,6,,54,18,0.011279296875,3,0,3,0.5873119831085205,0.3051711916923523,0.110709547996521,val,ok,0.15,1,3,24,10,34
39,18,1.0,0.19257178902626038,0.0,0.933232421875,0.18126483261585236,ground_truth,,,,0.9998113512992859,0.0397265625,btxrd-heuristic-000287,IMG000513.jpeg,0.0397265625,4068,320,masks/IMG000513.png,313872d0197c1f76498a40c0793a6ff3a6cb4a9ff5646d82fbb4a2fa936ad109,0|255,320,9,,81,27,0.0397265625,3,0,3,0.7192404270172119,0.4014248251914978,0.00780503498390317,val,ok,0.135078125,1,7,35,15,50
11,16,1.0,0.060011230409145355,0.0,0.597666015625,0.14009316265583038,ground_truth,,,,0.575756311416626,0.05822265625,btxrd-heuristic-000302,IMG000542.jpeg,0.05822265625,5962,320,masks/IMG000542.png,2aa5db729b5b312ac8f0b1a59e6c355c06dff47ef8eb14f37604bcffa9ad30ca,0|255,320,8,,72,24,0.05822265625,2,0,2,0.5241315960884094,0.22264878451824188,0.0026976349763572216,val,ok,0.15,1,1,29,15,44
22,12,1.0,0.10030627995729446,0.0,0.604619140625,0.1637660712003708,ground_truth,,,,0.0005692315171472728,0.03779296875,btxrd-heuristic-000305,IMG000548.jpeg,0.03779296875,3870,320,masks/IMG000548.png,013ed3f1cad9ea9c455a32b56c8ef2276c66a96e93635eb2c1d6d43b1626b58d,0|255,320,6,,54,18,0.04169921875,3,0,3,0.7329925298690796,0.31031209230422974,0.003984939306974411,val,ok,0.15,1,5,22,12,34
18,6,1.0,0.07530438899993896,0.0,0.66796875,0.142551451921463,ground_truth,,,,0.0033550902735441923,0.02171875,btxrd-heuristic-000305,IMG000549.jpeg,0.02171875,2224,320,masks/IMG000549.png,575084e76687980d1ea75fed8b82469120235eae571c48bba4b88a33f043f151,0|255,320,3,,27,9,0.021748046875,3,0,3,0.6273518204689026,0.4521108865737915,0.09800343960523605,val,ok,0.15,1,5,12,5,17
27,6,1.0,0.05831805244088173,0.0,0.597314453125,0.16966457664966583,ground_truth,,,,0.9831427931785583,0.0826953125,btxrd-heuristic-000308,IMG000555.jpeg,0.0826953125,8468,320,masks/IMG000555.png,37ffba8cd6d312d2d77a2d3576fe4aa5d93285e09dde571f3a96d70b32d3ce6d,0|255,320,3,,27,9,0.08275390625,3,0,3,0.700883686542511,0.5675200819969177,0.46586549282073975,val,ok,0.15,1,4,12,5,17
23,6,1.0,0.050930608063936234,0.0,0.689873046875,0.15225020051002502,ground_truth,,,,0.9107487201690674,0.073515625,btxrd-heuristic-000308,IMG000556.jpeg,0.073515625,7528,320,masks/IMG000556.png,fa67c353adf342d6bfc66df2892d3f0786bd9fed6d62f12101d3d9ec63fbf06b,0|255,320,3,,27,9,0.073515625,3,0,3,0.7014515399932861,0.5048586130142212,0.3497871160507202,val,ok,0.15,1,4,12,5,17
23,6,1.0,0.05822690948843956,0.0,0.40701171875,0.15337547659873962,ground_truth,,,,0.534361720085144,0.03341796875,btxrd-heuristic-000311,IMG000562.jpeg,0.03341796875,3422,320,masks/IMG000562.png,9335ff35b8d659d4f3c82b47a843f7d5feef3d0a8904669b8ec2bf80d792c043,0|255,320,3,,27,9,0.037978515625,3,0,3,0.7280831933021545,0.49720874428749084,0.16178390383720398,val,ok,0.15,1,7,12,5,17
29,18,1.0,0.042966198176145554,0.0,0.2443359375,0.13643459975719452,ground_truth,,,,0.0007809116505086422,0.0327734375,btxrd-heuristic-000320,IMG000576.jpeg,0.0327734375,3356,320,masks/IMG000576.png,5c8fa7a43a2502625df7b0528825d188874452aca08e3626d7c82fe13e8b8e71,0|255,320,9,,81,27,0.032802734375,3,0,3,0.5066052079200745,0.320824533700943,0.008582580834627151,val,ok,0.14654296875,1,5,29,20,49
30,10,1.0,0.11451487243175507,0.0,0.818564453125,0.19549798965454102,ground_truth,,,,0.9659113883972168,0.110439453125,btxrd-heuristic-000324,IMG000582.jpeg,0.110439453125,11309,320,masks/IMG000582.png,08a79cabd40b9f32318369aae43a4dce345db63166e610510e788e8802eacec9,0|255,320,5,,45,15,0.115966796875,3,0,3,0.7604902982711792,0.4565514028072357,0.006055805366486311,val,ok,0.15,1,3,17,15,32
22,12,1.0,0.10675018280744553,0.0,0.587431640625,0.1876293122768402,ground_truth,,,,0.8670713305473328,0.0697265625,btxrd-heuristic-000341,IMG000612.jpeg,0.0697265625,7140,320,masks/IMG000612.png,0f0cd79d9e2d402e6eb2fb195fa1a24ae83d4a78d1d65d9368fc1dc32016fa5a,0|255,320,6,,54,18,0.06994140625,3,0,3,0.6784456968307495,0.31297585368156433,0.02600843831896782,val,ok,0.15,1,7,20,9,29
0,8,1.0,0.02446979284286499,0.0,0.111953125,0.10267297178506851,ground_truth,,,,0.0038031230214983225,0.0,btxrd-heuristic-000349,IMG000628.jpeg,0.0,0,320,masks/IMG000628.png,14bf4fc16d7e9f17cb073a83ba89ab04bd4c22a2b6f80f25bf73a67ce7a0a340,0,320,5,no_candidate_survived_or_postprocess_empty,42,14,0.0,0,0,0,0.38443341851234436,0.23789171874523163,0.08820410817861557,val,empty_after_localization,1.0,1,3,16,10,26
41,16,1.0,0.15910539031028748,0.0,0.781015625,0.19682787358760834,ground_truth,,,,0.8437674045562744,0.04255859375,btxrd-heuristic-000354,IMG000636.jpeg,0.04255859375,4358,320,masks/IMG000636.png,c8f31e10ea92e38fd7a5cc4b0a263968d441207dfde0391b59be0cd179998e73,0|255,320,8,,72,24,0.042802734375,3,0,3,0.7114408612251282,0.4091159403324127,0.0009299768134951591,val,ok,0.150009765625,1,3,30,14,44
13,8,1.0,0.0589643195271492,0.0,0.45982421875,0.14452476799488068,ground_truth,,,,0.2364828884601593,0.056845703125,btxrd-heuristic-000358,IMG000641.jpeg,0.056845703125,5821,320,masks/IMG000641.png,1ff2fe403c8daeaca614a41ee3f0b8bcbec4036fadc601c5d03e311c653ef858,0|255,320,4,,36,12,0.056845703125,3,0,3,0.5660630464553833,0.3488805890083313,0.01292648445814848,val,ok,0.15,1,1,15,10,25
16,16,1.0,0.11701486259698868,0.0,0.783486328125,0.14395485818386078,ground_truth,,,,0.9979065656661987,0.036611328125,btxrd-heuristic-000359,IMG000642.jpeg,0.036611328125,3749,320,masks/IMG000642.png,63d5a898ac65ae100669374186b4ce37390720085088ede208f90aab8c744316,0|255,320,9,,78,26,0.03669921875,3,0,3,0.5425313115119934,0.196478933095932,0.002185623859986663,val,ok,0.148505859375,1,3,32,18,50
22,8,1.0,0.09014251083135605,0.0,0.670283203125,0.17466136813163757,ground_truth,,,,0.9998607635498047,0.012626953125,btxrd-heuristic-000370,IMG000660.jpeg,0.012626953125,1293,320,masks/IMG000660.png,f5e868a40db6807ef6bf1ab20db872e5604878d68433673ce8a7e4365733b564,0|255,320,4,,36,12,0.01271484375,3,0,3,0.7419961094856262,0.4038163125514984,0.006183322984725237,val,ok,0.150009765625,1,2,14,8,22
1,12,1.0,0.018696846440434456,0.0,0.1355859375,0.0865081399679184,ground_truth,,,,0.0011760694906115532,0.0,btxrd-heuristic-000377,IMG000672.jpeg,0.0,0,320,masks/IMG000672.png,14bf4fc16d7e9f17cb073a83ba89ab04bd4c22a2b6f80f25bf73a67ce7a0a340,0,320,7,no_candidate_survived_or_postprocess_empty,60,20,0.837109375,1,0,1,0.40691983699798584,0.16918526589870453,0.01118784211575985,val,empty_after_localization,1.0,1,1,19,18,37
26,6,1.0,0.11727175861597061,0.0,0.624248046875,0.21930070221424103,ground_truth,,,,0.9759523272514343,0.117060546875,btxrd-heuristic-000383,IMG000681.jpeg,0.117060546875,11987,320,masks/IMG000681.png,c6e82bf5c86fec03e418ad1121c291b24e768e6e811fd0757101423c659232b8,0|255,320,3,,27,9,0.125146484375,3,0,3,0.776760995388031,0.5974769592285156,0.39099159836769104,val,ok,0.15,1,1,12,5,17
7,14,1.0,0.048851680010557175,0.0,0.666923828125,0.12439918518066406,ground_truth,,,,0.9333478808403015,0.043994140625,btxrd-heuristic-000384,IMG000682.jpeg,0.043994140625,4505,320,masks/IMG000682.png,eb94399348c8c59d60bde4b5a597eb1eb7610893caeed1473c13e750df787b6c,0|255,320,7,,63,21,0.044375,2,0,2,0.5684744119644165,0.20488622784614563,0.0007517935591749847,val,ok,0.15,1,1,24,13,37
39,10,1.0,0.14005827903747559,0.0,0.57490234375,0.2318466156721115,ground_truth,,,,0.9509683847427368,0.082724609375,btxrd-heuristic-000394,IMG000699.jpeg,0.082724609375,8471,320,masks/IMG000699.png,c764ed61facc1bd8c53d594b96e565a85c986f7f36e5266f5379313441277910,0|255,320,5,,45,15,0.083046875,3,0,3,0.7597509622573853,0.5743628740310669,0.23423205316066742,val,ok,0.15,1,1,19,15,34
42,8,1.0,0.1292535960674286,0.0,0.747783203125,0.21870191395282745,ground_truth,,,,0.9998916387557983,0.064072265625,btxrd-heuristic-000411,IMG000727.jpeg,0.064072265625,6561,320,masks/IMG000727.png,694b6d4bf6c1111db86f059005dd639f150f6b464792f9158071a3d9ab3defdd,0|255,320,5,,42,14,0.064365234375,3,0,3,0.7965391278266907,0.6415320038795471,0.42476144433021545,val,ok,0.15,1,1,20,13,33
1,18,1.0,0.06883196532726288,0.0,0.535751953125,0.1489195078611374,ground_truth,,,,0.5981042385101318,0.00216796875,btxrd-heuristic-000422,IMG000747.jpeg,0.00216796875,222,320,masks/IMG000747.png,2adf5159407f8a164abbc88c1a19d133602f01dd74bd18a5c60eee76950e3515,0|255,320,9,,81,27,0.002568359375,1,0,1,0.4901154637336731,0.19541549682617188,0.0034503808710724115,val,ok,0.1494140625,1,1,32,23,55
18,10,1.0,0.14362771809101105,0.0,0.8030078125,0.2038656771183014,ground_truth,,,,0.9543749094009399,0.13904296875,btxrd-heuristic-000424,IMG000749.jpeg,0.13904296875,14238,320,masks/IMG000749.png,e8c7c60b78d040681dcddbad0f2b8dac45fd76971a5c430262c7951814a43f42,0|255,320,5,,45,15,0.142802734375,3,0,3,0.7033749222755432,0.3166159391403198,0.024724887683987617,val,ok,0.15,1,1,17,15,32
17,14,1.0,0.051331110298633575,0.0,0.429814453125,0.13942576944828033,ground_truth,,,,0.5902808308601379,0.03048828125,btxrd-heuristic-000425,IMG000750.jpeg,0.03048828125,3122,320,masks/IMG000750.png,5547c2d588a23e8796918714923da35b0580405f007da86124436b2fd69bb21c,0|255,320,8,,69,23,0.0306640625,3,0,3,0.6869998574256897,0.22700929641723633,0.002130029024556279,val,ok,0.1479296875,1,1,29,18,47
8,14,1.0,0.055562566965818405,0.0,0.339033203125,0.14352203905582428,ground_truth,,,,0.02651602029800415,0.035947265625,btxrd-heuristic-000426,IMG000751.jpeg,0.035947265625,3681,320,masks/IMG000751.png,4e8eaaa48a81ca526323c1afdb47ed45680fe91eff255db6d9a9321ba86e356a,0|255,320,7,,63,21,0.0391796875,2,0,2,0.5831847786903381,0.20146438479423523,0.007415264379233122,val,ok,0.15,1,1,24,12,36
16,12,1.0,0.07611431181430817,0.0,0.5827734375,0.1574975699186325,ground_truth,,,,0.9731086492538452,0.088212890625,btxrd-heuristic-000434,IMG000762.jpeg,0.088212890625,9033,320,masks/IMG000762.png,acffa59d36921fda0c16bedacc5d5f27ebae7ced12d8cfda1df00726a9bbb151,0|255,320,6,,54,18,0.088212890625,3,0,3,0.535129189491272,0.2910906970500946,0.0006046059424988925,val,ok,0.15,1,1,22,13,35
8,16,1.0,0.06315816938877106,0.0,0.5635546875,0.13543039560317993,ground_truth,,,,0.9930328130722046,0.0537890625,btxrd-heuristic-000435,IMG000763.jpeg,0.0537890625,5508,320,masks/IMG000763.png,0bad50358f8ed601bd4addefb8e87fa5746fc6d190c4f51e9371a8ea939efc24,0|255,320,8,,72,24,0.05419921875,3,0,3,0.5201671123504639,0.22933557629585266,2.8025404390064068e-05,val,ok,0.15,1,1,27,20,47
49,18,1.0,0.14082013070583344,0.0,0.849716796875,0.18907439708709717,ground_truth,,,,0.9824329614639282,0.026279296875,btxrd-heuristic-000452,IMG000793.jpeg,0.026279296875,2691,320,masks/IMG000793.png,11cd40c4e32f95b7ac370372fffc380d58651df5eff4c82273641da7a2ee0350,0|255,320,9,,81,27,0.0266796875,3,0,3,0.7280684113502502,0.39897575974464417,0.05764657258987427,val,ok,0.136982421875,1,3,31,15,46
40,14,1.0,0.10050225257873535,0.0,0.610634765625,0.18422020971775055,ground_truth,,,,0.3790648579597473,0.0015234375,btxrd-heuristic-000452,IMG000794.jpeg,0.0015234375,156,320,masks/IMG000794.png,640aba7bbea2f19b021385bb82d9a5f0f3a82d0cabca1907f9a655a288c5ed0d,0|255,320,7,,63,21,0.001533203125,3,0,3,0.7536693811416626,0.46519070863723755,0.12774266302585602,val,ok,0.14978515625,1,3,28,14,42
17,8,1.0,0.14049915969371796,0.0,0.870625,0.1756603717803955,ground_truth,,,,0.9968525767326355,0.033349609375,btxrd-heuristic-000476,IMG000838.jpeg,0.033349609375,3415,320,masks/IMG000838.png,d4c09fc4ba987ec7f47d7c4e2bf6bc96c1ce8576c6305662b26416d421c0f69a,0|255,320,4,,36,12,0.03599609375,3,0,3,0.7028408646583557,0.4190465211868286,0.2019539326429367,val,ok,0.15,1,7,16,10,26
24,6,1.0,0.1074214056134224,0.0,0.57845703125,0.1963833123445511,ground_truth,,,,0.6984729170799255,0.0538671875,btxrd-heuristic-000501,IMG000876.jpeg,0.0538671875,5516,320,masks/IMG000876.png,010969afc5da81c601d20aa23ade975d64faa3a2985509a6f2dec76b468b6ea0,0|255,320,3,,27,9,0.05439453125,3,0,3,0.7240852117538452,0.5306534171104431,0.23440149426460266,val,ok,0.15,1,1,12,5,17
43,10,1.0,0.21019546687602997,0.0,0.885556640625,0.2709958851337433,ground_truth,,,,0.9999969005584717,0.0808984375,btxrd-heuristic-000513,IMG000895.jpeg,0.0808984375,8284,320,masks/IMG000895.png,211d3941aa692703659cebfc7a71728550a4a96d22b5703a391b5e99f4d0433e,0|255,320,5,,45,15,0.081494140625,3,0,3,0.7332768440246582,0.6070393323898315,0.27530115842819214,val,ok,0.15,1,1,17,10,27
32,12,1.0,0.057223740965127945,0.0,0.39189453125,0.15058255195617676,ground_truth,,,,0.8511762022972107,0.043701171875,btxrd-heuristic-000516,IMG000899.jpeg,0.043701171875,4475,320,masks/IMG000899.png,6058a187a4b95c11d17b3b3cca5f2221332a32997757eea8bd98e95962ea8c49,0|255,320,6,,54,18,0.043701171875,3,0,3,0.6583894491195679,0.42276138067245483,0.012645017355680466,val,ok,0.15,1,1,24,10,34
26,6,1.0,0.08943196386098862,0.0,0.654765625,0.17529913783073425,ground_truth,,,,0.9161846041679382,0.0508984375,btxrd-heuristic-000518,IMG000901.jpeg,0.0508984375,5212,320,masks/IMG000901.png,50183d1e3a53447babc5fe64aa6ee6ad045a2a9cb62d8a3eda551b2e2418fb8d,0|255,320,3,,27,9,0.05150390625,3,0,3,0.6789069771766663,0.5153432488441467,0.371766597032547,val,ok,0.15,1,1,12,5,17
4,10,1.0,0.10686126351356506,0.0,0.7287890625,0.16252624988555908,ground_truth,,,,0.9993771910667419,0.09416015625,btxrd-heuristic-000519,IMG000902.jpeg,0.09416015625,9642,320,masks/IMG000902.png,b093f21a64c806ce26725a7c81e79eb7ca48513cb46183a9f9bf109138494cc8,0|255,320,5,,45,15,0.095869140625,3,0,3,0.5819115042686462,0.30593812465667725,0.02804766222834587,val,ok,0.15,1,1,20,10,30
16,10,1.0,0.10919012874364853,0.0,0.7109375,0.18545882403850555,ground_truth,,,,0.9971948862075806,0.09232421875,btxrd-heuristic-000521,IMG000905.jpeg,0.09232421875,9454,320,masks/IMG000905.png,ce720c7911fa3c23c99ad474e7b630eb42bcbeccb5b3387d1dcf358c7db73c0c,0|255,320,5,,45,15,0.118818359375,3,0,3,0.6462200880050659,0.2963240444660187,0.0015192204155027866,val,ok,0.15,1,1,18,13,31
40,10,1.0,0.10786977410316467,0.0,0.58734375,0.2001434564590454,ground_truth,,,,0.9357000589370728,0.01125,btxrd-heuristic-000527,IMG000917.jpeg,0.01125,1152,320,masks/IMG000917.png,20c96638c329258c3a7105eb86df6f557f7006803bb47d97fbbf9fe1ce470715,0|255,320,5,,45,15,0.011337890625,3,0,3,0.7557228803634644,0.5261653661727905,0.23237845301628113,val,ok,0.15,1,1,17,10,27
40,10,1.0,0.11916407942771912,0.0,0.8054296875,0.21044926345348358,ground_truth,,,,0.9854825735092163,0.061513671875,btxrd-heuristic-000528,IMG000918.jpeg,0.061513671875,6299,320,masks/IMG000918.png,0be6f14fa1ab6ce24ebac43302f3fa30e5cab16bbdf1e91efd25e106a71dd883,0|255,320,5,,45,15,0.06154296875,3,0,3,0.759528636932373,0.5838388204574585,0.15487027168273926,val,ok,0.15,1,1,18,13,31
26,14,1.0,0.13754156231880188,0.0,0.792412109375,0.21329276263713837,ground_truth,,,,0.9996950626373291,0.038779296875,btxrd-heuristic-000533,IMG000924.jpeg,0.038779296875,3971,320,masks/IMG000924.png,9f4c991288fe08b3556e49219cc96c6b8b97585c10104a1cd863f90750a7c411,0|255,320,7,,63,21,0.0390625,3,0,3,0.710220217704773,0.3749120831489563,0.006914702709764242,val,ok,0.15,1,1,28,15,43
9,12,1.0,0.07846168428659439,0.0,0.79271484375,0.16115687787532806,ground_truth,,,,0.6751176118850708,0.06685546875,btxrd-heuristic-000536,IMG000928.jpeg,0.06685546875,6846,320,masks/IMG000928.png,81596344d9d2db606451ae85cf31fa9f10673e8377ec2aa1ec14dd374bd03b44,0|255,320,6,,54,18,0.06689453125,2,0,2,0.5903841853141785,0.2305290848016739,0.0037386573385447264,val,ok,0.15,1,1,24,10,34
15,14,1.0,0.0869482234120369,0.0,0.811044921875,0.16741754114627838,ground_truth,,,,0.8804391622543335,0.04375,btxrd-heuristic-000538,IMG000930.jpeg,0.04375,4480,320,masks/IMG000930.png,bdecc136d23dfca2bc4449baf7788203bb0ea235b095d1eda671864cd418a0f3,0|255,320,7,,63,21,0.044404296875,3,0,3,0.5358404517173767,0.2726817727088928,0.008509945124387741,val,ok,0.15,1,1,26,15,41
29,12,1.0,0.08421396464109421,0.0,0.55400390625,0.17268328368663788,ground_truth,,,,0.11019270122051239,0.086103515625,btxrd-heuristic-000539,IMG000931.jpeg,0.086103515625,8817,320,masks/IMG000931.png,b17c64fc348bcbf1494cf18aa170d41086f0c1bb032874eb5e785e794511205c,0|255,320,6,,54,18,0.08626953125,3,0,3,0.6867587566375732,0.381891131401062,0.012668238021433353,val,ok,0.15,1,1,21,18,39
38,18,1.0,0.15507805347442627,0.0,0.765625,0.20102642476558685,ground_truth,,,,0.9954700469970703,0.046953125,btxrd-heuristic-000540,IMG000932.jpeg,0.046953125,4808,320,masks/IMG000932.png,809345b385647a583cd1d0a45d1bc60f76c07d5749b4fd917e65fac5cd7e4f5e,0|255,320,9,,81,27,0.046953125,3,0,3,0.7219793200492859,0.38565224409103394,0.08858822286128998,val,ok,0.15,1,1,36,17,53
26,8,1.0,0.06932851672172546,0.0,0.578818359375,0.15954814851284027,ground_truth,,,,0.8798278570175171,0.055224609375,btxrd-heuristic-000547,IMG000944.jpeg,0.055224609375,5655,320,masks/IMG000944.png,baa687a657379c948c5576a32ccd92a98fb9a60295c3263f76bfc12f428126bb,0|255,320,4,,36,12,0.063486328125,3,0,3,0.6527135968208313,0.42030447721481323,0.0035058085341006517,val,ok,0.15,1,2,13,8,21
30,16,1.0,0.16509251296520233,0.0,0.941962890625,0.20884209871292114,ground_truth,,,,0.9999827146530151,0.084375,btxrd-heuristic-000561,IMG000963.jpeg,0.084375,8640,320,masks/IMG000963.png,28b93fb5ef16583cf8580881e633f4ecdfdaca1561cfa7dc97dbe4e34ed69a8a,0|255,320,8,,72,24,0.084375,3,0,3,0.7365850210189819,0.37201398611068726,0.008461540564894676,val,ok,0.15,1,2,27,15,42
25,6,1.0,0.10797116905450821,0.0,0.51638671875,0.2180585265159607,ground_truth,,,,0.4859674572944641,0.02212890625,btxrd-heuristic-000566,IMG000969.jpeg,0.02212890625,2266,320,masks/IMG000969.png,81152a221eff2e8c19db922f648c2e7693e4162303d5355cd1485171351742a6,0|255,320,3,,27,9,0.022421875,3,0,3,0.7727280855178833,0.589366614818573,0.1564740389585495,val,ok,0.15,1,2,12,5,17
18,10,1.0,0.10027690976858139,0.0,0.475,0.1952735334634781,ground_truth,,,,0.5882546901702881,0.090908203125,btxrd-heuristic-000568,IMG000971.jpeg,0.090908203125,9309,320,masks/IMG000971.png,82663891f625daaf24f7bc3da3c8e672c43e3a47d82c26581968779da6273794,0|255,320,5,,45,15,0.092626953125,3,0,3,0.6849790215492249,0.3167301416397095,0.004199149087071419,val,ok,0.15,1,2,16,10,26
20,12,1.0,0.11571639776229858,0.0,0.7647265625,0.18028275668621063,ground_truth,,,,0.9986679553985596,0.054453125,btxrd-heuristic-000581,IMG000993.jpeg,0.054453125,5576,320,masks/IMG000993.png,8d763531150c75a130b81a3ca2784decb9474291150405279ebd22024036e27b,0|255,320,6,,54,18,0.054462890625,3,0,3,0.705804705619812,0.36366525292396545,0.02657441236078739,val,ok,0.15,1,1,24,12,36
23,16,1.0,0.07528642565011978,0.0,0.60384765625,0.15942853689193726,ground_truth,,,,0.9125455617904663,0.042412109375,btxrd-heuristic-000583,IMG000996.jpeg,0.042412109375,4343,320,masks/IMG000996.png,aac22d0afb799c255295eb698e4baed7ad2d712718f9671202a590a37c7f363b,0|255,320,8,,72,24,0.042412109375,3,0,3,0.6535137891769409,0.2804222106933594,0.015667423605918884,val,ok,0.15,1,1,25,20,45
50,18,1.0,0.11400127410888672,0.0,0.734140625,0.1847245991230011,ground_truth,,,,0.9999891519546509,0.026865234375,btxrd-heuristic-000591,IMG001006.jpeg,0.026865234375,2751,320,masks/IMG001006.png,6b841e2d5ac60c7965db9f8a3dc405da126f323694e373e95fa44a8675b10c7a,0|255,320,9,,81,27,0.0278125,3,0,3,0.764363169670105,0.4480559229850769,0.036764394491910934,val,ok,0.15,1,2,35,16,51
20,16,1.0,0.11073055118322372,0.0,0.521884765625,0.18269537389278412,ground_truth,,,,0.9887280464172363,0.025224609375,btxrd-heuristic-000592,IMG001007.jpeg,0.025224609375,2583,320,masks/IMG001007.png,1ddcea8a9f4618331e06e50fcb037b00e9d746815da3855d3158d1125c25504f,0|255,320,8,,72,24,0.02537109375,3,0,3,0.7512489557266235,0.3588515520095825,0.0621032789349556,val,ok,0.15,1,2,26,15,41
17,18,1.0,0.046140071004629135,0.0,0.37525390625,0.13043662905693054,ground_truth,,,,0.7399802803993225,0.022841796875,btxrd-heuristic-000600,IMG001024.jpeg,0.022841796875,2339,320,masks/IMG001024.png,a8c0ea9a1a7041791fb55921971b823c4f67f3a993e60b027beaf79c705884fa,0|255,320,9,,81,27,0.02373046875,3,0,3,0.6178840398788452,0.2267971932888031,0.0073394631035625935,val,ok,0.15,1,1,33,15,48
23,16,1.0,0.07975047081708908,0.0,0.749296875,0.1427924484014511,ground_truth,,,,0.7068630456924438,0.00474609375,btxrd-heuristic-000605,IMG001030.jpeg,0.00474609375,486,320,masks/IMG001030.png,f896f0b1e2dd5a9c2bf57c764a2c364a2687d734ea2bc65f5a8020953f812e70,0|255,320,8,,72,24,0.00474609375,3,0,3,0.7627619504928589,0.3410618007183075,0.004187561571598053,val,ok,0.1473828125,1,7,30,15,45
28,18,1.0,0.14461907744407654,0.0,0.767587890625,0.1851215362548828,ground_truth,,,,0.5203751921653748,0.028212890625,btxrd-heuristic-000620,IMG001056.jpeg,0.028212890625,2889,320,masks/IMG001056.png,7a65e7b58687e8080ff2aa6359a36aa44cc829344cad17fff151399fd5817be8,0|255,320,9,,81,27,0.028720703125,3,0,3,0.6945629715919495,0.3500087261199951,0.004949485883116722,val,ok,0.140166015625,1,7,35,20,55
4,12,1.0,0.04588831961154938,0.0,0.7517578125,0.13208171725273132,ground_truth,,,,0.7689064741134644,0.044453125,btxrd-heuristic-000622,IMG001059.jpeg,0.044453125,4552,320,masks/IMG001059.png,2852bde05ae791977bbf3eb54bfdff88121388a728765f49c2005796c768bc8f,0|255,320,6,,54,18,0.0444921875,2,0,2,0.582443356513977,0.188163623213768,0.0018689073622226715,val,ok,0.15,1,1,21,14,35
14,10,1.0,0.10555404424667358,0.0,0.834921875,0.176132470369339,ground_truth,,,,0.9993057250976562,0.048994140625,btxrd-heuristic-000623,IMG001060.jpeg,0.048994140625,5017,320,masks/IMG001060.png,f26be1fc7d8cd7ef6671aaf79c338da3ff9835a9df4b70d0cd13b3ce8d295251,0|255,320,5,,45,15,0.04919921875,3,0,3,0.6910056471824646,0.3059004247188568,0.0036636958830058575,val,ok,0.15,1,1,20,14,34
34,18,1.0,0.15603141486644745,0.0,0.92625,0.18072795867919922,ground_truth,,,,0.9999686479568481,0.03150390625,btxrd-heuristic-000639,IMG001092.jpeg,0.03150390625,3226,320,masks/IMG001092.png,7cc57fe3c0a8df6a897a17c07a25825acd163257dedb77735f9ab284597f5321,0|255,320,9,,81,27,0.031611328125,3,0,3,0.7173655033111572,0.3568389117717743,0.080525241792202,val,ok,0.128984375,1,2,35,16,51
15,10,1.0,0.09613896161317825,0.0,0.7801171875,0.1868940144777298,ground_truth,,,,0.9986336827278137,0.11212890625,btxrd-heuristic-000641,IMG001094.jpeg,0.11212890625,11482,320,masks/IMG001094.png,bfd2da76cd7c0c827865d5301082489941b91b4ac76bb87c487aead765b79513,0|255,320,5,,45,15,0.11677734375,3,0,3,0.6887930035591125,0.31731104850769043,0.021838359534740448,val,ok,0.15,1,2,17,11,28
13,14,1.0,0.11971572041511536,0.0,0.76662109375,0.1863115280866623,ground_truth,,,,0.9990811347961426,0.011318359375,btxrd-heuristic-000644,IMG001098.jpeg,0.011318359375,1159,320,masks/IMG001098.png,11b16cce12fad6207b1fc09921e58960aa523283f3e8c1a4180689d6d001b6cd,0|255,320,7,,63,21,0.011328125,3,0,3,0.6666167974472046,0.2576045095920563,0.0054995352402329445,val,ok,0.15,1,1,27,16,43
6,8,1.0,0.05173361673951149,0.0,0.668076171875,0.12780992686748505,ground_truth,,,,0.7398134469985962,0.003828125,btxrd-heuristic-000649,IMG001106.jpeg,0.003828125,392,320,masks/IMG001106.png,aedc7779f3ddf49a927a8b65c85c86a479496d5f7707dbd6b2b358f9829c90c1,0|255,320,4,,36,12,0.004091796875,2,0,2,0.6151752471923828,0.25970661640167236,0.0011829318245872855,val,ok,0.15,1,2,16,10,26
12,18,1.0,0.030073029920458794,0.0,0.44865234375,0.09474873542785645,ground_truth,,,,0.39308011531829834,0.012060546875,btxrd-heuristic-000669,IMG001136.jpeg,0.012060546875,1235,320,masks/IMG001136.png,afc11ead13d521e40ca3adf3ef6e61355248a54ff34c2d1f5b1a8a9980965c5b,0|255,320,9,,81,27,0.012177734375,3,0,3,0.5869137644767761,0.18719953298568726,5.9870286349905655e-05,val,ok,0.11876953125,1,1,34,16,50
18,12,1.0,0.09406504034996033,0.0,0.7819140625,0.17384666204452515,ground_truth,,,,0.9786959886550903,0.051142578125,btxrd-heuristic-000672,IMG001140.jpeg,0.051142578125,5237,320,masks/IMG001140.png,322908331afc00653b34c85cfb96c5ce57e0798d2062177de7ff3c014d94a145,0|255,320,6,,54,18,0.051181640625,3,0,3,0.673781156539917,0.3318009674549103,0.023691633716225624,val,ok,0.15,1,1,22,22,44
27,6,1.0,0.12117168307304382,0.0,0.71931640625,0.20685100555419922,ground_truth,,,,0.9942242503166199,0.097021484375,btxrd-heuristic-000673,IMG001141.jpeg,0.097021484375,9935,320,masks/IMG001141.png,a77fa71281dba6ed2d892048a1bb69f34d3eb938433e2fa39bd140728da5e26e,0|255,320,3,,27,9,0.097021484375,3,0,3,0.7133001685142517,0.6203131675720215,0.5116780996322632,val,ok,0.15,1,1,12,5,17
41,18,1.0,0.18206840753555298,0.0,0.906689453125,0.18136315047740936,ground_truth,,,,0.9998842477798462,0.045068359375,btxrd-heuristic-000693,IMG001174.jpeg,0.045068359375,4615,320,masks/IMG001174.png,e5d76a1ec9e8fdfa882a57ea3eceac2bdcf10ee69623a28abb4910cffbb39185,0|255,320,9,,81,27,0.045185546875,3,0,3,0.678026556968689,0.3697642385959625,0.01701037958264351,val,ok,0.143837890625,1,2,34,18,52
32,10,1.0,0.16636835038661957,0.0,0.814736328125,0.24390549957752228,ground_truth,,,,0.9997414946556091,0.061240234375,btxrd-heuristic-000702,IMG001190.jpeg,0.061240234375,6271,320,masks/IMG001190.png,2d6e8c5e6f465fc947537ff6601b1d640503a61f11fcf63ec21339728f619b21,0|255,320,6,,51,17,0.062099609375,3,0,3,0.7526892423629761,0.4551070034503937,0.1153438612818718,val,ok,0.15,1,6,23,15,38
35,12,1.0,0.12868861854076385,0.0,0.781767578125,0.2132588028907776,ground_truth,,,,0.9944743514060974,0.06375,btxrd-heuristic-000702,IMG001191.jpeg,0.06375,6528,320,masks/IMG001191.png,58989addfb694ef625538e21a3e12d05510c7766383ea19d614c5730965a52bd,0|255,320,6,,54,18,0.06400390625,3,0,3,0.7846717834472656,0.44890296459198,0.0,val,ok,0.15,1,6,23,10,33
26,6,1.0,0.09907495230436325,0.0,0.4995703125,0.21497568488121033,ground_truth,,,,0.9449413418769836,0.05494140625,btxrd-heuristic-000707,IMG001202.jpeg,0.05494140625,5626,320,masks/IMG001202.png,07894c298bf5d86703e917d2b89479de9fdb6aa02ac2b2a21bcd82b9d35595e6,0|255,320,3,,27,9,0.056748046875,3,0,3,0.814773678779602,0.6326830983161926,0.38737258315086365,val,ok,0.15,1,1,12,5,17
2,18,1.0,0.08053823560476303,0.0,0.693583984375,0.1331712156534195,ground_truth,,,,0.6842488050460815,0.053984375,btxrd-heuristic-000710,IMG001206.jpeg,0.053984375,5528,320,masks/IMG001206.png,15dabbbf109a848b293fca34ff1464ca4c1f23431779ab27914f7521e71ef84f,0|255,320,9,,81,27,0.053994140625,2,0,2,0.43572989106178284,0.16119129955768585,0.00048252922715619206,val,ok,0.15,1,1,32,20,52
21,10,1.0,0.13532690703868866,0.0,0.9424609375,0.17096783220767975,ground_truth,,,,0.9984604120254517,0.047431640625,btxrd-heuristic-000715,IMG001215.jpeg,0.047431640625,4857,320,masks/IMG001215.png,863e30a393c29e84edd448b05d690e6539433444ad161d31787cb47ffbaad5f6,0|255,320,5,,45,15,0.047470703125,3,0,3,0.7574994564056396,0.36073827743530273,0.003047449281439185,val,ok,0.15,1,6,16,12,28
35,8,1.0,0.10021305084228516,0.0,0.739462890625,0.1824284791946411,ground_truth,,,,0.975274920463562,0.08333984375,btxrd-heuristic-000715,IMG001216.jpeg,0.08333984375,8534,320,masks/IMG001216.png,7c51092172e3065e442f762310e888d8d9ff07c33844430c543ab17a8bcdec30,0|255,320,4,,36,12,0.083583984375,3,0,3,0.7485992312431335,0.5487555265426636,0.31366294622421265,val,ok,0.15,1,6,16,10,26
22,6,1.0,0.10186329483985901,0.0,0.58515625,0.20731619000434875,ground_truth,,,,0.9237143993377686,0.077744140625,btxrd-heuristic-000717,IMG001219.jpeg,0.077744140625,7961,320,masks/IMG001219.png,e4dc6634abf161d42687aeba5d73f04fcb06502b7669b01762605a42397e7434,0|255,320,3,,27,9,0.078203125,3,0,3,0.732896625995636,0.47935184836387634,0.3297898471355438,val,ok,0.15,1,1,12,5,17
28,12,1.0,0.09700574725866318,0.0,0.805283203125,0.17618700861930847,ground_truth,,,,0.6979649662971497,0.051982421875,btxrd-heuristic-000724,IMG001231.jpeg,0.051982421875,5323,320,masks/IMG001231.png,6a48d4cec8ea537057245851275f559024dd86e282bccd057f510b4e0a79b1d7,0|255,320,6,,54,18,0.052001953125,3,0,3,0.7377849817276001,0.33583372831344604,0.002200866350904107,val,ok,0.15,1,1,22,13,35
23,18,1.0,0.0968589186668396,0.0,0.958447265625,0.1589653342962265,ground_truth,,,,0.9950169920921326,0.05650390625,btxrd-heuristic-000727,IMG001235.jpeg,0.05650390625,5786,320,masks/IMG001235.png,ba1e50b72292a6e71b9043f79f5d4b04caa8db4c3e279e603ae8ea053072764a,0|255,320,9,,81,27,0.056826171875,3,0,3,0.6658611297607422,0.3065066635608673,0.06449159234762192,val,ok,0.15,1,1,34,17,51
26,12,1.0,0.10279048979282379,0.0,0.74546875,0.1733415424823761,ground_truth,,,,0.9999995231628418,0.031953125,btxrd-heuristic-000732,IMG001245.jpeg,0.031953125,3272,320,masks/IMG001245.png,1c5bd45d1081658463198f24cb7c3901dd0c8834b78ab004b902577b81294450,0|255,320,6,,54,18,0.032080078125,3,0,3,0.7327293157577515,0.3483341932296753,0.006026530638337135,val,ok,0.15,1,2,22,15,37
25,8,1.0,0.108746737241745,0.0,0.727041015625,0.19815418124198914,ground_truth,,,,0.8321143388748169,0.008486328125,btxrd-heuristic-000735,IMG001248.jpeg,0.008486328125,869,320,masks/IMG001248.png,386c17d97e10659c5874e3372b3d93285924deca162d3d2dacb7b564060a8cd2,0|255,320,4,,36,12,0.008671875,3,0,3,0.7619821429252625,0.46359145641326904,0.0008022692636586726,val,ok,0.15,1,1,16,8,24
35,12,1.0,0.11186058074235916,0.0,0.687109375,0.19832980632781982,ground_truth,,,,0.9355704188346863,0.030224609375,btxrd-heuristic-000738,IMG001251.jpeg,0.030224609375,3095,320,masks/IMG001251.png,09a6da82f364ae7bf4557d9e5ab71fe09cb5e54cf77b97ebe99f311d06e0a6c1,0|255,320,6,,54,18,0.030927734375,3,0,3,0.7677478194236755,0.40571704506874084,0.005936881061643362,val,ok,0.15,1,1,21,15,36
37,16,1.0,0.14807623624801636,0.0,0.919599609375,0.2120799422264099,ground_truth,,,,0.9999854564666748,0.01494140625,btxrd-heuristic-000745,IMG001259.jpeg,0.01494140625,1530,320,masks/IMG001259.png,5b9bfab4d2147692ec6a1ceceabc71dd935c56f015904b964c31458be9fface5,0|255,320,8,,72,24,0.01548828125,3,0,3,0.6968449950218201,0.4168442487716675,0.11417476832866669,val,ok,0.15,1,1,30,19,49
53,16,1.0,0.12958452105522156,0.0,0.53375,0.2128249704837799,ground_truth,,,,0.2296782284975052,0.03021484375,btxrd-heuristic-000753,IMG001272.jpeg,0.03021484375,3094,320,masks/IMG001272.png,3df47a3202c463ceff80384db8e1918edf9277d55b579297988d8648c28b66b6,0|255,320,8,,72,24,0.03037109375,3,0,3,0.7647331953048706,0.5034871697425842,0.21033048629760742,val,ok,0.15,1,1,29,23,52
41,14,1.0,0.15825991332530975,0.0,0.913232421875,0.18831050395965576,ground_truth,,,,0.9999996423721313,0.051494140625,btxrd-heuristic-000760,IMG001280.jpeg,0.051494140625,5273,320,masks/IMG001280.png,04ce5d663dade7e8f5e8f8525d0d90dd2af66918c59a9bf27cba309a66baf95b,0|255,320,7,,63,21,0.051513671875,3,0,3,0.7331295013427734,0.49372124671936035,0.2286534309387207,val,ok,0.15,1,2,28,17,45
17,10,1.0,0.1257936805486679,0.0,0.80390625,0.168733149766922,ground_truth,,,,0.9999445676803589,0.0096484375,btxrd-heuristic-000783,IMG001315.jpeg,0.0096484375,988,320,masks/IMG001315.png,fa4980bcd88f0842d6d37d7a7ab742a446d516985682836bbda2d2d5d45f4c81,0|255,320,5,,45,15,0.0096484375,3,0,3,0.7669503092765808,0.3816431164741516,0.05228373408317566,val,ok,0.15,1,1,19,10,29
19,18,1.0,0.15406139194965363,0.0,0.892578125,0.1686813086271286,ground_truth,,,,0.25058767199516296,0.006142578125,btxrd-heuristic-000808,IMG001352.jpeg,0.006142578125,629,320,masks/IMG001352.png,d2b15436f94477e1375d8edda912fcb6624180ff444997c09879c42fa9b5868a,0|255,320,9,,81,27,0.0062109375,3,0,3,0.7162517309188843,0.2896538972854614,0.0026439798530191183,val,ok,0.1487890625,1,8,35,13,48
23,16,1.0,0.09851538389921188,0.0,0.843173828125,0.13740499317646027,ground_truth,,,,0.9822857975959778,0.026279296875,btxrd-heuristic-000809,IMG001353.jpeg,0.026279296875,2691,320,masks/IMG001353.png,a07d5d68a59a04d90a2efd64bdc1b0fcf45932a5d4333466d5259da1030ab3d6,0|255,320,8,,72,24,0.0265625,3,0,3,0.6744690537452698,0.3175920248031616,0.0014896334614604712,val,ok,0.147373046875,1,3,30,15,45
28,16,1.0,0.11627881228923798,0.0,0.890078125,0.1805030256509781,ground_truth,,,,0.9094481468200684,0.047705078125,btxrd-heuristic-000821,IMG001371.jpeg,0.047705078125,4885,320,masks/IMG001371.png,4ca70c5318e1c336df5b130ff12d97edb87408edc0360b9385deadb99c9f94d0,0|255,320,8,,72,24,0.047724609375,3,0,3,0.7605918645858765,0.3364098072052002,0.0039031077176332474,val,ok,0.15,1,3,30,14,44
23,18,1.0,0.06584697961807251,0.0,0.51716796875,0.13764230906963348,ground_truth,,,,0.14154812693595886,0.015263671875,btxrd-heuristic-000826,IMG001379.jpeg,0.015263671875,1563,320,masks/IMG001379.png,1d5d8d7952528086f5df7bcc9f179343791e3676e062dc30abe518ae04f97771,0|255,320,9,,81,27,0.01537109375,3,0,3,0.7227769494056702,0.2614403963088989,0.002041197381913662,val,ok,0.120595703125,1,9,35,14,49
45,18,1.0,0.22239238023757935,0.0,0.9953515625,0.2015525847673416,ground_truth,,,,1.0,0.02314453125,btxrd-heuristic-000833,IMG001391.jpeg,0.02314453125,2370,320,masks/IMG001391.png,9427a6df56b150bb5dae855770ee172041cf57a5d254fb041add97105d2f9c3e,0|255,320,9,,81,27,0.023203125,3,0,3,0.7395139336585999,0.46972227096557617,0.08687406778335571,val,ok,0.15,1,2,32,18,50
23,14,1.0,0.11937550455331802,0.0,0.95408203125,0.14875678718090057,ground_truth,,,,0.9664411544799805,0.030615234375,btxrd-heuristic-000836,IMG001394.jpeg,0.030615234375,3135,320,masks/IMG001394.png,ecf4baaa53232d25da7e730b2dd242d85c25a2e3ad6472eba218a59d6c49632a,0|255,320,7,,63,21,0.030654296875,3,0,3,0.6941101551055908,0.3257153630256653,0.0002706744126044214,val,ok,0.15,1,1,28,16,44
19,16,1.0,0.06569570302963257,0.0,0.559970703125,0.13196323812007904,ground_truth,,,,0.16769622266292572,0.038125,btxrd-heuristic-000840,IMG001402.jpeg,0.038125,3904,320,masks/IMG001402.png,150aa2fd9193e60cff5391a1277f8ede78c093a290173fc27322c1b3abeabc33,0|255,320,8,,72,24,0.038125,3,0,3,0.5641703009605408,0.2453128695487976,0.009933557361364365,val,ok,0.147744140625,1,8,31,13,44
27,8,1.0,0.11192529648542404,0.0,0.69974609375,0.20419615507125854,ground_truth,,,,0.992709755897522,0.061630859375,btxrd-heuristic-000842,IMG001405.jpeg,0.061630859375,6311,320,masks/IMG001405.png,94bc8248a97faa81e5fbe67701299d4fd6ced0887756fb8e61ce7b43c9e1cae4,0|255,320,4,,36,12,0.061630859375,3,0,3,0.7142559289932251,0.4658966064453125,0.026869188994169235,val,ok,0.15,1,3,14,8,22
13,16,1.0,0.06388640403747559,0.0,0.539521484375,0.1381511092185974,ground_truth,,,,0.6961526274681091,0.00455078125,btxrd-heuristic-000868,IMG001448.jpeg,0.00455078125,466,320,masks/IMG001448.png,9a0ea6ea52a0266af952b1b061306e844dac0ecfe8c24a5faf3490953b05bab1,0|255,320,8,,72,24,0.00455078125,3,0,3,0.7652414441108704,0.23646333813667297,0.0004556509666144848,val,ok,0.15,1,1,28,17,45
7,16,1.0,0.06869029253721237,0.0,0.537470703125,0.1343720406293869,ground_truth,,,,0.1481829732656479,0.015361328125,btxrd-heuristic-000871,IMG001453.jpeg,0.015361328125,1573,320,masks/IMG001453.png,f0d5826d55659724435ba28c03b4c4d6ae3590ad19d1d7423b56bc69edbfb183,0|255,320,8,,72,24,0.015390625,3,0,3,0.6517828106880188,0.2333139330148697,0.0008932615746743977,val,ok,0.1487890625,1,9,26,14,40
10,14,1.0,0.05383719876408577,0.0,0.52044921875,0.1390068084001541,ground_truth,,,,0.5268135666847229,0.0,btxrd-heuristic-000872,IMG001454.jpeg,0.0,0,320,masks/IMG001454.png,14bf4fc16d7e9f17cb073a83ba89ab04bd4c22a2b6f80f25bf73a67ce7a0a340,0,320,7,no_candidate_survived_or_postprocess_empty,63,21,0.1036328125,3,0,3,0.4817630648612976,0.21441054344177246,0.0011527723399922252,val,empty_after_localization,0.1458203125,1,1,23,13,36
18,6,1.0,0.08705510944128036,0.0,0.783583984375,0.17480409145355225,ground_truth,,,,0.9998239874839783,0.07732421875,btxrd-heuristic-000873,IMG001455.jpeg,0.07732421875,7918,320,masks/IMG001455.png,ebe67af301ba8c5742895c5ae48992b2a78f4850bdcca999fae5a6af6df92d93,0|255,320,3,,27,9,0.07748046875,3,0,3,0.7033252120018005,0.48374077677726746,0.23563428223133087,val,ok,0.15,1,3,12,5,17
17,8,1.0,0.09107908606529236,0.0,0.7745703125,0.16488449275493622,ground_truth,,,,0.8971682190895081,0.010166015625,btxrd-heuristic-000880,IMG001468.jpeg,0.010166015625,1041,320,masks/IMG001468.png,f70aadefa26a772992d8443e157ba57f5871e65161caf96f9982ff6ef21f815a,0|255,320,4,,36,12,0.010166015625,3,0,3,0.7721453309059143,0.46630027890205383,0.03742782771587372,val,ok,0.15,1,1,16,10,26
43,18,1.0,0.13738863170146942,0.0,0.766044921875,0.1759124994277954,ground_truth,,,,0.7934332489967346,0.059345703125,btxrd-heuristic-000883,IMG001473.jpeg,0.059345703125,6077,320,masks/IMG001473.png,cb154759c213be881155d6471ec3e2aeb88d544f487c3b0e1b8168a637fc620e,0|255,320,9,,81,27,0.059521484375,3,0,3,0.6821710467338562,0.374374657869339,0.05932632461190224,val,ok,0.15,1,3,35,15,50
25,18,1.0,0.07847899943590164,0.0,0.313916015625,0.17970611155033112,ground_truth,,,,0.007330130785703659,0.03626953125,btxrd-heuristic-000885,IMG001476.jpeg,0.03626953125,3714,320,masks/IMG001476.png,3996249fc9a542724ccc7c71d53681eb71dbb51c743fb63d5b456081b7c50961,0|255,320,9,,81,27,0.036484375,3,0,3,0.652047336101532,0.34536588191986084,0.12348663061857224,val,ok,0.1409765625,1,3,32,20,52
7,14,1.0,0.11302492767572403,0.0,0.765380859375,0.15639613568782806,ground_truth,,,,0.06342918425798416,0.014619140625,btxrd-heuristic-000889,IMG001483.jpeg,0.014619140625,1497,320,masks/IMG001483.png,00cadd2a46fabcab0751ee05f7b4196f20243cd5a78bf78ce5ca86575eff26b1,0|255,320,7,,63,21,0.014619140625,3,0,3,0.49620333313941956,0.2136477679014206,0.005219559650868177,val,ok,0.15,1,8,25,15,40
17,10,1.0,0.09118615835905075,0.0,0.79740234375,0.1566464602947235,ground_truth,,,,0.8285079598426819,0.101123046875,btxrd-heuristic-000893,IMG001490.jpeg,0.101123046875,10355,320,masks/IMG001490.png,ea61d4501bf1927387f7b4a1118159ec3501e6f0ba3a51012b2eca20fdb16977,0|255,320,5,,45,15,0.10115234375,3,0,3,0.6382670998573303,0.31124868988990784,0.0008163739694282413,val,ok,0.15,1,3,17,9,26
16,14,1.0,0.08057620376348495,0.0,0.794765625,0.15647932887077332,ground_truth,,,,0.9967575669288635,0.082333984375,btxrd-heuristic-000893,IMG001491.jpeg,0.082333984375,8431,320,masks/IMG001491.png,9d2d6277500f250f241fc071fd3d1f37944a37d29e8f748f20a881acdda32cf1,0|255,320,7,,63,21,0.082724609375,3,0,3,0.6572214961051941,0.23825746774673462,1.0611177458486054e-05,val,ok,0.147607421875,1,3,22,18,40
43,18,1.0,0.14667396247386932,0.0,0.907197265625,0.19523745775222778,ground_truth,,,,1.0,0.044384765625,btxrd-heuristic-000907,IMG001517.jpeg,0.044384765625,4545,320,masks/IMG001517.png,a57b2d62b88df215a31c35557af2c7e251704667ad947009a60a3bb0f07ecf80,0|255,320,9,,81,27,0.04453125,3,0,3,0.6918846368789673,0.4310927093029022,0.1468943953514099,val,ok,0.132158203125,1,2,35,18,53
0,18,1.0,0.03329504653811455,0.0,0.3169140625,0.09744623303413391,ground_truth,,,,0.2171555608510971,0.0,btxrd-heuristic-000916,IMG001538.jpeg,0.0,0,320,masks/IMG001538.png,14bf4fc16d7e9f17cb073a83ba89ab04bd4c22a2b6f80f25bf73a67ce7a0a340,0,320,9,no_candidate_survived_or_postprocess_empty,81,27,0.0,0,0,0,0.3905074894428253,0.15690945088863373,0.008009986951947212,val,empty_after_localization,0.1300390625,1,4,25,23,48
21,16,1.0,0.06946295499801636,0.0,0.55400390625,0.15535081923007965,ground_truth,,,,0.011196920648217201,0.0,btxrd-heuristic-000916,IMG001539.jpeg,0.0,0,320,masks/IMG001539.png,14bf4fc16d7e9f17cb073a83ba89ab04bd4c22a2b6f80f25bf73a67ce7a0a340,0,320,8,no_candidate_survived_or_postprocess_empty,72,24,0.123056640625,3,0,3,0.5409925580024719,0.2219775915145874,0.0015604119980707765,val,empty_after_localization,0.138916015625,1,4,27,20,47
42,12,1.0,0.1872510462999344,0.0,0.68994140625,0.2627348303794861,ground_truth,,,,0.9610623717308044,0.138642578125,btxrd-heuristic-000922,IMG001551.jpeg,0.138642578125,14197,320,masks/IMG001551.png,33e1533cf96826037afba453865ef08b530663a9e57ae9e1684891b63163a4ad,0|255,320,6,,54,18,0.13865234375,3,0,3,0.7670730352401733,0.5396793484687805,0.045036863535642624,val,ok,0.15,1,4,20,11,31
37,10,1.0,0.14936837553977966,0.0,0.79375,0.23776212334632874,ground_truth,,,,0.999659538269043,0.066044921875,btxrd-heuristic-000930,IMG001563.jpeg,0.066044921875,6763,320,masks/IMG001563.png,21299d2ad4381fa94650f6e5d06d99f741fd7551cf58da8aab488de5269ed369,0|255,320,5,,45,15,0.066201171875,3,0,3,0.7773979306221008,0.5066125988960266,0.14257533848285675,val,ok,0.15,1,2,19,13,32
21,8,1.0,0.09846867620944977,0.0,0.611220703125,0.18887263536453247,ground_truth,,,,0.8625428676605225,0.09783203125,btxrd-heuristic-000940,IMG001580.jpeg,0.09783203125,10018,320,masks/IMG001580.png,b30236a2792bb6fb8ec44be3b9ca2c9cfa6e474330c5f30c0fa0494a25e8ddc5,0|255,320,4,,36,12,0.101650390625,3,0,3,0.7614811062812805,0.3908931612968445,0.001751972478814423,val,ok,0.15,1,4,16,8,24
21,18,1.0,0.035371772944927216,0.0,0.28783203125,0.11719294637441635,ground_truth,,,,0.060509685426950455,0.0,btxrd-heuristic-000940,IMG001581.jpeg,0.0,0,320,masks/IMG001581.png,14bf4fc16d7e9f17cb073a83ba89ab04bd4c22a2b6f80f25bf73a67ce7a0a340,0,320,9,no_candidate_survived_or_postprocess_empty,81,27,0.074130859375,3,0,3,0.5388482213020325,0.24577920138835907,0.002705709543079138,val,empty_after_localization,0.13611328125,1,4,33,20,53
13,14,1.0,0.11032029986381531,0.0,0.84875,0.1436532586812973,ground_truth,,,,0.9989663362503052,0.028623046875,btxrd-heuristic-000951,IMG001601.jpeg,0.028623046875,2931,320,masks/IMG001601.png,c26a73c7dff2a7cfb253ac26315c5624dcb6e90a41702044a3a5dfb67f062773,0|255,320,7,,63,21,0.030732421875,3,0,3,0.5361213684082031,0.21347631514072418,0.0029342889320105314,val,ok,0.15,1,3,28,20,48
31,18,1.0,0.08570034056901932,0.0,0.693662109375,0.17197419703006744,ground_truth,,,,0.851294219493866,0.002568359375,btxrd-heuristic-000955,IMG001606.jpeg,0.002568359375,263,320,masks/IMG001606.png,2c267fb43e874b7feeeac5cd846f07a2c57efb6aedb93b83754bfa4e62c32de7,0|255,320,9,,81,27,0.002568359375,3,0,3,0.7571299076080322,0.3442004323005676,0.04197494313120842,val,ok,0.12271484375,1,2,36,16,52
34,14,1.0,0.08786118775606155,0.0,0.590048828125,0.17488165199756622,ground_truth,,,,0.7497000098228455,0.00236328125,btxrd-heuristic-000956,IMG001607.jpeg,0.00236328125,242,320,masks/IMG001607.png,fe0a6b0611731f2f10e90d802835c9a0228a81dcbc09e1d40edfaf08dc0f1106,0|255,320,7,,63,21,0.00236328125,3,0,3,0.7557570934295654,0.45403262972831726,0.1486346423625946,val,ok,0.15,1,1,27,15,42
19,14,1.0,0.08397404849529266,0.0,0.739150390625,0.15088461339473724,ground_truth,,,,0.9925954937934875,0.048193359375,btxrd-heuristic-000959,IMG001612.jpeg,0.048193359375,4935,320,masks/IMG001612.png,1fa9ff35f8789c6528774bf67272437035c10894d0318aed2dcf016f7b65c9d1,0|255,320,7,,63,21,0.048203125,3,0,3,0.666670024394989,0.27215760946273804,0.0018024928867816925,val,ok,0.15,1,3,28,15,43
16,12,1.0,0.13281942903995514,0.0,0.961875,0.1649603694677353,ground_truth,,,,0.9130637645721436,0.045361328125,btxrd-heuristic-000962,IMG001617.jpeg,0.045361328125,4645,320,masks/IMG001617.png,447acfebc90ac127d19483dfe578013f392358bd92a09ff3e2ed7477ba54dee6,0|255,320,6,,54,18,0.04546875,3,0,3,0.5910844802856445,0.2584833800792694,0.007409176789224148,val,ok,0.14962890625,1,8,22,13,35
3,14,1.0,0.05945056304335594,0.0,0.597919921875,0.1293168067932129,ground_truth,,,,0.2500419616699219,0.047470703125,btxrd-heuristic-000972,IMG001632.jpeg,0.047470703125,4861,320,masks/IMG001632.png,b7d38f4981ddbc0e5f01ebb5a24a91cda68906918ec48b325d301e6c064024ff,0|255,320,7,,63,21,0.047470703125,1,0,1,0.4411815106868744,0.21638700366020203,0.001760896178893745,val,ok,0.15,1,3,25,13,38
38,12,1.0,0.15413330495357513,0.0,0.857685546875,0.21715548634529114,ground_truth,,,,1.0,0.10861328125,btxrd-heuristic-000978,IMG001638.jpeg,0.10861328125,11122,320,masks/IMG001638.png,8d9e99d1d62f09253ce0d0a8c0adb6f803fd8ae0c2f9cb1e8a4af2d58a19f7a7,0|255,320,6,,54,18,0.108662109375,3,0,3,0.7511196732521057,0.48917141556739807,0.08216597884893417,val,ok,0.15,1,2,24,8,32
48,12,1.0,0.24018877744674683,0.0,0.946064453125,0.2652227580547333,ground_truth,,,,1.0,0.044716796875,btxrd-heuristic-000981,IMG001642.jpeg,0.044716796875,4579,320,masks/IMG001642.png,431025c358aa64e6fbeccf4fd292af11876275e1bc989c74d8e26b98ec21ec89,0|255,320,6,,54,18,0.044716796875,3,0,3,0.7562990188598633,0.5532225966453552,0.24853920936584473,val,ok,0.149970703125,1,2,24,10,34
24,12,1.0,0.12874548137187958,0.0,0.875869140625,0.17874643206596375,ground_truth,,,,1.0,0.031259765625,btxrd-heuristic-000982,IMG001643.jpeg,0.031259765625,3201,320,masks/IMG001643.png,13a0d68607c8f56f33cefa2cf89a29cc27edee0606e65661e27687dc9789bbc3,0|255,320,6,,54,18,0.03205078125,3,0,3,0.751112163066864,0.372798353433609,0.04418696463108063,val,ok,0.15,1,2,21,8,29
50,12,1.0,0.19347238540649414,0.0,0.91791015625,0.2322949469089508,ground_truth,,,,1.0,0.005400390625,btxrd-heuristic-000993,IMG001661.jpeg,0.005400390625,553,320,masks/IMG001661.png,be630d56285568de23439d91b5d07cb85020ab24a7d41061abeeea47a4375505,0|255,320,6,,54,18,0.005400390625,3,0,3,0.7555801868438721,0.5924009680747986,0.27269676327705383,val,ok,0.15,1,2,24,8,32
43,18,1.0,0.09813158959150314,0.0,0.792431640625,0.16376455128192902,ground_truth,,,,0.755439043045044,0.003515625,btxrd-heuristic-000997,IMG001666.jpeg,0.003515625,360,320,masks/IMG001666.png,c12ddfd71280e4e5e08deecec5e79a362051217c38be5f3a4f6503c137788b3d,0|255,320,9,,81,27,0.003515625,3,0,3,0.727272093296051,0.41064178943634033,0.1333576738834381,val,ok,0.15,1,2,34,15,49
58,18,1.0,0.21877992153167725,0.0,0.905517578125,0.19676776230335236,ground_truth,,,,1.0,0.026142578125,btxrd-heuristic-001029,IMG001716.jpeg,0.026142578125,2677,320,masks/IMG001716.png,8ed8fa1188566622c8e5e8d1f72e73c75c379af955f1561755018975169aa256,0|255,320,9,,81,27,0.026142578125,3,0,3,0.743681788444519,0.44913914799690247,0.01059903483837843,val,ok,0.142470703125,1,9,33,18,51
29,10,1.0,0.13320177793502808,0.0,0.774306640625,0.20165643095970154,ground_truth,,,,1.0,0.02490234375,btxrd-heuristic-001031,IMG001719.jpeg,0.02490234375,2550,320,masks/IMG001719.png,feabdd018cf1ee80b3ddd145e36a7a0ca32e03b3a7d88ed13835bba9dfeeb936,0|255,320,5,,45,15,0.02509765625,3,0,3,0.7523441314697266,0.49952054023742676,0.28089258074760437,val,ok,0.15,1,5,20,11,31
20,6,1.0,0.11072452366352081,0.0,0.77740234375,0.20476262271404266,ground_truth,,,,1.0,0.044794921875,btxrd-heuristic-001033,IMG001723.jpeg,0.044794921875,4587,320,masks/IMG001723.png,85dea43c0f3f85e4a001916307bd1679852ba51ab5ddd638e76638e9fc1c919c,0|255,320,3,,27,9,0.04509765625,3,0,3,0.7748026847839355,0.4976496994495392,0.17883750796318054,val,ok,0.15,1,1,12,7,19
13,12,1.0,0.09092668443918228,0.0,0.82953125,0.16446973383426666,ground_truth,,,,1.0,0.08896484375,btxrd-heuristic-001047,IMG001744.jpeg,0.08896484375,9110,320,masks/IMG001744.png,3c09a34c878bfb0b0ee57e23cabc00a04645a1e8f0383268c2345c9f546a7a15,0|255,320,6,,54,18,0.09072265625,3,0,3,0.742512047290802,0.2474573254585266,0.00026003396487794816,val,ok,0.15,1,4,24,13,37
27,8,1.0,0.11070806533098221,0.0,0.658232421875,0.19785799086093903,ground_truth,,,,1.0,0.13080078125,btxrd-heuristic-001056,IMG001759.jpeg,0.13080078125,13394,320,masks/IMG001759.png,0a6fccbe33eeba0e3f84cf7e0ff71304abf09a94b8bcd10690c7cb8eacfce31d,0|255,320,4,,36,12,0.13134765625,3,0,3,0.7081263661384583,0.39859652519226074,0.010031360201537609,val,ok,0.15,1,1,13,8,21
34,8,1.0,0.15160685777664185,0.0,0.8105078125,0.22013254463672638,ground_truth,,,,1.0,0.047021484375,btxrd-heuristic-001057,IMG001760.jpeg,0.047021484375,4815,320,masks/IMG001760.png,63d50b5d9a498a77376ba3a33e419a570d775b0d5b08c1d9f4cc850cef4ffa57,0|255,320,4,,36,12,0.047158203125,3,0,3,0.7677919268608093,0.6202465295791626,0.38379621505737305,val,ok,0.15001953125,1,8,16,12,28
31,12,1.0,0.17668789625167847,0.0,0.96634765625,0.22368577122688293,ground_truth,,,,1.0,0.0189453125,btxrd-heuristic-001057,IMG001761.jpeg,0.0189453125,1940,320,masks/IMG001761.png,a5aa9d5cba83cfad4b2dcb3ffb6f1d3e1f8b209026a9927566fc434390b598d7,0|255,320,6,,54,18,0.018955078125,3,0,3,0.7531825304031372,0.4801085889339447,0.1611015945672989,val,ok,0.150029296875,1,8,24,12,36
30,12,1.0,0.13443632423877716,0.0,0.81119140625,0.18733976781368256,ground_truth,,,,1.0,0.062421875,btxrd-heuristic-001069,IMG001781.jpeg,0.062421875,6392,320,masks/IMG001781.png,d4fa1fde5776225f8e1b8fa03ca663bb363b46c3cb2ef16cf0d245e495963d0d,0|255,320,6,,54,18,0.062490234375,3,0,3,0.6847116947174072,0.42591342329978943,0.038524478673934937,val,ok,0.15,1,7,23,8,31
35,8,1.0,0.15976324677467346,0.0,0.96177734375,0.2379513531923294,ground_truth,,,,1.0,0.02392578125,btxrd-heuristic-001070,IMG001782.jpeg,0.02392578125,2450,320,masks/IMG001782.png,cd294f8736a5755ba87d38136e63bd368c3ca32b23818320e2e8fa576681c50c,0|255,320,4,,36,12,0.02392578125,3,0,3,0.7801939249038696,0.6654216051101685,0.3073830306529999,val,ok,0.15,1,7,16,8,24
24,6,1.0,0.11382076144218445,0.0,0.949443359375,0.18844948709011078,ground_truth,,,,1.0,0.1138671875,btxrd-heuristic-001073,IMG001785.jpeg,0.1138671875,11660,320,masks/IMG001785.png,48701d728793d41ccf43d88b13580f1279010cb4f7301c7e15adaba48605634a,0|255,320,3,,27,9,0.113974609375,3,0,3,0.7043841481208801,0.49803802371025085,0.3001708984375,val,ok,0.15,1,7,12,5,17
19,6,1.0,0.10069148987531662,0.0,0.9825390625,0.1800735741853714,ground_truth,,,,1.0,0.0271484375,btxrd-heuristic-001074,IMG001786.jpeg,0.0271484375,2780,320,masks/IMG001786.png,477b540461c9d612d2c9e02b6691c84328de60099c949b30caac88854a774135,0|255,320,3,,27,9,0.0271875,3,0,3,0.751048743724823,0.4775388240814209,0.29155829548835754,val,ok,0.15,1,1,12,6,18
16,8,1.0,0.10862816125154495,0.0,0.81880859375,0.19360008835792542,ground_truth,,,,1.0,0.0303515625,btxrd-heuristic-001077,IMG001791.jpeg,0.0303515625,3108,320,masks/IMG001791.png,1dc1f95a0dfbc0ca9772be1656be015f1ed55492c045f22fef6f767729706442,0|255,320,4,,36,12,0.0324609375,3,0,3,0.7763444781303406,0.3665614128112793,0.0028219111263751984,val,ok,0.15,1,7,16,8,24
33,8,1.0,0.17102539539337158,0.0,0.921123046875,0.24126392602920532,ground_truth,,,,1.0,0.029853515625,btxrd-heuristic-001080,IMG001795.jpeg,0.029853515625,3057,320,masks/IMG001795.png,faa39031832b8d2fac629189a7a19b9cf3bd39a4678eed6c25e850f8f25fac1c,0|255,320,4,,36,12,0.029853515625,3,0,3,0.7835944890975952,0.6290398836135864,0.1071166843175888,val,ok,0.15,1,2,16,8,24
11,8,1.0,0.09640264511108398,0.0,0.69859375,0.17369435727596283,ground_truth,,,,1.0,0.1183203125,btxrd-heuristic-001083,IMG001798.jpeg,0.1183203125,12116,320,masks/IMG001798.png,36578c729030b03ce473f40f1bcde7e24eba9edf6e7ba4a9e3747a15a5b1dcaf,0|255,320,4,,36,12,0.118330078125,3,0,3,0.6545438170433044,0.32412979006767273,0.01923442631959915,val,ok,0.15,1,7,13,10,23
32,8,1.0,0.1503640115261078,0.0,0.7217578125,0.21649274230003357,ground_truth,,,,1.0,0.095068359375,btxrd-heuristic-001104,IMG001828.jpeg,0.095068359375,9735,320,masks/IMG001828.png,644714965ecb541d8ddbc8c07fb51a27b9925f3914549d8bf62670b4a08e8a58,0|255,320,4,,36,12,0.095458984375,3,0,3,0.7266361117362976,0.5274603366851807,0.22961385548114777,val,ok,0.149990234375,1,1,16,11,27
25,6,1.0,0.12182307988405228,0.0,0.677998046875,0.19814914464950562,ground_truth,,,,1.0,0.1383984375,btxrd-heuristic-001118,IMG001858.jpeg,0.1383984375,14172,320,masks/IMG001858.png,4bcd91cba8aeb3adcf8be7f19f9593d563a1299c3ac95637b5dee4e85427bc36,0|255,320,3,,27,9,0.1383984375,3,0,3,0.6961815357208252,0.47210535407066345,0.08690620958805084,val,ok,0.15,1,2,12,4,16
50,16,1.0,0.09338154643774033,0.0,0.65529296875,0.16966263949871063,ground_truth,,,,0.4280869960784912,0.018466796875,btxrd-heuristic-001123,IMG001867.jpeg,0.018466796875,1891,320,masks/IMG001867.png,6706944c6f194b3e906ddf07ffcc2b9593ca03f28e1c9779bc58cd16dac6e87b,0|255,320,8,,72,24,0.0186328125,3,0,3,0.7560777068138123,0.47247156500816345,0.07617538422346115,val,ok,0.15,1,8,32,14,46
0,0,,,,,,ground_truth,,,,0.9454944133758545,0.0,btxrd-heuristic-001124,IMG001868.jpeg,0.0,0,320,masks/IMG001868.png,14bf4fc16d7e9f17cb073a83ba89ab04bd4c22a2b6f80f25bf73a67ce7a0a340,0,320,0,known_image_label_normal,0,0,0.0,0,0,0,,,,val,empty_by_image_gate,0.0,0,0,0,0,0
0,0,,,,,,ground_truth,,,,0.03162089362740517,0.0,btxrd-heuristic-001124,IMG001869.jpeg,0.0,0,320,masks/IMG001869.png,14bf4fc16d7e9f17cb073a83ba89ab04bd4c22a2b6f80f25bf73a67ce7a0a340,0,320,0,known_image_label_normal,0,0,0.0,0,0,0,,,,val,empty_by_image_gate,0.0,0,0,0,0,0
0,0,,,,,,ground_truth,,,,0.3365940451622009,0.0,btxrd-heuristic-001124,IMG001870.jpeg,0.0,0,320,masks/IMG001870.png,14bf4fc16d7e9f17cb073a83ba89ab04bd4c22a2b6f80f25bf73a67ce7a0a340,0,320,0,known_image_label_normal,0,0,0.0,0,0,0,,,,val,empty_by_image_gate,0.0,0,0,0,0,0
0,0,,,,,,ground_truth,,,,0.17393390834331512,0.0,btxrd-heuristic-001124,IMG001871.jpeg,0.0,0,320,masks/IMG001871.png,14bf4fc16d7e9f17cb073a83ba89ab04bd4c22a2b6f80f25bf73a67ce7a0a340,0,320,0,known_image_label_normal,0,0,0.0,0,0,0,,,,val,empty_by_image_gate,0.0,0,0,0,0,0
0,0,,,,,,ground_truth,,,,0.9844328165054321,0.0,btxrd-heuristic-001125,IMG001872.jpeg,0.0,0,320,masks/IMG001872.png,14bf4fc16d7e9f17cb073a83ba89ab04bd4c22a2b6f80f25bf73a67ce7a0a340,0,320,0,known_image_label_normal,0,0,0.0,0,0,0,,,,val,empty_by_image_gate,0.0,0,0,0,0,0
0,0,,,,,,ground_truth,,,,0.1999584138393402,0.0,btxrd-heuristic-001127,IMG001874.jpeg,0.0,0,320,masks/IMG001874.png,14bf4fc16d7e9f17cb073a83ba89ab04bd4c22a2b6f80f25bf73a67ce7a0a340,0,320,0,known_image_label_normal,0,0,0.0,0,0,0,,,,val,empty_by_image_gate,0.0,0,0,0,0,0
0,0,,,,,,ground_truth,,,,0.12071997672319412,0.0,btxrd-heuristic-001127,IMG001875.jpeg,0.0,0,320,masks/IMG001875.png,14bf4fc16d7e9f17cb073a83ba89ab04bd4c22a2b6f80f25bf73a67ce7a0a340,0,320,0,known_image_label_normal,0,0,0.0,0,0,0,,,,val,empty_by_image_gate,0.0,0,0,0,0,0
0,0,,,,,,ground_truth,,,,0.11775311827659607,0.0,btxrd-heuristic-001127,IMG001876.jpeg,0.0,0,320,masks/IMG001876.png,14bf4fc16d7e9f17cb073a83ba89ab04bd4c22a2b6f80f25bf73a67ce7a0a340,0,320,0,known_image_label_normal,0,0,0.0,0,0,0,,,,val,empty_by_image_gate,0.0,0,0,0,0,0
0,0,,,,,,ground_truth,,,,0.9971641898155212,0.0,btxrd-heuristic-001127,IMG001877.jpeg,0.0,0,320,masks/IMG001877.png,14bf4fc16d7e9f17cb073a83ba89ab04bd4c22a2b6f80f25bf73a67ce7a0a340,0,320,0,known_image_label_normal,0,0,0.0,0,0,0,,,,val,empty_by_image_gate,0.0,0,0,0,0,0
0,0,,,,,,ground_truth,,,,0.8466973900794983,0.0,btxrd-heuristic-001130,IMG001881.jpeg,0.0,0,320,masks/IMG001881.png,14bf4fc16d7e9f17cb073a83ba89ab04bd4c22a2b6f80f25bf73a67ce7a0a340,0,320,0,known_image_label_normal,0,0,0.0,0,0,0,,,,val,empty_by_image_gate,0.0,0,0,0,0,0
0,0,,,,,,ground_truth,,,,0.7242193222045898,0.0,btxrd-heuristic-001132,IMG001883.jpeg,0.0,0,320,masks/IMG001883.png,14bf4fc16d7e9f17cb073a83ba89ab04bd4c22a2b6f80f25bf73a67ce7a0a340,0,320,0,known_image_label_normal,0,0,0.0,0,0,0,,,,val,empty_by_image_gate,0.0,0,0,0,0,0
0,0,,,,,,ground_truth,,,,0.001953837927430868,0.0,btxrd-heuristic-001134,IMG001887.jpeg,0.0,0,320,masks/IMG001887.png,14bf4fc16d7e9f17cb073a83ba89ab04bd4c22a2b6f80f25bf73a67ce7a0a340,0,320,0,known_image_label_normal,0,0,0.0,0,0,0,,,,val,empty_by_image_gate,0.0,0,0,0,0,0
0,0,,,,,,ground_truth,,,,0.0001987803407246247,0.0,btxrd-heuristic-001134,IMG001888.jpeg,0.0,0,320,masks/IMG001888.png,14bf4fc16d7e9f17cb073a83ba89ab04bd4c22a2b6f80f25bf73a67ce7a0a340,0,320,0,known_image_label_normal,0,0,0.0,0,0,0,,,,val,empty_by_image_gate,0.0,0,0,0,0,0
0,0,,,,,,ground_truth,,,,6.56923366477713e-05,0.0,btxrd-heuristic-001134,IMG001889.jpeg,0.0,0,320,masks/IMG001889.png,14bf4fc16d7e9f17cb073a83ba89ab04bd4c22a2b6f80f25bf73a67ce7a0a340,0,320,0,known_image_label_normal,0,0,0.0,0,0,0,,,,val,empty_by_image_gate,0.0,0,0,0,0,0
0,0,,,,,,ground_truth,,,,0.00044863708899356425,0.0,btxrd-heuristic-001134,IMG001890.jpeg,0.0,0,320,masks/IMG001890.png,14bf4fc16d7e9f17cb073a83ba89ab04bd4c22a2b6f80f25bf73a67ce7a0a340,0,320,0,known_image_label_normal,0,0,0.0,0,0,0,,,,val,empty_by_image_gate,0.0,0,0,0,0,0
0,0,,,,,,ground_truth,,,,0.007201727479696274,0.0,btxrd-heuristic-001141,IMG001915.jpeg,0.0,0,320,masks/IMG001915.png,14bf4fc16d7e9f17cb073a83ba89ab04bd4c22a2b6f80f25bf73a67ce7a0a340,0,320,0,known_image_label_normal,0,0,0.0,0,0,0,,,,val,empty_by_image_gate,0.0,0,0,0,0,0
0,0,,,,,,ground_truth,,,,0.0004676981770899147,0.0,btxrd-heuristic-001141,IMG001916.jpeg,0.0,0,320,masks/IMG001916.png,14bf4fc16d7e9f17cb073a83ba89ab04bd4c22a2b6f80f25bf73a67ce7a0a340,0,320,0,known_image_label_normal,0,0,0.0,0,0,0,,,,val,empty_by_image_gate,0.0,0,0,0,0,0
0,0,,,,,,ground_truth,,,,0.0010230984771624207,0.0,btxrd-heuristic-001141,IMG001917.jpeg,0.0,0,320,masks/IMG001917.png,14bf4fc16d7e9f17cb073a83ba89ab04bd4c22a2b6f80f25bf73a67ce7a0a340,0,320,0,known_image_label_normal,0,0,0.0,0,0,0,,,,val,empty_by_image_gate,0.0,0,0,0,0,0
0,0,,,,,,ground_truth,,,,0.005287532228976488,0.0,btxrd-heuristic-001141,IMG001918.jpeg,0.0,0,320,masks/IMG001918.png,14bf4fc16d7e9f17cb073a83ba89ab04bd4c22a2b6f80f25bf73a67ce7a0a340,0,320,0,known_image_label_normal,0,0,0.0,0,0,0,,,,val,empty_by_image_gate,0.0,0,0,0,0,0
0,0,,,,,,ground_truth,,,,0.7657474875450134,0.0,btxrd-heuristic-001145,IMG001932.jpeg,0.0,0,320,masks/IMG001932.png,14bf4fc16d7e9f17cb073a83ba89ab04bd4c22a2b6f80f25bf73a67ce7a0a340,0,320,0,known_image_label_normal,0,0,0.0,0,0,0,,,,val,empty_by_image_gate,0.0,0,0,0,0,0
0,0,,,,,,ground_truth,,,,0.0014909124001860619,0.0,btxrd-heuristic-001145,IMG001933.jpeg,0.0,0,320,masks/IMG001933.png,14bf4fc16d7e9f17cb073a83ba89ab04bd4c22a2b6f80f25bf73a67ce7a0a340,0,320,0,known_image_label_normal,0,0,0.0,0,0,0,,,,val,empty_by_image_gate,0.0,0,0,0,0,0
0,0,,,,,,ground_truth,,,,0.0007475483580492437,0.0,btxrd-heuristic-001145,IMG001934.jpeg,0.0,0,320,masks/IMG001934.png,14bf4fc16d7e9f17cb073a83ba89ab04bd4c22a2b6f80f25bf73a67ce7a0a340,0,320,0,known_image_label_normal,0,0,0.0,0,0,0,,,,val,empty_by_image_gate,0.0,0,0,0,0,0
0,0,,,,,,ground_truth,,,,0.2970822751522064,0.0,btxrd-heuristic-001147,IMG001937.jpeg,0.0,0,320,masks/IMG001937.png,14bf4fc16d7e9f17cb073a83ba89ab04bd4c22a2b6f80f25bf73a67ce7a0a340,0,320,0,known_image_label_normal,0,0,0.0,0,0,0,,,,val,empty_by_image_gate,0.0,0,0,0,0,0
0,0,,,,,,ground_truth,,,,0.7332814931869507,0.0,btxrd-heuristic-001148,IMG001938.jpeg,0.0,0,320,masks/IMG001938.png,14bf4fc16d7e9f17cb073a83ba89ab04bd4c22a2b6f80f25bf73a67ce7a0a340,0,320,0,known_image_label_normal,0,0,0.0,0,0,0,,,,val,empty_by_image_gate,0.0,0,0,0,0,0
0,0,,,,,,ground_truth,,,,0.9011113047599792,0.0,btxrd-heuristic-001148,IMG001939.jpeg,0.0,0,320,masks/IMG001939.png,14bf4fc16d7e9f17cb073a83ba89ab04bd4c22a2b6f80f25bf73a67ce7a0a340,0,320,0,known_image_label_normal,0,0,0.0,0,0,0,,,,val,empty_by_image_gate,0.0,0,0,0,0,0
0,0,,,,,,ground_truth,,,,0.9999994039535522,0.0,btxrd-heuristic-001148,IMG001940.jpeg,0.0,0,320,masks/IMG001940.png,14bf4fc16d7e9f17cb073a83ba89ab04bd4c22a2b6f80f25bf73a67ce7a0a340,0,320,0,known_image_label_normal,0,0,0.0,0,0,0,,,,val,empty_by_image_gate,0.0,0,0,0,0,0
0,0,,,,,,ground_truth,,,,0.02370096743106842,0.0,btxrd-heuristic-001149,IMG001941.jpeg,0.0,0,320,masks/IMG001941.png,14bf4fc16d7e9f17cb073a83ba89ab04bd4c22a2b6f80f25bf73a67ce7a0a340,0,320,0,known_image_label_normal,0,0,0.0,0,0,0,,,,val,empty_by_image_gate,0.0,0,0,0,0,0
0,0,,,,,,ground_truth,,,,0.15671490132808685,0.0,btxrd-heuristic-001149,IMG001942.jpeg,0.0,0,320,masks/IMG001942.png,14bf4fc16d7e9f17cb073a83ba89ab04bd4c22a2b6f80f25bf73a67ce7a0a340,0,320,0,known_image_label_normal,0,0,0.0,0,0,0,,,,val,empty_by_image_gate,0.0,0,0,0,0,0
0,0,,,,,,ground_truth,,,,0.9924750924110413,0.0,btxrd-heuristic-001152,IMG001959.jpeg,0.0,0,320,masks/IMG001959.png,14bf4fc16d7e9f17cb073a83ba89ab04bd4c22a2b6f80f25bf73a67ce7a0a340,0,320,0,known_image_label_normal,0,0,0.0,0,0,0,,,,val,empty_by_image_gate,0.0,0,0,0,0,0
0,0,,,,,,ground_truth,,,,0.0843190848827362,0.0,btxrd-heuristic-001162,IMG002005.jpeg,0.0,0,320,masks/IMG002005.png,14bf4fc16d7e9f17cb073a83ba89ab04bd4c22a2b6f80f25bf73a67ce7a0a340,0,320,0,known_image_label_normal,0,0,0.0,0,0,0,,,,val,empty_by_image_gate,0.0,0,0,0,0,0
0,0,,,,,,ground_truth,,,,0.01794756017625332,0.0,btxrd-heuristic-001162,IMG002006.jpeg,0.0,0,320,masks/IMG002006.png,14bf4fc16d7e9f17cb073a83ba89ab04bd4c22a2b6f80f25bf73a67ce7a0a340,0,320,0,known_image_label_normal,0,0,0.0,0,0,0,,,,val,empty_by_image_gate,0.0,0,0,0,0,0
0,0,,,,,,ground_truth,,,,0.9659553170204163,0.0,btxrd-heuristic-001162,IMG002007.jpeg,0.0,0,320,masks/IMG002007.png,14bf4fc16d7e9f17cb073a83ba89ab04bd4c22a2b6f80f25bf73a67ce7a0a340,0,320,0,known_image_label_normal,0,0,0.0,0,0,0,,,,val,empty_by_image_gate,0.0,0,0,0,0,0
0,0,,,,,,ground_truth,,,,0.0846392810344696,0.0,btxrd-heuristic-001168,IMG002030.jpeg,0.0,0,320,masks/IMG002030.png,14bf4fc16d7e9f17cb073a83ba89ab04bd4c22a2b6f80f25bf73a67ce7a0a340,0,320,0,known_image_label_normal,0,0,0.0,0,0,0,,,,val,empty_by_image_gate,0.0,0,0,0,0,0
0,0,,,,,,ground_truth,,,,0.011353205889463425,0.0,btxrd-heuristic-001170,IMG002035.jpeg,0.0,0,320,masks/IMG002035.png,14bf4fc16d7e9f17cb073a83ba89ab04bd4c22a2b6f80f25bf73a67ce7a0a340,0,320,0,known_image_label_normal,0,0,0.0,0,0,0,,,,val,empty_by_image_gate,0.0,0,0,0,0,0
0,0,,,,,,ground_truth,,,,0.03863507881760597,0.0,btxrd-heuristic-001171,IMG002036.jpeg,0.0,0,320,masks/IMG002036.png,14bf4fc16d7e9f17cb073a83ba89ab04bd4c22a2b6f80f25bf73a67ce7a0a340,0,320,0,known_image_label_normal,0,0,0.0,0,0,0,,,,val,empty_by_image_gate,0.0,0,0,0,0,0
0,0,,,,,,ground_truth,,,,0.002663492690771818,0.0,btxrd-heuristic-001179,IMG002073.jpeg,0.0,0,320,masks/IMG002073.png,14bf4fc16d7e9f17cb073a83ba89ab04bd4c22a2b6f80f25bf73a67ce7a0a340,0,320,0,known_image_label_normal,0,0,0.0,0,0,0,,,,val,empty_by_image_gate,0.0,0,0,0,0,0
0,0,,,,,,ground_truth,,,,0.10431775450706482,0.0,btxrd-heuristic-001179,IMG002074.jpeg,0.0,0,320,masks/IMG002074.png,14bf4fc16d7e9f17cb073a83ba89ab04bd4c22a2b6f80f25bf73a67ce7a0a340,0,320,0,known_image_label_normal,0,0,0.0,0,0,0,,,,val,empty_by_image_gate,0.0,0,0,0,0,0
0,0,,,,,,ground_truth,,,,0.0003980595793109387,0.0,btxrd-heuristic-001179,IMG002075.jpeg,0.0,0,320,masks/IMG002075.png,14bf4fc16d7e9f17cb073a83ba89ab04bd4c22a2b6f80f25bf73a67ce7a0a340,0,320,0,known_image_label_normal,0,0,0.0,0,0,0,,,,val,empty_by_image_gate,0.0,0,0,0,0,0
0,0,,,,,,ground_truth,,,,0.00030101212905719876,0.0,btxrd-heuristic-001179,IMG002076.jpeg,0.0,0,320,masks/IMG002076.png,14bf4fc16d7e9f17cb073a83ba89ab04bd4c22a2b6f80f25bf73a67ce7a0a340,0,320,0,known_image_label_normal,0,0,0.0,0,0,0,,,,val,empty_by_image_gate,0.0,0,0,0,0,0
0,0,,,,,,ground_truth,,,,0.05586289241909981,0.0,btxrd-heuristic-001181,IMG002078.jpeg,0.0,0,320,masks/IMG002078.png,14bf4fc16d7e9f17cb073a83ba89ab04bd4c22a2b6f80f25bf73a67ce7a0a340,0,320,0,known_image_label_normal,0,0,0.0,0,0,0,,,,val,empty_by_image_gate,0.0,0,0,0,0,0
0,0,,,,,,ground_truth,,,,0.16933608055114746,0.0,btxrd-heuristic-001181,IMG002079.jpeg,0.0,0,320,masks/IMG002079.png,14bf4fc16d7e9f17cb073a83ba89ab04bd4c22a2b6f80f25bf73a67ce7a0a340,0,320,0,known_image_label_normal,0,0,0.0,0,0,0,,,,val,empty_by_image_gate,0.0,0,0,0,0,0
0,0,,,,,,ground_truth,,,,0.06593134999275208,0.0,btxrd-heuristic-001181,IMG002080.jpeg,0.0,0,320,masks/IMG002080.png,14bf4fc16d7e9f17cb073a83ba89ab04bd4c22a2b6f80f25bf73a67ce7a0a340,0,320,0,known_image_label_normal,0,0,0.0,0,0,0,,,,val,empty_by_image_gate,0.0,0,0,0,0,0
0,0,,,,,,ground_truth,,,,0.0322861447930336,0.0,btxrd-heuristic-001186,IMG002099.jpeg,0.0,0,320,masks/IMG002099.png,14bf4fc16d7e9f17cb073a83ba89ab04bd4c22a2b6f80f25bf73a67ce7a0a340,0,320,0,known_image_label_normal,0,0,0.0,0,0,0,,,,val,empty_by_image_gate,0.0,0,0,0,0,0
0,0,,,,,,ground_truth,,,,0.00024163654597941786,0.0,btxrd-heuristic-001186,IMG002100.jpeg,0.0,0,320,masks/IMG002100.png,14bf4fc16d7e9f17cb073a83ba89ab04bd4c22a2b6f80f25bf73a67ce7a0a340,0,320,0,known_image_label_normal,0,0,0.0,0,0,0,,,,val,empty_by_image_gate,0.0,0,0,0,0,0
0,0,,,,,,ground_truth,,,,0.0008204889018088579,0.0,btxrd-heuristic-001186,IMG002101.jpeg,0.0,0,320,masks/IMG002101.png,14bf4fc16d7e9f17cb073a83ba89ab04bd4c22a2b6f80f25bf73a67ce7a0a340,0,320,0,known_image_label_normal,0,0,0.0,0,0,0,,,,val,empty_by_image_gate,0.0,0,0,0,0,0
0,0,,,,,,ground_truth,,,,0.0028166172560304403,0.0,btxrd-heuristic-001188,IMG002107.jpeg,0.0,0,320,masks/IMG002107.png,14bf4fc16d7e9f17cb073a83ba89ab04bd4c22a2b6f80f25bf73a67ce7a0a340,0,320,0,known_image_label_normal,0,0,0.0,0,0,0,,,,val,empty_by_image_gate,0.0,0,0,0,0,0
0,0,,,,,,ground_truth,,,,0.0007155872299335897,0.0,btxrd-heuristic-001188,IMG002108.jpeg,0.0,0,320,masks/IMG002108.png,14bf4fc16d7e9f17cb073a83ba89ab04bd4c22a2b6f80f25bf73a67ce7a0a340,0,320,0,known_image_label_normal,0,0,0.0,0,0,0,,,,val,empty_by_image_gate,0.0,0,0,0,0,0
0,0,,,,,,ground_truth,,,,0.001425553229637444,0.0,btxrd-heuristic-001189,IMG002109.jpeg,0.0,0,320,masks/IMG002109.png,14bf4fc16d7e9f17cb073a83ba89ab04bd4c22a2b6f80f25bf73a67ce7a0a340,0,320,0,known_image_label_normal,0,0,0.0,0,0,0,,,,val,empty_by_image_gate,0.0,0,0,0,0,0
0,0,,,,,,ground_truth,,,,0.002947158645838499,0.0,btxrd-heuristic-001189,IMG002110.jpeg,0.0,0,320,masks/IMG002110.png,14bf4fc16d7e9f17cb073a83ba89ab04bd4c22a2b6f80f25bf73a67ce7a0a340,0,320,0,known_image_label_normal,0,0,0.0,0,0,0,,,,val,empty_by_image_gate,0.0,0,0,0,0,0
0,0,,,,,,ground_truth,,,,0.0022104154340922832,0.0,btxrd-heuristic-001191,IMG002117.jpeg,0.0,0,320,masks/IMG002117.png,14bf4fc16d7e9f17cb073a83ba89ab04bd4c22a2b6f80f25bf73a67ce7a0a340,0,320,0,known_image_label_normal,0,0,0.0,0,0,0,,,,val,empty_by_image_gate,0.0,0,0,0,0,0
0,0,,,,,,ground_truth,,,,0.002938255202025175,0.0,btxrd-heuristic-001191,IMG002118.jpeg,0.0,0,320,masks/IMG002118.png,14bf4fc16d7e9f17cb073a83ba89ab04bd4c22a2b6f80f25bf73a67ce7a0a340,0,320,0,known_image_label_normal,0,0,0.0,0,0,0,,,,val,empty_by_image_gate,0.0,0,0,0,0,0
0,0,,,,,,ground_truth,,,,0.03242401033639908,0.0,btxrd-heuristic-001191,IMG002119.jpeg,0.0,0,320,masks/IMG002119.png,14bf4fc16d7e9f17cb073a83ba89ab04bd4c22a2b6f80f25bf73a67ce7a0a340,0,320,0,known_image_label_normal,0,0,0.0,0,0,0,,,,val,empty_by_image_gate,0.0,0,0,0,0,0
0,0,,,,,,ground_truth,,,,0.0032477318309247494,0.0,btxrd-heuristic-001191,IMG002120.jpeg,0.0,0,320,masks/IMG002120.png,14bf4fc16d7e9f17cb073a83ba89ab04bd4c22a2b6f80f25bf73a67ce7a0a340,0,320,0,known_image_label_normal,0,0,0.0,0,0,0,,,,val,empty_by_image_gate,0.0,0,0,0,0,0
0,0,,,,,,ground_truth,,,,0.9985697269439697,0.0,btxrd-heuristic-001193,IMG002125.jpeg,0.0,0,320,masks/IMG002125.png,14bf4fc16d7e9f17cb073a83ba89ab04bd4c22a2b6f80f25bf73a67ce7a0a340,0,320,0,known_image_label_normal,0,0,0.0,0,0,0,,,,val,empty_by_image_gate,0.0,0,0,0,0,0
0,0,,,,,,ground_truth,,,,0.02432987280189991,0.0,btxrd-heuristic-001193,IMG002126.jpeg,0.0,0,320,masks/IMG002126.png,14bf4fc16d7e9f17cb073a83ba89ab04bd4c22a2b6f80f25bf73a67ce7a0a340,0,320,0,known_image_label_normal,0,0,0.0,0,0,0,,,,val,empty_by_image_gate,0.0,0,0,0,0,0
0,0,,,,,,ground_truth,,,,0.0006419894634746015,0.0,btxrd-heuristic-001193,IMG002127.jpeg,0.0,0,320,masks/IMG002127.png,14bf4fc16d7e9f17cb073a83ba89ab04bd4c22a2b6f80f25bf73a67ce7a0a340,0,320,0,known_image_label_normal,0,0,0.0,0,0,0,,,,val,empty_by_image_gate,0.0,0,0,0,0,0
0,0,,,,,,ground_truth,,,,0.015449498780071735,0.0,btxrd-heuristic-001195,IMG002130.jpeg,0.0,0,320,masks/IMG002130.png,14bf4fc16d7e9f17cb073a83ba89ab04bd4c22a2b6f80f25bf73a67ce7a0a340,0,320,0,known_image_label_normal,0,0,0.0,0,0,0,,,,val,empty_by_image_gate,0.0,0,0,0,0,0
0,0,,,,,,ground_truth,,,,0.6525343060493469,0.0,btxrd-heuristic-001195,IMG002131.jpeg,0.0,0,320,masks/IMG002131.png,14bf4fc16d7e9f17cb073a83ba89ab04bd4c22a2b6f80f25bf73a67ce7a0a340,0,320,0,known_image_label_normal,0,0,0.0,0,0,0,,,,val,empty_by_image_gate,0.0,0,0,0,0,0
0,0,,,,,,ground_truth,,,,0.03312124311923981,0.0,btxrd-heuristic-001195,IMG002132.jpeg,0.0,0,320,masks/IMG002132.png,14bf4fc16d7e9f17cb073a83ba89ab04bd4c22a2b6f80f25bf73a67ce7a0a340,0,320,0,known_image_label_normal,0,0,0.0,0,0,0,,,,val,empty_by_image_gate,0.0,0,0,0,0,0
0,0,,,,,,ground_truth,,,,0.06577828526496887,0.0,btxrd-heuristic-001195,IMG002133.jpeg,0.0,0,320,masks/IMG002133.png,14bf4fc16d7e9f17cb073a83ba89ab04bd4c22a2b6f80f25bf73a67ce7a0a340,0,320,0,known_image_label_normal,0,0,0.0,0,0,0,,,,val,empty_by_image_gate,0.0,0,0,0,0,0
0,0,,,,,,ground_truth,,,,0.00023541961854789406,0.0,btxrd-heuristic-001201,IMG002174.jpeg,0.0,0,320,masks/IMG002174.png,14bf4fc16d7e9f17cb073a83ba89ab04bd4c22a2b6f80f25bf73a67ce7a0a340,0,320,0,known_image_label_normal,0,0,0.0,0,0,0,,,,val,empty_by_image_gate,0.0,0,0,0,0,0
0,0,,,,,,ground_truth,,,,0.06446205079555511,0.0,btxrd-heuristic-001203,IMG002180.jpeg,0.0,0,320,masks/IMG002180.png,14bf4fc16d7e9f17cb073a83ba89ab04bd4c22a2b6f80f25bf73a67ce7a0a340,0,320,0,known_image_label_normal,0,0,0.0,0,0,0,,,,val,empty_by_image_gate,0.0,0,0,0,0,0
0,0,,,,,,ground_truth,,,,0.4208940267562866,0.0,btxrd-heuristic-001203,IMG002181.jpeg,0.0,0,320,masks/IMG002181.png,14bf4fc16d7e9f17cb073a83ba89ab04bd4c22a2b6f80f25bf73a67ce7a0a340,0,320,0,known_image_label_normal,0,0,0.0,0,0,0,,,,val,empty_by_image_gate,0.0,0,0,0,0,0
0,0,,,,,,ground_truth,,,,0.0032627563923597336,0.0,btxrd-heuristic-001206,IMG002190.jpeg,0.0,0,320,masks/IMG002190.png,14bf4fc16d7e9f17cb073a83ba89ab04bd4c22a2b6f80f25bf73a67ce7a0a340,0,320,0,known_image_label_normal,0,0,0.0,0,0,0,,,,val,empty_by_image_gate,0.0,0,0,0,0,0
0,0,,,,,,ground_truth,,,,0.0007506744586862624,0.0,btxrd-heuristic-001219,IMG002267.jpeg,0.0,0,320,masks/IMG002267.png,14bf4fc16d7e9f17cb073a83ba89ab04bd4c22a2b6f80f25bf73a67ce7a0a340,0,320,0,known_image_label_normal,0,0,0.0,0,0,0,,,,val,empty_by_image_gate,0.0,0,0,0,0,0
0,0,,,,,,ground_truth,,,,0.7796515822410583,0.0,btxrd-heuristic-001219,IMG002268.jpeg,0.0,0,320,masks/IMG002268.png,14bf4fc16d7e9f17cb073a83ba89ab04bd4c22a2b6f80f25bf73a67ce7a0a340,0,320,0,known_image_label_normal,0,0,0.0,0,0,0,,,,val,empty_by_image_gate,0.0,0,0,0,0,0
0,0,,,,,,ground_truth,,,,0.0003316091315355152,0.0,btxrd-heuristic-001219,IMG002269.jpeg,0.0,0,320,masks/IMG002269.png,14bf4fc16d7e9f17cb073a83ba89ab04bd4c22a2b6f80f25bf73a67ce7a0a340,0,320,0,known_image_label_normal,0,0,0.0,0,0,0,,,,val,empty_by_image_gate,0.0,0,0,0,0,0
0,0,,,,,,ground_truth,,,,0.8085513710975647,0.0,btxrd-heuristic-001219,IMG002270.jpeg,0.0,0,320,masks/IMG002270.png,14bf4fc16d7e9f17cb073a83ba89ab04bd4c22a2b6f80f25bf73a67ce7a0a340,0,320,0,known_image_label_normal,0,0,0.0,0,0,0,,,,val,empty_by_image_gate,0.0,0,0,0,0,0
0,0,,,,,,ground_truth,,,,0.0011920314282178879,0.0,btxrd-heuristic-001220,IMG002271.jpeg,0.0,0,320,masks/IMG002271.png,14bf4fc16d7e9f17cb073a83ba89ab04bd4c22a2b6f80f25bf73a67ce7a0a340,0,320,0,known_image_label_normal,0,0,0.0,0,0,0,,,,val,empty_by_image_gate,0.0,0,0,0,0,0
0,0,,,,,,ground_truth,,,,0.1249513104557991,0.0,btxrd-heuristic-001220,IMG002272.jpeg,0.0,0,320,masks/IMG002272.png,14bf4fc16d7e9f17cb073a83ba89ab04bd4c22a2b6f80f25bf73a67ce7a0a340,0,320,0,known_image_label_normal,0,0,0.0,0,0,0,,,,val,empty_by_image_gate,0.0,0,0,0,0,0
0,0,,,,,,ground_truth,,,,0.01068130973726511,0.0,btxrd-heuristic-001220,IMG002273.jpeg,0.0,0,320,masks/IMG002273.png,14bf4fc16d7e9f17cb073a83ba89ab04bd4c22a2b6f80f25bf73a67ce7a0a340,0,320,0,known_image_label_normal,0,0,0.0,0,0,0,,,,val,empty_by_image_gate,0.0,0,0,0,0,0
0,0,,,,,,ground_truth,,,,0.01989620365202427,0.0,btxrd-heuristic-001220,IMG002274.jpeg,0.0,0,320,masks/IMG002274.png,14bf4fc16d7e9f17cb073a83ba89ab04bd4c22a2b6f80f25bf73a67ce7a0a340,0,320,0,known_image_label_normal,0,0,0.0,0,0,0,,,,val,empty_by_image_gate,0.0,0,0,0,0,0
0,0,,,,,,ground_truth,,,,0.01635853201150894,0.0,btxrd-heuristic-001229,IMG002345.jpeg,0.0,0,320,masks/IMG002345.png,14bf4fc16d7e9f17cb073a83ba89ab04bd4c22a2b6f80f25bf73a67ce7a0a340,0,320,0,known_image_label_normal,0,0,0.0,0,0,0,,,,val,empty_by_image_gate,0.0,0,0,0,0,0
0,0,,,,,,ground_truth,,,,0.0012045789044350386,0.0,btxrd-heuristic-001229,IMG002346.jpeg,0.0,0,320,masks/IMG002346.png,14bf4fc16d7e9f17cb073a83ba89ab04bd4c22a2b6f80f25bf73a67ce7a0a340,0,320,0,known_image_label_normal,0,0,0.0,0,0,0,,,,val,empty_by_image_gate,0.0,0,0,0,0,0
0,0,,,,,,ground_truth,,,,0.006366275716573,0.0,btxrd-heuristic-001229,IMG002347.jpeg,0.0,0,320,masks/IMG002347.png,14bf4fc16d7e9f17cb073a83ba89ab04bd4c22a2b6f80f25bf73a67ce7a0a340,0,320,0,known_image_label_normal,0,0,0.0,0,0,0,,,,val,empty_by_image_gate,0.0,0,0,0,0,0
0,0,,,,,,ground_truth,,,,0.04270223155617714,0.0,btxrd-heuristic-001229,IMG002348.jpeg,0.0,0,320,masks/IMG002348.png,14bf4fc16d7e9f17cb073a83ba89ab04bd4c22a2b6f80f25bf73a67ce7a0a340,0,320,0,known_image_label_normal,0,0,0.0,0,0,0,,,,val,empty_by_image_gate,0.0,0,0,0,0,0
0,0,,,,,,ground_truth,,,,0.028598099946975708,0.0,btxrd-heuristic-001232,IMG002364.jpeg,0.0,0,320,masks/IMG002364.png,14bf4fc16d7e9f17cb073a83ba89ab04bd4c22a2b6f80f25bf73a67ce7a0a340,0,320,0,known_image_label_normal,0,0,0.0,0,0,0,,,,val,empty_by_image_gate,0.0,0,0,0,0,0
0,0,,,,,,ground_truth,,,,0.0532778836786747,0.0,btxrd-heuristic-001232,IMG002365.jpeg,0.0,0,320,masks/IMG002365.png,14bf4fc16d7e9f17cb073a83ba89ab04bd4c22a2b6f80f25bf73a67ce7a0a340,0,320,0,known_image_label_normal,0,0,0.0,0,0,0,,,,val,empty_by_image_gate,0.0,0,0,0,0,0
0,0,,,,,,ground_truth,,,,0.04138566553592682,0.0,btxrd-heuristic-001232,IMG002366.jpeg,0.0,0,320,masks/IMG002366.png,14bf4fc16d7e9f17cb073a83ba89ab04bd4c22a2b6f80f25bf73a67ce7a0a340,0,320,0,known_image_label_normal,0,0,0.0,0,0,0,,,,val,empty_by_image_gate,0.0,0,0,0,0,0
0,0,,,,,,ground_truth,,,,0.9980521202087402,0.0,btxrd-heuristic-001233,IMG002367.jpeg,0.0,0,320,masks/IMG002367.png,14bf4fc16d7e9f17cb073a83ba89ab04bd4c22a2b6f80f25bf73a67ce7a0a340,0,320,0,known_image_label_normal,0,0,0.0,0,0,0,,,,val,empty_by_image_gate,0.0,0,0,0,0,0
0,0,,,,,,ground_truth,,,,0.9978399276733398,0.0,btxrd-heuristic-001233,IMG002368.jpeg,0.0,0,320,masks/IMG002368.png,14bf4fc16d7e9f17cb073a83ba89ab04bd4c22a2b6f80f25bf73a67ce7a0a340,0,320,0,known_image_label_normal,0,0,0.0,0,0,0,,,,val,empty_by_image_gate,0.0,0,0,0,0,0
0,0,,,,,,ground_truth,,,,0.39740175008773804,0.0,btxrd-heuristic-001245,IMG002447.jpeg,0.0,0,320,masks/IMG002447.png,14bf4fc16d7e9f17cb073a83ba89ab04bd4c22a2b6f80f25bf73a67ce7a0a340,0,320,0,known_image_label_normal,0,0,0.0,0,0,0,,,,val,empty_by_image_gate,0.0,0,0,0,0,0
0,0,,,,,,ground_truth,,,,0.25632336735725403,0.0,btxrd-heuristic-001245,IMG002448.jpeg,0.0,0,320,masks/IMG002448.png,14bf4fc16d7e9f17cb073a83ba89ab04bd4c22a2b6f80f25bf73a67ce7a0a340,0,320,0,known_image_label_normal,0,0,0.0,0,0,0,,,,val,empty_by_image_gate,0.0,0,0,0,0,0
0,0,,,,,,ground_truth,,,,0.4921049475669861,0.0,btxrd-heuristic-001245,IMG002449.jpeg,0.0,0,320,masks/IMG002449.png,14bf4fc16d7e9f17cb073a83ba89ab04bd4c22a2b6f80f25bf73a67ce7a0a340,0,320,0,known_image_label_normal,0,0,0.0,0,0,0,,,,val,empty_by_image_gate,0.0,0,0,0,0,0
0,0,,,,,,ground_truth,,,,0.002720421180129051,0.0,btxrd-heuristic-001246,IMG002450.jpeg,0.0,0,320,masks/IMG002450.png,14bf4fc16d7e9f17cb073a83ba89ab04bd4c22a2b6f80f25bf73a67ce7a0a340,0,320,0,known_image_label_normal,0,0,0.0,0,0,0,,,,val,empty_by_image_gate,0.0,0,0,0,0,0
0,0,,,,,,ground_truth,,,,0.3236912488937378,0.0,btxrd-heuristic-001246,IMG002451.jpeg,0.0,0,320,masks/IMG002451.png,14bf4fc16d7e9f17cb073a83ba89ab04bd4c22a2b6f80f25bf73a67ce7a0a340,0,320,0,known_image_label_normal,0,0,0.0,0,0,0,,,,val,empty_by_image_gate,0.0,0,0,0,0,0
0,0,,,,,,ground_truth,,,,0.00033493986120447516,0.0,btxrd-heuristic-001246,IMG002452.jpeg,0.0,0,320,masks/IMG002452.png,14bf4fc16d7e9f17cb073a83ba89ab04bd4c22a2b6f80f25bf73a67ce7a0a340,0,320,0,known_image_label_normal,0,0,0.0,0,0,0,,,,val,empty_by_image_gate,0.0,0,0,0,0,0
0,0,,,,,,ground_truth,,,,0.28180816769599915,0.0,btxrd-heuristic-001246,IMG002453.jpeg,0.0,0,320,masks/IMG002453.png,14bf4fc16d7e9f17cb073a83ba89ab04bd4c22a2b6f80f25bf73a67ce7a0a340,0,320,0,known_image_label_normal,0,0,0.0,0,0,0,,,,val,empty_by_image_gate,0.0,0,0,0,0,0
0,0,,,,,,ground_truth,,,,0.0041215443052351475,0.0,btxrd-heuristic-001261,IMG002592.jpeg,0.0,0,320,masks/IMG002592.png,14bf4fc16d7e9f17cb073a83ba89ab04bd4c22a2b6f80f25bf73a67ce7a0a340,0,320,0,known_image_label_normal,0,0,0.0,0,0,0,,,,val,empty_by_image_gate,0.0,0,0,0,0,0
0,0,,,,,,ground_truth,,,,0.020666033029556274,0.0,btxrd-heuristic-001261,IMG002593.jpeg,0.0,0,320,masks/IMG002593.png,14bf4fc16d7e9f17cb073a83ba89ab04bd4c22a2b6f80f25bf73a67ce7a0a340,0,320,0,known_image_label_normal,0,0,0.0,0,0,0,,,,val,empty_by_image_gate,0.0,0,0,0,0,0
0,0,,,,,,ground_truth,,,,0.0029031590092927217,0.0,btxrd-heuristic-001261,IMG002594.jpeg,0.0,0,320,masks/IMG002594.png,14bf4fc16d7e9f17cb073a83ba89ab04bd4c22a2b6f80f25bf73a67ce7a0a340,0,320,0,known_image_label_normal,0,0,0.0,0,0,0,,,,val,empty_by_image_gate,0.0,0,0,0,0,0
0,0,,,,,,ground_truth,,,,0.003949418663978577,0.0,btxrd-heuristic-001261,IMG002595.jpeg,0.0,0,320,masks/IMG002595.png,14bf4fc16d7e9f17cb073a83ba89ab04bd4c22a2b6f80f25bf73a67ce7a0a340,0,320,0,known_image_label_normal,0,0,0.0,0,0,0,,,,val,empty_by_image_gate,0.0,0,0,0,0,0
0,0,,,,,,ground_truth,,,,0.1397315263748169,0.0,btxrd-heuristic-001271,IMG002704.jpeg,0.0,0,320,masks/IMG002704.png,14bf4fc16d7e9f17cb073a83ba89ab04bd4c22a2b6f80f25bf73a67ce7a0a340,0,320,0,known_image_label_normal,0,0,0.0,0,0,0,,,,val,empty_by_image_gate,0.0,0,0,0,0,0
0,0,,,,,,ground_truth,,,,0.10762351006269455,0.0,btxrd-heuristic-001271,IMG002705.jpeg,0.0,0,320,masks/IMG002705.png,14bf4fc16d7e9f17cb073a83ba89ab04bd4c22a2b6f80f25bf73a67ce7a0a340,0,320,0,known_image_label_normal,0,0,0.0,0,0,0,,,,val,empty_by_image_gate,0.0,0,0,0,0,0
0,0,,,,,,ground_truth,,,,0.00028418665169738233,0.0,btxrd-heuristic-001275,IMG002728.jpeg,0.0,0,320,masks/IMG002728.png,14bf4fc16d7e9f17cb073a83ba89ab04bd4c22a2b6f80f25bf73a67ce7a0a340,0,320,0,known_image_label_normal,0,0,0.0,0,0,0,,,,val,empty_by_image_gate,0.0,0,0,0,0,0
0,0,,,,,,ground_truth,,,,0.00013836738071404397,0.0,btxrd-heuristic-001275,IMG002729.jpeg,0.0,0,320,masks/IMG002729.png,14bf4fc16d7e9f17cb073a83ba89ab04bd4c22a2b6f80f25bf73a67ce7a0a340,0,320,0,known_image_label_normal,0,0,0.0,0,0,0,,,,val,empty_by_image_gate,0.0,0,0,0,0,0
0,0,,,,,,ground_truth,,,,0.017689961940050125,0.0,btxrd-heuristic-001286,IMG002836.jpeg,0.0,0,320,masks/IMG002836.png,14bf4fc16d7e9f17cb073a83ba89ab04bd4c22a2b6f80f25bf73a67ce7a0a340,0,320,0,known_image_label_normal,0,0,0.0,0,0,0,,,,val,empty_by_image_gate,0.0,0,0,0,0,0
0,0,,,,,,ground_truth,,,,0.23925478756427765,0.0,btxrd-heuristic-001286,IMG002837.jpeg,0.0,0,320,masks/IMG002837.png,14bf4fc16d7e9f17cb073a83ba89ab04bd4c22a2b6f80f25bf73a67ce7a0a340,0,320,0,known_image_label_normal,0,0,0.0,0,0,0,,,,val,empty_by_image_gate,0.0,0,0,0,0,0
0,0,,,,,,ground_truth,,,,0.0354183129966259,0.0,btxrd-heuristic-001286,IMG002838.jpeg,0.0,0,320,masks/IMG002838.png,14bf4fc16d7e9f17cb073a83ba89ab04bd4c22a2b6f80f25bf73a67ce7a0a340,0,320,0,known_image_label_normal,0,0,0.0,0,0,0,,,,val,empty_by_image_gate,0.0,0,0,0,0,0
0,0,,,,,,ground_truth,,,,0.9892773628234863,0.0,btxrd-heuristic-001286,IMG002839.jpeg,0.0,0,320,masks/IMG002839.png,14bf4fc16d7e9f17cb073a83ba89ab04bd4c22a2b6f80f25bf73a67ce7a0a340,0,320,0,known_image_label_normal,0,0,0.0,0,0,0,,,,val,empty_by_image_gate,0.0,0,0,0,0,0
0,0,,,,,,ground_truth,,,,0.0003578769974410534,0.0,btxrd-heuristic-001292,IMG002894.jpeg,0.0,0,320,masks/IMG002894.png,14bf4fc16d7e9f17cb073a83ba89ab04bd4c22a2b6f80f25bf73a67ce7a0a340,0,320,0,known_image_label_normal,0,0,0.0,0,0,0,,,,val,empty_by_image_gate,0.0,0,0,0,0,0
0,0,,,,,,ground_truth,,,,0.00027059781132265925,0.0,btxrd-heuristic-001292,IMG002895.jpeg,0.0,0,320,masks/IMG002895.png,14bf4fc16d7e9f17cb073a83ba89ab04bd4c22a2b6f80f25bf73a67ce7a0a340,0,320,0,known_image_label_normal,0,0,0.0,0,0,0,,,,val,empty_by_image_gate,0.0,0,0,0,0,0
0,0,,,,,,ground_truth,,,,0.0005610489170067012,0.0,btxrd-heuristic-001292,IMG002896.jpeg,0.0,0,320,masks/IMG002896.png,14bf4fc16d7e9f17cb073a83ba89ab04bd4c22a2b6f80f25bf73a67ce7a0a340,0,320,0,known_image_label_normal,0,0,0.0,0,0,0,,,,val,empty_by_image_gate,0.0,0,0,0,0,0
0,0,,,,,,ground_truth,,,,0.00017254096746910363,0.0,btxrd-heuristic-001292,IMG002897.jpeg,0.0,0,320,masks/IMG002897.png,14bf4fc16d7e9f17cb073a83ba89ab04bd4c22a2b6f80f25bf73a67ce7a0a340,0,320,0,known_image_label_normal,0,0,0.0,0,0,0,,,,val,empty_by_image_gate,0.0,0,0,0,0,0
0,0,,,,,,ground_truth,,,,0.0025290416087955236,0.0,btxrd-heuristic-001296,IMG002932.jpeg,0.0,0,320,masks/IMG002932.png,14bf4fc16d7e9f17cb073a83ba89ab04bd4c22a2b6f80f25bf73a67ce7a0a340,0,320,0,known_image_label_normal,0,0,0.0,0,0,0,,,,val,empty_by_image_gate,0.0,0,0,0,0,0
0,0,,,,,,ground_truth,,,,0.0018818115349859,0.0,btxrd-heuristic-001296,IMG002933.jpeg,0.0,0,320,masks/IMG002933.png,14bf4fc16d7e9f17cb073a83ba89ab04bd4c22a2b6f80f25bf73a67ce7a0a340,0,320,0,known_image_label_normal,0,0,0.0,0,0,0,,,,val,empty_by_image_gate,0.0,0,0,0,0,0
0,0,,,,,,ground_truth,,,,0.0012673101155087352,0.0,btxrd-heuristic-001320,IMG003119.jpeg,0.0,0,320,masks/IMG003119.png,14bf4fc16d7e9f17cb073a83ba89ab04bd4c22a2b6f80f25bf73a67ce7a0a340,0,320,0,known_image_label_normal,0,0,0.0,0,0,0,,,,val,empty_by_image_gate,0.0,0,0,0,0,0
0,0,,,,,,ground_truth,,,,0.004441667348146439,0.0,btxrd-heuristic-001320,IMG003120.jpeg,0.0,0,320,masks/IMG003120.png,14bf4fc16d7e9f17cb073a83ba89ab04bd4c22a2b6f80f25bf73a67ce7a0a340,0,320,0,known_image_label_normal,0,0,0.0,0,0,0,,,,val,empty_by_image_gate,0.0,0,0,0,0,0
0,0,,,,,,ground_truth,,,,0.005320973228663206,0.0,btxrd-heuristic-001331,IMG003162.jpeg,0.0,0,320,masks/IMG003162.png,14bf4fc16d7e9f17cb073a83ba89ab04bd4c22a2b6f80f25bf73a67ce7a0a340,0,320,0,known_image_label_normal,0,0,0.0,0,0,0,,,,val,empty_by_image_gate,0.0,0,0,0,0,0
0,0,,,,,,ground_truth,,,,0.3507205545902252,0.0,btxrd-heuristic-001331,IMG003163.jpeg,0.0,0,320,masks/IMG003163.png,14bf4fc16d7e9f17cb073a83ba89ab04bd4c22a2b6f80f25bf73a67ce7a0a340,0,320,0,known_image_label_normal,0,0,0.0,0,0,0,,,,val,empty_by_image_gate,0.0,0,0,0,0,0
0,0,,,,,,ground_truth,,,,0.005120361223816872,0.0,btxrd-heuristic-001331,IMG003164.jpeg,0.0,0,320,masks/IMG003164.png,14bf4fc16d7e9f17cb073a83ba89ab04bd4c22a2b6f80f25bf73a67ce7a0a340,0,320,0,known_image_label_normal,0,0,0.0,0,0,0,,,,val,empty_by_image_gate,0.0,0,0,0,0,0
0,0,,,,,,ground_truth,,,,0.9291367530822754,0.0,btxrd-heuristic-001331,IMG003165.jpeg,0.0,0,320,masks/IMG003165.png,14bf4fc16d7e9f17cb073a83ba89ab04bd4c22a2b6f80f25bf73a67ce7a0a340,0,320,0,known_image_label_normal,0,0,0.0,0,0,0,,,,val,empty_by_image_gate,0.0,0,0,0,0,0
0,0,,,,,,ground_truth,,,,0.0006745787104591727,0.0,btxrd-heuristic-001337,IMG003202.jpeg,0.0,0,320,masks/IMG003202.png,14bf4fc16d7e9f17cb073a83ba89ab04bd4c22a2b6f80f25bf73a67ce7a0a340,0,320,0,known_image_label_normal,0,0,0.0,0,0,0,,,,val,empty_by_image_gate,0.0,0,0,0,0,0
0,0,,,,,,ground_truth,,,,0.028043881058692932,0.0,btxrd-heuristic-001337,IMG003203.jpeg,0.0,0,320,masks/IMG003203.png,14bf4fc16d7e9f17cb073a83ba89ab04bd4c22a2b6f80f25bf73a67ce7a0a340,0,320,0,known_image_label_normal,0,0,0.0,0,0,0,,,,val,empty_by_image_gate,0.0,0,0,0,0,0
0,0,,,,,,ground_truth,,,,0.005913142580538988,0.0,btxrd-heuristic-001337,IMG003204.jpeg,0.0,0,320,masks/IMG003204.png,14bf4fc16d7e9f17cb073a83ba89ab04bd4c22a2b6f80f25bf73a67ce7a0a340,0,320,0,known_image_label_normal,0,0,0.0,0,0,0,,,,val,empty_by_image_gate,0.0,0,0,0,0,0
0,0,,,,,,ground_truth,,,,0.04528052359819412,0.0,btxrd-heuristic-001347,IMG003234.jpeg,0.0,0,320,masks/IMG003234.png,14bf4fc16d7e9f17cb073a83ba89ab04bd4c22a2b6f80f25bf73a67ce7a0a340,0,320,0,known_image_label_normal,0,0,0.0,0,0,0,,,,val,empty_by_image_gate,0.0,0,0,0,0,0
0,0,,,,,,ground_truth,,,,0.24824272096157074,0.0,btxrd-heuristic-001347,IMG003235.jpeg,0.0,0,320,masks/IMG003235.png,14bf4fc16d7e9f17cb073a83ba89ab04bd4c22a2b6f80f25bf73a67ce7a0a340,0,320,0,known_image_label_normal,0,0,0.0,0,0,0,,,,val,empty_by_image_gate,0.0,0,0,0,0,0
0,0,,,,,,ground_truth,,,,0.0007047232356853783,0.0,btxrd-heuristic-001347,IMG003236.jpeg,0.0,0,320,masks/IMG003236.png,14bf4fc16d7e9f17cb073a83ba89ab04bd4c22a2b6f80f25bf73a67ce7a0a340,0,320,0,known_image_label_normal,0,0,0.0,0,0,0,,,,val,empty_by_image_gate,0.0,0,0,0,0,0
0,0,,,,,,ground_truth,,,,0.006466470193117857,0.0,btxrd-heuristic-001347,IMG003237.jpeg,0.0,0,320,masks/IMG003237.png,14bf4fc16d7e9f17cb073a83ba89ab04bd4c22a2b6f80f25bf73a67ce7a0a340,0,320,0,known_image_label_normal,0,0,0.0,0,0,0,,,,val,empty_by_image_gate,0.0,0,0,0,0,0
0,0,,,,,,ground_truth,,,,0.9999055862426758,0.0,btxrd-heuristic-001350,IMG003243.jpeg,0.0,0,320,masks/IMG003243.png,14bf4fc16d7e9f17cb073a83ba89ab04bd4c22a2b6f80f25bf73a67ce7a0a340,0,320,0,known_image_label_normal,0,0,0.0,0,0,0,,,,val,empty_by_image_gate,0.0,0,0,0,0,0
0,0,,,,,,ground_truth,,,,0.9999589920043945,0.0,btxrd-heuristic-001350,IMG003244.jpeg,0.0,0,320,masks/IMG003244.png,14bf4fc16d7e9f17cb073a83ba89ab04bd4c22a2b6f80f25bf73a67ce7a0a340,0,320,0,known_image_label_normal,0,0,0.0,0,0,0,,,,val,empty_by_image_gate,0.0,0,0,0,0,0
0,0,,,,,,ground_truth,,,,0.7716954946517944,0.0,btxrd-heuristic-001350,IMG003245.jpeg,0.0,0,320,masks/IMG003245.png,14bf4fc16d7e9f17cb073a83ba89ab04bd4c22a2b6f80f25bf73a67ce7a0a340,0,320,0,known_image_label_normal,0,0,0.0,0,0,0,,,,val,empty_by_image_gate,0.0,0,0,0,0,0
0,0,,,,,,ground_truth,,,,0.9998759031295776,0.0,btxrd-heuristic-001350,IMG003246.jpeg,0.0,0,320,masks/IMG003246.png,14bf4fc16d7e9f17cb073a83ba89ab04bd4c22a2b6f80f25bf73a67ce7a0a340,0,320,0,known_image_label_normal,0,0,0.0,0,0,0,,,,val,empty_by_image_gate,0.0,0,0,0,0,0
0,0,,,,,,ground_truth,,,,0.005946760531514883,0.0,btxrd-heuristic-001351,IMG003247.jpeg,0.0,0,320,masks/IMG003247.png,14bf4fc16d7e9f17cb073a83ba89ab04bd4c22a2b6f80f25bf73a67ce7a0a340,0,320,0,known_image_label_normal,0,0,0.0,0,0,0,,,,val,empty_by_image_gate,0.0,0,0,0,0,0
0,0,,,,,,ground_truth,,,,0.9584586024284363,0.0,btxrd-heuristic-001351,IMG003248.jpeg,0.0,0,320,masks/IMG003248.png,14bf4fc16d7e9f17cb073a83ba89ab04bd4c22a2b6f80f25bf73a67ce7a0a340,0,320,0,known_image_label_normal,0,0,0.0,0,0,0,,,,val,empty_by_image_gate,0.0,0,0,0,0,0
0,0,,,,,,ground_truth,,,,0.9998717308044434,0.0,btxrd-heuristic-001353,IMG003250.jpeg,0.0,0,320,masks/IMG003250.png,14bf4fc16d7e9f17cb073a83ba89ab04bd4c22a2b6f80f25bf73a67ce7a0a340,0,320,0,known_image_label_normal,0,0,0.0,0,0,0,,,,val,empty_by_image_gate,0.0,0,0,0,0,0
0,0,,,,,,ground_truth,,,,0.9920240640640259,0.0,btxrd-heuristic-001354,IMG003251.jpeg,0.0,0,320,masks/IMG003251.png,14bf4fc16d7e9f17cb073a83ba89ab04bd4c22a2b6f80f25bf73a67ce7a0a340,0,320,0,known_image_label_normal,0,0,0.0,0,0,0,,,,val,empty_by_image_gate,0.0,0,0,0,0,0
0,0,,,,,,ground_truth,,,,0.999680757522583,0.0,btxrd-heuristic-001354,IMG003252.jpeg,0.0,0,320,masks/IMG003252.png,14bf4fc16d7e9f17cb073a83ba89ab04bd4c22a2b6f80f25bf73a67ce7a0a340,0,320,0,known_image_label_normal,0,0,0.0,0,0,0,,,,val,empty_by_image_gate,0.0,0,0,0,0,0
0,0,,,,,,ground_truth,,,,0.0037540385965257883,0.0,btxrd-heuristic-001356,IMG003259.jpeg,0.0,0,320,masks/IMG003259.png,14bf4fc16d7e9f17cb073a83ba89ab04bd4c22a2b6f80f25bf73a67ce7a0a340,0,320,0,known_image_label_normal,0,0,0.0,0,0,0,,,,val,empty_by_image_gate,0.0,0,0,0,0,0
0,0,,,,,,ground_truth,,,,0.02433788776397705,0.0,btxrd-heuristic-001356,IMG003260.jpeg,0.0,0,320,masks/IMG003260.png,14bf4fc16d7e9f17cb073a83ba89ab04bd4c22a2b6f80f25bf73a67ce7a0a340,0,320,0,known_image_label_normal,0,0,0.0,0,0,0,,,,val,empty_by_image_gate,0.0,0,0,0,0,0
0,0,,,,,,ground_truth,,,,0.011548941023647785,0.0,btxrd-heuristic-001356,IMG003261.jpeg,0.0,0,320,masks/IMG003261.png,14bf4fc16d7e9f17cb073a83ba89ab04bd4c22a2b6f80f25bf73a67ce7a0a340,0,320,0,known_image_label_normal,0,0,0.0,0,0,0,,,,val,empty_by_image_gate,0.0,0,0,0,0,0
0,0,,,,,,ground_truth,,,,0.7828996181488037,0.0,btxrd-heuristic-001359,IMG003266.jpeg,0.0,0,320,masks/IMG003266.png,14bf4fc16d7e9f17cb073a83ba89ab04bd4c22a2b6f80f25bf73a67ce7a0a340,0,320,0,known_image_label_normal,0,0,0.0,0,0,0,,,,val,empty_by_image_gate,0.0,0,0,0,0,0
0,0,,,,,,ground_truth,,,,0.9485951662063599,0.0,btxrd-heuristic-001361,IMG003268.jpeg,0.0,0,320,masks/IMG003268.png,14bf4fc16d7e9f17cb073a83ba89ab04bd4c22a2b6f80f25bf73a67ce7a0a340,0,320,0,known_image_label_normal,0,0,0.0,0,0,0,,,,val,empty_by_image_gate,0.0,0,0,0,0,0
0,0,,,,,,ground_truth,,,,0.30914393067359924,0.0,btxrd-heuristic-001361,IMG003269.jpeg,0.0,0,320,masks/IMG003269.png,14bf4fc16d7e9f17cb073a83ba89ab04bd4c22a2b6f80f25bf73a67ce7a0a340,0,320,0,known_image_label_normal,0,0,0.0,0,0,0,,,,val,empty_by_image_gate,0.0,0,0,0,0,0
0,0,,,,,,ground_truth,,,,0.010398701764643192,0.0,btxrd-heuristic-001365,IMG003281.jpeg,0.0,0,320,masks/IMG003281.png,14bf4fc16d7e9f17cb073a83ba89ab04bd4c22a2b6f80f25bf73a67ce7a0a340,0,320,0,known_image_label_normal,0,0,0.0,0,0,0,,,,val,empty_by_image_gate,0.0,0,0,0,0,0
0,0,,,,,,ground_truth,,,,0.09878509491682053,0.0,btxrd-heuristic-001365,IMG003282.jpeg,0.0,0,320,masks/IMG003282.png,14bf4fc16d7e9f17cb073a83ba89ab04bd4c22a2b6f80f25bf73a67ce7a0a340,0,320,0,known_image_label_normal,0,0,0.0,0,0,0,,,,val,empty_by_image_gate,0.0,0,0,0,0,0
0,0,,,,,,ground_truth,,,,0.01698589138686657,0.0,btxrd-heuristic-001366,IMG003283.jpeg,0.0,0,320,masks/IMG003283.png,14bf4fc16d7e9f17cb073a83ba89ab04bd4c22a2b6f80f25bf73a67ce7a0a340,0,320,0,known_image_label_normal,0,0,0.0,0,0,0,,,,val,empty_by_image_gate,0.0,0,0,0,0,0
0,0,,,,,,ground_truth,,,,9.619868797017261e-05,0.0,btxrd-heuristic-001366,IMG003284.jpeg,0.0,0,320,masks/IMG003284.png,14bf4fc16d7e9f17cb073a83ba89ab04bd4c22a2b6f80f25bf73a67ce7a0a340,0,320,0,known_image_label_normal,0,0,0.0,0,0,0,,,,val,empty_by_image_gate,0.0,0,0,0,0,0
0,0,,,,,,ground_truth,,,,0.00026897579664364457,0.0,btxrd-heuristic-001366,IMG003285.jpeg,0.0,0,320,masks/IMG003285.png,14bf4fc16d7e9f17cb073a83ba89ab04bd4c22a2b6f80f25bf73a67ce7a0a340,0,320,0,known_image_label_normal,0,0,0.0,0,0,0,,,,val,empty_by_image_gate,0.0,0,0,0,0,0
0,0,,,,,,ground_truth,,,,0.002287604147568345,0.0,btxrd-heuristic-001366,IMG003286.jpeg,0.0,0,320,masks/IMG003286.png,14bf4fc16d7e9f17cb073a83ba89ab04bd4c22a2b6f80f25bf73a67ce7a0a340,0,320,0,known_image_label_normal,0,0,0.0,0,0,0,,,,val,empty_by_image_gate,0.0,0,0,0,0,0
0,0,,,,,,ground_truth,,,,0.9918997287750244,0.0,btxrd-heuristic-001369,IMG003295.jpeg,0.0,0,320,masks/IMG003295.png,14bf4fc16d7e9f17cb073a83ba89ab04bd4c22a2b6f80f25bf73a67ce7a0a340,0,320,0,known_image_label_normal,0,0,0.0,0,0,0,,,,val,empty_by_image_gate,0.0,0,0,0,0,0
0,0,,,,,,ground_truth,,,,0.4057762622833252,0.0,btxrd-heuristic-001369,IMG003296.jpeg,0.0,0,320,masks/IMG003296.png,14bf4fc16d7e9f17cb073a83ba89ab04bd4c22a2b6f80f25bf73a67ce7a0a340,0,320,0,known_image_label_normal,0,0,0.0,0,0,0,,,,val,empty_by_image_gate,0.0,0,0,0,0,0
0,0,,,,,,ground_truth,,,,0.9929437041282654,0.0,btxrd-heuristic-001369,IMG003297.jpeg,0.0,0,320,masks/IMG003297.png,14bf4fc16d7e9f17cb073a83ba89ab04bd4c22a2b6f80f25bf73a67ce7a0a340,0,320,0,known_image_label_normal,0,0,0.0,0,0,0,,,,val,empty_by_image_gate,0.0,0,0,0,0,0
0,0,,,,,,ground_truth,,,,0.6732377409934998,0.0,btxrd-heuristic-001377,IMG003317.jpeg,0.0,0,320,masks/IMG003317.png,14bf4fc16d7e9f17cb073a83ba89ab04bd4c22a2b6f80f25bf73a67ce7a0a340,0,320,0,known_image_label_normal,0,0,0.0,0,0,0,,,,val,empty_by_image_gate,0.0,0,0,0,0,0
0,0,,,,,,ground_truth,,,,0.9114847183227539,0.0,btxrd-heuristic-001377,IMG003318.jpeg,0.0,0,320,masks/IMG003318.png,14bf4fc16d7e9f17cb073a83ba89ab04bd4c22a2b6f80f25bf73a67ce7a0a340,0,320,0,known_image_label_normal,0,0,0.0,0,0,0,,,,val,empty_by_image_gate,0.0,0,0,0,0,0
0,0,,,,,,ground_truth,,,,0.3057069778442383,0.0,btxrd-heuristic-001378,IMG003319.jpeg,0.0,0,320,masks/IMG003319.png,14bf4fc16d7e9f17cb073a83ba89ab04bd4c22a2b6f80f25bf73a67ce7a0a340,0,320,0,known_image_label_normal,0,0,0.0,0,0,0,,,,val,empty_by_image_gate,0.0,0,0,0,0,0
0,0,,,,,,ground_truth,,,,0.2035980224609375,0.0,btxrd-heuristic-001384,IMG003339.jpeg,0.0,0,320,masks/IMG003339.png,14bf4fc16d7e9f17cb073a83ba89ab04bd4c22a2b6f80f25bf73a67ce7a0a340,0,320,0,known_image_label_normal,0,0,0.0,0,0,0,,,,val,empty_by_image_gate,0.0,0,0,0,0,0
0,0,,,,,,ground_truth,,,,0.32023945450782776,0.0,btxrd-heuristic-001384,IMG003340.jpeg,0.0,0,320,masks/IMG003340.png,14bf4fc16d7e9f17cb073a83ba89ab04bd4c22a2b6f80f25bf73a67ce7a0a340,0,320,0,known_image_label_normal,0,0,0.0,0,0,0,,,,val,empty_by_image_gate,0.0,0,0,0,0,0
0,0,,,,,,ground_truth,,,,0.1941966563463211,0.0,btxrd-heuristic-001384,IMG003341.jpeg,0.0,0,320,masks/IMG003341.png,14bf4fc16d7e9f17cb073a83ba89ab04bd4c22a2b6f80f25bf73a67ce7a0a340,0,320,0,known_image_label_normal,0,0,0.0,0,0,0,,,,val,empty_by_image_gate,0.0,0,0,0,0,0
0,0,,,,,,ground_truth,,,,0.03409292921423912,0.0,btxrd-heuristic-001393,IMG003369.jpeg,0.0,0,320,masks/IMG003369.png,14bf4fc16d7e9f17cb073a83ba89ab04bd4c22a2b6f80f25bf73a67ce7a0a340,0,320,0,known_image_label_normal,0,0,0.0,0,0,0,,,,val,empty_by_image_gate,0.0,0,0,0,0,0
0,0,,,,,,ground_truth,,,,0.004200440365821123,0.0,btxrd-heuristic-001393,IMG003370.jpeg,0.0,0,320,masks/IMG003370.png,14bf4fc16d7e9f17cb073a83ba89ab04bd4c22a2b6f80f25bf73a67ce7a0a340,0,320,0,known_image_label_normal,0,0,0.0,0,0,0,,,,val,empty_by_image_gate,0.0,0,0,0,0,0
0,0,,,,,,ground_truth,,,,0.6167629957199097,0.0,btxrd-heuristic-001395,IMG003375.jpeg,0.0,0,320,masks/IMG003375.png,14bf4fc16d7e9f17cb073a83ba89ab04bd4c22a2b6f80f25bf73a67ce7a0a340,0,320,0,known_image_label_normal,0,0,0.0,0,0,0,,,,val,empty_by_image_gate,0.0,0,0,0,0,0
0,0,,,,,,ground_truth,,,,0.059542346745729446,0.0,btxrd-heuristic-001395,IMG003376.jpeg,0.0,0,320,masks/IMG003376.png,14bf4fc16d7e9f17cb073a83ba89ab04bd4c22a2b6f80f25bf73a67ce7a0a340,0,320,0,known_image_label_normal,0,0,0.0,0,0,0,,,,val,empty_by_image_gate,0.0,0,0,0,0,0
0,0,,,,,,ground_truth,,,,0.9978479146957397,0.0,btxrd-heuristic-001402,IMG003401.jpeg,0.0,0,320,masks/IMG003401.png,14bf4fc16d7e9f17cb073a83ba89ab04bd4c22a2b6f80f25bf73a67ce7a0a340,0,320,0,known_image_label_normal,0,0,0.0,0,0,0,,,,val,empty_by_image_gate,0.0,0,0,0,0,0
0,0,,,,,,ground_truth,,,,0.6293023824691772,0.0,btxrd-heuristic-001402,IMG003402.jpeg,0.0,0,320,masks/IMG003402.png,14bf4fc16d7e9f17cb073a83ba89ab04bd4c22a2b6f80f25bf73a67ce7a0a340,0,320,0,known_image_label_normal,0,0,0.0,0,0,0,,,,val,empty_by_image_gate,0.0,0,0,0,0,0
0,0,,,,,,ground_truth,,,,0.998195469379425,0.0,btxrd-heuristic-001404,IMG003413.jpeg,0.0,0,320,masks/IMG003413.png,14bf4fc16d7e9f17cb073a83ba89ab04bd4c22a2b6f80f25bf73a67ce7a0a340,0,320,0,known_image_label_normal,0,0,0.0,0,0,0,,,,val,empty_by_image_gate,0.0,0,0,0,0,0
0,0,,,,,,ground_truth,,,,0.5243634581565857,0.0,btxrd-heuristic-001404,IMG003414.jpeg,0.0,0,320,masks/IMG003414.png,14bf4fc16d7e9f17cb073a83ba89ab04bd4c22a2b6f80f25bf73a67ce7a0a340,0,320,0,known_image_label_normal,0,0,0.0,0,0,0,,,,val,empty_by_image_gate,0.0,0,0,0,0,0
0,0,,,,,,ground_truth,,,,0.670720100402832,0.0,btxrd-heuristic-001404,IMG003415.jpeg,0.0,0,320,masks/IMG003415.png,14bf4fc16d7e9f17cb073a83ba89ab04bd4c22a2b6f80f25bf73a67ce7a0a340,0,320,0,known_image_label_normal,0,0,0.0,0,0,0,,,,val,empty_by_image_gate,0.0,0,0,0,0,0
0,0,,,,,,ground_truth,,,,0.9006146788597107,0.0,btxrd-heuristic-001404,IMG003416.jpeg,0.0,0,320,masks/IMG003416.png,14bf4fc16d7e9f17cb073a83ba89ab04bd4c22a2b6f80f25bf73a67ce7a0a340,0,320,0,known_image_label_normal,0,0,0.0,0,0,0,,,,val,empty_by_image_gate,0.0,0,0,0,0,0
0,0,,,,,,ground_truth,,,,0.9983578324317932,0.0,btxrd-heuristic-001404,IMG003417.jpeg,0.0,0,320,masks/IMG003417.png,14bf4fc16d7e9f17cb073a83ba89ab04bd4c22a2b6f80f25bf73a67ce7a0a340,0,320,0,known_image_label_normal,0,0,0.0,0,0,0,,,,val,empty_by_image_gate,0.0,0,0,0,0,0
0,0,,,,,,ground_truth,,,,0.0061630429700016975,0.0,btxrd-heuristic-001407,IMG003428.jpeg,0.0,0,320,masks/IMG003428.png,14bf4fc16d7e9f17cb073a83ba89ab04bd4c22a2b6f80f25bf73a67ce7a0a340,0,320,0,known_image_label_normal,0,0,0.0,0,0,0,,,,val,empty_by_image_gate,0.0,0,0,0,0,0
0,0,,,,,,ground_truth,,,,0.49905717372894287,0.0,btxrd-heuristic-001408,IMG003429.jpeg,0.0,0,320,masks/IMG003429.png,14bf4fc16d7e9f17cb073a83ba89ab04bd4c22a2b6f80f25bf73a67ce7a0a340,0,320,0,known_image_label_normal,0,0,0.0,0,0,0,,,,val,empty_by_image_gate,0.0,0,0,0,0,0
0,0,,,,,,ground_truth,,,,0.37518325448036194,0.0,btxrd-heuristic-001408,IMG003430.jpeg,0.0,0,320,masks/IMG003430.png,14bf4fc16d7e9f17cb073a83ba89ab04bd4c22a2b6f80f25bf73a67ce7a0a340,0,320,0,known_image_label_normal,0,0,0.0,0,0,0,,,,val,empty_by_image_gate,0.0,0,0,0,0,0
0,0,,,,,,ground_truth,,,,0.44296756386756897,0.0,btxrd-heuristic-001411,IMG003436.jpeg,0.0,0,320,masks/IMG003436.png,14bf4fc16d7e9f17cb073a83ba89ab04bd4c22a2b6f80f25bf73a67ce7a0a340,0,320,0,known_image_label_normal,0,0,0.0,0,0,0,,,,val,empty_by_image_gate,0.0,0,0,0,0,0
0,0,,,,,,ground_truth,,,,0.1421509087085724,0.0,btxrd-heuristic-001411,IMG003437.jpeg,0.0,0,320,masks/IMG003437.png,14bf4fc16d7e9f17cb073a83ba89ab04bd4c22a2b6f80f25bf73a67ce7a0a340,0,320,0,known_image_label_normal,0,0,0.0,0,0,0,,,,val,empty_by_image_gate,0.0,0,0,0,0,0
0,0,,,,,,ground_truth,,,,0.581921398639679,0.0,btxrd-heuristic-001424,IMG003489.jpeg,0.0,0,320,masks/IMG003489.png,14bf4fc16d7e9f17cb073a83ba89ab04bd4c22a2b6f80f25bf73a67ce7a0a340,0,320,0,known_image_label_normal,0,0,0.0,0,0,0,,,,val,empty_by_image_gate,0.0,0,0,0,0,0
0,0,,,,,,ground_truth,,,,0.06657847762107849,0.0,btxrd-heuristic-001430,IMG003521.jpeg,0.0,0,320,masks/IMG003521.png,14bf4fc16d7e9f17cb073a83ba89ab04bd4c22a2b6f80f25bf73a67ce7a0a340,0,320,0,known_image_label_normal,0,0,0.0,0,0,0,,,,val,empty_by_image_gate,0.0,0,0,0,0,0
0,0,,,,,,ground_truth,,,,0.0576513446867466,0.0,btxrd-heuristic-001438,IMG003582.jpeg,0.0,0,320,masks/IMG003582.png,14bf4fc16d7e9f17cb073a83ba89ab04bd4c22a2b6f80f25bf73a67ce7a0a340,0,320,0,known_image_label_normal,0,0,0.0,0,0,0,,,,val,empty_by_image_gate,0.0,0,0,0,0,0
0,0,,,,,,ground_truth,,,,0.7323821187019348,0.0,btxrd-heuristic-001439,IMG003583.jpeg,0.0,0,320,masks/IMG003583.png,14bf4fc16d7e9f17cb073a83ba89ab04bd4c22a2b6f80f25bf73a67ce7a0a340,0,320,0,known_image_label_normal,0,0,0.0,0,0,0,,,,val,empty_by_image_gate,0.0,0,0,0,0,0
0,0,,,,,,ground_truth,,,,0.94507896900177,0.0,btxrd-heuristic-001440,IMG003584.jpeg,0.0,0,320,masks/IMG003584.png,14bf4fc16d7e9f17cb073a83ba89ab04bd4c22a2b6f80f25bf73a67ce7a0a340,0,320,0,known_image_label_normal,0,0,0.0,0,0,0,,,,val,empty_by_image_gate,0.0,0,0,0,0,0
0,0,,,,,,ground_truth,,,,0.33245137333869934,0.0,btxrd-heuristic-001445,IMG003618.jpeg,0.0,0,320,masks/IMG003618.png,14bf4fc16d7e9f17cb073a83ba89ab04bd4c22a2b6f80f25bf73a67ce7a0a340,0,320,0,known_image_label_normal,0,0,0.0,0,0,0,,,,val,empty_by_image_gate,0.0,0,0,0,0,0
0,0,,,,,,ground_truth,,,,0.010617706924676895,0.0,btxrd-heuristic-001445,IMG003619.jpeg,0.0,0,320,masks/IMG003619.png,14bf4fc16d7e9f17cb073a83ba89ab04bd4c22a2b6f80f25bf73a67ce7a0a340,0,320,0,known_image_label_normal,0,0,0.0,0,0,0,,,,val,empty_by_image_gate,0.0,0,0,0,0,0
0,0,,,,,,ground_truth,,,,0.9868974089622498,0.0,btxrd-heuristic-001445,IMG003620.jpeg,0.0,0,320,masks/IMG003620.png,14bf4fc16d7e9f17cb073a83ba89ab04bd4c22a2b6f80f25bf73a67ce7a0a340,0,320,0,known_image_label_normal,0,0,0.0,0,0,0,,,,val,empty_by_image_gate,0.0,0,0,0,0,0
0,0,,,,,,ground_truth,,,,0.9836879968643188,0.0,btxrd-heuristic-001445,IMG003621.jpeg,0.0,0,320,masks/IMG003621.png,14bf4fc16d7e9f17cb073a83ba89ab04bd4c22a2b6f80f25bf73a67ce7a0a340,0,320,0,known_image_label_normal,0,0,0.0,0,0,0,,,,val,empty_by_image_gate,0.0,0,0,0,0,0
0,0,,,,,,ground_truth,,,,0.0853329449892044,0.0,btxrd-heuristic-001458,IMG003701.jpeg,0.0,0,320,masks/IMG003701.png,14bf4fc16d7e9f17cb073a83ba89ab04bd4c22a2b6f80f25bf73a67ce7a0a340,0,320,0,known_image_label_normal,0,0,0.0,0,0,0,,,,val,empty_by_image_gate,0.0,0,0,0,0,0
0,0,,,,,,ground_truth,,,,0.08164125680923462,0.0,btxrd-heuristic-001458,IMG003702.jpeg,0.0,0,320,masks/IMG003702.png,14bf4fc16d7e9f17cb073a83ba89ab04bd4c22a2b6f80f25bf73a67ce7a0a340,0,320,0,known_image_label_normal,0,0,0.0,0,0,0,,,,val,empty_by_image_gate,0.0,0,0,0,0,0
0,0,,,,,,ground_truth,,,,0.1978009045124054,0.0,btxrd-heuristic-001458,IMG003703.jpeg,0.0,0,320,masks/IMG003703.png,14bf4fc16d7e9f17cb073a83ba89ab04bd4c22a2b6f80f25bf73a67ce7a0a340,0,320,0,known_image_label_normal,0,0,0.0,0,0,0,,,,val,empty_by_image_gate,0.0,0,0,0,0,0
0,0,,,,,,ground_truth,,,,0.998842179775238,0.0,btxrd-heuristic-001458,IMG003704.jpeg,0.0,0,320,masks/IMG003704.png,14bf4fc16d7e9f17cb073a83ba89ab04bd4c22a2b6f80f25bf73a67ce7a0a340,0,320,0,known_image_label_normal,0,0,0.0,0,0,0,,,,val,empty_by_image_gate,0.0,0,0,0,0,0
0,0,,,,,,ground_truth,,,,0.1412806510925293,0.0,btxrd-heuristic-001460,IMG003709.jpeg,0.0,0,320,masks/IMG003709.png,14bf4fc16d7e9f17cb073a83ba89ab04bd4c22a2b6f80f25bf73a67ce7a0a340,0,320,0,known_image_label_normal,0,0,0.0,0,0,0,,,,val,empty_by_image_gate,0.0,0,0,0,0,0
0,0,,,,,,ground_truth,,,,0.7515190839767456,0.0,btxrd-heuristic-001460,IMG003710.jpeg,0.0,0,320,masks/IMG003710.png,14bf4fc16d7e9f17cb073a83ba89ab04bd4c22a2b6f80f25bf73a67ce7a0a340,0,320,0,known_image_label_normal,0,0,0.0,0,0,0,,,,val,empty_by_image_gate,0.0,0,0,0,0,0
0,0,,,,,,ground_truth,,,,0.0451258085668087,0.0,btxrd-heuristic-001460,IMG003711.jpeg,0.0,0,320,masks/IMG003711.png,14bf4fc16d7e9f17cb073a83ba89ab04bd4c22a2b6f80f25bf73a67ce7a0a340,0,320,0,known_image_label_normal,0,0,0.0,0,0,0,,,,val,empty_by_image_gate,0.0,0,0,0,0,0
0,0,,,,,,ground_truth,,,,0.9999994039535522,0.0,btxrd-heuristic-001462,IMG003720.jpg,0.0,0,320,masks/IMG003720.png,14bf4fc16d7e9f17cb073a83ba89ab04bd4c22a2b6f80f25bf73a67ce7a0a340,0,320,0,known_image_label_normal,0,0,0.0,0,0,0,,,,val,empty_by_image_gate,0.0,0,0,0,0,0
0,0,,,,,,ground_truth,,,,1.0,0.0,btxrd-heuristic-001474,IMG003740.jpg,0.0,0,320,masks/IMG003740.png,14bf4fc16d7e9f17cb073a83ba89ab04bd4c22a2b6f80f25bf73a67ce7a0a340,0,320,0,known_image_label_normal,0,0,0.0,0,0,0,,,,val,empty_by_image_gate,0.0,0,0,0,0,0
0,0,,,,,,ground_truth,,,,1.0,0.0,btxrd-heuristic-001475,IMG003741.jpg,0.0,0,320,masks/IMG003741.png,14bf4fc16d7e9f17cb073a83ba89ab04bd4c22a2b6f80f25bf73a67ce7a0a340,0,320,0,known_image_label_normal,0,0,0.0,0,0,0,,,,val,empty_by_image_gate,0.0,0,0,0,0,0
0,0,,,,,,ground_truth,,,,0.9999984502792358,0.0,btxrd-heuristic-001475,IMG003742.jpg,0.0,0,320,masks/IMG003742.png,14bf4fc16d7e9f17cb073a83ba89ab04bd4c22a2b6f80f25bf73a67ce7a0a340,0,320,0,known_image_label_normal,0,0,0.0,0,0,0,,,,val,empty_by_image_gate,0.0,0,0,0,0,0
0,0,,,,,,ground_truth,,,,0.9999997615814209,0.0,btxrd-heuristic-001475,IMG003743.jpg,0.0,0,320,masks/IMG003743.png,14bf4fc16d7e9f17cb073a83ba89ab04bd4c22a2b6f80f25bf73a67ce7a0a340,0,320,0,known_image_label_normal,0,0,0.0,0,0,0,,,,val,empty_by_image_gate,0.0,0,0,0,0,0
0,0,,,,,,ground_truth,,,,0.9999984502792358,0.0,btxrd-heuristic-001475,IMG003744.jpg,0.0,0,320,masks/IMG003744.png,14bf4fc16d7e9f17cb073a83ba89ab04bd4c22a2b6f80f25bf73a67ce7a0a340,0,320,0,known_image_label_normal,0,0,0.0,0,0,0,,,,val,empty_by_image_gate,0.0,0,0,0,0,0
